timestamp,ax1,ay1,az1,gx1,gy1,gz1,ax2,ay2,az2,gx2,gy2,gz2,em_movimento
1746816750.204135,-2.0,-0.36,-0.76,-6.98,0.15,-0.82,-0.94,0.4,-0.35,-5.85,0.07,7.53,0
1746816750.20509,-2.0,-0.36,-0.75,-8.46,0.36,-0.92,-0.93,0.39,-0.38,-5.61,-0.43,9.44,0
1746816750.207092,-2.0,-0.37,-0.76,-10.4,4.6,0.73,-0.89,0.38,-0.41,-5.32,-5.09,10.31,0
1746816750.209093,-2.0,-0.37,-0.76,-9.54,7.15,4.5,-0.88,0.37,-0.43,-4.75,-5.26,11.59,0
1746816750.210094,-2.0,-0.38,-0.75,-7.84,6.41,7.73,-0.89,0.36,-0.42,-4.15,-9.15,12.48,0
1746816750.21109,-2.0,-0.39,-0.75,-5.03,5.95,10.0,-0.86,0.34,-0.46,-3.24,-3.63,13.19,0
1746816750.212118,-2.0,-0.38,-0.76,-3.51,3.73,10.31,-0.87,0.33,-0.46,-2.38,-7.2,12.1,0
1746816750.213365,-2.0,-0.38,-0.76,-2.77,2.53,10.56,-0.88,0.33,-0.44,-2.64,-5.68,10.83,0
1746816750.21408,-2.0,-0.38,-0.77,-3.69,0.56,10.04,-0.87,0.33,-0.47,-2.78,-0.73,9.07,0
1746816750.215085,-2.0,-0.37,-0.77,-5.4,-2.34,9.44,-0.86,0.32,-0.46,-4.24,-4.52,6.63,0
1746816750.216094,-2.0,-0.37,-0.77,-8.01,-2.37,7.53,-0.87,0.33,-0.45,-4.81,-1.68,4.54,0
1746816750.216094,-2.0,-0.38,-0.77,-8.47,-0.56,5.99,-0.87,0.34,-0.44,-3.92,-2.26,2.65,0
1746816750.217084,-2.0,-0.38,-0.76,-9.49,-2.71,5.02,-0.87,0.34,-0.44,-5.02,-1.56,0.24,0
1746816750.218084,-2.0,-0.38,-0.75,-9.33,-1.4,4.08,-0.87,0.34,-0.44,-5.79,2.07,-0.92,0
1746816750.218084,-2.0,-0.38,-0.75,-9.17,-3.35,4.88,-0.86,0.34,-0.43,-5.92,-0.66,-1.68,0
1746816750.219083,-2.0,-0.38,-0.74,-7.73,-0.93,5.0,-0.89,0.34,-0.42,-3.77,0.01,-1.4,0
1746816750.220084,-2.0,-0.39,-0.74,-6.28,-5.18,6.84,-0.88,0.34,-0.43,-1.76,1.61,-1.08,0
1746816750.221094,-2.0,-0.37,-0.74,-6.57,-5.42,7.03,-0.89,0.36,-0.4,-3.65,-0.72,-1.84,0
1746816750.221094,-2.0,-0.37,-0.76,-7.21,-4.59,7.13,-0.89,0.36,-0.4,-3.37,1.04,-2.59,0
1746816750.222148,-2.0,-0.37,-0.76,-8.87,-1.56,6.28,-0.87,0.36,-0.44,-4.12,3.42,-3.13,0
1746816750.222148,-2.0,-0.38,-0.76,-9.4,0.77,5.55,-0.89,0.36,-0.41,-3.85,1.08,-3.77,0
1746816750.223542,-2.0,-0.38,-0.75,-10.44,4.82,3.75,-0.87,0.37,-0.42,-3.41,5.44,-3.24,0
1746816750.224542,-2.0,-0.39,-0.74,-8.72,3.02,4.15,-0.88,0.37,-0.4,-2.1,5.18,-2.98,0
1746816750.225564,-2.0,-0.39,-0.76,-8.95,6.13,3.78,-0.89,0.37,-0.41,-1.42,4.21,-2.8,0
1746816750.22655,-2.0,-0.4,-0.75,-6.29,2.71,6.72,-0.9,0.37,-0.39,-0.92,3.94,-2.57,0
1746816750.227542,-2.0,-0.4,-0.74,-5.61,2.24,7.6,-0.89,0.37,-0.39,-0.68,2.69,-2.74,0
1746816750.228543,-2.0,-0.39,-0.75,-4.98,1.44,7.93,-0.91,0.38,-0.38,-0.55,5.08,-2.54,0
1746816750.229543,-2.0,-0.37,-0.76,-6.28,1.73,6.4,-0.89,0.38,-0.41,-1.34,4.66,-2.39,0
1746816750.230552,-2.0,-0.37,-0.75,-6.59,1.84,4.97,-0.92,0.39,-0.37,-1.95,4.26,-1.98,0
1746816750.230552,-2.0,-0.39,-0.76,-7.31,3.71,3.99,-0.9,0.38,-0.4,1.8,0.61,-1.52,0
1746816750.231541,-2.0,-0.38,-0.77,-7.56,3.98,3.93,-0.92,0.38,-0.38,-0.3,7.12,-1.08,0
1746816750.2326,-2.0,-0.37,-0.78,-8.45,3.67,3.08,-0.9,0.39,-0.4,-1.94,3.47,-1.44,0
1746816750.2336,-2.0,-0.37,-0.77,-9.34,4.73,1.99,-0.92,0.39,-0.38,-2.14,3.13,-1.44,0
1746816750.2336,-2.0,-0.39,-0.77,-8.57,4.66,2.31,-0.91,0.38,-0.39,-1.48,3.95,-0.98,0
1746816750.234598,-2.0,-0.38,-0.76,-6.5,3.79,3.59,-0.89,0.37,-0.4,-1.4,2.63,-1.09,0
1746816750.235598,-2.0,-0.37,-0.76,-5.99,5.3,3.1,-0.89,0.37,-0.39,-0.52,1.14,-0.95,0
1746816750.236609,-2.0,-0.37,-0.75,-6.06,4.4,3.16,-0.89,0.38,-0.41,-1.6,4.06,-1.28,0
1746816750.236609,-2.0,-0.38,-0.76,-6.79,4.05,3.28,-0.89,0.37,-0.41,-1.19,3.5,-2.02,0
1746816750.237598,-2.0,-0.37,-0.76,-6.76,5.88,3.88,-0.88,0.38,-0.43,-1.38,4.2,-1.24,0
1746816750.238598,-2.0,-0.37,-0.77,-8.5,4.82,4.07,-0.88,0.37,-0.42,-2.15,0.7,-1.01,0
1746816750.238598,-2.0,-0.37,-0.78,-9.53,4.73,3.69,-0.88,0.37,-0.42,-0.14,6.38,0.27,0
1746816750.239597,-2.0,-0.38,-0.77,-10.56,5.63,2.89,-0.88,0.38,-0.42,-0.13,2.15,1.0,0
1746816750.239597,-2.0,-0.37,-0.76,-10.95,4.27,1.65,-0.89,0.38,-0.42,0.24,6.05,1.98,0
1746816750.241103,-2.0,-0.37,-0.77,-11.26,3.62,-0.64,-0.89,0.37,-0.41,1.63,3.47,2.48,0
1746816750.243121,-2.0,-0.38,-0.75,-10.84,2.72,-2.92,-0.87,0.37,-0.43,0.44,9.66,2.54,0
1746816750.243121,-2.0,-0.38,-0.75,-10.02,2.51,-4.08,-0.88,0.37,-0.42,0.89,2.83,2.24,0
1746816750.244124,-2.0,-0.37,-0.76,-9.5,0.69,-4.06,-0.89,0.37,-0.41,-0.67,0.99,1.8,0
1746816750.245124,-2.0,-0.38,-0.76,-8.34,-0.95,-2.39,-0.89,0.36,-0.42,-1.36,3.68,1.65,0
1746816750.245705,-2.0,-0.39,-0.75,-7.82,-1.01,0.7,-0.88,0.37,-0.43,-2.86,-0.14,1.19,0
1746816750.246717,-2.0,-0.39,-0.76,-7.06,-2.47,4.13,-0.9,0.37,-0.41,-2.1,-0.21,1.49,0
1746816750.247721,-2.0,-0.39,-0.76,-6.75,-1.25,5.92,-0.89,0.38,-0.43,-2.7,-0.49,1.66,0
1746816750.247721,-2.0,-0.39,-0.76,-7.53,0.74,4.46,-0.89,0.37,-0.43,-3.71,-0.14,1.53,0
1746816750.248737,-2.0,-0.4,-0.75,-6.82,2.5,-0.66,-0.89,0.37,-0.45,-4.46,-0.21,2.01,0
1746816750.249797,-2.0,-0.4,-0.77,-6.32,2.83,-12.18,-0.89,0.36,-0.43,-2.95,-0.03,2.96,0
1746816750.249797,-2.0,-0.39,-0.78,-4.68,3.77,-27.76,-0.89,0.37,-0.43,-1.82,-0.15,3.65,0
1746816750.251303,-2.0,-0.37,-0.77,-3.78,5.66,-49.61,-0.89,0.37,-0.44,-2.85,1.18,3.89,0
1746816750.252353,-2.0,-0.37,-0.76,-1.72,5.6,-84.43,-0.89,0.36,-0.44,-2.56,0.75,4.3,0
1746816750.253355,-2.0,-0.4,-0.77,2.37,5.82,-125.1,-0.89,0.36,-0.44,-2.15,0.94,4.85,0
1746816750.253355,-2.0,-0.46,-0.77,9.27,8.67,-157.23,-0.89,0.35,-0.45,-1.83,2.81,4.81,0
1746816750.254508,-2.0,-0.52,-0.76,15.06,8.95,-172.17,-0.87,0.36,-0.46,-1.95,3.02,4.45,0
1746816750.255512,-2.0,-0.54,-0.76,19.56,2.0,-165.6,-0.87,0.35,-0.45,-3.91,1.32,3.85,0
1746816750.256527,-2.0,-0.53,-0.78,21.0,2.6,-147.48,-0.88,0.34,-0.44,-3.5,3.17,3.96,0
1746816750.256527,-2.0,-0.52,-0.76,18.89,0.66,-121.46,-0.88,0.33,-0.44,-2.89,1.59,3.05,0
1746816750.257548,-2.0,-0.49,-0.75,18.99,-2.12,-95.62,-0.89,0.34,-0.43,-3.33,3.01,2.24,0
1746816750.258568,-2.0,-0.44,-0.74,19.27,-0.98,-77.89,-0.89,0.34,-0.41,-3.99,2.47,1.53,0
1746816750.259592,-2.0,-0.41,-0.75,19.02,-4.37,-70.32,-0.89,0.34,-0.39,-4.47,1.38,0.66,0
1746816750.261102,-2.0,-0.4,-0.75,18.0,-6.98,-67.39,-0.89,0.34,-0.41,-4.05,3.96,0.13,0
1746816750.262135,-2.0,-0.41,-0.76,17.01,-10.76,-64.37,-0.88,0.34,-0.42,-3.24,1.91,-0.87,0
1746816750.263251,-2.0,-0.42,-0.74,16.72,-15.76,-59.97,-0.89,0.35,-0.41,-4.44,3.53,-1.26,0
1746816750.263251,-2.0,-0.41,-0.74,14.76,-16.26,-57.47,-0.9,0.34,-0.41,-3.14,3.23,-1.59,0
1746816750.264263,-2.0,-0.41,-0.73,13.08,-15.82,-55.63,-0.89,0.35,-0.42,-2.44,4.02,-1.59,0
1746816750.265377,-2.0,-0.39,-0.72,10.96,-14.24,-56.27,-0.91,0.34,-0.41,-2.33,2.5,-1.71,0
1746816750.266379,-2.0,-0.4,-0.73,9.12,-11.44,-60.19,-0.92,0.35,-0.39,-1.28,1.08,-1.26,0
1746816750.267082,-2.0,-0.38,-0.73,5.89,-10.14,-66.54,-0.9,0.35,-0.42,-0.21,2.46,-0.82,0
1746816750.268107,-2.0,-0.42,-0.72,4.4,-8.68,-71.18,-0.9,0.35,-0.44,1.18,3.11,-0.22,0
1746816750.26912,-2.0,-0.44,-0.7,3.68,-9.95,-70.73,-0.9,0.36,-0.43,1.18,4.05,0.24,0
1746816750.270312,-2.0,-0.44,-0.72,4.02,-11.44,-67.14,-0.89,0.36,-0.44,0.55,1.46,0.42,0
1746816750.270312,-2.0,-0.42,-0.71,4.02,-11.57,-62.67,-0.91,0.36,-0.42,1.63,2.53,1.12,0
1746816750.271303,-2.0,-0.4,-0.72,4.26,-12.21,-59.41,-0.89,0.37,-0.43,1.87,4.09,1.37,0
1746816750.272862,-2.0,-0.39,-0.71,3.64,-10.95,-59.42,-0.9,0.37,-0.42,1.63,3.6,1.63,0
1746816750.272862,-2.0,-0.4,-0.7,2.98,-8.6,-59.24,-0.9,0.37,-0.42,1.02,3.44,1.64,0
1746816750.273881,-2.0,-0.41,-0.71,3.24,-6.53,-57.99,-0.89,0.35,-0.43,0.95,0.74,2.05,0
1746816750.274887,-2.0,-0.41,-0.71,3.57,-5.31,-55.99,-0.89,0.36,-0.42,0.66,0.04,2.45,0
1746816750.275894,-2.0,-0.42,-0.71,3.64,-3.87,-51.92,-0.9,0.36,-0.41,2.66,-0.61,3.03,0
1746816750.276903,-2.0,-0.42,-0.71,3.56,-3.66,-45.37,-0.9,0.35,-0.42,2.5,-0.75,3.11,0
1746816750.277906,-2.0,-0.43,-0.71,1.95,-2.86,-36.73,-0.88,0.36,-0.43,2.02,1.99,3.25,0
1746816750.279046,-2.0,-0.42,-0.71,0.01,-5.35,-26.9,-0.89,0.36,-0.42,1.08,-3.5,2.73,0
1746816750.279046,-2.0,-0.43,-0.69,-1.42,-6.89,-16.7,-0.89,0.36,-0.42,-0.66,1.95,2.44,0
1746816750.28005,-2.0,-0.43,-0.69,-3.01,-8.08,-10.31,-0.88,0.35,-0.43,-0.66,-0.66,1.4,0
1746816750.281068,-2.0,-0.43,-0.7,-5.21,-9.42,-9.46,-0.87,0.36,-0.44,-1.49,1.36,0.78,0
1746816750.282083,-2.0,-0.42,-0.71,-7.15,-9.77,-13.66,-0.89,0.35,-0.43,-1.78,0.34,-0.1,0
1746816750.282083,-2.0,-0.45,-0.72,-9.88,-8.14,-21.81,-0.91,0.37,-0.42,-2.19,0.55,-0.81,0
1746816750.283193,-2.0,-0.49,-0.7,-10.14,-7.85,-24.87,-0.91,0.37,-0.41,-2.73,1.56,-1.6,0
1746816750.284209,-2.0,-0.5,-0.71,-8.74,-7.02,-21.29,-0.9,0.37,-0.43,-3.73,2.07,-1.65,0
1746816750.285395,-2.0,-0.51,-0.72,-7.0,-5.87,-12.94,-0.89,0.38,-0.43,-3.73,0.63,-0.92,0
1746816750.287531,-2.0,-0.48,-0.71,-7.34,-2.99,-5.64,-0.9,0.37,-0.43,-4.37,-1.75,-0.07,0
1746816750.287531,-2.0,-0.46,-0.72,-5.5,-0.68,0.19,-0.91,0.36,-0.43,-3.5,0.98,1.09,0
1746816750.288989,-2.0,-0.44,-0.73,-5.8,2.85,1.47,-0.89,0.37,-0.45,-2.97,-0.05,1.5,0
1746816750.290004,-2.0,-0.44,-0.72,-4.87,5.71,2.65,-0.9,0.36,-0.43,-3.98,-1.07,1.0,0
1746816750.290004,-2.0,-0.45,-0.71,-4.33,5.44,5.27,-0.89,0.37,-0.42,-4.85,-2.02,0.19,0
1746816750.290004,-2.0,-0.45,-0.71,-4.66,4.29,9.37,-0.89,0.36,-0.42,-6.08,-0.82,-0.58,0
1746816750.292713,-2.0,-0.44,-0.71,-5.42,2.18,13.45,-0.88,0.35,-0.42,-5.85,-0.56,-0.92,0
1746816750.293945,-2.0,-0.44,-0.7,-5.65,-0.05,15.76,-0.9,0.36,-0.41,-4.65,-1.81,-0.85,0
1746816750.294948,-2.0,-0.44,-0.71,-6.44,-1.6,15.68,-0.9,0.36,-0.43,-4.27,-1.83,-0.36,0
1746816750.295954,-2.0,-0.43,-0.71,-7.31,-3.15,14.54,-0.89,0.36,-0.42,-3.66,-1.52,0.53,0
1746816750.296962,-2.0,-0.44,-0.71,-7.98,-3.62,12.72,-0.89,0.37,-0.43,-2.8,-1.9,1.06,0
1746816750.297966,-2.0,-0.42,-0.71,-8.87,-2.62,10.58,-0.89,0.36,-0.42,-2.36,-1.29,1.44,0
1746816750.298977,-2.0,-0.44,-0.72,-9.07,-0.08,9.73,-0.9,0.36,-0.43,-2.44,-0.99,1.36,0
1746816750.300021,-2.0,-0.44,-0.71,-7.89,-0.08,9.71,-0.89,0.35,-0.44,-2.81,0.56,1.47,0
1746816750.300021,-2.0,-0.44,-0.7,-7.75,0.38,8.36,-0.9,0.35,-0.43,-2.39,0.66,1.48,0
1746816750.301592,-2.0,-0.44,-0.7,-7.9,0.58,8.35,-0.9,0.35,-0.44,-1.91,1.55,1.16,0
1746816750.301592,-2.0,-0.43,-0.71,-8.11,2.55,8.81,-0.89,0.35,-0.45,-2.07,1.8,1.21,0
1746816750.302562,-2.0,-0.44,-0.72,-7.07,7.48,10.07,-0.88,0.36,-0.45,-2.44,3.3,0.99,0
1746816750.303571,-2.0,-0.44,-0.67,-6.39,7.19,11.21,-0.88,0.35,-0.45,-2.21,3.33,0.18,0
1746816750.304016,-2.0,-0.42,-0.72,-5.6,9.87,13.13,-0.89,0.36,-0.44,-3.81,5.99,-0.38,0
1746816750.305028,-2.0,-0.44,-0.68,-5.94,5.76,11.23,-0.91,0.37,-0.41,-4.99,0.47,-0.35,0
1746816750.306042,-2.0,-0.44,-0.7,-6.17,2.55,9.56,-0.92,0.36,-0.4,-3.72,4.36,0.07,0
1746816750.306042,-2.0,-0.44,-0.72,-8.56,3.09,6.44,-0.9,0.35,-0.42,-1.54,5.6,0.84,0
1746816750.307063,-2.0,-0.44,-0.72,-8.66,2.11,3.59,-0.87,0.35,-0.45,-2.77,6.16,0.83,0
1746816750.308066,-2.0,-0.43,-0.72,-9.52,1.13,-0.4,-0.91,0.35,-0.41,-2.44,4.21,1.22,0
1746816750.308066,-2.0,-0.45,-0.71,-10.61,2.51,-4.84,-0.92,0.36,-0.42,-0.96,6.16,1.87,0
1746816750.311314,-2.0,-0.44,-0.71,-11.35,1.84,-8.82,-0.86,0.35,-0.47,-0.27,8.4,2.19,0
1746816750.311314,-2.0,-0.45,-0.72,-12.12,1.09,-12.86,-0.9,0.36,-0.42,-0.54,3.08,2.34,0
1746816750.312787,-2.0,-0.47,-0.72,-12.05,3.32,-18.81,-0.9,0.35,-0.44,0.38,7.34,2.45,0
1746816750.31381,-2.0,-0.49,-0.72,-10.08,2.78,-27.28,-0.91,0.35,-0.42,-1.16,0.86,1.66,0
1746816750.314821,-2.0,-0.5,-0.71,-6.66,1.23,-37.81,-0.92,0.36,-0.42,-1.6,3.73,1.65,0
1746816750.315847,-2.0,-0.52,-0.71,-2.63,1.95,-48.66,-0.89,0.35,-0.45,-0.19,5.12,2.18,0
1746816750.315847,-2.0,-0.53,-0.71,1.66,-0.8,-53.91,-0.9,0.34,-0.44,-0.38,2.18,2.66,0
1746816750.31685,-2.0,-0.52,-0.72,5.31,-4.08,-52.33,-0.9,0.34,-0.45,-0.15,2.68,2.91,0
1746816750.317864,-2.0,-0.49,-0.73,6.4,-2.8,-46.8,-0.89,0.34,-0.44,0.41,2.21,3.08,0
1746816750.317864,-2.0,-0.45,-0.72,5.51,-3.11,-39.18,-0.89,0.33,-0.45,0.05,3.5,2.24,0
1746816750.3189,-2.0,-0.43,-0.72,2.05,-3.61,-30.78,-0.89,0.34,-0.45,-2.13,1.04,0.86,0
1746816750.319903,-2.0,-0.43,-0.73,-1.27,-2.24,-22.13,-0.9,0.33,-0.45,-4.18,2.21,-0.14,0
1746816750.319903,-2.0,-0.43,-0.73,-3.15,-3.0,-11.92,-0.89,0.33,-0.45,-3.82,1.94,-0.5,0
1746816750.32141,-2.0,-0.43,-0.72,-4.62,-7.36,-2.98,-0.89,0.34,-0.44,-3.23,0.57,0.12,0
1746816750.322425,-2.0,-0.41,-0.72,-5.73,-9.61,1.75,-0.89,0.34,-0.45,-2.96,0.43,0.79,0
1746816750.322425,-2.0,-0.41,-0.72,-6.04,-10.08,6.02,-0.89,0.34,-0.45,-3.21,-0.38,0.81,0
1746816750.323429,-2.0,-0.41,-0.72,-6.97,-10.66,7.71,-0.9,0.34,-0.44,-4.47,0.88,0.74,0
1746816750.324442,-2.0,-0.39,-0.73,-7.69,-10.11,5.9,-0.9,0.34,-0.45,-4.21,0.79,0.95,0
1746816750.324442,-2.0,-0.4,-0.72,-8.17,-9.08,2.89,-0.9,0.33,-0.44,-3.86,2.31,0.69,0
1746816750.326718,-2.0,-0.41,-0.72,-8.92,-8.22,1.78,-0.9,0.33,-0.44,-3.62,2.93,0.04,0
1746816750.326718,-2.0,-0.42,-0.72,-8.77,-7.42,4.22,-0.89,0.33,-0.45,-3.79,3.04,-0.3,0
1746816750.337467,-2.0,-0.42,-0.71,-8.52,-5.63,7.6,-0.89,0.34,-0.44,-3.89,4.2,-0.68,0
1746816750.352395,-2.0,-0.41,-0.71,-9.76,-4.98,9.5,-0.89,0.34,-0.43,-3.9,4.37,-1.14,0
1746816750.368094,-2.0,-0.43,-0.7,-10.84,-2.77,10.03,-0.89,0.35,-0.44,-4.44,4.11,-1.43,0
1746816750.382387,-2.0,-0.44,-0.71,-11.48,0.63,9.98,-0.9,0.34,-0.44,-4.36,2.93,-1.47,0
1746816750.397274,-2.0,-0.46,-0.73,-11.51,2.29,10.51,-0.9,0.33,-0.44,-4.38,3.09,-1.92,0
1746816750.412413,-2.0,-0.47,-0.71,-10.57,2.34,10.62,-0.9,0.34,-0.44,-4.56,1.4,-2.49,0
1746816750.428606,-2.0,-0.48,-0.72,-9.76,2.98,10.67,-0.91,0.34,-0.43,-5.21,0.94,-3.02,0
1746816750.442814,-2.0,-0.47,-0.72,-8.75,3.39,10.79,-0.88,0.34,-0.45,-4.08,4.6,-2.73,0
1746816750.457464,-2.0,-0.47,-0.71,-6.05,1.3,11.04,-0.86,0.34,-0.46,-2.85,5.21,-2.42,0
1746816750.472718,-2.0,-0.46,-0.7,-5.23,0.11,9.21,-0.89,0.35,-0.44,-3.39,3.32,-1.67,0
1746816750.487915,-2.0,-0.46,-0.7,-4.24,-1.52,7.6,-0.91,0.36,-0.39,-2.36,-2.98,0.0,0
1746816750.503258,-2.0,-0.46,-0.7,-2.42,-2.99,7.09,-0.89,0.35,-0.42,-1.05,1.02,1.85,0
1746816750.518652,-2.0,-0.45,-0.7,-1.67,-4.84,6.09,-0.88,0.36,-0.42,1.89,-4.27,2.59,0
1746816750.532307,-2.0,-0.45,-0.7,-2.04,-4.63,5.45,-0.88,0.35,-0.44,1.31,-2.36,2.59,0
1746816750.547455,-2.0,-0.45,-0.7,-1.76,-5.64,6.81,-0.88,0.34,-0.44,1.71,-1.04,2.6,0
1746816750.5626,-2.0,-0.45,-0.69,-1.56,-3.95,7.36,-0.89,0.36,-0.42,1.71,-4.63,3.6,0
1746816750.578477,-2.0,-0.44,-0.69,-0.25,-3.19,6.74,-0.89,0.36,-0.43,1.49,-1.32,6.42,0
1746816750.593254,-2.0,-0.44,-0.7,0.92,-1.78,4.84,-0.9,0.38,-0.4,1.92,-13.13,9.31,0
1746816750.608753,-2.0,-0.43,-0.71,1.41,-1.34,2.84,-0.92,0.36,-0.43,0.63,-10.83,11.5,0
1746816750.622661,-2.0,-0.41,-0.71,0.64,-0.55,1.21,-0.9,0.35,-0.45,2.8,-15.19,12.28,0
1746816750.637499,-2.0,-0.4,-0.7,0.07,-0.38,-0.66,-0.89,0.36,-0.45,1.83,-13.56,11.34,0
1746816750.6534,-2.0,-0.39,-0.71,-2.03,1.07,-2.46,-0.9,0.35,-0.46,3.37,-9.85,10.27,0
1746816750.667943,-2.0,-0.4,-0.7,-3.58,1.06,-1.65,-0.88,0.36,-0.46,2.53,-5.33,9.11,0
1746816750.683405,-2.0,-0.41,-0.71,-4.05,1.88,0.11,-0.89,0.35,-0.46,3.53,-3.05,8.96,0
1746816750.697806,-2.0,-0.4,-0.7,-4.48,2.95,1.61,-0.89,0.35,-0.47,3.73,-2.49,8.14,0
1746816750.712538,-2.0,-0.4,-0.69,-4.76,3.52,2.07,-0.89,0.34,-0.45,2.15,-0.46,6.7,0
1746816750.728266,-2.0,-0.4,-0.7,-4.95,2.98,0.93,-0.89,0.34,-0.45,0.95,-1.17,4.65,0
1746816750.743415,-2.0,-0.4,-0.69,-5.05,1.83,-0.34,-0.89,0.35,-0.44,-0.79,1.31,2.49,0
1746816750.75788,-2.0,-0.41,-0.69,-5.36,0.16,0.14,-0.89,0.35,-0.45,-1.02,2.18,1.29,0
1746816750.77219,-2.0,-0.4,-0.7,-5.62,-2.27,0.95,-0.89,0.35,-0.44,-1.03,2.9,1.11,0
1746816750.787611,-2.0,-0.39,-0.71,-7.21,-2.7,1.65,-0.89,0.36,-0.44,-1.39,4.53,0.37,0
1746816750.802669,-2.0,-0.4,-0.72,-9.21,-2.6,3.04,-0.9,0.36,-0.44,-3.01,3.97,-0.36,0
1746816750.817836,-2.0,-0.42,-0.72,-10.31,-1.66,3.54,-0.89,0.35,-0.45,-4.08,7.93,-0.8,0
1746816750.833405,-2.0,-0.42,-0.72,-11.72,0.44,2.98,-0.88,0.35,-0.45,-4.14,7.29,-0.31,0
1746816750.847813,-2.0,-0.43,-0.72,-12.41,2.05,2.22,-0.92,0.34,-0.39,-2.76,5.89,0.85,0
1746816750.86329,-2.0,-0.44,-0.71,-12.58,2.27,1.49,-0.9,0.34,-0.42,-1.34,7.13,2.08,0
1746816750.877804,-2.0,-0.46,-0.72,-11.82,1.91,1.65,-0.89,0.34,-0.42,-0.76,4.11,2.71,0
1746816750.894618,-2.0,-0.45,-0.71,-11.98,2.79,1.38,-0.92,0.35,-0.4,-0.09,1.28,2.93,0
1746816750.907518,-2.0,-0.46,-0.72,-11.64,3.64,1.33,-0.91,0.34,-0.42,-2.01,1.82,2.61,0
1746816750.922349,-2.0,-0.46,-0.71,-11.18,4.16,1.23,-0.92,0.34,-0.42,-2.1,-0.84,2.86,0
1746816750.937885,-2.0,-0.45,-0.71,-10.94,4.15,1.88,-0.92,0.36,-0.41,-2.07,-2.76,3.88,0
1746816750.95339,-2.0,-0.44,-0.71,-10.5,4.01,2.62,-0.93,0.37,-0.4,-4.78,-5.47,7.27,0
1746816750.967878,-2.0,-0.44,-0.72,-9.78,3.67,2.16,-0.92,0.36,-0.39,-6.92,-11.31,9.79,0
1746816750.983211,-2.0,-0.44,-0.72,-10.37,4.42,0.66,-0.91,0.35,-0.39,-7.23,-13.0,9.77,0
1746816750.99746,-2.0,-0.45,-0.71,-9.81,3.41,0.14,-0.9,0.35,-0.42,-5.21,-10.15,8.7,0
1746816751.012471,-2.0,-0.47,-0.71,-9.15,2.57,0.58,-0.89,0.35,-0.42,-2.6,-8.26,7.43,0
1746816751.028208,-2.0,-0.46,-0.71,-8.61,2.85,1.48,-0.88,0.37,-0.43,-3.07,-4.52,5.37,0
1746816751.044096,-2.0,-0.46,-0.7,-7.61,3.14,1.85,-0.9,0.38,-0.39,-4.26,-3.59,4.41,0
1746816751.057829,-2.0,-0.45,-0.7,-7.25,3.89,0.92,-0.91,0.4,-0.36,-7.95,-7.28,7.49,0
1746816751.073269,-2.0,-0.46,-0.71,-7.79,4.56,0.11,-0.93,0.4,-0.35,-9.63,-11.18,12.27,0
1746816751.088521,-2.0,-0.46,-0.7,-7.37,3.77,0.65,-0.93,0.39,-0.36,-8.14,-16.37,15.4,0
1746816751.102547,-2.0,-0.45,-0.72,-6.87,3.49,1.96,-0.92,0.37,-0.36,-3.5,-21.84,16.61,0
1746816751.117828,-2.0,-0.45,-0.71,-6.8,4.85,2.09,-0.91,0.38,-0.38,-0.01,-25.2,16.39,0
1746816751.132365,-2.0,-0.45,-0.71,-6.27,7.32,2.4,-0.88,0.39,-0.41,0.94,-23.89,14.99,0
1746816751.147735,-2.0,-0.43,-0.72,-5.74,8.96,2.11,-0.87,0.4,-0.4,0.45,-18.02,12.66,0
1746816751.163375,-2.0,-0.43,-0.71,-5.19,10.0,0.27,-0.86,0.4,-0.4,-2.86,-10.85,8.52,0
1746816751.178132,-2.0,-0.42,-0.71,-4.37,9.57,-1.47,-0.87,0.4,-0.4,-5.21,-6.44,4.9,0
1746816751.193853,-2.0,-0.42,-0.71,-3.59,7.03,-1.89,-0.88,0.41,-0.39,-6.62,-2.92,2.43,0
1746816751.208706,-2.0,-0.41,-0.71,-3.74,5.42,-2.15,-0.89,0.4,-0.37,-6.79,-2.39,1.68,0
1746816751.223468,-2.0,-0.41,-0.7,-4.47,4.3,-1.69,-0.89,0.4,-0.37,-6.82,-2.95,2.08,0
1746816751.237719,-2.0,-0.4,-0.7,-4.98,3.37,-0.52,-0.9,0.39,-0.38,-5.74,-3.34,3.79,0
1746816751.253352,-2.0,-0.4,-0.71,-6.07,3.04,1.26,-0.88,0.38,-0.38,-3.21,-2.47,4.67,0
1746816751.267804,-2.0,-0.41,-0.71,-7.23,1.68,4.37,-0.88,0.39,-0.38,-1.47,-1.32,4.7,0
1746816751.28236,-2.0,-0.41,-0.72,-7.31,0.34,5.47,-0.88,0.4,-0.39,-1.45,-0.79,4.11,0
1746816751.29777,-2.0,-0.4,-0.71,-8.46,0.0,4.21,-0.88,0.4,-0.38,-2.76,-0.87,3.27,0
1746816751.312969,-2.0,-0.41,-0.72,-8.67,-0.18,2.08,-0.88,0.39,-0.4,-3.71,0.53,2.74,0
1746816751.328434,-2.0,-0.42,-0.72,-8.66,-0.26,0.3,-0.88,0.37,-0.41,-3.6,1.35,3.0,0
1746816751.344037,-2.0,-0.42,-0.71,-8.92,-0.79,0.09,-0.89,0.37,-0.4,-3.24,1.62,3.05,0
1746816751.359596,-2.0,-0.42,-0.7,-9.8,0.11,0.76,-0.88,0.37,-0.4,-2.82,1.79,2.63,0
1746816751.374205,-2.0,-0.42,-0.72,-10.31,1.35,1.63,-0.88,0.36,-0.41,-2.31,3.69,2.11,0
1746816751.389185,-2.0,-0.42,-0.71,-10.22,1.28,2.8,-0.87,0.36,-0.41,-2.76,5.21,1.11,0
1746816751.402635,-2.0,-0.42,-0.72,-10.3,0.74,2.94,-0.87,0.37,-0.4,-3.66,6.15,-0.09,0
1746816751.418282,-2.0,-0.43,-0.72,-10.02,0.37,2.33,-0.87,0.36,-0.4,-4.34,8.27,-0.8,0
1746816751.432526,-2.0,-0.44,-0.72,-9.46,-0.18,2.64,-0.87,0.36,-0.4,-4.1,9.14,-1.77,0
1746816751.448146,-2.0,-0.43,-0.72,-8.49,0.6,2.64,-0.88,0.36,-0.39,-4.11,9.75,-2.37,0
1746816751.462344,-2.0,-0.43,-0.71,-7.78,0.44,2.24,-0.9,0.36,-0.39,-4.73,6.6,-1.78,0
1746816751.477734,-2.0,-0.43,-0.72,-7.87,0.79,1.47,-0.89,0.35,-0.38,-4.8,4.71,-0.15,0
1746816751.493553,-2.0,-0.43,-0.72,-7.64,0.83,2.51,-0.89,0.35,-0.4,-3.19,4.21,0.83,0
1746816751.507559,-2.0,-0.43,-0.71,-7.9,0.92,4.21,-0.88,0.35,-0.4,-1.95,3.13,0.72,0
1746816751.523251,-2.0,-0.43,-0.72,-8.51,0.91,4.63,-0.88,0.36,-0.41,-1.89,3.66,0.26,0
1746816751.548607,-2.0,-0.43,-0.72,-9.22,0.27,4.1,-0.88,0.36,-0.41,-3.56,4.21,-1.21,0
1746816751.552445,-2.0,-0.43,-0.72,-10.24,-0.21,3.96,-0.88,0.35,-0.4,-4.98,5.95,-3.0,0
1746816751.567503,-2.0,-0.44,-0.71,-10.92,0.04,4.93,-0.88,0.36,-0.4,-5.01,8.18,-4.33,0
1746816751.582207,-2.0,-0.44,-0.72,-11.37,0.0,6.17,-0.89,0.35,-0.4,-4.39,10.37,-5.67,0
1746816751.59773,-2.0,-0.44,-0.71,-11.66,0.08,6.98,-0.89,0.36,-0.4,-4.06,11.56,-7.2,0
1746816751.612331,-2.0,-0.45,-0.72,-11.33,0.45,7.97,-0.89,0.36,-0.39,-4.27,11.95,-8.83,0
1746816751.627661,-2.0,-0.45,-0.72,-10.54,0.66,9.26,-0.89,0.36,-0.4,-4.11,11.9,-9.41,0
1746816751.642394,-2.0,-0.44,-0.72,-9.94,0.53,9.51,-0.89,0.37,-0.39,-3.98,11.03,-9.63,0
1746816751.658296,-2.0,-0.43,-0.71,-9.53,0.8,8.27,-0.89,0.37,-0.39,-3.6,10.91,-9.18,0
1746816751.672952,-2.0,-0.43,-0.71,-9.24,2.31,5.76,-0.9,0.36,-0.38,-3.15,9.26,-8.09,0
1746816751.688347,-2.0,-0.42,-0.72,-9.06,3.98,3.77,-0.91,0.36,-0.4,-3.14,8.79,-7.42,0
1746816751.70313,-2.0,-0.43,-0.73,-8.4,4.4,4.18,-0.91,0.37,-0.4,-4.47,7.95,-8.0,0
1746816751.71848,-2.0,-0.43,-0.72,-7.79,2.98,4.79,-0.9,0.36,-0.4,-6.29,7.13,-8.73,0
1746816751.733417,-2.0,-0.42,-0.71,-7.77,1.97,4.39,-0.9,0.36,-0.4,-5.97,7.24,-8.29,0
1746816751.748757,-2.0,-0.41,-0.72,-7.82,0.56,3.39,-0.91,0.36,-0.4,-4.82,6.73,-7.53,0
1746816751.763526,-2.0,-0.42,-0.72,-7.46,0.17,2.97,-0.9,0.37,-0.39,-4.36,7.46,-6.56,0
1746816751.779467,-2.0,-0.41,-0.72,-6.91,0.37,2.48,-0.91,0.37,-0.38,-4.14,7.54,-5.37,0
1746816751.793927,-2.0,-0.4,-0.72,-6.89,-0.08,2.0,-0.91,0.37,-0.4,-3.23,7.55,-3.6,0
1746816751.80855,-2.0,-0.41,-0.72,-6.66,-1.21,1.88,-0.91,0.37,-0.39,-2.15,6.02,-1.89,0
1746816751.823638,-2.0,-0.4,-0.71,-6.44,-1.73,1.4,-0.91,0.36,-0.4,-1.41,3.76,-0.57,0
1746816751.837948,-2.0,-0.4,-0.71,-6.63,-2.23,1.83,-0.91,0.35,-0.4,-0.76,2.59,-0.05,0
1746816751.853957,-2.0,-0.4,-0.72,-7.3,-2.02,2.91,-0.89,0.36,-0.41,-2.5,0.7,0.0,0
1746816751.869018,-2.0,-0.41,-0.72,-7.58,-2.48,3.73,-0.91,0.35,-0.41,-3.43,-0.63,-0.55,0
1746816751.883519,-2.0,-0.4,-0.72,-8.55,-1.75,3.21,-0.91,0.37,-0.39,-5.06,3.45,-1.05,0
1746816751.898342,-2.0,-0.41,-0.72,-9.02,-1.13,2.8,-0.89,0.36,-0.4,-5.86,-0.44,-1.62,0
1746816751.913594,-2.0,-0.41,-0.72,-7.79,-1.89,3.27,-0.92,0.37,-0.39,-7.2,0.05,-1.59,0
1746816751.929568,-2.0,-0.41,-0.71,-8.21,-0.79,2.44,-0.91,0.36,-0.4,-5.35,0.82,-0.37,0
1746816751.944456,-2.0,-0.42,-0.72,-7.03,0.33,1.88,-0.89,0.36,-0.42,-4.63,0.89,0.95,0
1746816751.958598,-2.0,-0.43,-0.73,-5.95,0.46,1.67,-0.92,0.35,-0.4,-4.71,-1.59,1.52,0
1746816751.972997,-2.0,-0.42,-0.73,-5.18,1.58,1.04,-0.92,0.35,-0.39,-3.55,-0.64,2.34,0
1746816751.988428,-2.0,-0.41,-0.73,-4.98,1.86,0.77,-0.9,0.35,-0.41,-2.93,0.1,2.24,0
1746816752.003398,-2.0,-0.4,-0.73,-4.66,1.84,1.18,-0.9,0.34,-0.4,-4.09,-1.63,1.3,0
1746816752.018244,-2.0,-0.4,-0.72,-5.24,2.41,1.75,-0.9,0.34,-0.4,-4.92,-1.28,1.14,0
1746816752.033425,-2.0,-0.4,-0.72,-5.04,1.64,2.2,-0.89,0.34,-0.41,-6.28,-0.23,0.68,0
1746816752.048424,-2.0,-0.4,-0.72,-5.47,1.05,1.76,-0.89,0.34,-0.41,-5.72,0.67,0.47,0
1746816752.063361,-2.0,-0.41,-0.72,-6.94,0.69,0.62,-0.9,0.34,-0.41,-6.23,0.74,-0.23,0
1746816752.079538,-2.0,-0.41,-0.72,-8.34,-0.35,0.96,-0.9,0.34,-0.4,-7.4,0.92,-1.34,0
1746816752.094438,-2.0,-0.43,-0.72,-9.89,-0.53,2.71,-0.9,0.34,-0.41,-8.59,1.27,-2.34,0
1746816752.108609,-2.0,-0.44,-0.71,-10.82,-0.27,5.34,-0.9,0.34,-0.4,-8.72,0.44,-3.01,0
1746816752.124244,-2.0,-0.46,-0.72,-9.96,0.05,7.5,-0.91,0.34,-0.4,-7.71,1.56,-2.36,0
1746816752.138467,-2.0,-0.46,-0.72,-9.53,0.35,8.29,-0.9,0.34,-0.41,-5.89,1.38,-1.58,0
1746816752.152999,-2.0,-0.46,-0.73,-8.07,0.83,8.14,-0.91,0.35,-0.39,-5.51,0.69,-0.88,0
1746816752.167401,-2.0,-0.46,-0.72,-6.61,1.56,5.4,-0.92,0.36,-0.4,-5.74,-0.73,0.1,0
1746816752.182401,-2.0,-0.45,-0.71,-5.23,1.96,2.64,-0.91,0.36,-0.41,-5.39,-0.99,0.97,0
1746816752.197516,-2.0,-0.45,-0.72,-4.32,2.29,0.62,-0.9,0.36,-0.4,-6.21,-2.04,1.63,0
1746816752.213463,-2.0,-0.44,-0.7,-3.63,2.79,0.34,-0.91,0.34,-0.42,-4.57,2.14,2.24,0
1746816752.22933,-2.0,-0.44,-0.72,-3.35,3.77,0.79,-0.83,0.36,-0.47,-3.82,5.79,3.08,0
1746816752.244623,-2.0,-0.42,-0.73,-2.8,4.73,0.89,-1.02,0.38,-0.28,-10.01,-13.19,0.31,0
1746816752.258834,-2.0,-0.42,-0.72,-3.56,5.29,1.07,-0.94,0.38,-0.35,-12.16,-4.6,-0.27,0
1746816752.273379,-2.0,-0.41,-0.73,-3.47,5.52,1.31,-0.94,0.29,-0.39,-4.55,3.54,0.57,0
1746816752.288712,-2.0,-0.4,-0.72,-4.59,5.4,1.63,-0.96,0.28,-0.39,-12.05,-9.22,-3.33,0
1746816752.303307,-2.0,-0.41,-0.73,-3.98,5.58,1.95,-0.75,0.31,-0.52,-3.08,11.72,3.67,0
1746816752.318705,-2.0,-0.41,-0.73,-3.36,4.23,3.36,-0.83,0.33,-0.53,-8.35,4.05,0.63,0
1746816752.333442,-2.0,-0.4,-0.73,-3.62,4.56,3.71,-0.77,0.3,-0.57,3.18,11.9,2.89,0
1746816752.348605,-2.0,-0.39,-0.72,-4.59,4.95,3.51,-0.91,0.31,-0.41,-3.63,-19.5,-1.4,0
1746816752.363031,-2.0,-0.39,-0.72,-5.49,6.25,2.34,-0.89,0.34,-0.44,-5.53,28.61,1.77,0
1746816752.37908,-2.0,-0.39,-0.72,-5.69,4.54,2.7,-0.86,0.32,-0.46,-2.84,10.2,1.56,0
1746816752.394053,-2.0,-0.39,-0.73,-6.38,3.35,3.72,-0.92,0.33,-0.41,-4.34,0.29,0.25,0
1746816752.408737,-2.0,-0.38,-0.73,-6.5,-0.08,5.47,-0.94,0.33,-0.38,-1.4,0.45,0.16,0
1746816752.423204,-2.0,-0.37,-0.73,-8.41,2.4,4.72,-0.89,0.34,-0.41,-3.77,-0.3,0.15,0
1746816752.437292,-2.0,-0.38,-0.73,-9.72,1.85,4.73,-0.92,0.34,-0.38,-1.23,16.66,2.7,0
1746816752.453379,-2.0,-0.39,-0.72,-11.95,2.19,4.54,-0.95,0.33,-0.36,-5.95,1.96,1.04,0
1746816752.467762,-2.0,-0.39,-0.73,-11.11,1.15,6.61,-0.91,0.33,-0.38,-1.98,3.96,2.34,0
1746816752.483019,-2.0,-0.4,-0.72,-11.34,1.18,7.15,-0.9,0.33,-0.41,1.62,-2.83,1.99,0
1746816752.497397,-2.0,-0.39,-0.73,-11.15,0.1,6.3,-0.91,0.33,-0.4,0.85,3.47,2.55,0
1746816752.513445,-2.0,-0.4,-0.72,-12.18,0.82,4.9,-0.88,0.33,-0.42,-2.63,-0.38,1.22,0
1746816752.529089,-2.0,-0.4,-0.72,-12.26,0.24,5.04,-0.91,0.32,-0.4,-6.18,3.93,0.15,0
1746816752.543391,-2.0,-0.42,-0.72,-12.69,-0.18,5.76,-0.9,0.32,-0.41,-1.65,0.92,0.49,0
1746816752.558591,-2.0,-0.41,-0.71,-12.43,-0.16,6.41,-0.91,0.32,-0.39,1.91,-1.44,0.4,0
1746816752.572794,-2.0,-0.42,-0.72,-12.48,-0.22,6.53,-0.91,0.32,-0.39,-0.53,1.87,-0.19,0
1746816752.588229,-2.0,-0.42,-0.72,-12.02,-0.06,5.93,-0.89,0.33,-0.41,-3.53,-1.4,-1.52,0
1746816752.603533,-2.0,-0.42,-0.72,-11.3,-0.1,4.31,-0.9,0.33,-0.4,-5.49,1.26,-2.02,0
1746816752.617825,-2.0,-0.42,-0.71,-10.63,-0.93,2.76,-0.89,0.32,-0.41,0.76,7.52,-0.49,0
1746816752.632474,-2.0,-0.43,-0.71,-10.37,-0.45,2.02,-0.96,0.34,-0.33,0.63,-2.26,-1.18,0
1746816752.647576,-2.0,-0.43,-0.72,-9.76,-1.17,3.86,-0.91,0.34,-0.38,2.56,2.66,-0.08,0
1746816752.66244,-2.0,-0.41,-0.71,-9.59,-1.23,6.53,-0.9,0.33,-0.39,-1.81,-8.52,-1.98,0
1746816752.678587,-2.0,-0.41,-0.73,-10.05,-1.31,9.17,-0.9,0.34,-0.42,-2.26,1.57,-1.08,0
1746816752.693438,-2.0,-0.41,-0.73,-10.39,-2.55,10.63,-0.89,0.33,-0.43,1.91,6.3,-0.2,0
1746816752.707911,-2.0,-0.42,-0.73,-10.58,-2.63,8.85,-0.89,0.33,-0.42,0.91,3.29,-1.17,0
1746816752.723314,-2.0,-0.43,-0.73,-10.91,-2.24,5.92,-0.91,0.33,-0.42,0.39,-2.69,-2.33,0
1746816752.738306,-2.0,-0.44,-0.72,-9.21,-2.45,4.53,-0.91,0.33,-0.43,-3.2,-2.08,-3.92,0
1746816752.753355,-2.0,-0.43,-0.71,-8.58,-0.39,2.98,-0.91,0.34,-0.43,-3.35,2.82,-3.95,0
1746816752.765648,-2.0,-0.43,-0.71,-7.84,-0.47,3.12,-0.91,0.34,-0.43,-2.13,5.74,-4.39,0
1746816752.782551,-2.0,-0.42,-0.73,-8.11,-0.41,3.61,-0.9,0.34,-0.45,0.23,10.73,-3.92,0
1746816752.797518,-2.0,-0.41,-0.72,-7.91,-0.85,5.18,-0.91,0.35,-0.42,-3.19,-0.73,-5.56,0
1746816752.81336,-2.0,-0.4,-0.73,-8.61,-0.78,6.21,-0.91,0.35,-0.42,-4.16,2.05,-4.79,0
1746816752.828439,-2.0,-0.4,-0.73,-8.69,0.13,6.1,-0.89,0.34,-0.42,-4.08,4.82,-4.1,0
1746816752.842481,-2.0,-0.39,-0.73,-9.38,-0.5,5.0,-0.9,0.34,-0.42,-3.15,4.88,-3.24,0
1746816752.858305,-2.0,-0.4,-0.73,-9.66,-1.23,3.85,-0.91,0.34,-0.41,-2.18,5.4,-2.6,0
1746816752.874114,-2.0,-0.4,-0.72,-9.95,-1.9,3.34,-0.91,0.34,-0.41,-3.75,2.76,-3.13,0
1746816752.88852,-2.0,-0.39,-0.72,-9.94,-2.18,3.24,-0.91,0.33,-0.41,-5.4,3.34,-3.81,0
1746816752.90389,-2.0,-0.39,-0.73,-10.17,-0.89,3.4,-0.9,0.33,-0.42,-3.61,3.07,-3.85,0
1746816752.917638,-2.0,-0.39,-0.74,-10.7,-1.18,4.0,-0.91,0.33,-0.4,-3.98,2.55,-4.34,0
1746816752.932242,-2.0,-0.4,-0.73,-10.91,-1.37,5.12,-0.9,0.33,-0.43,-2.52,4.9,-3.89,0
1746816752.947807,-2.0,-0.39,-0.73,-11.04,-1.55,6.62,-0.9,0.33,-0.43,-3.37,6.11,-3.95,0
1746816752.963737,-2.0,-0.39,-0.74,-11.53,-1.28,8.02,-0.92,0.33,-0.41,-3.95,3.5,-4.33,0
1746816752.979521,-2.0,-0.39,-0.73,-12.31,-1.22,9.65,-0.92,0.35,-0.4,-3.98,-0.15,-4.56,0
1746816752.993216,-2.0,-0.39,-0.73,-13.76,-0.9,10.15,-0.9,0.34,-0.43,-4.83,5.46,-4.0,0
1746816753.007818,-2.0,-0.39,-0.73,-14.6,-1.26,10.57,-0.91,0.33,-0.42,-4.98,5.42,-3.69,0
1746816753.023414,-2.0,-0.41,-0.72,-15.19,-1.79,10.05,-0.93,0.33,-0.4,-5.34,4.82,-3.38,0
1746816753.03824,-2.0,-0.41,-0.73,-15.07,-2.24,9.48,-0.93,0.32,-0.41,-3.55,4.1,-3.0,0
1746816753.053468,-2.0,-0.41,-0.73,-15.01,-2.46,8.88,-0.91,0.32,-0.43,-4.31,-2.98,-4.13,0
1746816753.067849,-2.0,-0.41,-0.72,-15.02,-1.92,8.26,-0.93,0.32,-0.42,-3.43,0.67,-4.29,0
1746816753.082544,-2.0,-0.41,-0.72,-15.23,-1.27,8.47,-0.92,0.33,-0.43,-4.62,4.76,-5.18,0
1746816753.098231,-2.0,-0.41,-0.72,-15.39,-1.4,9.7,-0.92,0.33,-0.43,-6.18,7.98,-5.95,0
1746816753.11348,-2.0,-0.42,-0.72,-15.05,-2.24,11.16,-0.93,0.33,-0.42,-6.32,3.93,-6.98,0
1746816753.129671,-2.0,-0.41,-0.73,-14.77,-3.31,11.6,-0.94,0.34,-0.41,-7.42,4.56,-7.34,0
1746816753.143616,-2.0,-0.41,-0.72,-14.74,-3.19,10.61,-0.93,0.34,-0.42,-7.62,4.16,-7.4,0
1746816753.158786,-2.0,-0.42,-0.72,-14.68,-3.08,9.47,-0.93,0.34,-0.41,-8.92,5.51,-7.18,0
1746816753.173424,-2.0,-0.42,-0.71,-14.49,-2.04,9.21,-0.93,0.33,-0.4,-9.18,3.8,-6.79,0
1746816753.188675,-2.0,-0.43,-0.71,-13.7,-1.89,9.63,-0.92,0.31,-0.41,-8.05,4.34,-5.98,0
1746816753.20324,-2.0,-0.43,-0.72,-12.32,-1.79,9.5,-0.92,0.32,-0.39,-6.69,4.94,-5.24,0
1746816753.217888,-2.0,-0.41,-0.72,-12.02,-0.72,6.53,-0.92,0.32,-0.39,-7.22,1.98,-6.46,0
1746816753.232425,-2.0,-0.4,-0.72,-11.16,-0.27,2.79,-0.92,0.32,-0.38,-9.08,-2.09,-7.46,0
1746816753.247671,-2.0,-0.4,-0.72,-10.2,0.31,0.56,-0.92,0.32,-0.37,-8.31,-0.4,-7.61,0
1746816753.26388,-2.0,-0.39,-0.71,-10.89,1.82,-0.17,-0.91,0.32,-0.37,-9.34,-1.4,-7.59,0
1746816753.278692,-2.0,-0.39,-0.72,-10.6,1.89,1.52,-0.92,0.32,-0.37,-8.61,-1.27,-7.47,0
1746816753.292377,-2.0,-0.4,-0.7,-11.5,3.53,3.37,-0.93,0.32,-0.37,-7.26,-6.4,-7.43,0
1746816753.308166,-2.0,-0.38,-0.69,-12.04,4.35,4.95,-0.93,0.33,-0.37,-7.51,-8.82,-7.72,0
1746816753.323404,-2.0,-0.4,-0.69,-12.77,5.76,5.02,-0.93,0.32,-0.39,-4.63,-12.19,-7.77,0
1746816753.337993,-2.0,-0.41,-0.68,-11.3,6.01,4.21,-0.93,0.33,-0.42,-4.6,-9.94,-8.44,0
1746816753.352999,-2.0,-0.42,-0.67,-10.4,5.42,1.93,-0.93,0.34,-0.43,-4.05,-9.05,-9.26,0
1746816753.367442,-2.0,-0.41,-0.67,-8.99,3.47,-1.49,-0.91,0.35,-0.44,-6.63,-7.02,-10.93,0
1746816753.382452,-2.0,-0.4,-0.69,-8.63,2.63,-5.36,-0.92,0.37,-0.43,-9.78,-5.65,-12.57,0
1746816753.39874,-2.0,-0.4,-0.7,-7.2,2.54,-7.5,-0.92,0.38,-0.44,-14.13,-3.21,-13.74,0
1746816753.413275,-2.0,-0.4,-0.7,-5.71,1.2,-6.98,-0.93,0.39,-0.42,-17.89,1.04,-13.73,0
1746816753.429036,-2.0,-0.4,-0.72,-4.23,1.48,-4.85,-0.94,0.39,-0.4,-21.59,-1.25,-13.98,0
1746816753.443501,-2.0,-0.38,-0.74,-3.02,4.24,-4.38,-0.95,0.38,-0.39,-25.05,-2.05,-13.66,0
1746816753.458248,-2.0,-0.35,-0.75,-2.31,6.15,-6.27,-0.96,0.37,-0.39,-26.59,-0.59,-11.64,0
1746816753.473613,-2.0,-0.35,-0.77,-1.73,9.06,-9.93,-0.95,0.38,-0.37,-27.03,0.77,-9.22,0
1746816753.488225,-2.0,-0.36,-0.77,-0.87,12.61,-13.34,-0.97,0.38,-0.34,-27.62,-0.27,-7.24,0
1746816753.502888,-2.0,-0.36,-0.77,0.44,13.21,-14.76,-0.97,0.37,-0.32,-28.08,-3.03,-5.0,0
1746816753.517737,-2.0,-0.34,-0.77,0.47,13.53,-15.05,-0.96,0.36,-0.32,-27.24,-4.94,-1.85,0
1746816753.53336,-2.0,-0.32,-0.78,-0.65,13.02,-15.29,-0.95,0.36,-0.31,-25.56,-7.22,1.59,0
1746816753.548324,-2.0,-0.31,-0.77,-2.66,14.01,-14.78,-0.97,0.35,-0.3,-23.12,-10.47,4.92,0
1746816753.563257,-2.0,-0.31,-0.78,-4.95,13.67,-10.26,-0.97,0.34,-0.33,-19.18,-12.6,8.49,0
1746816753.57922,-2.0,-0.29,-0.78,-8.1,13.22,-3.45,-0.98,0.34,-0.32,-18.63,-16.4,10.98,0
1746816753.593181,-2.0,-0.28,-0.78,-12.79,13.18,1.73,-0.99,0.34,-0.33,-16.91,-17.78,14.7,0
1746816753.607555,-2.0,-0.29,-0.78,-17.06,11.29,5.89,-1.0,0.33,-0.35,-12.85,-20.42,18.92,0
1746816753.623469,-2.0,-0.32,-0.79,-19.79,10.88,8.89,-0.99,0.32,-0.39,-6.02,-22.37,24.59,0
1746816753.637831,-2.0,-0.34,-0.78,-23.82,5.89,10.11,-0.98,0.3,-0.39,3.08,-25.1,30.9,0
1746816753.653392,-2.0,-0.36,-0.78,-23.63,7.24,10.77,-0.98,0.3,-0.39,8.39,-25.95,36.23,0
1746816753.667753,-2.0,-0.37,-0.79,-22.72,7.21,10.84,-0.97,0.31,-0.4,13.37,-23.62,42.37,0
1746816753.683248,-2.0,-0.37,-0.79,-23.89,2.34,11.37,-0.98,0.31,-0.4,14.63,-23.81,46.35,0
1746816753.697793,-2.0,-0.39,-0.78,-22.47,2.22,12.47,-0.98,0.32,-0.4,17.95,-25.89,50.21,0
1746816753.713116,-2.0,-0.4,-0.78,-22.92,4.57,12.35,-0.95,0.31,-0.41,16.79,-24.53,53.55,0
1746816753.729108,-2.0,-0.4,-0.78,-20.87,6.01,13.91,-0.94,0.32,-0.4,11.37,-22.61,55.79,0
1746816753.743338,-2.0,-0.41,-0.76,-18.77,7.05,16.14,-0.93,0.3,-0.41,8.6,-19.76,58.14,0
1746816753.758584,-2.0,-0.41,-0.76,-16.85,8.52,18.23,-0.93,0.28,-0.42,3.39,-15.3,58.82,0
1746816753.772234,-2.0,-0.41,-0.76,-14.79,9.79,19.69,-0.92,0.26,-0.42,0.58,-18.27,57.91,0
1746816753.788001,-2.0,-0.4,-0.75,-13.66,11.64,19.37,-0.91,0.26,-0.41,-2.61,-15.25,56.2,0
1746816753.803371,-2.0,-0.39,-0.74,-12.1,12.27,19.56,-0.9,0.24,-0.4,-5.72,-12.15,54.38,0
1746816753.817669,-2.0,-0.4,-0.73,-10.41,13.59,19.63,-0.88,0.23,-0.39,-6.77,-8.21,52.49,0
1746816753.833469,-2.0,-0.38,-0.73,-8.32,14.64,19.27,-0.89,0.21,-0.36,-6.88,-6.45,49.85,0
1746816753.864534,-2.0,-0.37,-0.73,-6.56,15.97,19.78,-0.86,0.2,-0.34,-5.73,-6.66,46.44,0
1746816753.866652,-2.0,-0.36,-0.72,-5.66,18.03,21.35,-0.86,0.19,-0.32,-5.14,-5.18,42.37,0
1746816753.877229,-2.0,-0.34,-0.74,-4.42,14.1,27.62,-0.81,0.16,-0.35,-0.65,-1.2,38.17,0
1746816753.892606,-2.0,-0.33,-0.74,-4.09,13.87,37.05,-0.9,0.2,-0.2,-8.29,-12.09,31.59,0
1746816753.908418,-2.0,-0.33,-0.74,-3.65,14.6,50.66,-0.86,0.2,-0.23,-11.03,-14.76,25.58,0
1746816753.92246,-2.0,-0.32,-0.76,-2.14,14.66,66.3,-0.8,0.18,-0.33,7.17,4.15,25.59,0
1746816753.937391,-2.0,-0.37,-0.77,-0.75,18.34,81.95,-0.79,0.22,-0.34,3.89,-7.15,19.23,0
1746816753.953964,-2.0,-0.39,-0.77,5.09,21.82,100.66,-0.83,0.22,-0.27,8.69,0.4,16.77,0
1746816753.968936,-2.0,-0.35,-0.82,4.47,30.24,115.55,-0.91,0.25,-0.23,12.16,-6.65,12.95,0
1746816753.98386,-2.0,-0.32,-0.84,4.71,37.83,128.87,-0.9,0.3,-0.23,9.18,-4.91,8.9,0
1746816753.999287,-2.0,-0.34,-0.84,0.83,46.69,140.04,-0.86,0.3,-0.3,11.63,2.37,6.17,0
1746816754.013443,-2.0,-0.33,-0.83,-0.31,52.82,153.48,-0.86,0.33,-0.25,4.74,-11.27,0.8,0
1746816754.029344,-2.0,-0.34,-0.82,1.12,56.66,163.47,-0.89,0.33,-0.23,6.06,-7.28,-1.07,0
1746816754.043643,-2.0,-0.22,-0.86,6.62,53.38,156.71,-0.87,0.35,-0.25,1.2,-6.26,-4.45,0
1746816754.05887,-2.0,-0.31,-0.78,12.05,45.08,122.4,-0.84,0.3,-0.31,8.48,1.5,-6.21,0
1746816754.073594,-2.0,-0.24,-0.79,20.15,42.31,78.89,-0.79,0.3,-0.31,7.39,3.17,-8.0,0
1746816754.088539,-2.0,-0.33,-0.75,15.38,48.32,36.27,-0.84,0.31,-0.27,4.42,-1.73,-11.86,0
1746816754.103953,-2.0,-0.44,-0.71,20.8,43.66,13.4,-0.9,0.35,-0.19,-5.42,-3.27,-17.52,0
1746816754.118357,-2.0,-0.43,-0.67,22.86,33.47,-0.82,-0.93,0.35,-0.17,-11.15,-1.92,-24.1,0
1746816754.133738,-2.0,-0.53,-0.66,31.3,19.04,-4.6,-0.88,0.35,-0.23,-13.52,11.04,-26.5,0
1746816754.148329,-2.0,-0.46,-0.7,37.03,20.8,-4.53,-0.94,0.35,-0.17,-13.89,6.47,-29.76,0
1746816754.164705,-2.0,-0.42,-0.7,39.36,7.05,-3.44,-0.94,0.29,-0.21,-6.37,4.98,-30.73,0
1746816754.179604,-2.0,-0.36,-0.74,30.95,10.05,-10.08,-0.98,0.28,-0.2,-2.13,2.68,-30.85,0
1746816754.194234,-2.0,-0.4,-0.76,20.76,21.63,-13.69,-0.95,0.31,-0.22,5.56,-4.15,-30.28,0
1746816754.208606,-2.0,-0.47,-0.8,13.18,28.22,-7.55,-0.95,0.34,-0.24,12.03,-2.89,-28.82,0
1746816754.224093,-2.0,-0.52,-0.74,12.13,23.57,1.0,-0.96,0.37,-0.24,17.33,-2.8,-27.16,0
1746816754.237408,-2.0,-0.53,-0.73,8.17,29.69,14.26,-0.93,0.39,-0.26,15.05,0.86,-26.15,0
1746816754.25313,-2.0,-0.53,-0.69,17.46,23.02,29.98,-0.94,0.4,-0.26,13.02,-0.39,-24.61,0
1746816754.267698,-2.0,-0.47,-0.71,21.67,28.73,27.74,-0.94,0.39,-0.26,13.27,3.91,-21.76,0
1746816754.282586,-2.0,-0.46,-0.66,25.23,30.92,22.63,-0.97,0.37,-0.25,17.02,-1.45,-19.06,0
1746816754.298797,-2.0,-0.44,-0.66,24.93,29.63,18.9,-0.96,0.37,-0.26,20.35,0.28,-16.17,0
1746816754.31479,-2.0,-0.46,-0.63,24.37,27.42,21.0,-0.96,0.36,-0.28,24.98,-2.0,-13.69,0
1746816754.328594,-2.0,-0.47,-0.6,23.25,17.53,23.88,-0.95,0.36,-0.28,29.34,-2.5,-9.05,0
1746816754.343255,-2.0,-0.53,-0.6,23.07,16.98,28.28,-0.95,0.38,-0.3,35.42,-3.25,-2.37,0
1746816754.357441,-2.0,-0.53,-0.59,23.98,12.89,36.79,-0.95,0.37,-0.34,43.02,-3.44,3.1,0
1746816754.37328,-2.0,-0.49,-0.62,24.94,24.63,39.77,-0.94,0.38,-0.35,45.07,-4.22,6.04,0
1746816754.388634,-2.0,-0.43,-0.59,20.04,29.11,39.2,-0.93,0.4,-0.36,46.53,-1.11,9.05,0
1746816754.402618,-2.0,-0.42,-0.6,10.47,30.05,40.33,-0.92,0.4,-0.37,45.63,5.52,11.21,0
1746816754.417646,-2.0,-0.44,-0.56,5.08,31.02,38.98,-0.92,0.43,-0.36,41.62,11.66,11.97,0
1746816754.432342,-2.0,-0.41,-0.57,-0.24,22.5,29.4,-0.93,0.43,-0.35,35.47,12.71,10.92,0
1746816754.44775,-2.0,-0.42,-0.55,-8.14,24.11,20.96,-0.9,0.43,-0.35,27.04,13.95,8.68,0
1746816754.463506,-2.0,-0.46,-0.53,-14.24,24.8,12.27,-0.9,0.43,-0.33,20.53,14.69,6.64,0
1746816754.479625,-2.0,-0.45,-0.54,-20.2,23.29,10.74,-0.81,0.4,-0.41,18.77,23.38,5.02,0
1746816754.493695,-2.0,-0.5,-0.55,-27.15,34.66,15.31,-0.85,0.43,-0.32,10.69,16.05,5.22,0
1746816754.508537,-2.0,-0.54,-0.54,-27.55,42.69,30.45,-0.84,0.42,-0.29,5.22,15.0,5.24,0
1746816754.523436,-2.0,-0.52,-0.53,-29.76,41.66,39.14,-0.84,0.39,-0.29,1.27,11.33,5.35,0
1746816754.538146,-2.0,-0.55,-0.54,-28.79,42.0,42.97,-0.85,0.37,-0.3,-1.64,7.24,4.89,0
1746816754.553364,-2.0,-0.6,-0.56,-21.76,34.69,44.19,-0.86,0.34,-0.3,-1.08,3.37,3.76,0
1746816754.567457,-2.0,-0.51,-0.58,-15.79,12.03,45.17,-0.88,0.35,-0.3,-1.31,-1.52,-0.52,0
1746816754.583367,-2.0,-0.51,-0.63,-14.36,-8.83,39.7,-0.91,0.36,-0.29,-7.07,-13.63,-7.14,0
1746816754.598368,-2.0,-0.49,-0.66,-13.17,-17.73,32.31,-0.92,0.38,-0.31,-13.08,-25.16,-11.42,0
1746816754.614367,-2.0,-0.53,-0.63,-11.05,-23.0,32.08,-0.9,0.37,-0.35,-16.98,-29.49,-13.13,0
1746816754.629728,-2.0,-0.52,-0.6,-7.82,-29.77,29.27,-0.9,0.37,-0.36,-13.9,-28.85,-13.51,0
1746816754.643441,-2.0,-0.49,-0.65,-9.47,-32.85,10.89,-0.88,0.37,-0.38,-8.6,-25.02,-14.18,0
1746816754.658043,-2.0,-0.53,-0.6,-7.44,-27.6,6.3,-0.86,0.42,-0.38,-5.77,-13.03,-14.91,0
1746816754.673002,-2.0,-0.47,-0.54,-15.84,-45.18,11.94,-0.87,0.46,-0.38,-7.31,-2.84,-14.31,0
1746816754.688758,-2.0,-0.43,-0.62,-19.19,-31.44,15.75,-0.9,0.49,-0.36,-11.76,2.99,-12.47,0
1746816754.703337,-2.0,-0.5,-0.6,-27.73,-10.18,16.22,-0.92,0.5,-0.37,-17.79,8.19,-8.5,0
1746816754.717593,-2.0,-0.47,-0.57,-36.42,-13.58,27.28,-0.94,0.5,-0.35,-22.22,10.15,-2.53,0
1746816754.73292,-2.0,-0.42,-0.64,-44.94,1.45,17.7,-0.94,0.47,-0.34,-22.82,12.25,4.57,0
1746816754.747667,-2.0,-0.39,-0.69,-63.5,23.25,7.95,-0.94,0.44,-0.34,-21.34,12.06,11.16,0
1746816754.763672,-2.0,-0.57,-0.71,-62.95,29.17,10.8,-0.95,0.39,-0.34,-17.87,12.74,16.55,0
1746816754.777882,-2.0,-0.74,-0.67,-61.34,17.21,31.24,-0.94,0.35,-0.35,-10.9,13.6,21.57,0
1746816754.79341,-2.0,-0.74,-0.69,-54.17,6.95,51.13,-0.92,0.31,-0.32,-1.95,15.21,25.49,0
1746816754.8089,-2.0,-0.64,-0.67,-45.98,-7.81,53.57,-0.9,0.28,-0.31,7.01,15.74,27.11,0
1746816754.823722,-2.0,-0.58,-0.71,-40.89,-21.35,34.1,-0.88,0.27,-0.31,12.1,16.97,25.95,0
1746816754.838169,-2.0,-0.5,-0.69,-40.05,-28.98,5.4,-0.86,0.28,-0.3,14.18,19.16,21.85,0
1746816754.853461,-2.0,-0.57,-0.68,-34.73,-36.04,-9.86,-0.88,0.31,-0.29,13.72,15.87,17.28,0
1746816754.867573,-2.0,-0.64,-0.7,-30.62,-39.53,-9.31,-0.89,0.34,-0.3,9.02,12.59,11.6,0
1746816754.882736,-2.0,-0.67,-0.72,-24.87,-40.21,4.15,-0.89,0.36,-0.35,3.81,10.54,6.54,0
1746816754.899256,-2.0,-0.63,-0.72,-20.18,-44.69,13.82,-0.9,0.36,-0.37,-2.01,11.77,3.11,0
1746816754.91435,-2.0,-0.6,-0.72,-16.05,-37.53,12.6,-0.89,0.36,-0.39,-3.6,14.52,0.0,0
1746816754.929999,-2.0,-0.56,-0.75,-18.85,-23.93,2.29,-0.9,0.36,-0.39,-2.75,17.87,-1.83,0
1746816754.943194,-2.0,-0.6,-0.73,-20.32,-17.6,-3.37,-0.9,0.38,-0.4,-1.6,21.27,-2.56,0
1746816754.959147,-2.0,-0.68,-0.69,-16.93,-12.57,-0.54,-0.92,0.4,-0.39,-2.64,21.6,-3.15,0
1746816754.9732,-2.0,-0.63,-0.7,-11.51,-12.87,2.56,-0.92,0.42,-0.37,-5.3,20.08,-4.11,0
1746816754.98862,-2.0,-0.6,-0.76,-12.86,-14.24,-0.95,-0.91,0.42,-0.38,-9.32,17.41,-3.4,0
1746816755.002555,-2.0,-0.5,-0.67,-14.95,-18.45,-2.55,-0.9,0.4,-0.38,-11.53,16.81,-0.07,0
1746816755.017446,-2.0,-0.54,-0.74,-15.11,-10.85,-4.02,-0.88,0.39,-0.37,-11.09,13.67,2.89,0
1746816755.032791,-2.0,-0.57,-0.7,-17.85,-5.83,1.71,-0.87,0.37,-0.38,-8.69,10.34,5.24,0
1746816755.047884,-2.0,-0.61,-0.6,-13.26,-7.66,9.83,-0.87,0.35,-0.39,-4.39,9.36,6.61,0
1746816755.063807,-2.0,-0.58,-0.69,-8.69,-6.54,16.8,-0.86,0.36,-0.4,-1.6,8.72,5.98,0
1746816755.077587,-2.0,-0.53,-0.67,-3.84,-4.84,19.11,-0.87,0.34,-0.4,-1.05,9.03,3.56,0
1746816755.093195,-2.0,-0.52,-0.69,-1.25,-4.17,15.54,-0.88,0.35,-0.41,-0.47,9.21,1.11,0
1746816755.108854,-2.0,-0.51,-0.67,1.02,-1.59,10.95,-0.9,0.36,-0.43,-0.16,9.21,-1.19,0
1746816755.123249,-2.0,-0.55,-0.65,5.92,-5.99,11.73,-0.91,0.37,-0.43,-1.62,8.76,-3.29,0
1746816755.137421,-2.0,-0.52,-0.67,7.84,-16.72,11.21,-0.9,0.38,-0.43,-2.6,8.24,-5.21,0
1746816755.153384,-2.0,-0.48,-0.7,5.4,-15.53,4.02,-0.9,0.39,-0.43,-3.4,7.76,-6.55,0
1746816755.167593,-2.0,-0.47,-0.7,3.95,-10.4,-0.77,-0.88,0.4,-0.44,-5.18,7.63,-6.94,0
1746816755.182526,-2.0,-0.51,-0.7,4.17,-5.76,-0.49,-0.89,0.39,-0.44,-6.44,7.59,-6.18,0
1746816755.199125,-2.0,-0.51,-0.72,6.65,-2.18,3.44,-0.89,0.38,-0.44,-5.62,8.15,-5.53,0
1746816755.215193,-2.0,-0.46,-0.73,5.05,6.04,1.2,-0.89,0.38,-0.42,-5.79,9.42,-4.78,0
1746816755.228634,-2.0,-0.47,-0.73,0.72,15.44,-5.32,-0.89,0.38,-0.42,-7.56,9.29,-4.18,0
1746816755.243029,-2.0,-0.45,-0.72,-5.13,19.85,-12.62,-0.89,0.37,-0.42,-7.54,8.4,-4.04,0
1746816755.258287,-2.0,-0.43,-0.85,-3.37,29.0,-13.85,-0.88,0.37,-0.41,-7.48,7.83,-5.03,0
1746816755.273253,-2.0,-0.46,-0.69,-1.82,25.64,-17.0,-0.88,0.36,-0.41,-7.6,8.11,-6.55,0
1746816755.288779,-2.0,-0.44,-0.63,3.6,19.93,-10.56,-0.89,0.37,-0.41,-6.99,7.44,-6.73,0
1746816755.303465,-2.0,-0.5,-0.66,7.44,14.47,0.01,-0.88,0.37,-0.41,-6.39,7.12,-6.27,0
1746816755.317602,-2.0,-0.42,-0.67,13.92,3.92,1.93,-0.89,0.37,-0.4,-5.14,6.08,-4.69,0
1746816755.332297,-2.0,-0.4,-0.67,11.45,0.91,-7.91,-0.89,0.39,-0.42,-4.19,4.6,-3.24,1
1746816755.348539,-2.0,-0.39,-0.68,8.08,0.96,-13.72,-0.89,0.4,-0.42,-4.38,3.18,-1.9,1
1746816755.363735,-2.0,-0.42,-0.68,3.46,1.37,-15.43,-0.89,0.4,-0.44,-5.05,3.02,0.43,1
1746816755.378565,-2.0,-0.45,-0.69,-2.11,0.19,-9.21,-0.9,0.42,-0.44,-5.61,3.75,2.14,1
1746816755.392295,-2.0,-0.48,-0.68,-4.82,-0.8,1.5,-0.89,0.43,-0.44,-7.08,4.7,2.23,1
1746816755.407509,-2.0,-0.47,-0.67,-7.57,-0.92,10.71,-0.88,0.44,-0.44,-9.75,5.43,1.53,1
1746816755.422792,-2.0,-0.47,-0.67,-10.18,1.37,14.63,-0.89,0.46,-0.45,-12.12,4.81,1.82,1
1746816755.437975,-2.0,-0.48,-0.67,-12.02,2.03,15.66,-0.9,0.5,-0.44,-13.92,3.95,4.02,1
1746816755.453249,-2.0,-0.49,-0.68,-13.46,2.69,15.05,-0.91,0.55,-0.4,-14.63,2.12,8.27,1
1746816755.46767,-2.0,-0.51,-0.66,-13.72,-6.16,14.37,-0.92,0.59,-0.37,-18.15,0.63,12.27,1
1746816755.483231,-2.0,-0.52,-0.66,-12.37,-1.35,12.76,-0.89,0.62,-0.41,-22.94,5.01,15.0,1
1746816755.498173,-2.0,-0.5,-0.65,-17.64,-0.31,9.38,-0.92,0.68,-0.35,-29.45,-6.04,18.77,1
1746816755.514566,-2.0,-0.52,-0.66,-17.77,-8.69,13.79,-0.93,0.79,-0.32,-29.27,-7.98,26.34,1
1746816755.5305,-2.0,-0.52,-0.66,-18.29,-7.06,17.63,-0.98,0.96,-0.29,-33.63,-9.68,39.0,1
1746816755.54323,-2.0,-0.51,-0.67,-19.37,-7.15,25.44,-1.03,1.09,-0.22,-45.01,-8.15,55.56,1
1746816755.557835,-2.0,-0.51,-0.67,-19.95,-3.92,32.46,-1.07,1.18,-0.19,-61.75,-11.85,69.38,1
1746816755.571403,-2.0,-0.48,-0.68,-20.68,0.11,35.47,-1.11,1.18,-0.17,-75.49,-18.96,79.28,1
1746816755.587531,-2.0,-0.48,-0.68,-22.12,5.4,33.94,-1.11,1.18,-0.15,-87.05,-27.84,83.91,1
1746816755.603237,-2.0,-0.5,-0.66,-22.43,6.53,33.68,-1.12,1.2,-0.09,-94.14,-38.6,90.17,1
1746816755.618461,-2.0,-0.5,-0.64,-21.05,2.4,36.55,-1.06,1.16,-0.09,-106.11,-43.92,93.89,1
1746816755.633422,-2.0,-0.52,-0.65,-20.56,1.74,38.62,-1.07,1.24,-0.05,-120.76,-37.29,96.55,1
1746816755.648429,-2.0,-0.51,-0.66,-17.31,-1.63,43.05,-1.11,1.34,-0.07,-158.76,-37.29,90.83,1
1746816755.66332,-2.0,-0.49,-0.67,-19.1,-2.36,42.67,-1.17,1.46,-0.02,-226.38,-45.53,76.58,1
1746816755.678533,-2.0,-0.5,-0.69,-19.29,-0.85,39.59,-1.22,1.37,-0.01,-250.14,-60.38,66.48,1
1746816755.693265,-2.0,-0.5,-0.71,-22.22,-0.06,35.47,-1.34,1.24,0.19,-250.14,-74.27,67.98,1
1746816755.70851,-2.0,-0.54,-0.7,-21.0,-1.76,33.74,-1.42,1.04,0.39,-250.14,-88.91,85.4,1
1746816755.723603,-2.0,-0.56,-0.71,-19.6,-2.1,28.3,-1.54,0.98,0.52,-192.35,-112.23,109.89,1
1746816755.737994,-2.0,-0.56,-0.71,-19.91,1.02,21.85,-1.65,1.17,0.61,-155.14,-157.03,128.14,1
1746816755.753572,-2.0,-0.6,-0.71,-20.34,2.13,19.05,-1.65,1.29,0.55,-146.69,-195.39,140.89,1
1746816755.768525,-2.0,-0.61,-0.67,-21.11,1.61,17.79,-1.63,1.32,0.45,-155.4,-214.23,148.18,1
1746816755.783546,-2.0,-0.61,-0.72,-20.44,7.69,17.76,-1.61,1.29,0.45,-165.11,-234.68,152.88,1
1746816755.798682,-2.0,-0.63,-0.69,-18.25,10.98,19.0,-1.48,1.15,0.33,-165.27,-216.56,152.95,1
1746816755.814547,-2.0,-0.59,-0.71,-16.81,11.67,19.04,-1.53,1.09,0.49,-165.64,-194.83,163.03,1
1746816755.829219,-2.0,-0.59,-0.7,-13.04,10.11,16.63,-1.48,0.97,0.51,-143.53,-226.59,165.43,1
1746816755.843623,-2.0,-0.58,-0.69,-6.38,9.58,11.31,-1.31,0.96,0.42,-141.67,-231.02,170.49,1
1746816755.859258,-2.0,-0.56,-0.68,-0.01,7.87,1.71,-1.28,0.89,0.47,-134.64,-228.09,165.45,1
1746816755.873282,-2.0,-0.56,-0.68,6.12,4.51,-6.07,-1.14,0.77,0.39,-127.97,-236.65,159.25,1
1746816755.888649,-2.0,-0.54,-0.69,9.82,-0.07,-10.26,-0.99,0.7,0.35,-116.24,-238.53,154.15,1
1746816755.903509,-2.0,-0.51,-0.71,10.57,-3.23,-12.98,-0.86,0.73,0.33,-110.89,-232.31,145.34,1
1746816755.918527,-2.0,-0.5,-0.73,8.56,-3.38,-15.43,-0.73,0.78,0.27,-123.71,-209.02,132.55,1
1746816755.93327,-2.0,-0.51,-0.72,7.71,-1.55,-17.34,-0.73,0.81,0.35,-138.91,-200.2,124.76,1
1746816755.949016,-2.0,-0.51,-0.73,6.01,1.04,-19.07,-0.81,0.38,0.44,-139.9,-250.14,91.77,1
1746816755.964786,-2.0,-0.53,-0.73,3.94,3.06,-19.66,-0.58,0.63,0.54,-150.16,-170.22,100.45,1
1746816755.979392,-2.0,-0.53,-0.73,5.11,5.76,-19.69,-0.22,0.44,0.24,-138.46,-133.07,88.66,1
1746816755.993014,-2.0,-0.52,-0.72,6.35,6.4,-19.15,-0.26,0.24,0.3,-114.56,-133.3,69.92,1
1746816756.008709,-2.0,-0.5,-0.72,6.5,5.81,-18.93,-0.27,0.16,0.38,-77.18,-120.88,63.72,1
1746816756.022199,-2.0,-0.48,-0.7,7.24,3.95,-19.18,-0.27,0.31,0.37,-49.59,-123.38,59.63,1
1746816756.0379,-2.0,-0.45,-0.71,7.05,-2.24,-21.42,-0.12,0.24,0.16,-37.42,-108.56,42.27,1
1746816756.053412,-2.0,-0.44,-0.68,7.23,-4.85,-26.38,-0.39,0.29,0.4,-48.4,-158.56,27.08,1
1746816756.068337,-2.0,-0.44,-0.69,8.02,-6.79,-30.79,-0.11,0.21,0.1,-40.18,-112.28,24.43,1
1746816756.083115,-2.0,-0.42,-0.75,5.6,-8.69,-36.54,-0.12,0.18,0.19,-44.69,-78.51,10.2,1
1746816756.099085,-2.0,-0.39,-0.74,4.13,-10.11,-41.92,0.13,0.26,-0.0,-37.43,-92.51,14.18,1
1746816756.11351,-2.0,-0.43,-0.74,2.56,-14.47,-42.72,0.17,0.29,0.07,-50.79,-104.94,5.79,1
1746816756.128075,-2.0,-0.45,-0.75,2.34,-17.11,-40.42,0.16,0.36,0.23,-82.09,-83.82,-9.53,1
1746816756.143547,-2.0,-0.43,-0.76,-0.01,-16.73,-38.21,0.22,0.44,0.37,-124.24,-68.16,-36.4,1
1746816756.158596,-2.0,-0.46,-0.75,-1.84,-16.2,-34.21,0.1,0.48,0.59,-183.4,-80.34,-72.17,1
1746816756.173503,-2.0,-0.46,-0.76,-4.15,-15.33,-30.56,-0.11,0.43,0.77,-233.22,-81.3,-103.34,1
1746816756.188199,-2.0,-0.47,-0.76,-7.25,-14.07,-26.71,-0.18,0.23,0.67,-237.45,-83.0,-119.78,1
1746816756.203259,-2.0,-0.53,-0.75,-8.84,-10.3,-21.8,-0.2,0.05,0.68,-184.35,-73.39,-118.32,1
1746816756.218062,-2.0,-0.54,-0.72,-7.82,-12.97,-15.69,-0.27,-0.04,0.62,-92.01,-115.46,-92.76,1
1746816756.233604,-2.0,-0.55,-0.69,-6.04,-16.78,-14.13,-0.16,0.07,0.48,22.65,-131.51,-51.69,1
1746816756.248943,-2.0,-0.54,-0.68,-2.5,-17.95,-17.0,-0.13,0.3,0.28,90.42,-175.76,-9.5,1
1746816756.263521,-2.0,-0.5,-0.69,1.36,-21.11,-21.21,0.24,0.48,-0.1,102.73,-153.15,26.94,1
1746816756.277649,-2.0,-0.46,-0.69,1.53,-21.86,-25.92,0.37,0.61,-0.3,80.27,-161.6,48.48,1
1746816756.293486,-2.0,-0.44,-0.67,0.34,-21.76,-29.42,0.51,0.47,-0.48,35.6,-154.26,66.4,1
1746816756.308454,-2.0,-0.43,-0.63,-2.11,-21.05,-30.65,0.6,0.28,-0.5,1.25,-76.09,78.24,1
1746816756.323172,-2.0,-0.43,-0.61,-5.23,-21.27,-29.7,0.69,0.05,-0.57,-27.88,-21.47,69.6,1
1746816756.338939,-2.0,-0.45,-0.59,-8.34,-22.05,-26.25,0.62,-0.17,-0.41,-26.47,28.5,47.14,1
1746816756.353836,-2.0,-0.47,-0.59,-10.75,-21.6,-23.01,0.57,-0.35,-0.33,0.98,-84.5,55.4,1
1746816756.368599,-2.0,-0.5,-0.61,-11.63,-20.63,-20.05,0.64,-0.4,-0.28,44.12,-175.92,54.61,1
1746816756.383096,-2.0,-0.49,-0.62,-12.2,-18.5,-17.21,1.69,-0.22,-0.87,5.66,-133.89,52.63,1
1746816756.399122,-2.0,-0.51,-0.63,-12.83,-15.62,-14.64,0.58,-0.36,0.03,24.53,-100.7,44.26,1
1746816756.413983,-2.0,-0.54,-0.63,-12.37,-10.67,-11.54,0.78,-0.41,-0.2,37.27,-233.6,59.35,1
1746816756.42875,-2.0,-0.55,-0.66,-11.96,-7.56,-6.81,1.35,-0.32,-0.67,46.07,-71.92,42.44,1
1746816756.443171,-2.0,-0.56,-0.65,-10.45,-5.21,-2.08,0.9,-0.18,-0.14,18.31,22.59,15.01,1
1746816756.457837,-2.0,-0.57,-0.65,-8.66,-1.31,0.92,1.1,-0.11,-0.29,-22.17,56.21,1.97,1
1746816756.47215,-2.0,-0.57,-0.67,-6.81,1.69,1.99,1.11,-0.1,-0.23,-54.19,214.55,-1.15,1
1746816756.488318,-2.0,-0.56,-0.67,-3.95,2.4,2.56,0.72,-0.19,0.25,-27.08,144.21,-5.68,1
1746816756.503413,-2.0,-0.56,-0.66,-0.92,-0.91,1.66,0.63,-0.2,0.41,22.24,-78.45,-11.02,1
1746816756.517868,-2.0,-0.55,-0.66,2.27,-6.16,-1.48,0.47,-0.08,0.58,46.57,-250.14,16.92,1
1746816756.532821,-2.0,-0.54,-0.67,4.9,-11.88,-7.05,1.73,0.07,-1.48,-3.01,145.48,-8.85,1
1746816756.548284,-2.0,-0.5,-0.69,6.33,-18.66,-12.27,0.84,0.02,0.24,-2.27,-8.39,2.31,1
1746816756.562362,-2.0,-0.44,-0.7,6.21,-19.98,-15.42,0.86,0.1,0.34,23.47,67.77,1.16,1
1746816756.577891,-2.0,-0.44,-0.71,0.47,-18.85,-20.79,0.68,0.1,0.53,7.7,3.86,4.56,1
1746816756.592459,-2.0,-0.41,-0.74,-2.59,-19.07,-20.79,0.7,0.08,0.37,0.98,-34.78,1.03,1
1746816756.608437,-2.0,-0.38,-0.74,-6.53,-20.55,-18.94,0.83,0.03,0.23,-17.68,-103.4,17.44,1
1746816756.62287,-2.0,-0.36,-0.74,-18.42,-16.11,-15.48,1.04,0.11,0.02,7.96,52.17,0.21,1
1746816756.637361,-2.0,-0.36,-0.74,-34.07,-17.96,-9.04,0.91,0.08,0.2,0.66,47.0,-2.0,1
1746816756.653214,-2.0,-0.62,-0.69,-33.18,-3.63,11.41,0.84,0.08,0.29,-6.08,39.73,-5.77,1
1746816756.667423,-2.0,-0.65,-0.78,-26.21,10.89,39.24,0.88,0.06,0.27,-7.15,45.82,-10.48,1
1746816756.683301,-2.0,-0.63,-0.73,-18.38,16.65,53.26,0.74,0.17,0.4,-32.89,34.03,-17.56,1
1746816756.698723,-2.0,-0.56,-0.75,-17.34,22.96,55.75,0.76,0.19,0.4,-52.02,-3.49,-15.86,0
1746816756.713423,-2.0,-0.52,-0.7,-17.01,16.87,42.96,0.73,0.18,0.35,-43.98,-33.92,-2.31,0
1746816756.72873,-2.0,-0.51,-0.69,-12.85,12.73,26.16,0.83,0.1,0.3,-36.29,-60.98,15.24,0
1746816756.743101,-2.0,-0.5,-0.7,-11.08,10.39,9.11,0.76,0.08,0.4,-42.73,-85.79,20.2,0
1746816756.75738,-2.0,-0.51,-0.72,-9.19,8.34,-3.71,1.15,0.09,0.07,-32.12,-21.76,8.84,0
1746816756.773281,-2.0,-0.54,-0.72,-5.15,5.87,-5.15,0.95,0.12,0.22,21.0,68.67,5.35,0
1746816756.787844,-2.0,-0.53,-0.7,-2.69,2.35,0.12,0.8,0.25,0.3,21.33,74.21,5.56,0
1746816756.802102,-2.0,-0.48,-0.71,-4.21,6.85,1.41,0.03,0.31,1.18,-4.82,16.61,4.02,0
1746816756.818203,-2.0,-0.49,-0.71,-5.89,12.97,1.98,1.01,0.15,-0.11,29.1,129.34,9.72,0
1746816756.832717,-2.0,-0.49,-0.7,-6.62,15.95,2.87,0.99,0.18,0.03,4.12,54.76,19.03,0
1746816756.848953,-2.0,-0.52,-0.72,-6.02,17.5,6.01,0.95,0.14,0.12,4.05,95.68,18.32,0
1746816756.863218,-2.0,-0.51,-0.69,-3.47,9.95,13.27,0.39,0.1,0.54,24.66,62.78,34.04,0
1746816756.878549,-2.0,-0.53,-0.69,0.22,5.85,18.55,0.91,0.2,0.08,5.79,62.66,27.88,0
1746816756.893219,-2.0,-0.51,-0.67,3.91,-2.15,21.26,0.7,0.31,0.28,-0.55,50.69,30.75,0
1746816756.90782,-2.0,-0.49,-0.66,10.48,-8.08,19.47,0.62,0.33,0.32,-10.9,48.15,29.6,0
1746816756.923383,-2.0,-0.42,-0.65,13.34,-17.43,11.01,0.38,0.35,0.41,-22.53,45.31,36.65,0
1746816756.937512,-2.0,-0.48,-0.65,11.89,-26.79,2.17,0.33,0.31,0.32,-33.74,37.51,47.21,0
1746816756.952384,-2.0,-0.47,-0.66,8.05,-26.59,-5.37,0.24,0.25,0.25,-35.69,40.51,65.0,0
1746816756.968318,-2.0,-0.49,-0.65,4.87,-24.41,-7.92,0.04,0.31,0.36,-52.03,37.95,76.79,0
1746816756.983348,-2.0,-0.52,-0.63,4.55,-14.91,-9.81,-0.09,0.2,0.4,-53.03,37.79,84.88,0
1746816756.998389,-2.0,-0.46,-0.66,3.53,-9.76,-13.61,-0.13,0.1,0.4,-58.28,37.22,82.09,0
1746816757.013045,-2.0,-0.47,-0.68,2.53,-5.63,-16.04,-0.01,-0.17,0.25,-66.39,-7.09,83.47,0
1746816757.027665,-2.0,-0.45,-0.7,1.91,-0.24,-17.77,0.02,-0.54,0.31,-15.31,-19.08,103.32,0
1746816757.043048,-2.0,-0.44,-0.7,2.48,4.61,-19.85,0.43,-0.68,-0.07,52.86,-23.24,125.96,0
1746816757.057446,-2.0,-0.43,-0.71,1.54,9.26,-21.58,0.44,-0.6,-0.21,112.19,-0.66,137.79,0
1746816757.073231,-2.0,-0.45,-0.7,-0.37,12.45,-22.79,0.49,-0.45,-0.27,130.34,0.35,133.21,0
1746816757.088097,-2.0,-0.44,-0.68,-4.24,13.25,-22.08,0.35,-0.33,-0.04,124.7,-39.53,121.18,0
1746816757.102499,-2.0,-0.48,-0.69,-6.5,16.88,-19.4,0.64,-0.27,-0.14,83.68,-31.3,93.66,0
1746816757.118102,-2.0,-0.48,-0.74,-8.65,17.45,-15.3,0.8,-0.21,-0.12,55.05,44.56,66.72,0
1746816757.133487,-2.0,-0.51,-0.76,-12.08,18.98,-11.34,0.79,-0.22,-0.01,33.74,51.12,52.41,0
1746816757.148515,-2.0,-0.5,-0.76,-13.6,16.88,-4.73,0.75,-0.26,0.11,39.59,51.64,46.57,0
1746816757.162863,-2.0,-0.48,-0.77,-16.79,16.8,2.5,0.81,-0.25,0.24,47.27,30.89,48.43,0
1746816757.178465,-2.0,-0.51,-0.75,-18.61,18.25,9.65,0.81,-0.32,0.37,62.52,73.83,40.24,0
1746816757.193236,-2.0,-0.52,-0.7,-19.75,13.72,13.87,0.8,-0.42,0.47,83.63,99.79,29.03,0
1746816757.208098,-2.0,-0.55,-0.67,-19.0,12.47,13.32,0.77,-0.53,0.5,122.67,89.96,17.6,0
1746816757.223057,-2.0,-0.57,-0.69,-16.22,10.79,9.13,0.9,-0.33,0.55,137.59,90.61,-2.42,0
1746816757.237666,-2.0,-0.56,-0.74,-11.97,5.79,6.82,0.86,-0.21,0.68,124.95,82.45,-26.81,0
1746816757.253227,-2.0,-0.56,-0.74,-10.34,1.2,4.02,0.85,-0.23,0.65,112.02,77.33,-51.37,0
1746816757.268181,-2.0,-0.54,-0.7,-10.92,0.73,0.59,0.77,-0.31,0.59,123.14,68.44,-61.56,0
1746816757.283298,-2.0,-0.55,-0.69,-11.25,1.58,-3.74,0.76,-0.24,0.59,156.1,48.44,-62.58,0
1746816757.299956,-2.0,-0.55,-0.73,-10.92,2.58,-7.72,0.91,-0.11,0.37,198.53,81.66,-66.05,0
1746816757.313612,-2.0,-0.57,-0.74,-10.5,3.97,-7.6,0.78,-0.0,0.48,214.51,96.72,-73.66,0
1746816757.328661,-2.0,-0.6,-0.73,-9.26,5.72,-4.91,0.56,0.19,0.52,199.59,132.63,-97.45,0
1746816757.342981,-2.0,-0.59,-0.7,-5.82,7.32,-2.15,0.42,0.22,0.43,210.67,99.82,-104.11,0
1746816757.35855,-2.0,-0.56,-0.69,-2.6,9.27,0.98,0.29,0.29,0.55,205.87,82.18,-117.79,0
1746816757.372567,-2.0,-0.52,-0.69,-3.23,12.52,1.05,0.17,0.42,0.63,179.51,75.04,-140.5,0
1746816757.388567,-2.0,-0.54,-0.68,-3.89,11.08,2.79,0.24,0.62,0.68,137.27,92.26,-156.49,0
1746816757.402347,-2.0,-0.52,-0.65,-3.22,6.55,1.48,0.19,0.53,0.7,128.12,87.24,-163.02,0
1746816757.417496,-2.0,-0.55,-0.66,-1.8,4.86,-3.67,-0.63,0.1,1.09,187.37,101.71,-142.21,0
1746816757.433488,-2.0,-0.56,-0.68,0.85,2.77,-9.41,0.7,0.14,-0.6,250.13,250.13,-126.84,0
1746816757.448504,-2.0,-0.58,-0.69,4.13,1.47,-11.6,-0.28,0.66,0.74,183.63,-250.14,-115.5,0
1746816757.463413,-2.0,-0.6,-0.7,7.85,2.09,-12.05,-0.05,0.67,0.2,250.13,107.9,-158.06,0
1746816757.47832,-2.0,-0.55,-0.69,9.13,2.98,-12.65,0.35,0.95,-0.39,177.16,32.04,-174.15,0
1746816757.493217,-2.0,-0.57,-0.66,9.83,1.87,-10.66,0.1,1.08,0.12,159.97,116.2,-170.15,0
1746816757.508459,-2.0,-0.56,-0.66,10.62,0.63,-4.69,-0.36,0.9,0.33,169.47,-17.16,-184.72,0
1746816757.522323,-2.0,-0.53,-0.58,9.49,-7.47,-0.42,-0.53,0.65,0.2,161.24,-73.69,-170.61,0
1746816757.538511,-2.0,-0.53,-0.66,12.45,-2.66,2.69,-0.49,1.0,0.22,86.0,133.13,-214.92,0
1746816757.553238,-2.0,-0.51,-0.57,9.77,-10.31,3.03,-1.0,1.33,1.08,64.18,30.86,-250.14,0
1746816757.568046,-2.0,-0.48,-0.59,6.86,4.92,0.65,-0.08,0.79,-0.41,94.09,141.51,-231.0,0
1746816757.583319,-2.0,-0.48,-0.65,5.03,-1.56,5.68,-0.22,0.72,-0.23,106.12,81.2,-184.71,0
1746816757.599373,-2.0,-0.5,-0.62,1.49,3.28,6.82,-0.6,0.88,0.09,113.98,59.75,-196.56,0
1746816757.612605,-2.0,-0.49,-0.63,-1.68,-0.57,10.06,-0.87,1.37,0.15,51.02,90.69,-198.74,0
1746816757.628831,-2.0,-0.48,-0.65,-1.86,2.06,12.77,-0.6,1.66,-0.13,26.6,250.13,-192.65,0
1746816757.643202,-2.0,-0.48,-0.64,-3.87,1.21,14.33,-1.3,1.66,0.75,-86.85,-79.37,-172.53,0
1746816757.65782,-2.0,-0.49,-0.66,-6.31,-2.08,14.18,-1.31,1.14,0.75,-9.7,-58.11,-130.7,0
1746816757.67337,-2.0,-0.48,-0.65,-9.15,-0.46,12.81,0.04,0.97,-0.42,-44.1,-64.09,-105.48,0
1746816757.687177,-2.0,-0.5,-0.66,-11.69,2.89,11.24,-0.87,0.54,0.53,65.21,76.47,-96.15,0
1746816757.703457,-2.0,-0.5,-0.64,-11.65,3.78,12.93,-0.28,0.4,-0.18,138.28,140.6,-109.88,0
1746816757.718433,-2.0,-0.51,-0.65,-10.42,5.16,16.95,-1.0,0.71,0.54,113.68,100.89,-148.42,0
1746816757.733442,-2.0,-0.48,-0.66,-10.4,2.4,19.4,-0.94,0.77,0.33,55.47,47.5,-177.76,0
1746816757.749203,-2.0,-0.49,-0.66,-11.78,4.28,18.36,-1.1,0.83,0.42,50.15,18.46,-182.91,0
1746816757.763391,-2.0,-0.48,-0.67,-10.24,2.95,21.23,-1.01,1.07,0.26,32.05,6.6,-160.99,0
1746816757.778374,-2.0,-0.5,-0.66,-10.73,0.88,20.82,-1.03,1.03,0.25,29.23,-34.21,-133.35,0
1746816757.793427,-2.0,-0.49,-0.67,-11.82,1.79,17.77,-1.08,0.89,0.25,23.47,-29.8,-121.1,0
1746816757.808337,-2.0,-0.5,-0.67,-13.7,0.43,13.04,-1.03,0.83,0.18,13.4,-44.34,-126.73,0
1746816757.82318,-2.0,-0.52,-0.68,-14.8,1.44,10.36,-0.99,0.69,0.01,25.93,-24.82,-116.75,0
1746816757.837488,-2.0,-0.53,-0.69,-14.4,2.32,11.8,-1.12,0.81,0.15,40.7,-14.84,-112.23,0
1746816757.853181,-2.0,-0.52,-0.69,-14.83,5.1,13.63,-0.95,0.93,-0.09,60.76,95.07,-94.34,0
1746816757.867963,-2.0,-0.52,-0.69,-14.44,4.63,14.96,-1.04,1.02,-0.05,96.91,194.5,-77.05,0
1746816757.883233,-2.0,-0.53,-0.69,-12.63,6.51,14.72,-1.58,1.23,0.52,115.27,-11.56,-85.56,0
1746816757.899167,-2.0,-0.54,-0.69,-11.47,8.18,13.4,-1.08,1.23,-0.02,107.27,-93.38,-87.18,0
1746816757.913517,-2.0,-0.54,-0.69,-10.67,10.62,12.47,-0.9,1.24,-0.16,66.4,-44.4,-69.82,0
1746816757.927795,-2.0,-0.56,-0.68,-8.77,11.5,13.98,-1.08,1.13,0.11,54.32,3.63,-51.08,0
1746816757.943024,-2.0,-0.56,-0.66,-6.32,10.83,15.92,-0.91,0.96,-0.05,112.32,10.44,-26.81,0
1746816757.957857,-2.0,-0.56,-0.67,-4.61,10.94,14.53,-0.95,0.99,-0.07,110.76,-0.81,-13.4,0
1746816757.973203,-2.0,-0.56,-0.66,-1.93,10.11,9.79,-0.96,1.08,0.01,91.94,-27.85,-6.5,0
1746816757.98745,-2.0,-0.53,-0.65,-1.0,6.51,2.06,-0.87,0.99,-0.02,121.85,-4.4,11.79,0
1746816758.002812,-2.0,-0.55,-0.68,-0.37,4.06,-5.5,-0.88,0.97,-0.05,62.4,3.4,17.81,0
1746816758.017854,-2.0,-0.54,-0.68,0.18,1.11,-9.17,-0.96,0.85,-0.19,-12.91,16.5,5.91,0
1746816758.033486,-2.0,-0.52,-0.67,-0.34,-1.55,-10.24,-0.72,0.58,-0.36,-0.53,51.92,11.6,0
1746816758.048687,-2.0,-0.5,-0.67,-2.88,2.11,-10.91,-0.52,0.2,-0.67,-61.43,38.94,-8.52,0
1746816758.062744,-2.0,-0.5,-0.67,-6.07,4.34,-8.45,-0.83,0.51,-0.05,-35.81,13.37,-31.8,0
1746816758.077123,-2.0,-0.52,-0.64,-6.46,7.74,-1.52,-0.85,0.32,-0.19,-24.76,26.34,-20.19,0
1746816758.093128,-2.0,-0.54,-0.65,-6.56,9.02,6.05,-0.36,-0.05,-0.72,28.35,108.18,8.4,0
1746816758.107806,-2.0,-0.49,-0.67,-5.32,6.75,10.15,-0.98,0.36,0.18,10.35,20.95,-0.39,1
1746816758.122452,-2.0,-0.51,-0.68,-10.34,4.83,6.83,-0.73,0.2,-0.21,56.04,71.77,3.22,1
1746816758.137482,-2.0,-0.51,-0.67,-13.1,3.78,3.89,-0.92,0.39,0.07,88.28,1.54,-8.92,1
1746816758.152715,-2.0,-0.54,-0.66,-14.08,1.69,3.15,-0.57,0.65,-0.27,4.46,17.38,-21.4,1
1746816758.167616,-2.0,-0.54,-0.67,-13.68,1.1,4.17,-0.75,0.52,-0.29,12.79,-14.49,-29.37,1
1746816758.183647,-2.0,-0.55,-0.67,-13.09,2.48,5.02,-0.75,0.52,-0.28,-3.59,-1.76,-37.43,1
1746816758.199018,-2.0,-0.56,-0.66,-11.1,0.97,7.13,-0.87,0.51,-0.23,13.31,-4.63,-31.66,1
1746816758.212505,-2.0,-0.56,-0.67,-9.02,0.01,9.01,-0.85,0.59,-0.25,-1.0,16.76,-30.49,1
1746816758.228685,-2.0,-0.56,-0.67,-7.13,-0.13,9.3,-0.9,0.62,-0.2,7.65,14.5,-17.59,1
1746816758.243306,-2.0,-0.55,-0.68,-6.03,0.27,8.32,-0.92,0.68,-0.17,-2.73,12.02,-8.99,1
1746816758.257434,-2.0,-0.55,-0.67,-5.99,0.18,7.12,-0.92,0.68,-0.16,-7.05,10.15,-0.64,1
1746816758.273058,-2.0,-0.54,-0.66,-6.18,0.57,7.12,-0.9,0.67,-0.17,-16.24,3.21,7.27,1
1746816758.288356,-2.0,-0.53,-0.66,-6.87,1.57,5.28,-0.78,0.59,-0.31,-21.22,34.18,12.29,1
1746816758.302956,-2.0,-0.54,-0.66,-7.02,3.31,5.47,-0.85,0.6,-0.18,-8.25,-7.46,16.72,1
1746816758.318135,-2.0,-0.54,-0.65,-7.02,3.92,6.4,-0.79,0.6,-0.22,-11.85,9.42,17.6,1
1746816758.334003,-2.0,-0.53,-0.66,-7.32,3.81,6.2,-0.84,0.6,-0.19,-12.01,5.56,19.04,1
1746816758.348833,-2.0,-0.52,-0.66,-7.71,3.41,6.01,-0.84,0.61,-0.16,-12.62,13.79,21.44,1
1746816758.363253,-2.0,-0.51,-0.66,-9.04,3.34,4.78,-0.88,0.6,-0.15,0.59,2.26,20.52,1
1746816758.378525,-2.0,-0.51,-0.66,-9.02,2.86,3.82,-0.67,0.7,-0.29,-20.28,-4.92,28.44,1
1746816758.39324,-2.0,-0.52,-0.67,-9.21,2.92,4.58,-0.93,0.78,-0.03,-37.71,-31.64,27.03,1
1746816758.407741,-2.0,-0.53,-0.65,-9.25,2.07,6.23,-0.74,0.8,-0.25,-60.68,17.02,32.17,1
1746816758.423405,-2.0,-0.53,-0.67,-7.83,-0.31,8.33,-0.83,0.76,-0.15,-63.56,-22.56,41.12,1
1746816758.437451,-2.0,-0.52,-0.68,-7.6,-0.99,8.64,-0.79,0.8,-0.17,-80.03,2.76,41.11,1
1746816758.452465,-2.0,-0.51,-0.66,-8.71,-2.24,8.48,-0.71,0.76,-0.25,-76.48,53.38,52.21,1
1746816758.467425,-2.0,-0.51,-0.71,-9.16,0.36,8.51,-0.78,0.88,-0.24,-64.24,119.1,56.67,1
1746816758.483014,-2.0,-0.5,-0.67,-9.84,0.4,9.25,-0.95,1.07,-0.01,-49.26,63.87,67.74,1
1746816758.498883,-2.0,-0.52,-0.67,-9.87,2.08,10.08,-0.94,1.29,-0.01,-39.79,1.9,79.08,1
1746816758.512956,-2.0,-0.5,-0.7,-11.08,4.22,10.02,-0.91,1.48,0.12,-76.62,-40.45,81.6,1
1746816758.527818,-2.0,-0.49,-0.7,-13.4,5.84,9.66,-0.85,1.65,0.24,-103.6,2.71,110.66,1
1746816758.542521,-2.0,-0.52,-0.69,-14.47,7.98,10.57,-0.98,1.79,0.5,-96.95,36.44,144.38,1
1746816758.558351,-2.0,-0.53,-0.67,-14.4,8.05,12.95,-1.01,1.91,0.63,-83.6,25.92,179.94,1
1746816758.57257,-2.0,-0.54,-0.65,-14.27,9.48,14.47,-1.07,2.0,0.72,-98.89,12.32,194.44,1
1746816758.598792,-2.0,-0.54,-0.64,-13.43,8.2,16.06,-1.27,2.0,0.85,-108.77,-22.96,207.58,1
1746816758.602942,-2.0,-0.5,-0.65,-13.43,6.24,14.89,-1.33,2.0,0.77,-113.16,-106.04,228.34,1
1746816758.618259,-2.0,-0.5,-0.66,-14.66,6.37,12.36,-1.35,2.0,0.68,-113.96,-90.72,250.13,1
1746816758.633173,-2.0,-0.51,-0.69,-13.16,5.76,15.57,-1.5,2.0,0.67,-112.49,-69.72,250.13,1
1746816758.649584,-2.0,-0.49,-0.68,-14.65,3.24,19.97,-1.69,1.94,0.65,-111.07,-189.88,250.13,1
1746816758.663568,-2.0,-0.5,-0.69,-15.92,5.23,21.47,-1.58,1.73,0.45,-82.09,-250.14,250.13,1
1746816758.678832,-2.0,-0.52,-0.67,-16.34,5.19,22.48,-1.38,1.62,0.34,-73.04,-250.14,250.13,1
1746816758.692844,-2.0,-0.52,-0.67,-16.9,6.12,22.99,-0.46,1.59,-0.7,-104.44,-94.31,250.13,1
1746816758.708166,-2.0,-0.53,-0.67,-17.94,8.95,21.76,-1.01,1.36,-0.01,-155.56,-142.85,250.13,1
1746816758.72345,-2.0,-0.55,-0.69,-18.47,8.69,21.06,-0.86,1.23,-0.01,-149.23,-124.56,250.13,1
1746816758.738454,-2.0,-0.56,-0.69,-17.09,8.93,20.47,-0.83,1.12,-0.02,-142.0,-96.95,236.71,1
1746816758.753661,-2.0,-0.58,-0.68,-15.14,8.8,18.83,-0.83,1.17,0.03,-135.96,-91.01,225.49,1
1746816758.767877,-2.0,-0.58,-0.7,-13.27,11.35,15.2,-0.73,1.09,-0.0,-176.18,-93.63,204.04,1
1746816758.784228,-2.0,-0.59,-0.68,-9.21,11.51,13.31,-0.67,1.07,-0.02,-178.93,-106.44,188.4,1
1746816758.798609,-2.0,-0.59,-0.68,-4.99,10.85,12.41,-0.55,0.92,-0.06,-171.81,-99.95,171.58,1
1746816758.813878,-2.0,-0.56,-0.69,-1.6,10.05,9.94,-0.45,0.87,-0.0,-166.38,-92.19,163.45,1
1746816758.827998,-2.0,-0.53,-0.71,0.85,9.13,6.46,-0.33,0.74,-0.04,-145.85,-89.11,149.71,1
1746816758.843276,-2.0,-0.5,-0.72,2.02,6.98,3.2,-0.18,0.66,0.01,-128.1,-79.46,135.81,1
1746816758.857322,-2.0,-0.5,-0.71,3.41,6.26,1.08,-0.19,0.49,0.11,-91.65,-72.91,129.46,1
1746816758.873384,-2.0,-0.47,-0.7,3.81,5.85,-0.99,-0.21,0.46,0.16,-42.0,-60.11,111.85,1
1746816758.887421,-2.0,-0.47,-0.69,1.76,6.89,-3.77,-0.3,0.48,0.25,-18.8,-72.54,96.73,1
1746816758.902435,-2.0,-0.48,-0.69,1.92,5.63,-4.14,-0.14,0.74,0.14,-18.85,-79.35,90.37,1
1746816758.91812,-2.0,-0.48,-0.72,1.85,2.68,-4.77,-0.03,0.42,0.1,-10.05,-93.84,89.85,1
1746816758.933788,-2.0,-0.48,-0.77,0.68,0.77,-5.92,0.34,0.42,0.08,12.24,-53.1,112.74,1
1746816758.948503,-2.0,-0.49,-0.8,-1.78,-1.61,-6.02,0.26,0.48,0.27,14.53,-53.62,116.66,1
1746816758.965176,-2.0,-0.5,-0.77,-4.13,-2.23,-6.26,0.27,0.69,0.25,-26.41,-71.15,94.71,1
1746816758.977581,-2.0,-0.56,-0.73,-6.24,-2.1,-5.01,0.33,0.64,-0.0,-108.51,-16.97,53.95,1
1746816758.992556,-2.0,-0.6,-0.69,-5.21,-3.27,-2.6,0.16,0.54,0.19,-214.82,-34.27,12.73,1
1746816759.008252,-2.0,-0.62,-0.65,-2.12,-5.16,-1.34,0.14,0.47,0.18,-250.14,-36.65,-3.58,1
1746816759.022609,-2.0,-0.6,-0.63,2.77,-6.65,-2.93,-0.03,0.17,0.21,-250.14,14.76,-34.31,1
1746816759.037828,-2.0,-0.56,-0.63,7.11,-8.91,-8.44,-0.03,0.03,0.24,-213.31,-112.23,-25.2,1
1746816759.05337,-2.0,-0.51,-0.63,9.06,-11.66,-16.02,0.06,0.05,0.11,-134.84,-121.14,-10.31,1
1746816759.067795,-2.0,-0.48,-0.62,9.73,-13.94,-21.37,0.08,0.13,0.11,-76.35,-86.66,-4.61,1
1746816759.084221,-2.0,-0.45,-0.63,8.43,-15.28,-24.27,0.09,0.25,0.11,-46.95,-70.73,-8.92,1
1746816759.098356,-2.0,-0.45,-0.64,5.69,-15.53,-23.95,0.13,0.33,0.04,-42.0,-78.64,-3.02,1
1746816759.112558,-2.0,-0.45,-0.64,3.39,-16.15,-20.4,0.2,0.29,-0.09,-45.93,-92.44,13.82,1
1746816759.128264,-2.0,-0.43,-0.67,-0.6,-17.43,-15.61,0.37,0.21,-0.25,-50.75,-74.72,21.3,1
1746816759.143195,-2.0,-0.45,-0.67,-5.01,-17.36,-10.59,0.47,0.15,-0.3,-69.08,-72.82,25.47,1
1746816759.158692,-2.0,-0.46,-0.68,-7.82,-16.12,-6.18,0.5,0.09,-0.28,-93.56,-81.7,16.63,1
1746816759.173748,-2.0,-0.47,-0.66,-10.53,-14.63,-1.97,0.65,-0.03,-0.36,-113.0,-47.73,6.08,1
1746816759.188511,-2.0,-0.49,-0.66,-12.49,-12.8,2.24,0.57,-0.11,-0.21,-111.5,-45.18,-2.86,1
1746816759.203079,-2.0,-0.53,-0.65,-12.85,-11.38,6.27,0.61,-0.21,-0.18,-88.48,-41.06,4.66,1
1746816759.218484,-2.0,-0.54,-0.64,-12.36,-10.59,9.94,0.71,-0.3,-0.21,-45.0,-40.95,18.66,1
1746816759.234288,-2.0,-0.53,-0.63,-12.11,-9.13,10.92,0.75,-0.32,-0.2,-6.32,-38.98,29.14,1
1746816759.249735,-2.0,-0.54,-0.63,-11.5,-7.11,9.84,0.78,-0.22,-0.18,23.24,-43.43,44.13,1
1746816759.263547,-2.0,-0.54,-0.64,-10.94,-5.21,9.86,0.79,-0.18,-0.15,23.04,-58.28,48.66,1
1746816759.277508,-2.0,-0.53,-0.64,-11.91,-3.6,9.59,0.85,-0.17,-0.21,0.85,-58.75,39.17,1
1746816759.293386,-2.0,-0.54,-0.63,-12.86,-1.45,8.94,0.87,-0.18,-0.21,-11.15,-41.5,33.66,1
1746816759.307617,-2.0,-0.54,-0.65,-12.98,1.26,9.6,0.91,-0.24,-0.23,-19.79,-19.52,27.34,1
1746816759.323265,-2.0,-0.54,-0.65,-12.93,2.83,10.02,0.93,-0.31,-0.21,-21.44,22.88,19.62,1
1746816759.338007,-2.0,-0.56,-0.67,-12.41,2.74,10.98,0.82,-0.22,-0.01,-19.28,11.82,20.6,1
1746816759.352902,-2.0,-0.56,-0.67,-10.75,-1.07,13.95,0.94,-0.24,-0.04,-30.92,10.25,10.29,1
1746816759.367831,-2.0,-0.51,-0.66,-9.92,-5.6,15.91,0.84,-0.2,0.07,-41.51,3.08,3.9,1
1746816759.38438,-2.0,-0.49,-0.67,-11.79,-9.82,13.07,0.85,-0.21,0.09,-47.45,-15.4,2.92,1
1746816759.398814,-2.0,-0.41,-0.68,-15.3,-16.47,4.31,0.9,-0.25,0.14,-38.56,3.38,0.3,1
1746816759.412837,-2.0,-0.46,-0.66,-21.41,-23.0,-2.62,0.84,-0.21,0.23,-33.02,10.04,-5.92,1
1746816759.428735,-2.0,-0.69,-0.68,-19.66,-18.84,0.84,0.87,-0.17,0.23,-24.89,22.72,-9.05,1
1746816759.441312,-2.0,-0.59,-0.69,-10.98,-21.27,12.8,0.83,-0.13,0.27,-12.3,36.21,-10.53,1
1746816759.458699,-2.0,-0.57,-0.68,-9.26,-16.46,18.47,0.83,-0.12,0.27,3.02,28.73,-8.08,1
1746816759.473187,-2.0,-0.52,-0.7,-9.36,-8.17,18.5,0.82,-0.07,0.24,10.48,15.8,-7.05,1
1746816759.487618,-2.0,-0.49,-0.68,-7.48,-5.62,16.98,0.76,0.03,0.22,11.85,4.88,-8.16,1
1746816759.502055,-2.0,-0.51,-0.68,-5.63,1.27,13.45,0.7,0.17,0.21,-14.25,-38.03,1.08,1
1746816759.518671,-2.0,-0.48,-0.69,-3.09,6.98,10.84,0.77,0.22,-0.03,-37.58,-45.7,-0.39,1
1746816759.535067,-2.0,-0.46,-0.68,-2.12,11.21,6.56,0.7,0.26,-0.07,-14.02,64.17,1.27,0
1746816759.546218,-2.0,-0.45,-0.65,-1.82,13.13,3.27,0.53,0.24,-0.07,-15.6,86.0,6.66,0
1746816759.562334,-2.0,-0.44,-0.67,-0.62,15.36,1.02,0.48,0.21,-0.13,-12.85,100.8,17.1,0
1746816759.57774,-2.0,-0.43,-0.67,-1.14,20.72,-3.1,0.26,0.17,-0.14,-2.53,79.88,36.62,0
1746816759.593224,-2.0,-0.39,-0.66,-2.79,22.8,-7.13,0.13,0.13,-0.19,12.09,67.76,51.89,0
1746816759.607694,-2.0,-0.39,-0.65,-4.09,21.53,-9.17,0.02,0.13,-0.22,21.89,78.77,69.25,0
1746816759.622306,-2.0,-0.38,-0.65,-5.66,23.22,-10.47,-0.08,0.03,-0.19,32.93,91.71,81.35,0
1746816759.637689,-2.0,-0.37,-0.69,-7.77,23.23,-10.02,-0.15,-0.03,-0.11,42.61,86.41,98.08,0
1746816759.6534,-2.0,-0.38,-0.69,-9.97,23.56,-7.41,-0.04,-0.12,-0.09,54.81,84.14,108.14,0
1746816759.667892,-2.0,-0.4,-0.72,-10.63,22.8,-2.53,0.05,-0.08,-0.07,71.79,99.71,108.87,0
1746816759.684184,-2.0,-0.41,-0.75,-12.06,19.42,1.89,0.13,-0.04,-0.11,77.15,140.15,93.02,0
1746816759.697671,-2.0,-0.41,-0.73,-15.14,16.19,4.47,-0.35,-0.01,0.4,72.33,105.52,80.79,0
1746816759.713169,-2.0,-0.42,-0.71,-18.99,17.84,3.97,0.09,-0.1,0.09,74.8,150.94,62.58,0
1746816759.727665,-2.0,-0.45,-0.74,-20.93,22.2,3.37,0.35,-0.06,0.2,85.7,162.18,51.8,0
1746816759.743196,-2.0,-0.5,-0.74,-22.61,21.24,5.34,0.47,-0.05,0.28,97.01,173.08,48.73,0
1746816759.757852,-2.0,-0.54,-0.73,-22.62,16.04,8.64,0.53,-0.11,0.32,114.54,159.5,53.38,0
1746816759.773246,-2.0,-0.56,-0.72,-19.79,13.0,6.8,0.49,-0.05,0.46,114.67,155.46,50.4,0
1746816759.788287,-2.0,-0.53,-0.72,-15.01,10.37,-1.02,0.47,-0.08,0.56,119.46,153.98,37.89,0
1746816759.803127,-2.0,-0.49,-0.73,-11.69,5.95,-13.02,0.42,-0.1,0.65,131.33,147.08,12.75,0
1746816759.818725,-2.0,-0.46,-0.74,-10.69,0.75,-22.27,0.5,-0.15,0.74,163.35,122.21,-10.43,0
1746816759.834204,-2.0,-0.44,-0.73,-12.08,-3.27,-23.83,0.74,-0.13,0.62,199.01,116.66,-33.83,0
1746816759.848793,-2.0,-0.45,-0.76,-14.24,-4.85,-19.11,0.64,0.01,0.71,226.53,142.89,-56.5,0
1746816759.863234,-2.0,-0.46,-0.74,-17.27,-7.33,-10.11,0.53,0.15,0.6,245.21,141.62,-69.76,0
1746816759.878617,-2.0,-0.5,-0.73,-18.53,-10.37,-2.92,0.25,0.41,0.58,250.13,79.05,-78.6,0
1746816759.893225,-2.0,-0.51,-0.74,-18.51,-9.98,0.62,0.45,0.56,0.16,250.13,62.02,-90.76,0
1746816759.907715,-2.0,-0.52,-0.74,-18.98,-8.98,2.96,-0.01,0.71,0.47,250.13,-18.45,-92.14,0
1746816759.923203,-2.0,-0.52,-0.77,-19.32,-7.37,5.57,0.21,1.05,0.22,250.13,19.34,-98.41,0
1746816759.938332,-2.0,-0.53,-0.75,-20.36,-7.03,5.08,-0.2,1.39,0.53,250.13,159.39,-127.75,0
1746816759.953487,-2.0,-0.53,-0.72,-18.95,-12.63,0.93,-0.22,1.33,0.37,216.03,133.2,-135.12,0
1746816759.968173,-2.0,-0.55,-0.76,-16.67,-12.79,-6.09,-0.18,1.13,0.37,219.67,98.77,-133.11,0
1746816759.983292,-2.0,-0.57,-0.73,-15.37,-13.66,-7.57,-0.18,1.03,0.39,247.57,57.06,-133.63,0
1746816759.998038,-2.0,-0.6,-0.71,-13.08,-15.41,-4.6,-0.19,1.04,0.35,250.13,45.07,-130.84,0
1746816760.013412,-2.0,-0.59,-0.67,-10.51,-16.25,-3.92,-0.37,1.24,0.45,250.13,24.77,-132.66,0
1746816760.028379,-2.0,-0.59,-0.65,-7.11,-15.08,-5.25,-0.42,1.29,0.38,250.13,5.01,-134.18,0
1746816760.043472,-2.0,-0.57,-0.61,-3.5,-11.72,-7.17,-0.43,1.42,0.3,239.65,-19.53,-134.69,0
1746816760.0582,-2.0,-0.54,-0.66,-0.76,-10.75,-8.27,-0.47,1.61,0.19,209.49,-47.96,-135.51,0
1746816760.073408,-2.0,-0.5,-0.7,-0.54,-12.74,-6.24,-0.35,1.8,0.14,156.42,-45.0,-122.19,0
1746816760.088574,-2.0,-0.5,-0.74,-1.18,-13.56,-3.74,-0.31,1.5,0.18,125.92,-32.09,-107.12,0
1746816760.103655,-2.0,-0.49,-0.73,-1.69,-15.16,-4.18,-0.12,1.29,0.04,130.47,18.6,-89.08,0
1746816760.117754,-2.0,-0.51,-0.72,-1.01,-11.44,-5.45,-0.28,1.1,0.22,165.47,14.36,-85.45,0
1746816760.132843,-2.0,-0.49,-0.67,-1.86,-7.7,-5.76,-0.5,1.29,0.17,145.56,-6.01,-118.99,0
1746816760.148022,-2.0,-0.64,-0.49,9.19,20.14,-1.97,-0.45,1.58,0.18,63.58,-22.72,-147.85,0
1746816760.16351,-2.0,-0.38,-0.88,-6.29,12.02,5.59,-0.79,0.11,-0.2,124.98,-23.79,-162.82,0
1746816760.178278,-2.0,-0.33,-0.53,-17.58,29.97,1.04,-0.8,1.4,0.51,53.95,-66.26,-166.28,0
1746816760.192239,-2.0,-0.41,-0.52,-18.14,-30.66,16.22,-0.82,1.34,0.41,37.39,42.44,-150.84,0
1746816760.207294,-2.0,-0.5,-0.57,8.47,-5.79,29.23,-0.33,1.14,0.04,22.11,9.49,-132.78,0
1746816760.223163,-2.0,-0.48,-0.48,1.11,27.39,17.3,-0.36,1.21,-0.24,-25.81,75.05,-107.46,0
1746816760.237979,-2.0,-0.33,-0.65,-21.14,16.45,4.98,-0.66,1.06,0.28,-11.47,34.99,-104.48,0
1746816760.252598,-2.0,-0.43,-0.65,2.73,-23.96,28.32,-0.95,1.07,0.21,-34.05,82.53,-140.21,0
1746816760.267807,-2.0,-0.55,-0.75,8.8,-37.85,30.96,-0.51,0.71,-0.45,1.48,77.95,-133.56,0
1746816760.282985,-2.0,-0.5,-0.56,-11.17,-31.51,17.18,-0.49,0.89,-0.25,-2.85,117.34,-144.18,0
1746816760.29768,-2.0,-0.46,-0.86,-8.34,-51.11,24.27,-0.95,0.83,0.1,67.36,52.31,-115.51,0
1746816760.312816,-2.0,-0.53,-0.77,-14.66,15.29,4.2,-0.93,1.18,-0.09,37.65,156.62,-121.03,0
1746816760.327661,-2.0,-0.49,-0.55,2.32,16.47,7.39,-1.3,1.11,0.24,-10.89,23.02,-136.9,0
1746816760.343482,-2.0,-0.53,-0.78,1.0,16.3,1.94,-1.05,1.03,-0.05,-51.99,3.18,-148.76,0
1746816760.357625,-2.0,-0.53,-0.85,19.76,45.97,2.02,-1.01,0.89,0.01,-49.24,-41.44,-139.93,0
1746816760.373229,-2.0,-0.5,-0.63,14.2,35.69,-1.75,-0.95,0.69,-0.01,0.65,-57.31,-115.33,0
1746816760.387368,-2.0,-0.47,-0.61,9.99,29.44,-4.07,-0.91,0.62,-0.01,4.29,29.53,-104.79,0
1746816760.403384,-2.0,-0.46,-0.68,7.47,-5.25,-1.88,-1.22,0.49,0.2,51.58,12.68,-94.98,0
1746816760.418352,-2.0,-0.45,-0.73,6.04,11.95,-6.66,-1.17,0.45,-0.17,119.07,59.61,-87.4,0
1746816760.433234,-2.0,-0.47,-0.69,10.01,2.2,-3.77,-1.16,0.44,-0.29,193.76,-148.27,-72.37,0
1746816760.448678,-2.0,-0.45,-0.66,0.49,-28.98,-5.01,-0.83,0.61,-0.74,211.98,-111.64,-62.07,0
1746816760.463728,-2.0,-0.48,-0.84,5.42,17.69,-13.15,-0.87,0.75,-0.72,183.92,-106.36,-55.64,0
1746816760.478703,-2.0,-0.44,-0.68,-0.37,-16.32,-11.68,-0.75,0.89,-0.83,128.34,22.95,-55.45,0
1746816760.493202,-2.0,-0.46,-0.72,3.85,14.21,-12.92,-0.98,0.97,-0.58,69.95,50.75,-69.73,0
1746816760.508649,-2.0,-0.47,-0.68,4.88,-6.98,-1.94,-0.94,1.03,-0.6,11.89,8.02,-77.81,0
1746816760.523153,-2.0,-0.46,-0.73,12.68,18.71,3.21,-0.91,0.98,-0.64,-38.83,72.95,-76.6,0
1746816760.538296,-2.0,-0.42,-0.71,18.6,63.97,-1.68,-1.05,0.94,-0.44,-128.15,28.17,-93.09,0
1746816760.553376,-2.0,-0.38,-0.57,8.02,17.92,1.77,-0.91,0.78,-0.59,-162.63,145.15,-94.69,0
1746816760.569209,-2.0,-0.37,-0.61,4.12,6.76,2.74,-1.09,0.65,-0.35,-136.45,83.87,-80.16,0
1746816760.582566,-2.0,-0.4,-0.56,-1.45,-5.44,3.37,-1.08,0.52,-0.37,-95.69,44.32,-61.7,0
1746816760.597686,-2.0,-0.43,-0.57,-8.3,-10.93,2.33,-1.01,0.39,-0.45,-47.21,31.69,-37.6,0
1746816760.61266,-2.0,-0.47,-0.57,-6.6,-6.18,0.15,-1.03,0.37,-0.37,-45.75,-12.15,-33.45,0
1746816760.627735,-2.0,-0.51,-0.57,-3.79,-1.78,-4.86,-0.93,0.34,-0.43,-2.38,17.17,-14.09,0
1746816760.643223,-2.0,-0.52,-0.57,4.02,-19.3,-6.12,-0.9,0.4,-0.4,22.26,10.14,-3.24,0
1746816760.657758,-2.0,-0.49,-0.63,9.53,-35.91,-11.98,-0.87,0.42,-0.39,39.66,56.28,3.16,0
1746816760.672281,-2.0,-0.46,-0.75,14.17,-0.98,-23.62,-0.92,0.46,-0.24,36.21,40.83,-1.76,0
1746816760.688257,-2.0,-0.45,-0.71,12.9,7.92,-28.13,-0.88,0.48,-0.22,9.19,23.02,-16.15,0
1746816760.702785,-2.0,-0.43,-0.75,8.63,8.53,-28.99,-0.78,0.5,-0.26,-5.98,16.03,-23.36,0
1746816760.719854,-2.0,-0.41,-0.75,-1.36,5.6,-29.85,-0.69,0.54,-0.32,-14.4,39.03,-22.78,0
1746816760.73368,-2.0,-0.44,-0.69,-14.39,-9.41,-25.7,-0.78,0.5,-0.24,-9.95,50.43,-15.23,0
1746816760.748421,-2.0,-0.48,-0.83,-13.24,6.27,-17.35,-0.84,0.47,-0.22,-14.42,13.99,-15.92,0
1746816760.762824,-2.0,-0.48,-0.71,-18.27,6.82,-8.53,-0.83,0.41,-0.31,8.3,-24.73,-6.61,0
1746816760.777362,-2.0,-0.53,-0.73,-18.47,21.4,3.23,-0.82,0.39,-0.36,16.0,-52.67,-0.42,0
1746816760.79247,-2.0,-0.57,-0.69,-23.15,36.0,14.89,-0.8,0.4,-0.45,20.69,-28.08,6.64,0
1746816760.807405,-2.0,-0.6,-0.68,-24.61,7.64,33.9,-0.84,0.43,-0.46,26.24,-0.93,13.52,0
1746816760.822943,-2.0,-0.62,-0.71,-26.34,-5.98,42.21,-0.89,0.46,-0.47,28.52,6.12,16.15,0
1746816760.837841,-2.0,-0.65,-0.71,-24.93,-2.17,40.68,-0.91,0.44,-0.48,36.13,-5.12,23.83,0
1746816760.85441,-2.0,-0.67,-0.7,-21.16,-10.76,37.83,-0.93,0.4,-0.46,47.78,-10.95,30.15,0
1746816760.869498,-2.0,-0.69,-0.71,-13.95,-8.3,28.98,-0.85,0.34,-0.51,34.92,1.79,31.64,0
1746816760.883221,-2.0,-0.66,-0.69,-9.11,3.08,14.68,-0.86,0.32,-0.48,39.11,39.78,34.81,0
1746816760.898676,-2.0,-0.61,-0.6,-8.46,-34.61,3.06,-0.83,0.33,-0.49,50.5,63.34,35.69,0
1746816760.91323,-2.0,-0.59,-0.7,-3.08,-31.08,-6.76,-0.91,0.32,-0.37,79.63,46.78,36.27,0
1746816760.927341,-2.0,-0.57,-0.71,2.45,4.43,-17.44,-1.08,0.37,-0.26,65.97,-77.46,11.92,0
1746816760.943173,-2.0,-0.53,-0.67,6.18,23.59,-21.0,0.04,0.3,-1.3,-60.72,107.94,-26.96,0
1746816760.958308,-2.0,-0.5,-0.66,4.76,26.06,-19.05,-0.88,0.3,-0.42,8.86,-59.59,-7.67,0
1746816760.972913,-2.0,-0.49,-0.64,0.93,12.06,-12.34,-0.87,0.39,-0.42,5.95,-72.15,-8.61,0
1746816760.988131,-2.0,-0.51,-0.64,-4.81,10.32,-6.06,-0.87,0.38,-0.43,-2.87,-7.67,-11.15,0
1746816761.002961,-2.0,-0.52,-0.65,-8.07,11.56,3.18,-0.97,0.36,-0.31,12.95,-63.44,-15.09,0
1746816761.018585,-2.0,-0.51,-0.67,-9.98,9.23,11.44,-0.82,0.4,-0.44,15.66,-78.05,-9.57,0
1746816761.033243,-2.0,-0.52,-0.67,-11.66,0.43,16.34,-0.85,0.41,-0.4,1.37,1.53,-4.38,0
1746816761.048501,-2.0,-0.53,-0.67,-13.31,-11.93,18.97,-0.88,0.4,-0.38,-18.73,-10.37,-11.03,0
1746816761.062471,-2.0,-0.53,-0.67,-17.28,-37.76,22.07,-0.95,0.39,-0.29,-28.83,-80.33,-18.99,0
1746816761.078693,-2.0,-0.55,-0.71,-13.53,-27.85,19.88,-0.81,0.38,-0.4,-34.38,-99.88,-14.39,0
1746816761.093162,-2.0,-0.52,-0.71,-3.31,-3.12,16.28,-0.61,0.36,-0.68,-25.06,60.26,-0.43,0
1746816761.107616,-2.0,-0.5,-0.68,-1.53,-0.57,13.2,-0.82,0.36,-0.43,-23.4,113.28,8.95,0
1746816761.123151,-2.0,-0.49,-0.68,-2.89,-3.25,11.75,-0.96,0.33,-0.34,15.27,106.01,12.0,0
1746816761.137381,-2.0,-0.49,-0.7,-5.27,-4.32,10.79,-0.87,0.37,-0.45,51.4,65.85,17.03,0
1746816761.153314,-2.0,-0.5,-0.7,-3.66,3.0,10.79,-0.93,0.39,-0.35,48.18,-28.73,8.98,0
1746816761.168606,-2.0,-0.48,-0.72,-0.71,15.62,10.89,-0.82,0.46,-0.46,20.6,4.11,2.46,0
1746816761.183061,-2.0,-0.5,-0.68,0.41,26.24,9.91,-0.88,0.46,-0.4,3.59,6.39,-2.76,0
1746816761.197768,-2.0,-0.43,-0.67,-0.78,19.64,9.25,-0.85,0.45,-0.45,2.4,6.39,-4.0,0
1746816761.213816,-2.0,-0.43,-0.73,-7.42,11.79,5.61,-0.83,0.49,-0.46,3.96,14.51,-1.13,0
1746816761.228176,-2.0,-0.4,-0.68,-8.82,3.64,5.82,-0.68,0.54,-0.64,-1.11,62.36,7.59,0
1746816761.241184,-2.0,-0.42,-0.64,-9.21,14.81,5.85,-0.8,0.58,-0.51,-5.25,159.62,18.55,0
1746816761.257811,-2.0,-0.43,-0.67,-16.8,20.38,2.74,-1.06,0.62,-0.35,-15.89,63.8,9.82,1
1746816761.272837,-2.0,-0.41,-0.61,-17.98,9.03,6.62,-0.88,0.64,-0.5,1.86,-10.66,13.02,1
1746816761.287553,-2.0,-0.48,-0.64,-19.61,17.01,10.11,-0.88,0.82,-0.58,24.02,-17.06,30.76,1
1746816761.302661,-2.0,-0.48,-0.66,-19.29,16.23,15.76,-1.05,1.02,-0.46,16.6,1.93,48.3,1
1746816761.318646,-2.0,-0.5,-0.62,-11.34,8.24,22.07,-1.02,1.25,-0.48,-44.09,-9.89,61.75,1
1746816761.333146,-2.0,-0.43,-0.65,-19.11,13.59,13.48,-1.24,1.32,-0.32,-80.32,-65.39,83.34,1
1746816761.348733,-2.0,-0.38,-0.63,-20.56,-4.77,7.31,-1.06,1.28,-0.46,-67.24,-46.56,129.56,1
1746816761.363375,-2.0,-0.43,-0.67,-22.84,-7.05,-1.82,-1.27,1.28,-0.21,-6.27,-61.21,176.81,1
1746816761.378738,-2.0,-0.45,-0.64,-21.28,-5.85,-4.57,-1.09,1.47,-0.28,24.24,-47.48,212.22,1
1746816761.393275,-2.0,-0.46,-0.66,-17.15,-7.18,-1.66,-1.16,1.68,-0.16,5.54,-30.63,231.47,1
1746816761.407629,-2.0,-0.46,-0.69,-12.04,-0.26,-3.08,-1.35,1.58,0.02,-12.17,-59.69,226.17,1
1746816761.422383,-2.0,-0.45,-0.72,-8.95,1.01,-5.07,-1.04,1.42,-0.26,-34.17,-58.79,225.04,1
1746816761.437261,-2.0,-0.44,-0.73,-3.85,4.25,-2.9,-1.17,1.4,-0.06,-32.95,-64.01,233.37,1
1746816761.45324,-2.0,-0.43,-0.73,-3.89,7.5,-0.56,-1.01,1.37,-0.1,-28.32,-72.03,246.25,1
1746816761.468288,-2.0,-0.44,-0.69,-7.4,10.77,1.77,-1.0,1.45,0.03,-29.9,-87.32,250.13,1
1746816761.483196,-2.0,-0.48,-0.68,-9.68,15.66,6.29,-0.84,1.57,-0.06,-56.82,-88.63,249.53,1
1746816761.49886,-2.0,-0.51,-0.63,-15.11,13.39,13.12,-0.74,1.75,-0.02,-97.13,-79.02,246.89,1
1746816761.51357,-2.0,-0.53,-0.65,-23.05,10.89,19.69,-0.73,1.78,-0.02,-131.76,-54.47,249.06,1
1746816761.528722,-2.0,-0.57,-0.65,-28.14,14.16,26.19,-0.78,1.81,0.03,-147.68,-49.73,250.13,1
1746816761.543432,-2.0,-0.58,-0.68,-29.92,14.58,30.34,-0.82,1.83,0.1,-148.69,-84.62,250.13,1
1746816761.558958,-2.0,-0.58,-0.67,-30.6,18.95,27.43,-0.96,1.86,0.2,-141.96,-153.47,250.13,1
1746816761.573379,-2.0,-0.58,-0.68,-28.63,18.21,21.26,-0.82,1.93,0.03,-139.75,-158.71,250.13,1
1746816761.588532,-2.0,-0.58,-0.69,-23.6,8.79,15.31,-0.8,1.89,-0.02,-159.22,-185.22,250.13,1
1746816761.603772,-2.0,-0.57,-0.73,-15.33,2.34,10.66,-0.73,1.82,-0.06,-163.53,-139.56,250.13,1
1746816761.618873,-2.0,-0.59,-0.74,-9.67,-0.31,7.56,-0.96,1.67,0.17,-159.88,-206.77,250.13,1
1746816761.632997,-2.0,-0.58,-0.74,-5.98,0.29,6.66,-0.7,1.8,-0.04,-157.01,-69.72,250.13,1
1746816761.647624,-2.0,-0.58,-0.75,-4.83,1.84,6.93,-0.61,1.62,-0.1,-171.28,-100.34,250.13,1
1746816761.663382,-2.0,-0.58,-0.74,-4.37,1.35,7.28,-0.57,1.56,-0.04,-184.39,-106.3,250.13,1
1746816761.678415,-2.0,-0.56,-0.73,-3.01,-0.85,6.55,-0.44,1.45,-0.01,-190.06,-105.49,248.14,1
1746816761.692993,-2.0,-0.53,-0.72,-1.85,1.66,4.19,-0.31,1.31,0.01,-204.23,-92.29,232.88,1
1746816761.707571,-2.0,-0.52,-0.68,-0.88,5.38,2.07,-0.29,1.11,0.09,-204.31,-77.18,205.71,1
1746816761.72321,-2.0,-0.51,-0.67,1.22,7.52,0.8,-0.25,0.9,0.11,-204.54,-78.07,185.21,1
1746816761.738069,-2.0,-0.49,-0.68,3.1,6.6,-1.21,-0.19,0.66,0.03,-189.53,-93.05,169.13,1
1746816761.752151,-2.0,-0.48,-0.67,3.5,4.31,-4.23,-0.08,0.46,0.01,-158.95,-89.13,151.07,1
1746816761.76879,-2.0,-0.47,-0.67,3.94,2.44,-9.0,-0.02,0.34,-0.05,-125.94,-78.73,126.7,1
1746816761.782127,-2.0,-0.46,-0.7,5.03,2.94,-14.36,0.03,0.24,-0.03,-84.44,-77.66,103.4,1
1746816761.797263,-2.0,-0.48,-0.7,5.79,-0.22,-17.83,0.07,0.23,0.02,-56.15,-91.49,95.08,1
1746816761.812946,-2.0,-0.49,-0.73,8.04,-4.53,-17.12,0.22,0.3,0.01,-51.41,-82.72,81.69,1
1746816761.827774,-2.0,-0.46,-0.72,7.99,-8.42,-15.22,0.15,0.46,-0.0,-67.55,-61.82,54.95,1
1746816761.843383,-2.0,-0.45,-0.7,7.31,-10.03,-14.47,0.17,0.5,-0.05,-117.17,-46.32,32.89,1
1746816761.858196,-2.0,-0.42,-0.72,6.41,-7.24,-16.78,0.05,0.47,-0.02,-163.0,-36.01,14.33,1
1746816761.873111,-2.0,-0.43,-0.65,4.88,-20.69,-16.32,0.01,0.38,-0.01,-210.32,-52.65,7.01,1
1746816761.888323,-2.0,-0.43,-0.71,9.38,-20.8,-15.99,0.1,0.29,0.0,-250.14,-30.95,-10.47,1
1746816761.90408,-2.0,-0.41,-0.73,2.74,-16.59,-22.66,0.14,0.24,-0.04,-244.66,-15.96,-31.32,1
1746816761.918482,-2.0,-0.43,-0.7,5.27,-44.67,-15.86,-0.07,0.24,0.14,-250.14,-27.88,-54.11,1
1746816761.933273,-2.0,-0.44,-0.71,1.33,-19.63,-20.46,-0.17,0.25,0.18,-246.95,-34.76,-69.02,1
1746816761.948384,-2.0,-0.44,-0.66,-0.3,-12.95,-18.21,-0.21,0.16,0.2,-216.37,-81.03,-72.18,1
1746816761.963646,-2.0,-0.46,-0.63,-0.55,-19.34,-13.6,-0.14,0.06,0.13,-153.68,-130.12,-63.02,1
1746816761.978239,-2.0,-0.45,-0.69,1.54,-2.38,-13.02,0.07,0.14,-0.1,-70.77,-136.67,-48.13,1
1746816761.992285,-2.0,-0.44,-0.64,0.29,-8.09,-10.95,0.17,0.28,-0.26,3.89,-112.95,-24.28,1
1746816762.007534,-2.0,-0.42,-0.65,-2.04,-11.23,-11.0,0.33,0.44,-0.41,47.56,-115.18,6.03,1
1746816762.023424,-2.0,-0.41,-0.68,-5.89,-3.36,-14.97,0.5,0.55,-0.52,52.69,-76.44,28.34,1
1746816762.037714,-2.0,-0.4,-0.66,-10.2,-8.53,-16.46,0.63,0.61,-0.48,-4.3,-60.65,51.91,1
1746816762.053564,-2.0,-0.45,-0.69,-14.88,-11.05,-15.37,0.81,0.43,-0.53,-59.3,-0.79,55.79,1
1746816762.068517,-2.0,-0.48,-0.67,-17.97,-10.22,-9.53,0.69,0.17,-0.29,-93.2,10.66,60.86,1
1746816762.083177,-2.0,-0.51,-0.67,-19.4,-6.44,-1.19,0.77,-0.1,-0.27,-103.49,3.21,60.95,1
1746816762.098587,-2.0,-0.52,-0.69,-17.11,-3.0,6.51,0.81,-0.3,-0.16,-102.77,4.63,47.78,1
1746816762.11254,-2.0,-0.53,-0.63,-14.56,-5.88,12.12,0.82,-0.38,0.01,-87.37,17.5,30.46,1
1746816762.128651,-2.0,-0.52,-0.65,-12.34,-9.31,15.38,0.82,-0.45,0.12,-54.63,9.63,17.73,1
1746816762.143252,-2.0,-0.52,-0.65,-11.82,-7.11,14.66,0.73,-0.5,0.14,-19.45,-6.44,19.08,1
1746816762.15788,-2.0,-0.54,-0.66,-9.98,-5.16,14.46,0.75,-0.38,0.18,23.37,-51.49,22.08,1
1746816762.173366,-2.0,-0.53,-0.65,-9.36,-6.84,13.53,0.63,-0.18,0.24,40.38,-151.98,30.63,1
1746816762.188198,-2.0,-0.53,-0.67,-9.55,-3.34,11.74,0.58,-0.08,0.04,13.49,-250.14,62.11,1
1746816762.203915,-2.0,-0.53,-0.68,-8.63,-4.56,10.99,1.66,-0.3,-1.08,60.99,-35.25,32.83,1
1746816762.219832,-2.0,-0.53,-0.71,-10.6,-4.78,8.89,0.85,0.01,-0.07,3.4,59.41,6.44,1
1746816762.233197,-2.0,-0.53,-0.71,-11.91,-2.27,8.2,1.34,0.01,-0.6,-42.22,167.59,-43.21,1
1746816762.247659,-2.0,-0.53,-0.71,-11.73,1.33,8.35,0.88,0.01,-0.25,-30.11,250.13,-46.85,1
1746816762.263724,-2.0,-0.53,-0.71,-11.78,7.05,7.64,0.66,-0.1,0.3,-10.79,233.89,-17.34,1
1746816762.27861,-2.0,-0.53,-0.69,-11.75,8.19,8.52,0.58,-0.14,0.34,12.57,-61.04,17.84,1
1746816762.293216,-2.0,-0.52,-0.7,-12.25,10.48,9.64,0.85,-0.07,0.19,-20.76,-45.1,7.63,1
1746816762.307585,-2.0,-0.5,-0.69,-14.14,11.67,10.28,0.23,-0.1,0.65,7.93,-201.95,25.38,1
1746816762.323441,-2.0,-0.49,-0.68,-14.2,11.89,12.13,1.53,-0.03,-0.48,14.57,-195.47,45.07,1
1746816762.337806,-2.0,-0.5,-0.66,-16.8,14.31,12.82,1.06,0.04,-0.17,10.63,54.79,-2.43,1
1746816762.353616,-2.0,-0.52,-0.66,-14.85,17.18,18.73,0.83,-0.01,0.02,8.02,16.97,2.3,1
1746816762.368814,-2.0,-0.47,-0.67,-12.0,19.08,24.76,0.81,-0.06,0.02,17.27,-4.49,9.03,1
1746816762.382117,-2.0,-0.55,-0.65,-6.37,14.64,27.98,0.69,-0.13,0.05,1.66,-60.43,11.62,1
1746816762.399844,-2.0,-0.51,-0.67,-1.56,13.43,25.85,1.06,0.0,-0.3,26.76,4.37,11.37,0
1746816762.413373,-2.0,-0.48,-0.67,1.85,9.15,20.69,0.82,0.1,-0.15,47.15,47.98,17.73,0
1746816762.428619,-2.0,-0.47,-0.67,2.37,6.0,14.95,0.71,0.18,-0.16,22.54,36.14,13.73,0
1746816762.442149,-2.0,-0.46,-0.67,3.38,3.66,9.53,0.69,0.28,-0.18,-29.82,28.56,13.05,0
1746816762.457492,-2.0,-0.45,-0.67,3.92,3.67,3.77,0.57,0.31,-0.11,-63.42,44.69,21.8,0
1746816762.472804,-2.0,-0.44,-0.68,3.32,6.52,-1.73,0.49,0.29,-0.19,-39.21,60.73,43.15,0
1746816762.487798,-2.0,-0.43,-0.69,1.79,11.98,-4.8,0.37,0.31,-0.21,-55.08,61.85,51.84,0
1746816762.503203,-2.0,-0.43,-0.64,0.51,13.92,-4.89,0.13,0.33,-0.14,-96.62,39.55,56.38,0
1746816762.515049,-2.0,-0.44,-0.61,0.57,14.47,-3.22,0.03,0.24,-0.2,-120.6,24.92,68.78,0
1746816762.5332,-2.0,-0.43,-0.6,0.85,17.87,-2.67,0.01,0.18,-0.21,-128.02,58.53,89.51,0
1746816762.547602,-2.0,-0.41,-0.65,1.3,19.06,-3.21,0.75,0.15,-0.82,-171.37,230.37,87.56,0
1746816762.562026,-2.0,-0.41,-0.71,0.82,18.47,-4.0,-0.21,0.03,0.47,-143.28,-14.72,133.74,0
1746816762.578361,-2.0,-0.4,-0.74,-1.67,15.76,-5.19,-0.02,-0.17,0.2,-55.52,141.52,137.07,0
1746816762.593171,-2.0,-0.41,-0.74,-4.86,14.17,-7.15,0.0,-0.36,0.13,-7.35,154.08,121.63,0
1746816762.607634,-2.0,-0.41,-0.75,-5.6,12.91,-8.8,0.2,-0.47,0.3,-4.43,103.79,89.18,0
1746816762.622331,-2.0,-0.43,-0.78,-6.6,12.6,-9.66,0.48,-0.51,0.27,29.37,104.65,71.38,0
1746816762.637899,-2.0,-0.45,-0.78,-7.26,8.85,-7.5,0.44,-0.48,0.35,63.68,109.47,65.3,0
1746816762.653863,-2.0,-0.46,-0.73,-8.2,7.73,-4.94,0.64,-0.41,0.28,88.73,155.75,55.06,0
1746816762.668715,-2.0,-0.48,-0.69,-9.82,10.6,-2.95,0.29,-0.43,0.71,127.15,152.4,57.67,0
1746816762.682872,-2.0,-0.51,-0.7,-7.6,10.6,1.41,0.58,-0.31,0.69,131.6,113.36,50.47,0
1746816762.698629,-2.0,-0.48,-0.74,-6.73,7.97,6.08,0.71,-0.26,0.64,140.37,97.27,45.6,0
1746816762.712661,-2.0,-0.47,-0.74,-7.11,3.98,8.95,0.78,-0.2,0.59,137.18,103.18,35.85,0
1746816762.728604,-2.0,-0.45,-0.73,-8.58,0.63,8.32,0.77,-0.23,0.5,121.07,90.7,20.76,0
1746816762.743176,-2.0,-0.46,-0.67,-10.01,-1.34,5.7,0.69,-0.39,0.55,119.54,91.07,9.87,0
1746816762.757631,-2.0,-0.48,-0.64,-10.5,-1.09,4.04,0.63,-0.5,0.67,177.07,59.19,4.15,0
1746816762.77322,-2.0,-0.48,-0.67,-8.22,-0.59,4.8,0.96,-0.51,0.57,201.31,-125.12,-11.85,0
1746816762.787625,-2.0,-0.46,-0.73,-8.14,-2.11,6.37,1.48,-0.56,-0.37,250.13,92.98,-35.56,0
1746816762.804116,-2.0,-0.46,-0.73,-8.82,-7.11,8.29,0.61,-0.34,0.67,245.0,139.47,-81.13,0
1746816762.819393,-2.0,-0.43,-0.71,-10.48,-10.72,7.85,0.79,-0.18,0.2,250.13,136.28,-93.29,0
1746816762.833183,-2.0,-0.44,-0.68,-13.46,-8.94,7.76,0.47,0.16,0.54,250.13,118.25,-99.89,0
1746816762.847604,-2.0,-0.47,-0.7,-14.57,-4.28,9.34,0.43,0.38,0.51,250.13,139.22,-124.98,0
1746816762.86328,-2.0,-0.5,-0.72,-14.11,-3.87,12.57,0.3,0.47,0.55,216.01,112.36,-141.23,0
1746816762.878096,-2.0,-0.52,-0.73,-13.38,-4.77,14.11,0.22,0.51,0.49,215.82,80.31,-142.65,0
1746816762.893001,-2.0,-0.53,-0.72,-12.53,-6.31,9.7,0.17,0.54,0.3,215.2,54.73,-145.79,0
1746816762.907991,-2.0,-0.53,-0.7,-10.29,-4.38,4.16,0.13,0.53,0.21,229.66,45.44,-145.58,0
1746816762.92221,-2.0,-0.54,-0.67,-6.53,-3.8,3.09,0.25,0.72,0.21,235.24,58.53,-139.91,0
1746816762.938705,-2.0,-0.55,-0.7,-3.98,-3.04,3.18,0.13,0.77,0.34,230.69,71.54,-144.05,0
1746816762.953138,-2.0,-0.53,-0.69,-2.37,-0.89,2.89,-0.05,0.79,0.4,210.4,89.46,-156.49,0
1746816762.967588,-2.0,-0.51,-0.7,-3.99,-3.4,2.51,-0.18,0.97,0.39,202.11,74.44,-174.44,0
1746816762.982674,-2.0,-0.49,-0.68,-5.2,-4.27,4.15,-0.26,0.98,0.4,181.37,39.8,-166.21,0
1746816762.99751,-2.0,-0.48,-0.65,-5.69,-7.03,7.01,-0.21,0.91,0.26,170.95,8.95,-130.68,0
1746816763.013611,-2.0,-0.48,-0.63,-7.69,-4.82,6.88,-0.32,0.87,0.22,202.18,-27.91,-113.06,0
1746816763.027729,-2.0,-0.49,-0.61,-8.06,-4.86,7.94,-0.41,0.93,0.08,247.61,-18.6,-118.18,0
1746816763.043196,-2.0,-0.49,-0.63,-7.68,-5.96,10.14,-0.38,1.16,0.06,247.48,4.11,-137.85,0
1746816763.057653,-2.0,-0.47,-0.63,-8.02,-6.98,10.4,-0.35,1.09,-0.03,212.95,31.25,-160.68,0
1746816763.073173,-2.0,-0.48,-0.65,-8.8,-7.83,11.29,-0.43,1.02,-0.02,195.08,38.08,-176.1,0
1746816763.08777,-2.0,-0.48,-0.66,-8.5,-4.85,13.08,-0.62,1.16,0.02,150.66,20.12,-178.27,0
1746816763.10367,-2.0,-0.49,-0.63,-7.84,-2.39,14.95,-0.63,1.17,0.02,81.49,-10.31,-186.6,0
1746816763.118741,-2.0,-0.49,-0.66,-8.15,0.39,15.08,-0.53,1.33,-0.19,8.5,40.55,-185.16,0
1746816763.132891,-2.0,-0.46,-0.67,-9.08,4.08,13.9,-0.46,1.35,-0.11,-17.92,240.77,-176.17,0
1746816763.155967,-2.0,-0.5,-0.68,-7.99,-0.34,15.18,-0.57,1.54,-0.16,-23.32,250.13,-167.66,0
1746816763.163167,-2.0,-0.5,-0.7,-5.78,0.73,13.76,-1.31,1.43,-0.14,4.35,250.13,-199.9,0
1746816763.177552,-2.0,-0.5,-0.67,-5.72,-3.08,8.66,-0.98,1.75,-0.08,-165.04,82.06,-250.14,0
1746816763.19326,-2.0,-0.5,-0.67,-12.47,3.46,-1.85,-0.9,1.42,-0.06,-86.63,75.34,-232.17,0
1746816763.208289,-2.0,-0.52,-0.71,-3.34,-3.81,0.27,-1.18,0.94,0.12,3.79,89.98,-161.69,0
1746816763.223497,-2.0,-0.52,-0.72,-6.11,-4.69,-3.83,-0.76,0.58,-0.26,3.15,28.69,-131.47,0
1746816763.239128,-2.0,-0.49,-0.72,-8.12,1.05,-3.75,-1.02,0.57,0.14,33.01,-24.89,-112.41,0
1746816763.253997,-2.0,-0.51,-0.65,-2.34,0.22,3.66,-0.77,0.54,-0.08,77.6,56.01,-84.8,0
1746816763.268375,-2.0,-0.52,-0.69,-8.73,0.34,4.6,-0.86,0.62,-0.11,127.18,241.66,-75.09,0
1746816763.283909,-2.0,-0.45,-0.69,-6.51,9.5,7.88,-1.55,1.04,0.49,100.11,13.18,-118.95,0
1746816763.297444,-2.0,-0.49,-0.69,-3.21,-1.42,11.76,-1.22,1.33,0.09,16.82,60.55,-161.56,0
1746816763.313391,-2.0,-0.5,-0.68,-2.05,-5.33,11.85,-0.98,1.29,-0.17,-86.63,111.54,-174.76,0
1746816763.328682,-2.0,-0.49,-0.69,-1.05,-6.05,9.96,-1.3,1.01,0.13,-43.03,49.86,-145.77,0
1746816763.343356,-2.0,-0.49,-0.72,-2.69,-2.08,4.15,-1.22,0.77,0.05,5.89,-43.21,-113.59,0
1746816763.357331,-2.0,-0.49,-0.69,-1.87,-3.93,2.04,-0.91,0.63,-0.22,18.76,9.92,-99.89,0
1746816763.372752,-2.0,-0.49,-0.69,-1.51,-0.62,2.24,-1.23,0.65,0.08,73.24,-59.07,-92.64,0
1746816763.387911,-2.0,-0.5,-0.68,-3.01,-1.44,4.93,-0.91,0.75,-0.15,63.4,-117.47,-90.12,0
1746816763.403358,-2.0,-0.49,-0.69,-4.42,0.74,8.96,-0.92,0.85,-0.19,91.94,26.76,-72.38,0
1746816763.417629,-2.0,-0.49,-0.67,-6.02,3.64,11.93,-1.06,1.0,-0.02,69.66,12.24,-60.45,0
1746816763.4332,-2.0,-0.49,-0.68,-6.56,-2.08,15.1,-0.84,0.96,-0.27,44.08,135.89,-47.76,0
1746816763.448539,-2.0,-0.48,-0.69,-8.1,-1.15,14.37,-1.18,0.92,0.02,37.45,76.27,-44.69,0
1746816763.462687,-2.0,-0.47,-0.67,-8.77,-1.42,13.09,-1.04,0.81,-0.18,55.85,9.46,-36.22,0
1746816763.478422,-2.0,-0.47,-0.67,-10.2,4.92,9.37,-1.05,0.83,-0.17,49.95,-80.28,-32.19,0
1746816763.492561,-2.0,-0.49,-0.68,-9.37,1.27,10.68,-0.71,0.75,-0.49,-1.6,50.51,-22.81,0
1746816763.507583,-2.0,-0.49,-0.67,-10.24,0.21,11.56,-1.08,0.61,-0.15,11.72,11.55,-17.11,0
1746816763.522553,-2.0,-0.49,-0.67,-11.09,-1.95,12.44,-0.81,0.6,-0.4,31.29,0.47,6.67,0
1746816763.53832,-2.0,-0.51,-0.68,-10.49,-3.18,13.92,-0.86,0.6,-0.31,8.6,93.27,7.83,0
1746816763.554188,-2.0,-0.51,-0.68,-9.04,-5.07,14.4,-1.07,0.5,-0.13,20.04,24.36,5.15,0
1746816763.568277,-2.0,-0.5,-0.68,-7.96,-3.79,12.58,-0.81,0.53,-0.38,13.9,17.11,5.11,0
1746816763.582885,-2.0,-0.49,-0.68,-8.48,-3.02,9.32,-0.92,0.5,-0.29,21.27,42.34,13.85,0
1746816763.597638,-2.0,-0.51,-0.68,-8.47,-2.15,7.5,-0.89,0.51,-0.31,24.05,2.18,17.85,0
1746816763.612471,-2.0,-0.5,-0.69,-7.75,-1.03,8.86,-0.76,0.51,-0.42,15.44,12.75,22.2,0
1746816763.627376,-2.0,-0.49,-0.69,-7.4,-0.85,10.66,-0.91,0.47,-0.29,34.6,34.34,29.84,0
1746816763.642981,-2.0,-0.48,-0.69,-9.12,1.39,10.35,-0.79,0.52,-0.35,22.52,-34.04,27.73,0
1746816763.657499,-2.0,-0.48,-0.68,-10.56,2.27,10.85,-0.78,0.46,-0.37,11.24,47.88,26.18,0
1746816763.673402,-2.0,-0.5,-0.68,-11.85,3.2,11.42,-0.98,0.46,-0.17,-7.24,-19.44,11.1,0
1746816763.68796,-2.0,-0.51,-0.69,-11.53,4.73,12.57,-0.76,0.43,-0.41,-3.33,7.93,13.27,0
1746816763.702984,-2.0,-0.51,-0.68,-11.28,4.84,13.57,-0.81,0.4,-0.36,-3.06,29.83,16.43,0
1746816763.718182,-2.0,-0.52,-0.69,-11.55,4.82,13.42,-0.84,0.39,-0.35,4.36,60.63,18.55,0
1746816763.733656,-2.0,-0.53,-0.68,-10.11,3.95,14.07,-0.92,0.41,-0.26,10.17,21.95,15.15,0
1746816763.747709,-2.0,-0.51,-0.68,-8.83,3.69,14.51,-0.97,0.4,-0.23,12.79,-48.22,0.0,0
1746816763.76183,-2.0,-0.51,-0.67,-8.66,2.13,13.7,-0.81,0.42,-0.38,13.87,-48.79,-0.98,0
1746816763.777232,-2.0,-0.51,-0.67,-8.25,5.27,11.07,-0.82,0.43,-0.39,5.74,5.34,0.98,0
1746816763.793178,-2.0,-0.53,-0.67,-6.32,4.59,10.37,-0.88,0.42,-0.31,-1.21,11.68,-0.37,0
1746816763.807057,-2.0,-0.52,-0.68,-4.91,3.96,9.79,-0.87,0.45,-0.35,-10.03,4.73,-4.15,0
1746816763.822524,-2.0,-0.51,-0.69,-3.87,5.01,8.73,-0.85,0.47,-0.38,-10.3,15.07,-3.48,0
1746816763.837175,-2.0,-0.52,-0.68,-2.38,2.69,9.05,-0.9,0.47,-0.33,14.76,13.91,2.98,0
1746816763.85321,-2.0,-0.49,-0.68,-4.61,0.44,9.21,-0.85,0.46,-0.39,43.2,21.27,9.36,0
1746816763.867525,-2.0,-0.48,-0.68,-3.98,-2.1,10.37,-0.86,0.46,-0.39,39.3,3.48,4.54,0
1746816763.882874,-2.0,-0.48,-0.68,-3.54,0.58,9.43,-0.93,0.48,-0.34,31.21,-9.72,-6.98,0
1746816763.898464,-2.0,-0.47,-0.67,-3.92,-5.31,8.41,-0.91,0.5,-0.23,-1.99,-70.68,-6.38,0
1746816763.913433,-2.0,-0.45,-0.69,-6.65,-1.47,4.62,-1.29,0.52,0.03,15.45,17.2,-7.24,0
1746816763.928609,-2.0,-0.46,-0.68,-6.85,-2.13,3.87,-0.94,0.56,-0.34,21.71,-63.56,-13.09,0
1746816763.943186,-2.0,-0.49,-0.68,-8.18,-1.95,3.69,-0.68,0.58,-0.56,-28.7,-13.98,-11.93,0
1746816763.958152,-2.0,-0.51,-0.69,-4.31,-3.03,9.26,-0.92,0.51,-0.28,-29.68,-8.27,-7.66,0
1746816763.973231,-2.0,-0.49,-0.69,-3.63,-6.53,12.53,-0.93,0.5,-0.26,-15.13,-60.41,-0.68,0
1746816763.9884,-2.0,-0.47,-0.69,-5.3,-5.2,10.52,-0.65,0.51,-0.51,-48.2,-26.01,7.89,0
1746816764.003335,-2.0,-0.47,-0.69,-4.62,-6.44,7.79,-0.9,0.5,-0.22,-70.72,15.61,6.56,0
1746816764.017536,-2.0,-0.44,-0.69,-6.24,-1.87,4.78,-0.87,0.52,-0.26,-65.11,-24.02,6.25,0
1746816764.033193,-2.0,-0.48,-0.69,-2.97,-2.36,7.35,-0.76,0.57,-0.31,-46.2,2.75,2.56,0
1746816764.047578,-2.0,-0.47,-0.72,-5.57,-0.73,6.79,-0.75,0.49,-0.41,-39.01,46.59,4.66,0
1746816764.063537,-2.0,-0.54,-0.75,-5.13,-2.02,10.92,-0.86,0.48,-0.29,-18.92,27.46,7.59,0
1746816764.077674,-2.0,-0.53,-0.74,-8.09,-7.79,13.27,-0.8,0.48,-0.42,-17.37,104.02,7.37,0
1746816764.093204,-2.0,-0.56,-0.7,-4.4,5.46,14.31,-0.82,0.53,-0.33,-8.32,-27.9,5.5,0
1746816764.107334,-2.0,-0.51,-0.72,-5.35,2.63,13.87,-0.8,0.58,-0.33,-0.14,27.46,15.33,0
1746816764.12303,-2.0,-0.52,-0.58,-2.82,0.78,10.76,-0.81,0.5,-0.34,11.93,38.52,19.78,0
1746816764.138027,-2.0,-0.57,-0.62,0.49,-3.84,15.08,-0.84,0.49,-0.32,-9.46,32.07,14.47,0
1746816764.153149,-2.0,-0.55,-0.64,0.48,-8.18,16.84,-0.75,0.54,-0.36,-28.85,20.58,12.42,0
1746816764.168583,-2.0,-0.56,-0.62,4.14,6.45,13.81,-0.78,0.51,-0.32,-41.95,-10.51,2.13,0
1746816764.18309,-2.0,-0.54,-0.69,5.57,14.5,10.61,-0.71,0.5,-0.47,-28.67,26.86,11.81,0
1746816764.19864,-2.0,-0.57,-0.67,9.38,3.24,11.39,-0.79,0.48,-0.44,-20.35,52.33,17.52,0
1746816764.212496,-2.0,-0.57,-0.72,8.79,1.51,8.58,-0.92,0.44,-0.38,-23.83,86.71,14.25,0
1746816764.227481,-2.0,-0.55,-0.77,4.45,-1.08,4.44,-0.81,0.44,-0.55,-22.15,86.85,6.83,0
1746816764.242154,-2.0,-0.53,-0.76,3.77,1.41,1.99,-0.89,0.46,-0.49,6.08,88.73,6.15,0
1746816764.257278,-2.0,-0.55,-0.73,2.06,0.5,1.91,-0.95,0.48,-0.45,23.22,47.1,0.11,0
1746816764.272349,-2.0,-0.56,-0.67,-1.66,5.24,2.13,-0.95,0.54,-0.42,9.72,-5.44,-9.89,0
1746816764.288431,-2.0,-0.56,-0.62,-4.85,3.41,6.41,-0.87,0.53,-0.47,-0.63,-0.61,-13.5,0
1746816764.305488,-2.0,-0.56,-0.64,-5.02,4.36,11.88,-0.81,0.52,-0.53,4.5,3.5,-7.54,0
1746816764.319031,-2.0,-0.54,-0.62,-6.83,3.31,13.28,-0.8,0.5,-0.55,16.87,31.36,1.87,0
1746816764.3336,-2.0,-0.56,-0.62,-7.62,5.21,11.76,-0.9,0.44,-0.41,13.93,-11.89,-2.8,0
1746816764.348442,-2.0,-0.55,-0.6,-4.67,8.13,10.94,-0.86,0.51,-0.49,-1.05,-50.1,-6.52,0
1746816764.363558,-2.0,-0.55,-0.6,-5.14,-1.17,9.25,-0.77,0.51,-0.54,-17.16,-11.11,-7.77,0
1746816764.377415,-2.0,-0.52,-0.6,-6.47,1.08,3.16,-0.83,0.5,-0.43,-20.82,-0.54,-6.58,0
1746816764.392985,-2.0,-0.52,-0.6,-8.28,2.69,-2.79,-0.78,0.49,-0.47,-10.5,17.84,-3.66,0
1746816764.407974,-2.0,-0.51,-0.58,-9.34,1.76,-4.79,-0.78,0.48,-0.44,-2.97,-0.46,-3.4,0
1746816764.422051,-2.0,-0.53,-0.59,-10.63,2.98,-4.18,-0.79,0.46,-0.41,1.53,-12.59,-5.35,0
1746816764.438557,-2.0,-0.53,-0.58,-11.44,-1.63,-1.11,-0.77,0.45,-0.41,6.12,-16.43,-7.27,0
1746816764.452607,-2.0,-0.53,-0.59,-13.76,-4.89,-0.13,-0.79,0.44,-0.41,13.56,-9.08,-6.15,0
1746816764.468553,-2.0,-0.53,-0.56,-14.4,-5.64,2.11,-0.78,0.42,-0.43,18.77,-2.56,-6.71,0
1746816764.483795,-2.0,-0.51,-0.62,-14.84,1.95,5.06,-0.77,0.43,-0.45,19.0,-3.27,-9.33,0
1746816764.498528,-2.0,-0.51,-0.59,-16.87,3.89,7.1,-0.8,0.44,-0.44,23.42,-4.69,-11.82,0
1746816764.51245,-2.0,-0.53,-0.58,-16.57,1.63,10.72,-0.81,0.46,-0.46,21.41,-18.82,-14.24,0
1746816764.528609,-2.0,-0.53,-0.6,-14.69,-0.66,15.18,-0.8,0.48,-0.5,18.55,-11.84,-13.48,0
1746816764.5415,-2.0,-0.54,-0.61,-12.34,-4.04,19.69,-0.84,0.49,-0.48,19.15,-8.67,-11.6,0
1746816764.558181,-2.0,-0.52,-0.63,-10.29,-6.02,21.47,-0.86,0.53,-0.49,15.11,-11.62,-7.67,0
1746816764.573499,-2.0,-0.45,-0.65,-15.69,-7.56,19.52,-0.89,0.54,-0.49,11.41,-13.69,-3.63,0
1746816764.589193,-2.0,-0.46,-0.68,-24.42,-3.88,20.31,-0.91,0.55,-0.48,7.16,-14.77,3.08,0
1746816764.603312,-2.0,-0.47,-0.7,-30.69,-0.82,23.12,-0.89,0.56,-0.52,2.28,-0.11,8.01,0
1746816764.619204,-2.0,-0.5,-0.74,-34.23,2.11,25.25,-0.93,0.58,-0.51,5.76,7.02,14.02,1
1746816764.632707,-2.0,-0.56,-0.76,-34.11,7.65,26.82,-0.95,0.62,-0.48,15.3,-4.21,21.7,1
1746816764.648208,-2.0,-0.59,-0.73,-33.1,13.02,26.76,-0.96,0.72,-0.43,26.77,-15.98,35.32,1
1746816764.662651,-2.0,-0.59,-0.7,-30.78,15.56,24.44,-0.94,0.8,-0.38,29.33,-30.84,52.0,1
1746816764.678552,-2.0,-0.59,-0.68,-27.88,13.76,17.44,-0.95,0.89,-0.26,32.89,-32.16,69.63,1
1746816764.692929,-2.0,-0.58,-0.67,-22.48,12.17,8.87,-0.99,1.03,-0.18,42.7,-43.73,87.65,1
1746816764.708285,-2.0,-0.56,-0.68,-18.72,11.88,-0.06,-1.08,1.14,-0.12,60.24,-65.65,111.81,1
1746816764.723127,-2.0,-0.53,-0.71,-15.73,11.47,-6.36,-1.1,1.23,-0.16,87.03,-92.37,143.19,1
1746816764.738157,-2.0,-0.54,-0.74,-12.65,13.04,-7.32,-1.12,1.54,-0.17,83.26,-111.36,167.75,1
1746816764.753201,-2.0,-0.52,-0.79,-9.92,10.36,-2.01,-1.13,1.56,-0.26,52.62,-94.4,181.2,1
1746816764.768103,-2.0,-0.48,-0.86,-11.02,7.86,5.81,-1.09,1.63,-0.37,15.74,-81.21,182.66,1
1746816764.78323,-2.0,-0.48,-0.91,-14.56,9.33,15.63,-1.02,1.8,-0.32,-19.61,-48.82,180.85,1
1746816764.79763,-2.0,-0.49,-0.97,-17.64,11.82,28.79,-1.06,1.97,-0.23,-61.29,-7.89,180.42,1
1746816764.812622,-2.0,-0.5,-0.96,-20.29,15.31,44.03,-1.14,2.0,-0.15,-97.99,24.5,186.66,1
1746816764.828662,-2.0,-0.5,-0.89,-22.73,18.2,58.86,-1.21,2.0,-0.02,-134.42,8.17,189.01,1
1746816764.843569,-2.0,-0.5,-0.8,-22.97,25.4,69.61,-1.19,2.0,-0.02,-167.5,-33.97,188.5,1
1746816764.858468,-2.0,-0.51,-0.7,-20.18,32.91,76.53,-1.16,1.99,-0.01,-177.01,-41.96,194.29,1
1746816764.873451,-2.0,-0.52,-0.6,-15.18,37.12,80.85,-1.2,1.83,-0.01,-187.5,-65.77,207.82,1
1746816764.888785,-2.0,-0.5,-0.54,-7.65,36.94,78.65,-1.32,1.62,-0.03,-191.8,-122.4,221.61,1
1746816764.902792,-2.0,-0.44,-0.49,-4.34,31.37,69.72,-1.27,1.46,-0.1,-206.19,-183.71,228.11,1
1746816764.918074,-2.0,-0.39,-0.54,-2.5,32.61,59.76,-1.31,1.48,-0.09,-250.14,-250.14,222.45,1
1746816764.933541,-2.0,-0.39,-0.59,-1.13,31.44,50.24,-1.29,1.24,-0.26,-250.14,-250.14,213.43,1
1746816764.941432,-2.0,-0.33,-0.63,-0.87,29.77,41.01,-0.59,0.78,-0.89,-250.14,-226.99,214.56,1
1746816764.962593,-2.0,-0.28,-0.7,-4.66,26.34,32.15,-1.09,0.57,-0.06,-250.14,-202.05,193.77,1
1746816764.978668,-2.0,-0.28,-0.77,-13.82,15.06,25.49,-0.77,0.58,-0.05,-182.49,-156.52,203.53,1
1746816764.993417,-2.0,-0.29,-0.84,-23.47,9.49,20.61,-0.73,0.91,0.11,-120.27,-145.56,216.01,1
1746816765.00819,-2.0,-0.35,-0.85,-28.44,5.92,19.35,-0.7,1.19,0.17,-113.42,-145.02,215.11,1
1746816765.023221,-2.0,-0.43,-0.86,-30.06,6.69,20.76,-0.63,1.38,0.25,-170.41,-139.05,195.88,1
1746816765.038468,-2.0,-0.44,-0.82,-28.76,5.55,21.82,-0.54,1.25,0.31,-217.23,-145.68,179.89,1
1746816765.054082,-2.0,-0.48,-0.79,-24.21,3.04,20.62,-0.37,1.03,0.32,-224.03,-143.08,169.56,1
1746816765.068355,-2.0,-0.53,-0.77,-16.92,-2.56,20.01,-0.24,0.83,0.4,-195.5,-134.64,164.18,1
1746816765.083183,-2.0,-0.53,-0.76,-9.11,-1.0,18.02,-0.18,0.73,0.45,-154.11,-132.3,161.4,1
1746816765.098447,-2.0,-0.52,-0.75,-3.83,-4.11,16.86,-0.11,0.61,0.48,-112.5,-131.46,159.69,1
1746816765.112734,-2.0,-0.5,-0.77,2.16,1.56,13.44,-0.02,0.69,0.42,-94.51,-136.34,149.76,1
1746816765.127467,-2.0,-0.46,-0.77,8.3,2.11,10.4,0.01,0.74,0.37,-125.69,-139.27,131.44,1
1746816765.142189,-2.0,-0.43,-0.76,7.42,5.06,4.3,0.06,0.72,0.29,-175.98,-144.85,106.45,1
1746816765.158077,-2.0,-0.43,-0.75,9.37,2.92,-0.51,0.34,0.48,0.22,-189.15,-73.49,83.63,1
1746816765.173563,-2.0,-0.41,-0.71,10.07,2.54,-8.24,0.46,0.28,0.15,-175.49,-47.18,69.14,1
1746816765.188409,-2.0,-0.37,-0.72,9.73,1.2,-17.79,0.32,0.11,0.33,-139.76,-39.01,63.27,1
1746816765.203198,-2.0,-0.36,-0.73,10.13,-4.48,-25.41,0.27,-0.04,0.41,-85.44,-50.22,56.66,1
1746816765.218071,-2.0,-0.35,-0.78,6.23,-11.64,-32.01,0.22,0.01,0.43,-36.69,-43.62,41.27,1
1746816765.233206,-2.0,-0.37,-0.77,6.56,-18.23,-35.58,0.19,0.02,0.39,-2.72,-25.81,20.89,1
1746816765.247538,-2.0,-0.37,-0.76,4.88,-15.37,-43.31,0.19,0.11,0.31,4.54,-41.25,4.34,1
1746816765.262636,-2.0,-0.41,-0.73,4.82,-12.42,-47.56,0.14,0.21,0.21,3.18,-24.89,4.79,1
1746816765.277306,-2.0,-0.47,-0.71,5.13,-8.61,-44.79,-0.04,0.23,0.28,-24.5,-41.57,-9.36,1
1746816765.292993,-2.0,-0.51,-0.68,7.1,-4.15,-31.99,-0.01,0.25,0.13,-52.17,-59.51,-20.1,1
1746816765.307755,-2.0,-0.53,-0.68,7.06,-5.4,-19.44,0.08,0.22,-0.02,-82.36,-33.22,-26.33,1
1746816765.323298,-2.0,-0.53,-0.65,7.82,-7.23,-12.85,-0.02,0.22,0.06,-103.48,-47.26,-34.34,1
1746816765.338813,-2.0,-0.49,-0.66,9.72,-12.73,-16.01,0.02,0.22,0.04,-117.36,-63.21,-43.89,1
1746816765.353339,-2.0,-0.46,-0.72,12.13,-18.89,-26.4,0.07,0.17,-0.07,-127.56,-87.78,-47.14,1
1746816765.368046,-2.0,-0.47,-0.76,15.07,-22.27,-37.9,0.11,0.07,-0.06,-124.97,-69.2,-42.31,1
1746816765.383212,-2.0,-0.43,-0.8,18.73,-28.08,-49.25,0.16,-0.03,-0.08,-101.92,-35.77,-36.53,1
1746816765.398521,-2.0,-0.4,-0.81,19.49,-30.43,-60.6,0.27,-0.18,-0.1,-54.63,-16.14,-21.82,1
1746816765.412933,-2.0,-0.39,-0.81,16.91,-33.83,-67.18,0.36,-0.25,-0.08,10.32,-38.13,0.87,1
1746816765.42845,-2.0,-0.37,-0.79,13.56,-34.16,-65.68,0.49,-0.26,-0.14,68.02,-65.02,22.03,1
1746816765.443182,-2.0,-0.36,-0.74,10.15,-32.9,-57.4,0.61,-0.12,-0.23,91.89,-59.5,28.27,1
1746816765.458062,-2.0,-0.33,-0.7,4.61,-34.33,-46.71,0.65,0.12,-0.19,66.96,-62.08,18.56,1
1746816765.473209,-2.0,-0.33,-0.67,-2.32,-33.86,-34.44,0.69,0.26,-0.17,3.5,-76.3,-3.5,1
1746816765.488591,-2.0,-0.36,-0.66,-10.55,-30.18,-20.24,0.82,0.21,-0.16,-58.56,-77.18,-17.29,1
1746816765.503199,-2.0,-0.39,-0.67,-18.53,-24.57,-6.81,0.84,0.12,-0.13,-100.04,-71.42,-25.59,1
1746816765.518486,-2.0,-0.44,-0.68,-23.08,-19.89,6.56,0.86,-0.0,-0.09,-123.17,-60.95,-25.65,1
1746816765.53351,-2.0,-0.46,-0.7,-25.7,-18.82,15.39,0.85,-0.0,0.04,-136.06,-31.6,-25.27,1
1746816765.547587,-2.0,-0.48,-0.72,-25.53,-20.0,15.48,0.82,0.01,0.15,-157.07,-18.5,-30.08,1
1746816765.562544,-2.0,-0.49,-0.76,-26.34,-17.09,6.52,0.81,-0.0,0.22,-178.5,-11.15,-37.31,1
1746816765.581593,-2.0,-0.5,-0.76,-24.09,-21.09,-1.77,0.7,-0.06,0.32,-186.06,-48.4,-37.95,1
1746816765.593178,-2.0,-0.53,-0.76,-19.41,-13.84,-6.57,0.63,-0.1,0.32,-176.4,-115.44,-27.62,1
1746816765.6085,-2.0,-0.53,-0.72,-21.22,-10.47,-9.79,0.8,-0.25,0.21,-131.06,-127.08,-15.79,1
1746816765.623065,-2.0,-0.54,-0.68,-17.94,-8.62,-8.91,0.87,-0.24,0.11,-69.77,-93.31,-9.46,1
1746816765.639323,-2.0,-0.55,-0.64,-16.71,-3.76,-7.15,0.75,-0.11,-0.05,15.37,43.23,10.95,1
1746816765.653,-2.0,-0.52,-0.62,-11.26,-3.82,-4.18,0.84,-0.05,0.04,49.73,39.25,17.21,1
1746816765.66823,-2.0,-0.48,-0.64,-9.49,-5.09,-5.05,0.83,0.06,0.03,41.53,-6.4,23.98,1
1746816765.683722,-2.0,-0.45,-0.67,-7.5,-8.74,-3.27,0.84,0.11,0.02,32.84,-6.66,31.08,1
1746816765.698382,-2.0,-0.41,-0.7,-9.92,-7.19,-4.54,0.91,0.15,-0.11,18.21,19.04,34.54,1
1746816765.71319,-2.0,-0.41,-0.69,-12.78,-8.05,-1.6,0.87,0.16,-0.02,-8.15,33.89,35.54,1
1746816765.728276,-2.0,-0.39,-0.71,-19.05,-8.58,0.89,0.76,0.04,0.06,-29.07,33.79,34.35,1
1746816765.743197,-2.0,-0.44,-0.7,-21.63,-1.77,6.6,0.72,-0.03,0.02,-27.85,35.28,41.46,1
1746816765.758888,-2.0,-0.52,-0.7,-22.73,6.88,13.07,0.72,-0.17,-0.02,-0.63,44.53,52.08,1
1746816765.773557,-2.0,-0.46,-0.7,-21.85,5.82,19.15,0.72,-0.13,-0.04,25.66,56.68,58.34,1
1746816765.789322,-2.0,-0.49,-0.67,-24.62,9.27,16.59,0.63,-0.01,-0.07,36.57,71.69,59.55,1
1746816765.804917,-2.0,-0.44,-0.68,-28.82,13.35,11.16,0.48,0.12,-0.1,29.47,77.98,62.21,0
1746816765.818462,-2.0,-0.46,-0.66,-31.47,18.64,4.91,0.3,0.11,-0.1,20.67,79.94,68.76,0
1746816765.832503,-2.0,-0.49,-0.66,-31.34,24.21,3.24,0.45,-0.23,-0.07,13.92,62.15,98.66,0
1746816765.841359,-2.0,-0.5,-0.68,-25.69,26.13,9.09,0.52,-0.36,0.01,42.26,85.34,124.78,0
1746816765.863035,-2.0,-0.49,-0.72,-21.34,24.95,15.74,0.46,-0.3,0.04,61.15,108.26,124.32,0
1746816765.877809,-2.0,-0.48,-0.74,-15.51,20.38,22.02,0.19,-0.14,0.15,55.08,115.66,104.24,0
1746816765.893072,-2.0,-0.46,-0.73,-12.14,18.37,22.0,0.13,-0.08,0.11,44.79,122.68,81.21,0
1746816765.907418,-2.0,-0.46,-0.73,-7.5,16.03,17.34,0.03,-0.07,0.26,40.94,101.05,70.11,0
1746816765.92332,-2.0,-0.45,-0.76,-4.99,14.35,7.97,0.25,-0.03,0.19,40.35,67.79,73.51,0
1746816765.93853,-2.0,-0.44,-0.78,-2.77,11.44,-0.04,0.24,0.01,0.25,46.22,75.22,80.62,0
1746816765.954209,-2.0,-0.45,-0.79,-1.23,11.15,-4.64,0.19,-0.03,0.28,56.55,78.3,87.27,0
1746816765.968292,-2.0,-0.45,-0.77,-0.35,10.82,-6.19,0.26,-0.13,0.38,89.24,77.95,88.73,0
1746816765.983148,-2.0,-0.43,-0.79,0.22,12.1,-5.54,0.49,-0.07,0.19,98.11,74.59,90.5,0
1746816765.997298,-2.0,-0.4,-0.82,-0.34,14.1,-3.59,0.71,-0.06,0.12,126.98,67.08,87.08,0
1746816766.012612,-2.0,-0.36,-0.84,-3.41,14.69,-2.56,0.69,-0.03,0.16,145.89,87.28,77.93,0
1746816766.027715,-2.0,-0.35,-0.84,-9.44,14.65,0.48,0.59,0.07,0.19,138.18,95.5,67.5,0
1746816766.042433,-2.0,-0.4,-0.81,-13.37,16.9,6.88,0.5,0.08,0.33,148.51,112.31,61.37,0
1746816766.057223,-2.0,-0.42,-0.75,-14.61,15.86,12.66,0.56,0.05,0.34,153.82,138.12,49.44,0
1746816766.072233,-2.0,-0.44,-0.76,-14.0,16.8,13.16,0.49,0.1,0.48,150.11,113.06,23.23,0
1746816766.088971,-2.0,-0.41,-0.78,-14.41,11.85,10.58,0.59,0.13,0.42,156.27,131.39,13.32,0
1746816766.103028,-2.0,-0.42,-0.79,-13.66,2.38,7.82,0.48,0.12,0.49,150.08,131.84,-0.28,0
1746816766.115186,-2.0,-0.42,-0.77,-12.15,-1.8,5.49,0.4,0.13,0.46,158.4,142.63,-5.5,0
1746816766.132149,-2.0,-0.42,-0.73,-11.55,-3.66,4.2,0.38,0.07,0.4,182.18,144.45,-10.25,0
1746816766.147872,-2.0,-0.43,-0.72,-11.27,-2.71,2.68,0.38,0.04,0.43,220.5,147.89,-17.0,0
1746816766.162701,-2.0,-0.44,-0.74,-8.47,-3.27,1.24,0.37,0.06,0.29,250.13,152.95,-21.47,0
1746816766.177409,-2.0,-0.42,-0.78,-6.55,-4.82,-0.95,0.4,0.11,0.15,250.13,150.1,-21.84,0
1746816766.192532,-2.0,-0.4,-0.81,-5.15,-7.65,-2.15,0.24,0.2,0.11,250.13,145.55,-36.6,0
1746816766.208256,-2.0,-0.38,-0.78,-5.4,-9.84,-3.01,-0.08,0.24,0.26,250.13,71.15,-43.41,0
1746816766.222714,-2.0,-0.37,-0.75,-6.53,-9.22,-4.74,-0.09,0.24,0.06,250.13,-45.7,-87.24,0
1746816766.238249,-2.0,-0.37,-0.72,-7.53,-7.89,-6.59,0.0,0.37,-0.18,250.13,39.64,-140.98,0
1746816766.25335,-2.0,-0.39,-0.69,-7.4,-6.27,-7.25,-0.04,0.28,-0.32,250.13,154.82,-154.56,0
1746816766.268543,-2.0,-0.4,-0.7,-6.83,-5.53,-5.81,-0.41,0.18,-0.16,250.13,166.17,-158.9,0
1746816766.283344,-2.0,-0.37,-0.72,-6.97,-6.02,-4.17,-0.51,0.33,-0.45,250.13,127.55,-171.53,0
1746816766.298606,-2.0,-0.36,-0.74,-9.11,-6.15,-1.96,-0.94,0.82,-0.48,250.13,54.45,-192.87,0
1746816766.313188,-2.0,-0.38,-0.73,-10.46,-7.08,-1.44,-0.98,1.32,-0.61,250.13,1.73,-218.33,0
1746816766.327861,-2.0,-0.38,-0.73,-10.6,-7.92,-3.49,-0.65,1.48,-0.72,250.13,61.21,-237.64,0
1746816766.343459,-2.0,-0.39,-0.76,-11.17,-8.59,-8.04,-0.74,1.35,-0.57,216.71,208.82,-223.47,0
1746816766.358979,-2.0,-0.39,-0.79,-12.69,-7.97,-9.85,-1.21,1.18,-0.34,221.28,221.22,-216.66,0
1746816766.374279,-2.0,-0.41,-0.8,-15.49,-8.45,-7.32,-1.59,1.22,-0.31,250.13,40.46,-208.21,0
1746816766.389588,-2.0,-0.44,-0.76,-17.45,-7.88,-2.16,-1.58,1.91,-0.45,250.13,-3.83,-204.73,0
1746816766.40313,-2.0,-0.45,-0.73,-16.17,-7.76,1.86,-1.54,2.0,-0.34,166.31,-79.21,-228.24,0
1746816766.417755,-2.0,-0.45,-0.72,-16.11,-6.36,2.89,-1.3,1.76,-0.53,96.58,-39.32,-234.52,0
1746816766.432947,-2.0,-0.45,-0.73,-15.92,-3.75,4.75,-1.46,1.5,-0.45,112.07,40.6,-209.16,0
1746816766.44879,-2.0,-0.44,-0.73,-16.95,-3.81,7.25,-1.49,1.33,-0.5,169.02,85.12,-158.4,0
1746816766.463172,-2.0,-0.41,-0.72,-20.29,-2.73,6.4,-1.91,1.48,-0.4,207.66,92.78,-165.17,0
1746816766.477514,-2.0,-0.45,-0.7,-23.5,-2.76,3.37,-2.0,1.58,0.01,219.64,-250.14,-205.66,0
1746816766.493484,-2.0,-0.49,-0.71,-19.27,-3.69,1.98,-1.85,1.44,-0.1,158.05,-250.14,-193.85,0
1746816766.508562,-2.0,-0.49,-0.71,-12.9,-0.78,-2.05,-2.0,1.74,-0.06,-6.47,28.51,-196.41,0
1746816766.523133,-2.0,-0.46,-0.72,-7.44,1.2,-5.96,-0.35,1.27,-1.2,-184.76,219.6,-176.76,0
1746816766.538251,-2.0,-0.43,-0.74,-7.71,0.98,-9.32,-0.96,1.43,-0.17,-172.22,244.56,-141.55,0
1746816766.55319,-2.0,-0.44,-0.75,-7.8,-1.1,-7.27,-1.72,1.36,0.12,-115.32,250.13,-161.05,0
1746816766.568517,-2.0,-0.44,-0.77,-7.39,-2.36,-2.76,-1.6,1.36,0.07,-18.85,-3.69,-141.18,0
1746816766.583057,-2.0,-0.43,-0.77,-5.95,-2.57,2.58,-1.31,1.37,-0.12,16.47,-40.31,-106.15,0
1746816766.597483,-2.0,-0.41,-0.75,-4.53,-2.38,5.53,-0.98,1.44,-0.4,-20.75,6.56,-22.28,0
1746816766.613677,-2.0,-0.41,-0.74,-3.25,-0.95,6.09,-1.22,1.32,-0.03,-74.22,27.47,3.79,0
1746816766.628491,-2.0,-0.41,-0.73,-0.32,-0.97,5.85,-0.76,0.72,-0.6,-31.05,69.02,37.21,0
1746816766.642626,-2.0,-0.42,-0.73,2.29,-1.32,5.69,-1.03,0.44,-0.2,-0.36,-108.56,30.73,0
1746816766.657553,-2.0,-0.39,-0.74,2.67,-3.0,5.47,-0.35,0.23,-0.75,8.7,-30.61,21.2,0
1746816766.674454,-2.0,-0.35,-0.73,0.85,-4.33,4.18,-0.1,0.12,-1.13,31.85,138.79,21.76,0
1746816766.689445,-2.0,-0.37,-0.74,-0.04,-3.74,2.89,0.15,0.31,-1.2,-26.89,33.48,22.85,0
1746816766.703201,-2.0,-0.34,-0.74,-4.32,-8.13,3.42,-0.69,0.35,-0.45,40.18,212.88,38.4,0
1746816766.718683,-2.0,-0.38,-0.79,-0.37,0.28,6.98,-0.87,0.46,-0.37,36.29,-211.67,36.09,0
1746816766.732947,-2.0,-0.38,-0.71,-1.28,-20.73,11.02,-0.34,0.48,-0.94,29.98,172.77,49.35,0
1746816766.747205,-2.0,-0.38,-0.71,-6.32,-7.15,7.08,-1.35,0.41,0.14,-13.34,-25.47,15.73,0
1746816766.762284,-2.0,-0.36,-0.68,-10.37,6.42,3.79,-0.33,0.36,-0.91,-33.2,-27.27,8.91,0
1746816766.777522,-2.0,-0.43,-0.86,-4.21,5.37,8.2,-0.89,0.38,-0.31,-42.42,49.77,1.97,0
1746816766.792753,-2.0,-0.41,-0.6,-4.05,0.36,7.95,-0.93,0.39,-0.38,-1.68,-32.37,0.69,0
1746816766.808883,-2.0,-0.43,-0.85,0.02,3.24,7.61,-0.72,0.34,-0.64,73.47,70.79,16.6,0
1746816766.824073,-2.0,-0.39,-0.82,4.5,24.02,1.06,-1.28,0.54,-0.05,30.85,-96.92,-9.99,0
1746816766.83847,-2.0,-0.36,-0.66,-2.63,-14.06,2.05,-0.55,0.57,-0.72,-50.69,-75.19,-33.04,0
1746816766.853202,-2.0,-0.38,-0.77,0.65,17.34,-0.33,-1.17,0.48,-0.13,-47.89,-84.52,-37.92,0
1746816766.868532,-2.0,-0.39,-0.7,0.98,-1.82,5.37,-0.61,0.51,-0.68,-82.35,-67.75,-38.46,0
1746816766.883189,-2.0,-0.39,-0.69,-1.58,4.76,6.27,-0.88,0.43,-0.44,-55.42,32.36,-20.01,0
1746816766.897621,-2.0,-0.4,-0.77,0.95,11.07,7.0,-1.01,0.44,-0.29,-49.49,-33.93,-19.95,0
1746816766.912428,-2.0,-0.38,-0.77,-3.09,4.85,4.99,-0.76,0.47,-0.48,-45.34,-24.27,-11.15,0
1746816766.927606,-2.0,-0.39,-0.75,-2.49,1.66,3.77,-0.89,0.46,-0.34,-32.05,45.23,-5.84,0
1746816766.942862,-2.0,-0.4,-0.75,-2.85,3.28,1.4,-1.06,0.49,-0.16,-27.63,-82.44,-12.19,0
1746816766.957763,-2.0,-0.4,-0.74,-4.34,2.64,0.05,-0.64,0.47,-0.54,-23.0,-28.08,-5.3,0
1746816766.973223,-2.0,-0.4,-0.74,-3.65,2.18,3.37,-0.52,0.71,-0.78,7.98,138.09,24.15,0
1746816766.98772,-2.0,-0.4,-0.75,-5.82,6.01,6.12,-0.54,0.61,-0.49,4.85,73.79,21.8,0
1746816767.003371,-2.0,-0.37,-0.75,-7.19,8.56,7.95,-0.84,0.49,-0.1,10.56,-60.16,14.83,0
1746816767.018578,-2.0,-0.4,-0.77,-9.64,12.18,6.19,-0.7,0.35,-0.49,74.89,199.01,35.59,0
1746816767.033408,-2.0,-0.43,-0.72,-8.45,13.66,8.46,-0.91,0.44,-0.27,25.54,-18.31,18.31,0
1746816767.04759,-2.0,-0.44,-0.73,-6.7,9.95,11.0,-0.72,0.46,-0.53,16.85,34.31,12.43,0
1746816767.062956,-2.0,-0.42,-0.74,-3.72,9.74,10.56,-0.67,0.53,-0.49,-20.79,6.89,6.89,0
1746816767.077574,-2.0,-0.44,-0.73,-2.44,5.56,10.11,-0.83,0.46,-0.36,-0.79,58.4,15.79,0
1746816767.092282,-2.0,-0.44,-0.75,-0.03,4.92,10.64,-0.73,0.5,-0.48,-20.97,-15.35,11.18,0
1746816767.108551,-2.0,-0.41,-0.75,-0.4,10.25,7.53,-0.98,0.47,-0.27,4.56,62.05,23.32,0
1746816767.124634,-2.0,-0.4,-0.75,-2.08,13.75,3.84,-0.58,0.48,-0.66,-31.21,90.92,12.66,0
1746816767.138402,-2.0,-0.38,-0.76,-6.0,16.53,2.92,-1.0,0.57,-0.28,-26.47,-58.37,8.54,0
1746816767.152325,-2.0,-0.42,-0.75,-9.88,14.92,7.6,-0.61,0.57,-0.64,-9.23,57.76,22.49,0
1746816767.167667,-2.0,-0.43,-0.72,-10.82,21.21,13.58,-1.07,0.58,-0.19,0.79,-4.27,28.02,0
1746816767.183146,-2.0,-0.45,-0.72,-8.66,25.46,17.5,-1.09,0.21,-0.19,18.88,13.6,22.24,0
1746816767.198872,-2.0,-0.43,-0.71,-7.75,26.37,15.69,-0.67,0.3,-0.7,90.73,65.71,58.82,0
1746816767.213505,-2.0,-0.42,-0.72,-6.47,25.19,10.31,-0.83,0.6,-0.61,-7.53,78.43,15.56,0
1746816767.22746,-2.0,-0.42,-0.71,-5.55,20.06,5.95,-0.74,0.68,-0.49,78.31,-163.02,48.76,1
1746816767.242517,-2.0,-0.44,-0.71,-5.21,17.21,4.67,-0.52,0.96,-0.57,9.13,102.83,42.76,1
1746816767.258298,-2.0,-0.45,-0.7,-2.93,6.21,6.69,-0.94,0.53,-0.41,76.63,54.8,58.46,1
1746816767.273558,-2.0,-0.44,-0.72,-1.05,0.95,5.56,-1.2,1.05,-0.02,82.04,-62.8,67.07,1
1746816767.288608,-2.0,-0.42,-0.73,0.01,-2.65,2.79,-0.69,0.85,-0.65,87.02,-128.18,79.6,1
1746816767.303435,-2.0,-0.4,-0.73,-0.6,-0.85,-1.68,-1.32,1.38,-0.09,1.37,-250.14,54.9,1
1746816767.318491,-2.0,-0.39,-0.73,-2.24,-0.56,-5.33,-0.31,1.35,-0.95,-115.4,-8.41,73.64,1
1746816767.333375,-2.0,-0.38,-0.74,-0.12,7.1,-5.35,-0.69,1.35,-0.62,-230.47,49.96,70.7,1
1746816767.347698,-2.0,-0.4,-0.73,-7.41,14.3,-4.18,-0.62,1.26,-0.61,-250.14,146.23,67.96,1
1746816767.362716,-2.0,-0.43,-0.71,-4.13,7.83,6.35,-1.06,1.36,-0.17,-250.14,0.34,81.78,1
1746816767.377916,-2.0,-0.42,-0.7,-6.93,8.24,9.73,-1.2,1.38,-0.04,-250.14,64.31,25.42,1
1746816767.393144,-2.0,-0.42,-0.71,-4.23,6.85,12.65,-0.95,1.36,-0.09,-250.14,10.6,20.66,1
1746816767.408093,-2.0,-0.4,-0.68,-4.14,7.47,9.78,-1.11,1.34,0.18,-250.14,-81.24,26.92,1
1746816767.423913,-2.0,-0.39,-0.72,-3.57,6.08,4.04,-1.04,1.32,0.16,-217.85,-132.43,71.02,1
1746816767.437551,-2.0,-0.38,-0.73,-4.44,5.03,-1.76,-1.55,1.29,0.65,-190.99,-216.3,100.96,1
1746816767.453398,-2.0,-0.38,-0.75,-7.15,2.91,-3.11,-0.79,1.42,0.19,-198.4,-167.84,137.35,1
1746816767.468604,-2.0,-0.39,-0.75,-10.15,0.98,-0.64,-1.48,1.27,0.74,-202.55,-61.55,141.79,1
1746816767.483201,-2.0,-0.4,-0.75,-11.31,-0.19,3.22,-1.2,1.25,0.52,-191.37,-122.34,153.0,1
1746816767.498562,-2.0,-0.41,-0.76,-12.54,2.72,6.15,-1.32,1.14,0.68,-187.91,-217.7,156.3,1
1746816767.513257,-2.0,-0.43,-0.77,-14.75,0.61,7.68,-1.01,1.05,0.51,-204.44,-153.31,149.78,1
1746816767.527841,-2.0,-0.45,-0.77,-14.63,2.02,9.85,-1.19,0.87,0.79,-181.71,-147.25,137.07,1
1746816767.543377,-2.0,-0.47,-0.74,-16.08,3.08,11.24,-0.95,0.8,0.67,-152.47,-144.85,139.02,1
1746816767.558218,-2.0,-0.48,-0.73,-14.27,4.27,13.82,-1.1,0.89,0.85,-134.58,-195.37,140.91,1
1746816767.574003,-2.0,-0.49,-0.71,-14.04,3.32,15.11,-0.98,0.9,0.78,-136.34,-224.61,141.21,1
1746816767.587975,-2.0,-0.49,-0.72,-12.36,2.31,17.85,-0.91,0.92,0.7,-175.44,-208.1,142.18,1
1746816767.602342,-2.0,-0.48,-0.73,-12.94,2.88,19.83,-0.69,0.74,0.52,-168.08,-206.51,142.05,1
1746816767.618516,-2.0,-0.49,-0.71,-11.39,-0.49,22.61,-0.58,0.67,0.44,-140.44,-178.97,130.71,1
1746816767.633357,-2.0,-0.49,-0.71,-10.39,0.05,21.01,-0.53,0.63,0.43,-118.88,-157.7,120.16,1
1746816767.64759,-2.0,-0.49,-0.74,-7.75,2.59,17.98,-0.51,0.72,0.41,-131.12,-162.64,115.96,1
1746816767.663193,-2.0,-0.48,-0.77,-7.4,7.26,11.21,-0.58,0.83,0.59,-171.37,-178.34,101.86,1
1746816767.677542,-2.0,-0.47,-0.76,-4.21,3.98,4.57,-0.29,0.86,0.4,-219.53,-142.56,83.37,1
1746816767.692089,-2.0,-0.49,-0.77,-1.11,3.72,0.08,-0.27,0.76,0.47,-250.14,-137.24,62.92,1
1746816767.707311,-2.0,-0.49,-0.75,1.28,4.79,-2.61,-0.11,0.43,0.45,-240.37,-125.34,59.82,1
1746816767.72345,-2.0,-0.48,-0.73,2.25,0.3,-1.69,-0.07,0.34,0.53,-209.89,-117.52,55.18,1
1746816767.738854,-2.0,-0.47,-0.74,2.65,7.47,-0.09,-0.02,0.31,0.61,-165.47,-117.15,57.63,1
1746816767.753244,-2.0,-0.44,-0.71,3.79,3.99,3.46,-0.01,0.36,0.6,-149.32,-110.43,50.53,1
1746816767.769098,-2.0,-0.43,-0.72,1.28,3.99,2.59,0.06,0.41,0.55,-160.14,-100.93,36.85,1
1746816767.783147,-2.0,-0.43,-0.74,2.37,6.23,0.7,0.15,0.34,0.53,-174.88,-94.37,24.95,1
1746816767.797414,-2.0,-0.43,-0.71,2.38,1.59,-1.97,0.11,0.18,0.59,-164.99,-76.07,11.92,1
1746816767.812848,-2.0,-0.43,-0.72,4.47,3.01,-4.93,0.2,-0.02,0.46,-121.96,-54.08,8.38,1
1746816767.828239,-2.0,-0.41,-0.73,4.34,-3.11,-7.53,0.09,-0.15,0.58,-65.94,-77.61,13.79,1
1746816767.842171,-2.0,-0.42,-0.74,5.84,-1.46,-7.59,0.09,-0.1,0.54,-10.64,-70.93,16.65,1
1746816767.858171,-2.0,-0.41,-0.72,5.77,-3.17,-7.64,0.09,0.0,0.47,27.98,-52.43,6.73,1
1746816767.874009,-2.0,-0.4,-0.71,4.33,-2.42,-10.17,0.02,0.16,0.47,32.27,-35.18,-7.6,1
1746816767.887761,-2.0,-0.42,-0.71,5.69,0.09,-12.21,-0.16,0.18,0.46,6.43,-45.48,-24.82,1
1746816767.903035,-2.0,-0.41,-0.68,6.93,-2.56,-13.85,-0.13,0.18,0.4,-12.31,-91.5,-29.16,1
1746816767.918517,-2.0,-0.41,-0.69,8.47,-2.94,-15.94,0.02,0.15,0.34,-20.37,-116.65,-20.76,1
1746816767.933371,-2.0,-0.4,-0.71,9.63,-8.49,-17.53,0.15,0.05,0.22,-15.08,-100.56,-22.34,1
1746816767.947623,-2.0,-0.4,-0.72,9.59,-6.6,-17.57,0.23,-0.1,0.17,6.33,-74.11,-28.77,1
1746816767.96256,-2.0,-0.4,-0.72,8.77,-4.75,-13.08,0.2,-0.12,0.2,43.42,-78.11,-26.34,1
1746816767.977516,-2.0,-0.39,-0.73,7.56,-2.21,-10.76,0.18,-0.01,0.14,53.16,-97.73,-28.2,1
1746816767.992262,-2.0,-0.38,-0.73,4.85,1.59,-10.9,0.17,0.14,0.13,33.84,-99.95,-39.23,1
1746816768.008229,-2.0,-0.38,-0.71,3.59,1.73,-11.44,0.21,0.25,0.12,7.95,-107.22,-48.6,1
1746816768.024234,-2.0,-0.38,-0.71,2.41,2.68,-13.6,0.29,0.26,0.04,-17.15,-116.29,-40.23,1
1746816768.038356,-2.0,-0.39,-0.7,0.89,-0.4,-14.34,0.38,0.19,0.05,-40.24,-105.98,-35.34,1
1746816768.053188,-2.0,-0.39,-0.71,-1.5,-0.67,-13.86,0.48,0.1,-0.06,-44.83,-104.43,-19.82,1
1746816768.067611,-2.0,-0.39,-0.7,-4.27,-3.33,-10.64,1.07,-0.2,-0.17,-25.0,-91.99,-22.1,1
1746816768.08319,-2.0,-0.39,-0.7,-8.37,-4.27,-6.63,0.23,0.09,0.6,-92.84,-143.36,-22.2,1
1746816768.097703,-2.0,-0.41,-0.7,-12.53,-3.25,-1.24,-0.17,0.05,0.85,-69.0,-71.27,-27.76,1
1746816768.112691,-2.0,-0.43,-0.69,-16.23,-2.35,3.35,0.55,-0.16,0.04,-4.88,6.95,-14.99,1
1746816768.127498,-2.0,-0.44,-0.69,-17.83,-0.15,6.31,0.67,-0.11,0.06,-27.21,-66.63,-46.47,1
1746816768.142713,-2.0,-0.46,-0.69,-18.96,-0.6,8.1,0.69,0.04,0.14,-49.73,-209.82,-3.46,1
1746816768.158543,-2.0,-0.46,-0.69,-19.57,-1.54,8.53,0.5,0.13,0.49,-132.1,-250.14,-18.34,1
1746816768.173578,-2.0,-0.47,-0.68,-19.62,-2.93,9.48,0.26,-0.09,0.7,-36.93,-19.11,-30.19,1
1746816768.187858,-2.0,-0.48,-0.68,-18.63,-5.72,9.17,0.68,-0.09,0.02,-12.56,-36.24,-16.76,1
1746816768.20231,-2.0,-0.48,-0.69,-16.9,-4.6,8.86,0.74,-0.0,-0.01,-6.97,52.66,-26.34,1
1746816768.217032,-2.0,-0.49,-0.68,-15.41,-6.96,8.47,0.44,-0.05,0.19,0.22,-31.46,-11.82,1
1746816768.232507,-2.0,-0.49,-0.7,-13.73,-6.75,7.42,0.59,-0.02,0.01,5.67,-101.74,1.76,1
1746816768.247885,-2.0,-0.49,-0.66,-13.59,-8.68,5.86,1.09,0.04,-0.52,-18.4,-90.27,19.79,1
1746816768.262238,-2.0,-0.51,-0.71,-12.92,-6.62,5.64,0.73,0.08,-0.08,-10.07,-7.91,13.15,1
1746816768.277692,-2.0,-0.51,-0.69,-12.11,-4.22,5.85,0.72,0.05,0.0,-25.88,-58.31,22.77,1
1746816768.293524,-2.0,-0.51,-0.71,-11.15,0.15,5.84,0.6,-0.03,0.17,-29.95,-136.93,27.13,1
1746816768.308833,-2.0,-0.52,-0.74,-9.04,3.51,7.66,1.45,-0.1,-0.85,-57.64,102.91,14.34,1
1746816768.324137,-2.0,-0.52,-0.75,-6.55,4.45,10.26,0.67,-0.16,0.29,-59.06,66.74,10.53,1
1746816768.338388,-2.0,-0.49,-0.75,-5.32,5.77,11.27,0.82,-0.2,0.16,-27.86,146.49,4.61,1
1746816768.352992,-2.0,-0.5,-0.74,-4.39,4.38,11.82,0.91,-0.33,0.2,-33.07,94.27,8.63,1
1746816768.367251,-2.0,-0.48,-0.74,-3.73,3.51,12.23,0.77,-0.31,0.42,-17.86,89.61,0.51,1
1746816768.382991,-2.0,-0.47,-0.72,-4.67,2.66,10.32,0.8,-0.28,0.43,-9.02,38.99,-1.81,1
1746816768.398328,-2.0,-0.46,-0.72,-5.95,2.57,8.91,0.78,-0.14,0.43,0.89,47.08,-9.14,1
1746816768.413749,-2.0,-0.5,-0.71,-4.94,2.37,10.74,0.72,-0.07,0.41,-2.04,38.04,-13.22,1
1746816768.42845,-2.0,-0.49,-0.69,-2.64,6.5,10.96,0.66,0.01,0.35,-6.76,29.78,-14.33,1
1746816768.443162,-2.0,-0.48,-0.7,-3.55,7.59,8.15,0.62,0.02,0.22,-3.83,17.85,-13.26,1
1746816768.459251,-2.0,-0.5,-0.65,-2.68,-1.57,7.03,0.56,0.05,0.11,-4.77,8.03,-6.77,1
1746816768.473004,-2.0,-0.5,-0.66,-0.32,4.81,3.68,0.54,0.08,-0.04,18.83,51.79,5.53,1
1746816768.488928,-2.0,-0.46,-0.63,2.03,-4.36,1.24,0.34,0.16,0.05,52.89,85.49,35.64,1
1746816768.503159,-2.0,-0.41,-0.63,3.38,-2.81,-3.74,0.22,0.19,0.04,70.75,60.05,62.15,1
1746816768.517306,-2.0,-0.36,-0.65,0.57,-1.39,-14.4,0.1,0.17,0.1,89.59,58.42,78.94,1
1746816768.533421,-2.0,-0.39,-0.65,-1.2,2.45,-19.78,-0.01,0.1,0.1,115.12,57.0,92.58,1
1746816768.547541,-2.0,-0.44,-0.64,1.87,13.57,-15.02,0.07,0.02,-0.04,142.82,104.27,89.95,1
1746816768.562329,-2.0,-0.5,-0.67,2.68,8.88,-6.99,-0.15,0.09,0.1,158.73,47.31,103.74,1
1746816768.578144,-2.0,-0.37,-0.67,7.13,8.4,-1.79,-0.11,-0.09,-0.07,193.18,54.54,109.82,1
1746816768.593539,-2.0,-0.34,-0.71,5.38,11.66,-4.79,0.11,-0.04,-0.23,213.74,50.6,119.94,1
1746816768.609541,-2.0,-0.32,-0.78,1.44,13.64,-9.95,0.2,0.11,-0.18,202.72,66.35,117.61,1
1746816768.623245,-2.0,-0.32,-0.8,-2.14,15.27,-11.75,0.29,0.18,-0.17,156.5,79.81,100.21,1
1746816768.637135,-2.0,-0.36,-0.8,-5.35,17.62,-9.91,0.45,0.17,-0.17,119.44,97.38,83.47,0
1746816768.652272,-2.0,-0.38,-0.81,-7.34,18.14,-5.86,0.44,0.15,-0.01,93.04,109.56,59.86,0
1746816768.667424,-2.0,-0.39,-0.82,-10.4,17.56,-0.3,0.53,0.2,0.23,71.73,120.4,35.07,0
1746816768.682296,-2.0,-0.43,-0.84,-14.06,17.26,6.89,0.56,0.17,0.33,63.66,129.51,13.15,0
1746816768.69777,-2.0,-0.45,-0.81,-15.02,16.66,14.16,0.66,0.08,0.36,54.3,133.82,4.47,0
1746816768.712885,-2.0,-0.45,-0.76,-16.24,15.53,14.73,0.7,-0.02,0.26,80.79,171.47,-0.93,0
1746816768.728279,-2.0,-0.45,-0.74,-15.08,15.95,10.09,0.51,-0.03,0.65,102.68,115.08,-11.84,0
1746816768.74243,-2.0,-0.44,-0.72,-13.98,12.86,5.41,0.6,0.02,0.73,156.15,127.16,-20.45,0
1746816768.758945,-2.0,-0.43,-0.72,-13.1,8.35,3.0,0.52,0.09,0.78,167.01,116.98,-55.34,0
1746816768.773378,-2.0,-0.42,-0.68,-13.63,4.73,0.88,0.46,0.07,0.7,193.47,104.11,-54.11,0
1746816768.787895,-2.0,-0.4,-0.66,-14.62,-1.04,-0.63,0.54,0.06,0.36,236.97,149.8,-67.23,0
1746816768.803231,-2.0,-0.4,-0.69,-15.11,-5.62,-2.18,0.15,0.23,0.57,250.13,115.85,-83.13,0
1746816768.818081,-2.0,-0.39,-0.7,-17.05,-11.92,-2.39,0.2,0.4,0.32,250.13,81.4,-111.76,0
1746816768.832207,-2.0,-0.4,-0.73,-18.34,-17.76,-2.43,0.14,0.5,0.2,250.13,61.48,-135.11,0
1746816768.848448,-2.0,-0.39,-0.74,-19.59,-19.82,-4.89,0.13,0.61,-0.05,214.66,125.15,-159.22,0
1746816768.863587,-2.0,-0.42,-0.74,-20.69,-18.68,-6.21,-0.17,0.78,-0.14,206.79,220.6,-164.4,0
1746816768.878352,-2.0,-0.44,-0.75,-19.98,-18.04,-6.79,-0.53,0.84,0.21,218.6,176.38,-179.66,0
1746816768.893538,-2.0,-0.46,-0.77,-19.54,-17.37,-5.85,-0.7,0.78,0.37,220.72,40.03,-210.6,0
1746816768.9081,-2.0,-0.47,-0.77,-19.44,-16.79,-1.98,-0.61,0.91,0.29,230.33,-21.98,-234.91,0
1746816768.923151,-2.0,-0.46,-0.75,-18.94,-16.95,1.15,-0.65,1.17,0.21,189.59,-51.4,-245.98,0
1746816768.937236,-2.0,-0.45,-0.73,-18.23,-15.5,1.73,-0.84,1.28,0.45,149.12,92.92,-233.24,0
1746816768.953211,-2.0,-0.43,-0.71,-17.93,-11.27,0.53,-0.8,1.17,0.2,135.47,30.18,-206.74,0
1746816768.9679,-2.0,-0.4,-0.75,-19.6,-8.47,0.89,-0.67,1.1,0.17,146.58,6.0,-178.63,0
1746816768.982991,-2.0,-0.41,-0.76,-22.18,-8.43,5.31,-0.75,1.08,0.31,146.31,26.83,-188.15,0
1746816768.998018,-2.0,-0.43,-0.75,-23.87,-10.75,11.41,-0.86,1.14,0.33,155.82,29.38,-192.48,0
1746816769.012508,-2.0,-0.44,-0.71,-25.54,-12.95,15.18,-1.03,1.31,0.26,168.5,22.49,-193.0,0
1746816769.028201,-2.0,-0.45,-0.68,-26.98,-14.6,15.22,-1.08,1.52,0.3,151.15,2.88,-177.66,0
1746816769.043273,-2.0,-0.45,-0.68,-27.41,-14.74,15.63,-0.99,1.63,0.13,74.17,61.36,-159.15,0
1746816769.058433,-2.0,-0.44,-0.72,-28.35,-12.95,16.8,-0.7,1.57,-0.34,44.14,250.13,-146.96,0
1746816769.073239,-2.0,-0.44,-0.75,-30.61,-13.21,19.76,-1.57,1.42,0.59,77.5,104.33,-150.81,0
1746816769.089244,-2.0,-0.44,-0.74,-34.03,-15.15,23.53,-1.36,1.17,0.45,139.47,-250.14,-145.93,0
1746816769.103143,-2.0,-0.46,-0.73,-33.21,-17.43,27.35,0.76,1.13,-1.3,64.86,-9.22,-151.12,0
1746816769.117489,-2.0,-0.48,-0.71,-28.18,-16.69,28.66,-1.45,1.04,0.62,70.57,57.38,-159.86,0
1746816769.133008,-2.0,-0.46,-0.71,-23.92,-13.05,26.57,-1.14,1.32,0.14,62.55,-9.42,-166.39,0
1746816769.147476,-2.0,-0.43,-0.76,-22.66,-10.3,22.49,-1.16,1.23,0.13,1.6,-29.32,-146.75,0
1746816769.16315,-2.0,-0.44,-0.76,-24.92,-7.37,19.87,-1.09,1.14,0.04,-0.03,-22.6,-119.8,0
1746816769.177126,-2.0,-0.48,-0.73,-24.21,-7.37,23.17,-1.08,0.98,0.01,7.73,4.36,-114.59,0
1746816769.193676,-2.0,-0.5,-0.72,-21.15,-10.53,27.24,-0.66,0.9,-0.21,24.15,79.28,-117.49,0
1746816769.208297,-2.0,-0.48,-0.71,-19.56,-6.56,25.99,-0.36,0.81,-0.56,48.25,138.37,-100.98,0
1746816769.223191,-2.0,-0.48,-0.71,-15.03,-4.78,25.37,-1.31,1.15,0.42,61.23,-61.08,-110.64,0
1746816769.237932,-2.0,-0.44,-0.73,-18.98,-4.82,17.53,-1.18,1.07,-0.41,89.4,155.42,-85.6,0
1746816769.253395,-2.0,-0.44,-0.74,-11.47,5.18,12.52,-1.25,1.25,0.16,27.82,-0.67,-77.89,0
1746816769.267635,-2.0,-0.47,-0.82,-7.11,-7.34,11.49,-0.88,1.08,-0.38,-9.65,130.41,-49.99,0
1746816769.283309,-2.0,-0.43,-0.76,-4.88,6.65,6.25,-1.29,1.05,0.16,-28.44,79.52,-44.72,0
1746816769.297573,-2.0,-0.43,-0.76,-0.25,3.86,8.44,-1.12,0.81,-0.04,0.85,-5.07,-31.04,0
1746816769.312285,-2.0,-0.42,-0.76,1.1,2.38,6.91,-0.92,0.74,-0.22,-25.23,13.73,-28.88,0
1746816769.328299,-2.0,-0.42,-0.75,5.53,-0.3,6.51,-0.88,0.66,-0.16,-50.96,-36.85,-26.92,0
1746816769.343162,-2.0,-0.42,-0.76,10.02,-9.69,6.63,-0.71,0.58,-0.32,-72.7,47.59,-25.21,0
1746816769.357915,-2.0,-0.4,-0.72,10.91,-4.61,1.51,-1.1,0.48,-0.02,-3.8,27.05,-16.34,0
1746816769.372982,-2.0,-0.37,-0.79,13.63,-9.02,0.79,-0.82,0.53,-0.26,17.44,-46.92,-14.82,0
1746816769.387524,-2.0,-0.34,-0.79,10.85,5.77,-4.91,-0.81,0.64,-0.19,-61.58,-26.91,-30.25,0
1746816769.403232,-2.0,-0.36,-0.78,9.37,12.83,-4.34,-0.81,0.51,-0.28,-27.66,45.73,-24.55,0
1746816769.417822,-2.0,-0.37,-0.74,10.75,16.77,0.22,-0.8,0.55,-0.27,-1.48,19.93,-12.34,0
1746816769.432808,-2.0,-0.36,-0.75,13.24,15.65,4.56,-0.92,0.51,-0.21,13.17,48.82,-7.6,0
1746816769.44812,-2.0,-0.35,-0.8,13.02,18.41,3.83,-0.59,0.49,-0.57,17.26,120.95,3.14,0
1746816769.462066,-2.0,-0.37,-0.75,15.52,19.27,4.41,-1.22,0.47,0.1,59.48,74.21,1.55,0
1746816769.477221,-2.0,-0.32,-0.74,15.01,17.34,4.54,-0.81,0.45,-0.36,57.69,-38.74,-9.94,0
1746816769.493372,-2.0,-0.34,-0.74,14.82,4.54,6.99,-0.96,0.53,-0.15,25.96,-49.6,-20.05,0
1746816769.509126,-2.0,-0.34,-0.72,17.08,18.21,6.02,-0.8,0.55,-0.32,-16.82,-37.35,-31.25,0
1746816769.52318,-2.0,-0.34,-0.71,18.66,17.27,8.52,-0.87,0.5,-0.27,-5.19,-1.48,-14.16,0
1746816769.537625,-2.0,-0.34,-0.74,19.13,8.79,10.85,-0.88,0.51,-0.23,-20.84,-17.5,-10.91,0
1746816769.552214,-2.0,-0.35,-0.72,18.6,2.16,9.88,-0.92,0.51,-0.15,-49.04,-23.82,-15.15,1
1746816769.567514,-2.0,-0.32,-0.74,15.68,5.2,4.85,-0.9,0.48,-0.17,-71.13,1.09,-19.66,1
1746816769.583017,-2.0,-0.37,-0.7,12.6,6.7,3.69,-0.72,0.46,-0.35,-79.8,50.62,-10.31,1
1746816769.59748,-2.0,-0.35,-0.7,9.01,-1.22,4.6,-1.1,0.4,0.03,-33.12,33.85,8.38,1
1746816769.612594,-2.0,-0.35,-0.74,6.91,7.53,3.37,-0.82,0.44,-0.29,-15.21,-26.61,15.63,1
1746816769.628231,-2.0,-0.31,-0.72,1.5,6.91,0.76,-0.84,0.45,-0.32,-3.37,54.43,24.25,1
1746816769.643194,-2.0,-0.33,-0.73,-2.82,8.9,-2.44,-0.91,0.52,-0.3,5.96,84.77,26.47,1
1746816769.658839,-2.0,-0.35,-0.73,-5.44,5.35,-2.14,-0.79,0.53,-0.48,41.0,166.9,44.27,1
1746816769.673505,-2.0,-0.37,-0.73,-7.31,7.47,-1.55,-1.19,0.6,-0.12,54.27,78.53,46.75,1
1746816769.687453,-2.0,-0.36,-0.73,-8.38,7.67,1.15,-0.96,0.63,-0.31,45.44,-34.48,46.94,1
1746816769.70317,-2.0,-0.35,-0.73,-11.47,10.1,1.72,-0.83,0.66,-0.39,19.46,-16.22,46.41,1
1746816769.71774,-2.0,-0.36,-0.71,-12.06,10.53,4.47,-0.93,0.72,-0.25,-0.44,-9.93,47.91,1
1746816769.733179,-2.0,-0.34,-0.7,-12.47,7.92,7.98,-1.04,0.68,-0.14,-2.34,-53.02,49.9,1
1746816769.747504,-2.0,-0.36,-0.71,-13.16,8.53,9.62,-0.86,0.71,-0.27,0.76,-85.53,62.0,1
1746816769.762461,-2.0,-0.37,-0.71,-13.26,5.56,11.63,-0.9,0.76,-0.18,-11.45,-49.07,66.05,1
1746816769.777885,-2.0,-0.37,-0.74,-13.6,1.82,11.09,-0.88,0.83,-0.17,-19.44,-58.95,69.28,1
1746816769.793599,-2.0,-0.36,-0.75,-16.16,1.19,8.15,-0.92,0.95,-0.1,-23.77,-56.69,79.67,1
1746816769.809642,-2.0,-0.37,-0.76,-18.02,3.44,4.96,-0.79,1.01,-0.2,-27.13,-5.08,98.89,1
1746816769.823157,-2.0,-0.4,-0.75,-19.45,2.66,3.83,-0.88,1.09,-0.09,-32.13,59.98,109.27,1
1746816769.837549,-2.0,-0.42,-0.75,-20.08,0.11,4.18,-1.02,1.17,0.07,-6.05,55.23,115.8,1
1746816769.853193,-2.0,-0.43,-0.75,-21.73,1.22,4.82,-1.21,1.27,0.19,-5.01,-108.16,111.73,1
1746816769.868596,-2.0,-0.45,-0.75,-20.81,-3.31,7.11,-1.12,1.37,0.12,24.45,-197.21,126.92,1
1746816769.882315,-2.0,-0.45,-0.76,-19.95,-4.5,7.42,-0.89,1.33,0.06,56.36,-190.53,160.5,1
1746816769.897495,-2.0,-0.45,-0.74,-20.5,-0.08,4.81,-0.83,1.23,-0.01,47.77,-224.36,182.75,1
1746816769.912125,-2.0,-0.45,-0.75,-21.5,2.64,3.59,0.48,1.46,-0.95,-44.29,-27.63,180.07,1
1746816769.927712,-2.0,-0.46,-0.74,-22.03,-0.24,6.76,-1.19,1.59,0.34,-160.0,-84.99,175.44,1
1746816769.943697,-2.0,-0.47,-0.76,-22.29,-1.29,10.4,-1.06,1.58,0.26,-186.37,-69.02,183.84,1
1746816769.958219,-2.0,-0.47,-0.75,-22.48,2.76,11.82,-1.03,1.49,0.26,-225.5,-82.69,200.06,1
1746816769.973096,-2.0,-0.49,-0.76,-21.89,-2.04,13.84,-1.07,1.29,0.29,-213.19,-68.31,201.57,1
1746816769.988051,-2.0,-0.47,-0.73,-23.21,-4.69,12.86,-0.96,1.2,0.3,-195.73,-64.79,193.75,1
1746816770.00311,-2.0,-0.46,-0.77,-21.34,0.91,10.63,-0.87,1.17,0.3,-180.85,-52.56,194.39,1
1746816770.017821,-2.0,-0.45,-0.76,-25.75,10.56,4.78,-0.81,1.17,0.29,-181.13,-31.0,177.65,1
1746816770.033201,-2.0,-0.47,-0.76,-25.4,17.69,3.53,-0.91,1.16,0.46,-181.02,-48.63,172.88,1
1746816770.048136,-2.0,-0.48,-0.78,-20.79,15.77,7.15,-0.83,1.14,0.43,-175.37,-62.41,166.06,1
1746816770.063335,-2.0,-0.47,-0.74,-19.12,17.73,10.39,-0.83,1.15,0.52,-162.44,-73.19,156.18,1
1746816770.07794,-2.0,-0.46,-0.7,-15.05,5.68,19.44,-0.69,1.14,0.47,-168.74,-80.02,143.53,1
1746816770.093292,-2.0,-0.46,-0.7,-12.7,17.67,23.08,-0.68,1.14,0.53,-149.79,-104.55,149.04,1
1746816770.108028,-2.0,-0.47,-0.71,-6.45,7.35,30.37,-0.55,1.17,0.41,-121.44,-119.93,177.15,1
1746816770.123246,-2.0,-0.44,-0.72,-9.39,7.57,25.78,-0.41,1.2,0.32,-100.02,-119.28,191.02,1
1746816770.137236,-2.0,-0.43,-0.69,-8.05,3.91,23.47,-0.38,1.29,0.3,-107.88,-84.66,170.39,1
1746816770.152307,-2.0,-0.43,-0.72,-11.62,7.34,18.72,-0.35,1.26,0.33,-153.72,-90.71,160.78,1
1746816770.167557,-2.0,-0.42,-0.73,-8.56,7.48,18.86,-0.39,1.16,0.4,-198.86,-116.63,146.65,1
1746816770.182348,-2.0,-0.44,-0.72,-8.87,3.81,17.97,-0.21,0.91,0.29,-185.84,-131.14,151.42,1
1746816770.19823,-2.0,-0.42,-0.74,-8.66,0.61,17.31,-0.21,0.68,0.42,-182.54,-152.81,147.96,1
1746816770.212994,-2.0,-0.43,-0.76,-5.14,4.35,14.62,-0.01,0.54,0.3,-163.89,-165.01,161.51,1
1746816770.228148,-2.0,-0.44,-0.76,-2.13,-2.84,14.05,0.02,0.59,0.41,-117.43,-113.59,134.44,1
1746816770.242371,-2.0,-0.42,-0.77,-1.62,-0.53,10.47,0.14,0.46,0.35,-82.6,-67.27,117.92,1
1746816770.257822,-2.0,-0.42,-0.83,-0.15,-0.18,8.11,0.25,0.52,0.26,-168.56,-45.59,83.2,1
1746816770.271929,-2.0,-0.41,-0.79,0.66,1.37,6.29,0.23,0.35,0.39,-174.83,21.52,46.12,1
1746816770.287036,-2.0,-0.41,-0.76,0.74,1.89,5.54,-0.0,0.29,0.63,-183.4,-3.97,14.35,1
1746816770.302383,-2.0,-0.42,-0.77,3.03,0.2,5.39,0.53,0.4,0.41,-170.15,-64.99,15.77,1
1746816770.317461,-2.0,-0.4,-0.76,3.25,7.64,1.44,-0.46,1.29,1.32,-250.14,-187.98,11.19,1
1746816770.332971,-2.0,-0.41,-0.77,6.14,15.16,0.1,0.52,0.2,0.3,-166.54,33.31,-22.68,1
1746816770.3475,-2.0,-0.39,-0.79,6.42,17.48,-1.27,-0.81,0.25,1.5,-136.54,-250.14,17.98,1
1746816770.362297,-2.0,-0.38,-0.78,8.05,16.05,0.22,1.03,0.56,0.1,-90.76,-94.11,9.79,1
1746816770.377259,-2.0,-0.33,-0.75,6.18,13.46,0.37,0.01,-0.2,0.35,-11.25,-125.84,-1.83,1
1746816770.393191,-2.0,-0.36,-0.73,12.13,12.08,4.81,0.2,0.17,0.5,30.23,9.82,-11.42,1
1746816770.40816,-2.0,-0.36,-0.79,15.06,17.2,6.69,1.89,0.02,-0.59,137.05,122.97,1.92,1
1746816770.423623,-2.0,-0.26,-0.75,13.63,9.85,6.61,1.23,-0.79,-1.57,171.78,25.43,-70.63,1
1746816770.438173,-2.0,-0.22,-0.75,12.47,-5.13,5.4,2.0,0.26,-1.36,19.76,-105.18,-32.03,1
1746816770.453367,-2.0,-0.19,-0.74,7.33,-8.93,-1.98,-1.01,1.0,1.63,-74.57,-97.57,-91.82,1
1746816770.468492,-2.0,-0.18,-0.73,2.66,-14.97,-15.44,-0.19,0.62,0.19,-105.94,-76.76,-80.29,1
1746816770.483535,-2.0,-0.2,-0.7,-2.82,-15.55,-36.44,0.8,0.63,-0.46,-185.49,130.53,-169.82,1
1746816770.498419,-2.0,-0.26,-0.69,-6.75,-16.95,-51.73,-0.3,0.42,0.44,-169.75,-200.66,-86.76,1
1746816770.51326,-2.0,-0.32,-0.72,-10.69,-14.22,-54.26,0.55,0.18,-0.23,-63.18,-149.89,-57.74,1
1746816770.528035,-2.0,-0.38,-0.72,-14.05,-9.32,-44.76,0.15,0.49,-0.0,-148.82,-250.14,-45.7,1
1746816770.542904,-2.0,-0.42,-0.72,-15.94,-7.76,-26.55,0.13,0.41,0.36,-161.94,-43.36,-65.4,1
1746816770.561989,-2.0,-0.41,-0.72,-18.11,2.73,-10.66,0.13,0.39,0.41,-107.04,250.13,-78.81,1
1746816770.572277,-2.0,-0.43,-0.74,-18.96,12.46,1.0,-0.07,0.18,0.32,-95.66,-60.59,-58.09,1
1746816770.587063,-2.0,-0.44,-0.73,-18.75,18.31,6.7,0.08,0.07,0.26,-34.4,-250.14,-15.05,1
1746816770.603149,-2.0,-0.43,-0.73,-15.78,16.15,10.71,0.02,0.09,0.32,-51.27,-250.14,-5.43,1
1746816770.61821,-2.0,-0.42,-0.74,-12.08,14.8,12.15,1.31,-0.1,-0.83,-66.08,-250.14,-1.69,1
1746816770.633417,-2.0,-0.33,-0.72,-12.26,11.25,11.21,0.89,-0.03,-0.36,9.63,48.49,11.88,1
1746816770.647678,-2.0,-0.37,-0.77,-14.27,7.03,8.85,0.63,0.1,-0.04,-0.1,24.08,-5.32,1
1746816770.664454,-2.0,-0.41,-0.76,-10.55,20.38,6.29,0.9,-0.03,-0.37,8.53,-21.61,8.02,1
1746816770.67832,-2.0,-0.41,-0.74,-10.75,-10.99,13.95,0.7,0.06,-0.02,8.59,-6.68,1.56,1
1746816770.694712,-2.0,-0.4,-0.78,-13.82,1.0,11.67,0.94,-0.03,-0.32,2.84,28.79,-0.39,1
1746816770.708137,-2.0,-0.41,-0.7,-16.57,-3.47,14.4,0.7,-0.04,0.01,15.59,7.32,9.38,1
1746816770.722974,-2.0,-0.45,-0.78,-19.39,8.56,14.53,0.68,-0.08,0.02,40.61,-79.97,8.42,1
1746816770.738227,-2.0,-0.44,-0.72,-15.13,6.55,16.69,1.21,-0.35,-0.47,73.69,76.41,51.38,1
1746816770.753319,-2.0,-0.46,-0.71,-15.81,-0.06,15.85,0.37,-0.29,0.22,46.7,-41.44,35.95,1
1746816770.765405,-2.0,-0.45,-0.71,-14.78,2.92,14.54,0.77,-0.29,-0.08,90.42,-129.42,64.69,1
1746816770.782152,-2.0,-0.46,-0.76,-12.37,8.22,14.6,1.8,-0.09,-1.12,93.94,134.82,51.25,1
1746816770.797823,-2.0,-0.45,-0.79,-12.13,-3.23,17.47,0.52,-0.08,0.51,88.74,51.54,53.62,1
1746816770.813529,-2.0,-0.46,-0.86,-15.61,16.16,17.69,1.05,-0.08,-0.1,35.54,87.34,15.79,1
1746816770.828225,-2.0,-0.41,-0.82,-18.48,4.97,22.58,0.95,-0.1,0.18,-10.24,99.02,-11.89,1
1746816770.844506,-2.0,-0.45,-0.85,-20.2,11.23,23.82,0.82,-0.16,0.42,-42.21,94.72,-32.64,1
1746816770.858243,-2.0,-0.47,-0.78,-16.85,8.11,24.45,0.77,-0.2,0.45,-42.21,49.24,-43.1,1
1746816770.873485,-2.0,-0.49,-0.77,-14.82,8.51,21.6,0.74,-0.07,0.48,-41.43,33.73,-53.57,1
1746816770.889468,-2.0,-0.48,-0.75,-8.82,3.71,20.43,0.79,0.07,0.36,-22.46,13.64,-43.12,1
1746816770.904185,-2.0,-0.46,-0.76,-6.27,0.69,17.76,0.9,0.12,0.23,8.07,77.08,-36.31,1
1746816770.91855,-2.0,-0.44,-0.73,-4.93,-5.0,16.43,0.62,0.2,0.49,15.49,65.11,-29.27,1
1746816770.932713,-2.0,-0.42,-0.72,-3.82,-8.14,15.9,0.73,0.28,0.39,13.02,56.08,-24.92,1
1746816770.947429,-2.0,-0.45,-0.73,-0.05,-16.1,15.62,0.64,0.27,0.47,1.76,31.79,-21.21,1
1746816770.963249,-2.0,-0.42,-0.71,7.85,-10.47,11.44,0.66,0.3,0.39,-0.44,6.02,-12.61,1
1746816770.977911,-2.0,-0.4,-0.72,11.89,-12.27,3.33,0.67,0.26,0.31,2.6,33.2,-12.05,1
1746816770.993166,-2.0,-0.36,-0.73,18.61,-27.07,-2.58,0.73,0.18,0.22,20.23,48.92,-5.37,1
1746816771.007325,-2.0,-0.42,-0.71,28.08,-31.73,-13.33,0.74,0.16,0.25,33.88,57.16,0.04,1
1746816771.023149,-2.0,-0.4,-0.76,33.83,-27.21,-23.45,0.77,0.22,0.22,35.32,65.67,0.43,1
1746816771.037805,-2.0,-0.4,-0.79,28.84,-26.5,-29.8,0.72,0.27,0.19,22.58,70.93,-2.25,1
1746816771.052991,-2.0,-0.37,-0.76,22.39,-27.42,-29.38,0.67,0.32,0.13,6.27,79.81,-5.63,1
1746816771.067609,-2.0,-0.37,-0.74,16.24,-22.01,-23.83,0.59,0.35,0.15,-9.69,94.05,-5.81,1
1746816771.083326,-2.0,-0.32,-0.72,5.02,-19.49,-13.26,0.52,0.3,0.2,-7.76,107.84,-2.55,1
1746816771.097933,-2.0,-0.37,-0.72,-3.94,-18.93,2.66,0.43,0.23,0.18,9.44,113.35,11.27,1
1746816771.112407,-2.0,-0.39,-0.72,-5.15,-20.07,20.82,0.35,0.17,0.19,37.66,96.38,31.82,1
1746816771.127301,-2.0,-0.38,-0.7,-4.44,-8.63,27.71,0.36,0.27,0.21,63.53,106.73,46.9,0
1746816771.143352,-2.0,-0.32,-0.71,-7.96,4.51,22.37,0.36,0.39,0.15,66.31,121.36,50.04,0
1746816771.157807,-2.0,-0.32,-0.73,-10.98,4.84,16.08,0.24,0.49,0.24,44.18,125.85,43.4,0
1746816771.172977,-2.0,-0.34,-0.75,-13.58,9.31,8.1,0.15,0.44,0.19,20.02,133.2,34.18,0
1746816771.187597,-2.0,-0.38,-0.72,-10.91,7.38,6.85,0.04,0.33,0.27,8.98,125.68,40.76,0
1746816771.203712,-2.0,-0.39,-0.71,-10.05,7.18,4.32,0.11,0.15,0.26,37.03,151.19,54.08,0
1746816771.21724,-2.0,-0.4,-0.76,-3.24,11.32,5.91,0.17,0.15,0.32,47.85,72.34,68.06,0
1746816771.231932,-2.0,-0.38,-0.78,-3.02,1.05,5.14,0.2,0.22,0.31,66.4,107.8,74.47,0
1746816771.247416,-2.0,-0.37,-0.78,-3.35,6.52,1.34,0.19,0.35,0.28,58.62,148.99,70.79,0
1746816771.262115,-2.0,-0.37,-0.75,-6.37,2.0,-1.15,0.04,0.34,0.52,27.47,123.67,64.21,0
1746816771.278056,-2.0,-0.4,-0.76,-7.32,11.58,-1.82,-0.11,0.25,0.7,19.11,70.55,66.13,0
1746816771.29454,-2.0,-0.42,-0.73,-7.16,6.09,5.96,0.44,0.15,0.32,-2.01,70.79,54.44,0
1746816771.308465,-2.0,-0.43,-0.76,-7.85,1.64,13.02,0.14,0.05,0.73,33.84,10.46,66.71,0
1746816771.323133,-2.0,-0.42,-0.77,-6.51,-2.68,18.37,0.63,0.08,0.31,33.89,61.91,54.05,0
1746816771.337846,-2.0,-0.41,-0.8,-9.77,-11.76,21.03,0.36,0.16,0.63,35.91,62.49,40.21,0
1746816771.35339,-2.0,-0.42,-0.77,-14.47,-9.87,21.92,0.31,0.14,0.67,38.79,50.72,19.11,0
1746816771.367638,-2.0,-0.42,-0.74,-17.56,-10.54,22.88,0.26,0.15,0.8,31.27,-7.15,-4.78,0
1746816771.383178,-2.0,-0.44,-0.73,-18.1,-5.82,18.99,0.41,0.05,0.57,24.85,22.78,-30.52,0
1746816771.397509,-2.0,-0.47,-0.73,-15.95,-4.47,12.53,0.34,0.01,0.82,38.74,22.33,-43.71,0
1746816771.412519,-2.0,-0.47,-0.76,-14.03,-3.91,6.42,0.46,0.02,0.65,64.08,41.93,-41.69,0
1746816771.428254,-2.0,-0.46,-0.77,-12.44,-3.57,4.95,0.36,0.01,0.63,97.64,47.37,-40.46,0
1746816771.443535,-2.0,-0.46,-0.76,-11.11,-4.43,5.2,0.31,-0.01,0.56,139.98,60.25,-49.95,0
1746816771.458398,-2.0,-0.46,-0.73,-9.92,-3.03,5.46,0.21,0.04,0.53,178.19,57.71,-56.33,0
1746816771.473207,-2.0,-0.44,-0.74,-10.3,-3.67,5.68,0.34,0.23,0.48,207.26,52.56,-65.06,0
1746816771.48854,-2.0,-0.44,-0.78,-11.41,-2.16,5.31,0.28,0.45,0.5,205.45,58.1,-81.86,0
1746816771.502492,-2.0,-0.46,-0.77,-8.44,-5.75,8.82,0.15,0.64,0.49,171.7,65.93,-109.73,0
1746816771.517517,-2.0,-0.43,-0.76,-7.53,-9.4,8.6,-0.05,0.82,0.42,139.32,62.71,-137.08,0
1746816771.533183,-2.0,-0.41,-0.74,-8.31,-10.04,5.13,-0.19,1.01,0.4,105.15,54.51,-157.08,0
1746816771.547397,-2.0,-0.42,-0.73,-10.84,-8.05,3.47,-0.18,1.0,0.37,81.77,39.49,-156.73,0
1746816771.562815,-2.0,-0.44,-0.73,-11.34,-6.63,5.8,-0.09,0.97,0.33,78.43,41.95,-136.34,0
1746816771.578562,-2.0,-0.44,-0.73,-12.34,-9.72,7.43,-0.81,0.87,0.49,44.9,55.08,-131.18,0
1746816771.594376,-2.0,-0.4,-0.71,-15.89,-9.3,0.81,-0.0,0.19,-0.4,137.76,188.67,-114.29,0
1746816771.608349,-2.0,-0.45,-0.71,-14.51,-7.94,-3.59,0.82,0.84,-1.14,162.48,148.2,-48.66,0
1746816771.622502,-2.0,-0.46,-0.74,-11.37,-10.2,-0.44,-0.71,0.83,0.67,226.4,79.05,-75.68,0
1746816771.637331,-2.0,-0.45,-0.73,-15.76,-4.92,1.45,-0.59,1.02,0.72,139.01,51.08,-150.04,0
1746816771.653262,-2.0,-0.44,-0.73,-10.89,-13.73,6.96,-0.1,1.23,0.23,164.3,52.17,-104.78,0
1746816771.667461,-2.0,-0.44,-0.73,-11.3,-12.49,3.28,0.27,1.08,-0.38,136.19,230.02,-66.3,0
1746816771.6831,-2.0,-0.44,-0.71,-12.66,-6.78,-2.85,-0.64,1.36,0.84,108.15,-37.53,-88.6,0
1746816771.698377,-2.0,-0.45,-0.71,-6.21,-16.5,-2.2,-1.33,1.11,1.41,176.27,-129.71,-111.98,0
1746816771.713246,-2.0,-0.42,-0.73,-5.84,-12.59,-4.28,0.44,1.14,-1.12,153.64,204.89,-108.82,0
1746816771.727695,-2.0,-0.41,-0.75,-6.45,-13.53,-3.24,-0.84,1.12,0.58,138.5,-57.11,-96.34,0
1746816771.742989,-2.0,-0.4,-0.73,-8.67,-13.53,-2.37,-0.67,0.97,0.41,236.99,39.05,-83.01,0
1746816771.758551,-2.0,-0.4,-0.66,-10.05,-23.71,0.21,-1.41,1.15,0.92,202.07,-222.73,-118.9,0
1746816771.772946,-2.0,-0.42,-0.85,-10.66,-9.4,2.11,-0.82,0.89,0.46,121.26,21.37,-128.23,0
1746816771.787846,-2.0,-0.43,-0.87,-9.78,-2.54,5.03,-0.33,0.86,-0.27,60.76,-19.69,-106.76,0
1746816771.803553,-2.0,-0.43,-0.77,-4.62,-47.59,15.74,-0.59,1.28,0.21,38.79,-58.0,-113.08,0
1746816771.818456,-2.0,-0.44,-0.63,-6.83,-5.43,9.88,-0.43,0.67,-0.05,21.16,-62.81,-78.08,0
1746816771.832265,-2.0,-0.43,-0.74,-7.2,19.77,7.41,-0.73,0.71,0.24,137.39,-29.3,-110.85,0
1746816771.848121,-2.0,-0.44,-0.71,-8.65,15.82,5.84,-0.63,0.77,-0.14,84.68,-21.56,-123.91,0
1746816771.863502,-2.0,-0.41,-0.74,-13.09,17.5,2.11,-0.89,1.11,-0.05,105.36,-12.61,-113.72,0
1746816771.878074,-2.0,-0.42,-0.75,-3.9,19.73,4.97,-0.77,1.28,-0.17,45.21,45.07,-111.22,0
1746816771.893934,-2.0,-0.41,-0.69,-8.21,7.08,4.24,-0.95,1.25,0.08,-41.46,-20.85,-129.27,0
1746816771.908399,-2.0,-0.42,-0.76,-4.95,5.82,5.69,-0.61,0.99,-0.28,-66.25,49.86,-100.52,0
1746816771.922006,-2.0,-0.42,-0.72,-5.15,-1.74,7.17,-1.14,0.77,0.26,12.03,-21.02,-72.5,0
1746816771.937582,-2.0,-0.42,-0.73,-7.0,6.37,7.18,-0.47,0.76,-0.46,4.8,-7.03,-81.82,0
1746816771.952939,-2.0,-0.42,-0.74,-4.19,2.11,12.41,-0.84,0.66,0.02,50.08,29.6,-85.2,0
1746816771.967373,-2.0,-0.42,-0.74,-6.42,0.4,12.8,-0.84,0.83,-0.03,92.91,-31.35,-82.31,0
1746816771.982976,-2.0,-0.42,-0.79,-5.51,4.93,12.74,-0.75,0.86,-0.24,60.83,42.47,-85.32,0
1746816771.997943,-2.0,-0.4,-0.77,-7.73,-2.14,11.89,-0.67,0.86,-0.31,18.55,105.5,-87.9,0
1746816772.013321,-2.0,-0.37,-0.76,-5.95,0.56,14.0,-1.11,0.81,0.21,2.85,37.63,-110.6,0
1746816772.028344,-2.0,-0.28,-0.64,-16.02,-21.09,11.14,-1.07,0.97,-0.08,-20.15,53.27,-125.06,0
1746816772.043002,-2.0,-0.36,-1.11,-23.06,10.77,0.86,-1.17,0.89,0.37,50.6,-80.65,-105.27,0
1746816772.057716,-2.0,-0.46,-0.76,12.32,43.92,16.66,-1.27,0.67,0.04,111.83,-15.63,-102.55,0
1746816772.072482,-2.0,-0.5,-0.69,-2.89,5.11,16.45,-0.26,1.17,-0.68,-9.33,-21.61,-106.41,0
1746816772.08822,-2.0,-0.37,-0.78,-11.92,0.11,11.87,-0.89,0.91,-0.26,4.78,116.9,-97.08,0
1746816772.102319,-2.0,-0.42,-0.75,-5.72,14.02,11.7,-0.9,1.15,-0.13,-5.64,-4.98,-68.3,0
1746816772.118057,-2.0,-0.41,-0.83,-7.71,27.05,7.08,-1.25,1.03,-0.12,-25.92,123.94,-73.0,0
1746816772.133093,-2.0,-0.42,-0.72,-4.36,-0.26,12.77,-0.74,1.14,-0.51,-84.47,30.11,-77.88,0
1746816772.147395,-2.0,-0.43,-0.76,-6.25,1.93,14.17,-0.95,1.06,-0.23,-76.83,13.82,-49.6,0
1746816772.163363,-2.0,-0.42,-0.82,-4.85,30.73,9.5,-0.91,1.07,-0.29,-126.53,56.63,-37.94,0
1746816772.177326,-2.0,-0.44,-0.72,-3.84,8.91,12.54,-0.63,0.89,-0.57,-192.63,214.93,-21.69,0
1746816772.193301,-2.0,-0.44,-0.74,-0.6,-0.6,14.56,-1.09,0.56,-0.2,-146.29,250.13,-15.53,0
1746816772.207844,-2.0,-0.42,-0.74,-4.82,-1.69,10.21,-1.05,0.39,-0.13,-107.83,97.51,-9.1,0
1746816772.222698,-2.0,-0.42,-0.73,-0.8,10.9,8.89,-0.96,0.18,-0.26,-42.63,154.53,-0.07,0
1746816772.238084,-2.0,-0.4,-0.74,0.47,-1.73,10.84,-1.24,0.28,0.2,-57.68,32.72,-29.25,0
1746816772.252871,-2.0,-0.39,-0.71,0.69,-0.07,8.95,-0.75,0.27,-0.27,-64.49,-6.7,-50.75,0
1746816772.265531,-2.0,-0.4,-0.72,4.09,5.15,7.55,-0.91,0.32,-0.14,-42.09,58.11,-51.68,0
1746816772.282315,-2.0,-0.38,-0.74,0.65,8.94,2.5,-0.84,0.41,-0.25,-27.71,52.28,-47.88,0
1746816772.298026,-2.0,-0.37,-0.76,-1.69,11.2,1.98,-1.01,0.53,-0.09,-38.06,8.66,-53.89,0
1746816772.313287,-2.0,-0.42,-0.76,-5.02,3.95,0.92,-0.84,0.41,-0.43,-46.42,44.27,-46.96,0
1746816772.329783,-2.0,-0.47,-0.72,-3.94,11.95,1.86,-0.99,0.35,-0.29,-29.76,44.27,-36.74,0
1746816772.343745,-2.0,-0.49,-0.75,4.1,2.07,8.76,-0.54,0.36,-0.64,-32.31,17.85,-18.79,0
1746816772.358047,-2.0,-0.49,-0.74,11.18,-0.89,8.48,-1.09,0.39,-0.11,-28.54,31.15,-15.92,0
1746816772.372934,-2.0,-0.41,-0.74,10.41,-3.69,-1.26,-1.11,0.32,-0.1,-12.15,-47.34,-20.82,0
1746816772.388327,-2.0,-0.38,-0.75,7.63,-1.91,-8.94,-0.75,0.3,-0.42,-15.05,37.44,-19.63,0
1746816772.403346,-2.0,-0.39,-0.75,6.14,3.45,-14.02,-0.93,0.26,-0.31,9.28,50.75,-30.18,0
1746816772.417492,-2.0,-0.43,-0.75,7.4,3.03,-10.68,-1.69,0.53,0.49,-13.38,-146.69,-87.11,0
1746816772.433503,-2.0,-0.39,-0.71,1.41,7.18,-11.34,-0.3,0.3,-1.1,59.36,-3.41,-8.95,1
1746816772.447574,-2.0,-0.35,-0.72,-1.89,1.99,-6.82,-1.18,0.59,0.34,21.11,2.18,-31.89,1
1746816772.462362,-2.0,-0.38,-0.73,-0.54,12.11,-2.76,-0.85,0.34,-0.43,10.72,53.73,-37.68,1
1746816772.478587,-2.0,-0.41,-0.71,-5.85,16.91,-1.85,-0.84,0.46,-0.39,-7.83,6.54,-24.5,1
1746816772.494018,-2.0,-0.41,-0.72,-5.7,7.92,2.98,-1.2,0.49,-0.0,-18.83,-24.41,-33.02,1
1746816772.508245,-2.0,-0.41,-0.71,-5.35,7.9,0.37,-1.0,0.43,-0.41,-25.32,-35.1,-13.55,1
1746816772.522937,-2.0,-0.41,-0.7,-5.73,1.92,0.73,-0.46,0.51,-0.65,-70.5,52.66,16.54,1
1746816772.537489,-2.0,-0.43,-0.71,-8.96,-1.23,0.21,-1.62,0.52,0.32,-1.99,136.07,19.08,1
1746816772.552097,-2.0,-0.44,-0.71,-9.73,-0.95,2.52,-0.95,0.46,-0.33,4.73,-105.97,23.11,1
1746816772.567768,-2.0,-0.43,-0.71,-9.67,3.27,5.57,-0.88,0.58,-0.38,-11.42,2.47,19.32,1
1746816772.582938,-2.0,-0.45,-0.73,-7.53,6.21,10.32,-1.28,0.54,0.02,32.6,3.86,42.19,1
1746816772.597504,-2.0,-0.46,-0.72,-9.12,-1.58,12.55,-0.94,0.59,-0.22,41.6,2.29,66.15,1
1746816772.613241,-2.0,-0.45,-0.74,-6.79,5.29,11.98,-0.99,0.7,-0.19,51.52,45.38,93.61,1
1746816772.629215,-2.0,-0.44,-0.73,-8.67,9.69,6.62,-1.74,0.69,0.37,133.96,-59.56,120.92,1
1746816772.644546,-2.0,-0.47,-0.73,-8.83,1.53,4.79,-0.96,1.0,-0.38,53.69,-151.31,115.93,1
1746816772.657561,-2.0,-0.48,-0.73,-7.85,6.09,2.24,-1.41,1.05,0.13,33.74,-62.21,129.39,1
1746816772.67209,-2.0,-0.48,-0.75,-7.98,7.8,2.29,-0.98,1.03,-0.32,5.22,-88.39,143.45,1
1746816772.690709,-2.0,-0.47,-0.75,-7.37,6.43,3.6,-1.18,1.1,-0.02,16.31,-107.82,170.04,1
1746816772.703407,-2.0,-0.47,-0.73,-6.46,9.92,3.42,-1.26,1.21,0.08,30.26,-174.07,196.45,1
1746816772.718217,-2.0,-0.44,-0.75,-8.05,8.62,3.09,-1.04,1.29,-0.1,-9.01,-91.62,203.04,1
1746816772.733399,-2.0,-0.46,-0.73,-5.95,6.44,5.19,-1.03,1.32,0.0,-34.87,-34.67,208.31,1
1746816772.747553,-2.0,-0.46,-0.68,-5.27,-4.05,8.04,-1.08,1.39,0.15,-51.8,-36.35,199.01,1
1746816772.762713,-2.0,-0.44,-0.73,-5.47,-0.85,9.03,-1.3,1.36,0.38,-48.24,-155.34,189.3,1
1746816772.778422,-2.0,-0.43,-0.72,-4.92,2.79,8.69,-0.81,1.35,0.02,-50.93,-202.27,192.87,1
1746816772.792269,-2.0,-0.42,-0.74,-5.78,-1.08,8.76,-0.88,1.39,0.26,-42.34,-100.85,206.32,1
1746816772.808123,-2.0,-0.42,-0.71,-6.99,1.0,9.5,-0.87,1.37,0.28,-56.95,-137.39,208.15,1
1746816772.83092,-2.0,-0.43,-0.68,-9.18,-1.37,11.65,-0.75,1.44,0.2,-88.4,-97.73,207.76,1
1746816772.853797,-2.0,-0.42,-0.73,-12.02,1.2,14.23,-0.89,1.46,0.35,-99.91,-86.02,205.09,1
1746816772.853797,-2.0,-0.42,-0.7,-14.41,-0.43,17.79,-0.83,1.59,0.29,-118.39,-120.47,210.11,1
1746816772.865914,-2.0,-0.45,-0.73,-14.82,-0.57,20.72,-0.88,1.59,0.34,-121.72,-129.24,206.63,1
1746816772.903066,-2.0,-0.43,-0.73,-16.9,2.82,19.65,-1.0,1.62,0.41,-105.94,-204.54,203.43,1
1746816772.904075,-2.0,-0.46,-0.73,-16.21,6.02,18.37,-0.26,1.56,-0.29,-112.87,-118.13,218.61,1
1746816772.912766,-2.0,-0.47,-0.75,-14.01,12.63,15.14,-0.89,1.66,0.34,-140.61,-112.61,220.03,1
1746816772.928025,-2.0,-0.46,-0.73,-12.73,11.55,12.69,-0.78,1.56,0.24,-135.15,-106.24,217.31,1
1746816772.943095,-2.0,-0.48,-0.75,-11.09,16.54,11.18,-0.66,1.46,0.13,-158.39,-108.19,211.56,1
1746816772.958041,-2.0,-0.48,-0.75,-10.63,13.35,11.33,-0.62,1.35,0.08,-175.58,-104.88,194.05,1
1746816772.972939,-2.0,-0.5,-0.74,-10.85,10.06,11.81,-0.56,1.25,0.07,-178.63,-103.36,169.78,1
1746816772.988172,-2.0,-0.51,-0.72,-7.63,11.79,11.89,-0.53,1.2,0.09,-172.87,-102.6,160.67,1
1746816773.002938,-2.0,-0.49,-0.71,-6.25,8.46,10.16,-0.42,1.11,0.02,-165.47,-93.27,154.61,1
1746816773.01835,-2.0,-0.49,-0.73,-3.54,11.86,6.44,-0.4,0.96,0.08,-156.61,-99.67,149.79,1
1746816773.033252,-2.0,-0.48,-0.71,-1.41,12.71,2.68,-0.26,0.84,0.0,-133.31,-83.31,157.1,1
1746816773.048263,-2.0,-0.46,-0.73,-0.4,9.51,-1.29,-0.22,0.7,0.03,-112.95,-93.06,149.66,1
1746816773.064326,-2.0,-0.45,-0.73,-0.53,10.02,-4.54,-0.15,0.6,0.08,-88.41,-99.22,135.92,1
1746816773.0782,-2.0,-0.44,-0.74,0.0,8.25,-6.43,-0.14,0.53,0.14,-72.95,-122.11,122.18,1
1746816773.09341,-2.0,-0.42,-0.74,0.35,9.16,-8.7,-0.04,0.5,0.1,-75.73,-127.95,105.58,1
1746816773.107952,-2.0,-0.42,-0.76,1.41,15.72,-10.79,0.09,0.53,0.03,-91.56,-128.1,91.47,1
1746816773.123228,-2.0,-0.41,-0.74,1.51,15.43,-11.76,0.2,0.53,0.03,-105.03,-101.65,90.71,1
1746816773.137988,-2.0,-0.42,-0.76,1.73,14.5,-13.23,0.16,0.63,0.1,-101.26,-89.81,111.32,1
1746816773.153083,-2.0,-0.41,-0.76,2.44,11.74,-13.44,0.12,-0.05,-0.2,-97.89,-55.15,113.53,1
1746816773.16778,-2.0,-0.42,-0.77,2.29,8.76,-12.76,-0.18,0.51,0.7,-139.96,-70.94,98.62,1
1746816773.182398,-2.0,-0.42,-0.78,1.94,7.7,-11.55,0.88,-0.04,-0.44,-117.77,194.13,16.59,1
1746816773.197997,-2.0,-0.41,-0.74,0.75,5.05,-11.0,-0.6,0.49,1.01,-193.53,-152.51,43.84,1
1746816773.212959,-2.0,-0.38,-0.72,-4.04,3.8,-12.64,0.31,0.67,0.53,-197.2,-65.5,27.5,1
1746816773.22726,-2.0,-0.45,-0.71,2.44,-0.66,-4.33,1.23,-0.22,-0.76,-151.45,-52.67,9.5,1
1746816773.242093,-2.0,-0.41,-0.72,-1.98,2.98,-6.5,0.46,0.01,-0.0,-124.16,-113.38,20.92,1
1746816773.257249,-2.0,-0.41,-0.71,-2.32,-1.29,-7.99,1.14,0.16,-0.64,-132.41,-26.88,8.92,1
1746816773.273022,-2.0,-0.39,-0.67,-7.7,-5.04,-13.25,-0.13,0.46,0.66,-125.1,-127.56,15.4,1
1746816773.288056,-2.0,-0.39,-0.76,-3.53,1.49,-14.76,0.77,0.06,-0.43,-70.85,-1.41,5.46,1
1746816773.302523,-2.0,-0.39,-0.7,-2.8,-20.58,-12.02,0.41,0.09,-0.1,-75.85,-67.46,-3.03,1
1746816773.318053,-2.0,-0.38,-0.75,-10.73,-4.89,-18.89,0.7,0.21,-0.19,-142.85,64.48,-24.11,1
1746816773.332899,-2.0,-0.38,-0.73,-8.98,-9.57,-15.27,-0.3,0.05,0.7,-74.06,-8.69,-30.17,1
1746816773.347302,-2.0,-0.41,-0.73,-11.62,-9.15,-14.12,1.2,0.19,-0.34,-178.99,-202.71,-6.85,1
1746816773.363457,-2.0,-0.42,-0.75,-10.75,-4.45,-10.27,0.18,0.17,0.59,-161.15,52.79,-39.08,1
1746816773.378214,-2.0,-0.43,-0.74,-12.61,-13.05,-5.6,0.05,0.04,0.63,-158.55,-81.13,-45.53,1
1746816773.39208,-2.0,-0.43,-0.76,-14.46,-5.8,-4.51,0.94,0.03,-0.03,-151.92,142.26,-48.08,1
1746816773.408145,-2.0,-0.44,-0.75,-12.83,-14.02,-0.47,-0.11,-0.1,0.71,-93.2,33.37,-60.5,1
1746816773.422939,-2.0,-0.44,-0.74,-15.01,-9.61,-2.21,0.39,-0.14,0.29,-63.15,-109.34,-42.18,1
1746816773.438236,-2.0,-0.45,-0.73,-15.58,-8.7,-2.5,0.27,-0.16,0.31,-8.42,-116.57,-24.27,1
1746816773.452944,-2.0,-0.46,-0.71,-14.86,-9.23,-0.38,0.8,-0.07,-0.2,4.27,-22.12,-19.73,1
1746816773.467047,-2.0,-0.47,-0.71,-13.95,-7.61,1.92,0.31,0.02,0.23,10.01,-134.9,-6.79,1
1746816773.48215,-2.0,-0.47,-0.69,-15.06,-7.08,2.11,0.67,-0.07,-0.17,23.06,-140.92,2.44,1
1746816773.497944,-2.0,-0.48,-0.7,-13.93,-4.61,2.41,0.74,0.25,0.16,-35.98,-250.14,19.89,1
1746816773.513453,-2.0,-0.48,-0.71,-12.7,-6.11,2.89,1.02,0.03,-0.39,-27.06,-71.04,-5.73,1
1746816773.529704,-2.0,-0.48,-0.71,-12.08,-6.14,2.72,0.77,-0.06,-0.15,-53.16,-22.51,-12.31,1
1746816773.543304,-2.0,-0.48,-0.71,-11.85,-4.85,2.25,0.74,-0.08,-0.04,-51.94,-16.25,-10.7,1
1746816773.557902,-2.0,-0.48,-0.71,-11.64,-4.47,2.91,1.01,-0.09,-0.2,-54.63,65.19,-17.8,1
1746816773.57412,-2.0,-0.49,-0.72,-9.71,-0.76,4.16,0.77,-0.13,0.05,-56.95,65.1,-22.17,1
1746816773.588121,-2.0,-0.48,-0.71,-9.76,-1.54,5.78,0.87,-0.17,-0.01,-33.37,68.82,-14.64,1
1746816773.601153,-2.0,-0.5,-0.71,-8.85,1.62,7.53,0.67,-0.19,0.15,-18.19,11.11,-10.08,1
1746816773.61784,-2.0,-0.5,-0.71,-5.92,-0.67,10.97,0.28,-0.22,0.37,27.87,-144.07,17.6,1
1746816773.632664,-2.0,-0.48,-0.72,-5.29,-0.03,10.49,1.04,-0.12,-0.03,6.91,51.37,4.62,1
1746816773.647673,-2.0,-0.5,-0.72,-3.56,-2.44,9.94,0.84,-0.11,0.06,3.21,-10.63,5.78,1
1746816773.663963,-2.0,-0.49,-0.73,-1.74,-1.66,9.15,0.88,-0.1,0.08,2.77,0.64,3.42,1
1746816773.67814,-2.0,-0.47,-0.74,-3.47,4.47,6.13,0.85,-0.01,0.13,-5.22,16.97,-4.16,1
1746816773.693593,-2.0,-0.47,-0.74,-2.79,2.92,7.52,0.87,0.01,0.11,-17.74,13.52,-6.92,1
1746816773.706991,-2.0,-0.48,-0.74,-1.58,5.18,9.59,0.86,0.01,0.16,-21.77,17.27,-4.23,1
1746816773.722387,-2.0,-0.47,-0.72,-0.77,6.26,11.58,0.84,-0.03,0.18,-23.27,16.96,-1.96,1
1746816773.737569,-2.0,-0.47,-0.73,-0.47,5.83,11.89,0.85,-0.01,0.2,-20.28,18.9,-1.86,1
1746816773.752932,-2.0,-0.47,-0.72,0.79,6.66,11.34,0.82,0.04,0.26,-20.3,32.24,-7.83,1
1746816773.767147,-2.0,-0.45,-0.73,1.32,4.95,10.27,0.77,0.09,0.25,-23.08,30.62,-9.86,1
1746816773.782942,-2.0,-0.43,-0.73,0.92,6.8,7.98,0.69,0.13,0.22,-19.52,27.13,-7.78,1
1746816773.797891,-2.0,-0.43,-0.72,0.25,5.47,6.76,0.76,0.23,0.13,-12.05,25.58,-5.62,1
1746816773.814463,-2.0,-0.43,-0.73,0.91,4.05,7.18,0.77,0.29,0.04,-1.35,28.86,-5.02,1
1746816773.827667,-2.0,-0.4,-0.74,1.08,2.83,6.22,0.69,0.43,0.02,1.92,42.53,-7.26,1
1746816773.843142,-2.0,-0.4,-0.73,-0.37,-1.22,5.46,0.6,0.48,-0.0,-9.89,45.81,-3.03,1
1746816773.857249,-2.0,-0.41,-0.72,-0.3,-3.09,6.08,0.47,0.44,-0.05,-17.19,50.26,18.22,1
1746816773.872993,-2.0,-0.38,-0.68,-0.09,-8.92,2.81,0.4,0.33,-0.1,2.64,68.18,52.5,1
1746816773.888023,-2.0,-0.31,-0.71,-5.55,-8.51,-8.6,0.32,0.34,-0.0,22.38,78.01,87.71,1
1746816773.902919,-2.0,-0.31,-0.73,-14.46,-0.44,-21.17,0.49,0.3,-0.06,43.14,78.36,116.47,1
1746816773.917117,-2.0,-0.49,-0.76,-17.15,12.61,-17.08,0.41,0.32,-0.03,51.1,115.52,123.36,1
1746816773.933012,-2.0,-0.52,-0.73,-12.89,11.14,-0.65,0.16,0.31,0.11,33.19,113.85,118.92,1
1746816773.947908,-2.0,-0.43,-0.7,-7.76,7.34,16.43,0.01,0.15,0.13,17.63,100.09,114.69,1
1746816773.963235,-2.0,-0.37,-0.71,-10.04,13.31,22.81,0.03,0.04,0.17,20.19,82.47,120.04,0
1746816773.977147,-2.0,-0.31,-0.72,-15.49,16.77,21.67,0.21,-0.02,0.09,38.87,92.21,130.85,0
1746816773.992613,-2.0,-0.34,-0.73,-16.6,9.46,21.69,0.17,-0.05,0.04,44.8,117.82,137.85,0
1746816774.007103,-2.0,-0.37,-0.72,-16.25,1.94,21.21,0.09,-0.07,0.04,45.98,145.63,145.32,0
1746816774.022915,-2.0,-0.39,-0.71,-14.28,7.76,17.08,0.12,-0.14,0.2,53.08,166.92,155.32,0
1746816774.037312,-2.0,-0.39,-0.73,-12.73,8.9,13.81,0.23,-0.28,0.33,66.03,155.66,163.4,0
1746816774.052129,-2.0,-0.42,-0.77,-11.8,6.05,13.49,0.25,-0.43,0.4,90.56,163.82,157.54,0
1746816774.068403,-2.0,-0.45,-0.78,-9.98,3.57,14.89,0.1,-0.47,0.5,119.75,166.44,144.66,0
1746816774.082049,-2.0,-0.44,-0.76,-8.03,2.68,13.96,0.07,-0.43,0.5,149.17,186.54,129.61,0
1746816774.097906,-2.0,-0.4,-0.78,-6.78,2.05,7.42,0.28,-0.37,0.42,159.24,191.18,110.29,0
1746816774.113006,-2.0,-0.39,-0.79,-7.28,2.85,-0.32,0.31,-0.29,0.49,151.52,170.91,90.64,0
1746816774.128185,-2.0,-0.38,-0.79,-9.15,6.06,-3.63,0.21,-0.27,0.67,154.35,162.6,77.1,0
1746816774.142506,-2.0,-0.38,-0.79,-10.63,8.33,-3.65,0.36,-0.32,0.61,160.05,158.09,55.2,0
1746816774.157674,-2.0,-0.38,-0.77,-11.87,7.98,-3.46,0.25,-0.31,0.67,181.08,150.03,35.69,0
1746816774.174265,-2.0,-0.41,-0.77,-12.54,6.93,-3.44,0.35,-0.23,0.56,202.56,153.73,15.55,0
1746816774.188531,-2.0,-0.42,-0.77,-11.69,3.7,-1.83,0.28,-0.18,0.49,229.39,150.81,-0.51,0
1746816774.202885,-2.0,-0.41,-0.77,-10.73,0.54,-0.53,0.18,-0.0,0.51,240.25,156.98,-17.87,0
1746816774.218516,-2.0,-0.38,-0.78,-12.06,-0.21,-2.1,-0.05,0.15,0.61,227.68,157.34,-39.1,0
1746816774.233086,-2.0,-0.37,-0.75,-12.3,-6.8,-4.37,-0.18,0.17,0.58,217.97,156.22,-77.13,0
1746816774.247639,-2.0,-0.38,-0.73,-11.05,-9.24,-6.36,-0.04,0.31,0.29,225.35,230.43,-101.24,0
1746816774.263416,-2.0,-0.39,-0.73,-13.58,-9.31,-9.23,-1.18,0.5,1.05,249.96,34.7,-100.5,0
1746816774.278506,-2.0,-0.41,-0.72,-13.77,-14.73,-5.92,-0.68,0.57,0.54,250.13,-119.43,-120.83,0
1746816774.29334,-2.0,-0.4,-0.74,-14.23,-14.56,-3.08,-0.12,0.72,-0.06,250.13,117.13,-136.76,0
1746816774.308127,-2.0,-0.39,-0.75,-15.28,-20.42,-0.92,-0.42,0.69,0.26,237.46,135.76,-146.93,0
1746816774.32311,-2.0,-0.38,-0.76,-16.53,-22.39,-2.09,-0.59,0.83,0.26,245.52,131.95,-162.14,0
1746816774.337741,-2.0,-0.36,-0.75,-17.73,-20.23,-4.02,-0.85,1.16,0.3,236.66,144.87,-177.28,0
1746816774.353127,-2.0,-0.35,-0.76,-20.96,-20.32,-3.43,-0.89,1.31,0.24,189.6,159.27,-193.02,0
1746816774.368461,-2.0,-0.35,-0.75,-21.72,-21.6,1.69,-0.97,1.23,0.34,144.28,137.2,-181.51,0
1746816774.383207,-2.0,-0.35,-0.76,-25.66,-22.87,7.07,-0.93,1.04,0.28,136.63,132.54,-166.18,0
1746816774.397851,-2.0,-0.28,-0.76,-30.03,-19.96,12.08,-0.95,0.89,0.31,156.66,66.95,-144.27,0
1746816774.413487,-2.0,-0.41,-0.72,-30.5,-23.17,14.14,-0.98,0.69,0.29,200.89,8.79,-111.82,0
1746816774.428292,-2.0,-0.42,-0.7,-31.53,-21.96,14.98,-0.95,0.71,0.02,244.36,-22.24,-78.31,0
1746816774.443419,-2.0,-0.45,-0.71,-32.02,-16.55,15.02,-1.03,0.66,-0.15,250.13,-69.21,-52.53,0
1746816774.457538,-2.0,-0.48,-0.75,-30.36,-14.24,16.6,-1.1,0.83,-0.24,250.13,-65.62,-47.44,0
1746816774.473636,-2.0,-0.48,-0.76,-29.07,-13.15,18.11,-1.2,1.05,-0.19,249.4,-58.69,-78.66,0
1746816774.488413,-2.0,-0.49,-0.75,-27.47,-10.79,17.09,-1.21,1.22,-0.14,165.42,-38.53,-128.94,0
1746816774.501247,-2.0,-0.5,-0.75,-23.85,-8.66,13.85,-1.19,1.15,-0.06,83.4,-17.56,-163.26,0
1746816774.518264,-2.0,-0.5,-0.74,-20.54,-5.62,10.19,-1.16,1.07,-0.04,11.34,-21.82,-164.36,0
1746816774.53319,-2.0,-0.52,-0.75,-16.64,-2.19,9.68,-1.18,0.8,-0.02,-13.17,-13.37,-163.98,0
1746816774.547965,-2.0,-0.51,-0.77,-13.05,1.07,12.33,-1.23,0.65,0.05,-2.92,-22.57,-149.63,0
1746816774.563846,-2.0,-0.49,-0.76,-11.5,4.8,15.05,-1.2,0.59,0.06,36.34,-4.12,-141.24,0
1746816774.577542,-2.0,-0.49,-0.75,-10.27,5.52,16.56,-1.31,0.64,0.09,66.7,16.38,-140.24,0
1746816774.59263,-2.0,-0.48,-0.74,-7.34,10.08,16.84,-1.38,0.73,0.13,74.34,36.35,-140.89,0
1746816774.607499,-2.0,-0.47,-0.75,-7.89,13.25,14.15,-1.35,0.77,-0.03,62.88,69.61,-143.21,0
1746816774.622269,-2.0,-0.49,-0.75,-1.53,6.81,15.47,-1.45,0.81,0.01,45.52,52.56,-140.37,0
1746816774.637704,-2.0,-0.48,-0.76,2.15,11.39,11.56,-1.31,0.92,-0.1,17.44,36.84,-137.08,0
1746816774.653164,-2.0,-0.48,-0.76,6.37,8.31,8.44,-1.45,0.84,-0.09,37.61,83.6,-126.0,0
1746816774.667443,-2.0,-0.46,-0.75,5.51,7.31,2.98,-1.26,0.89,-0.13,18.27,9.61,-120.69,0
1746816774.682058,-2.0,-0.44,-0.78,7.32,11.97,-0.42,-1.24,0.9,-0.18,32.82,45.98,-107.49,0
1746816774.698245,-2.0,-0.43,-0.77,10.12,13.67,-1.08,-1.11,0.98,-0.25,22.31,35.42,-91.11,0
1746816774.714179,-2.0,-0.43,-0.76,11.55,9.36,0.46,-1.04,1.06,-0.31,7.09,83.74,-63.78,0
1746816774.727512,-2.0,-0.42,-0.76,11.44,14.13,1.32,-1.35,0.96,0.02,6.11,85.53,-46.84,0
1746816774.743056,-2.0,-0.4,-0.77,10.29,14.7,3.19,-1.04,0.95,-0.27,-19.76,32.98,-33.93,0
1746816774.757453,-2.0,-0.38,-0.76,11.11,18.53,4.18,-1.07,0.76,-0.17,-1.08,29.85,-12.27,0
1746816774.77223,-2.0,-0.36,-0.76,11.18,13.7,5.35,-0.96,0.65,-0.28,12.31,30.13,0.73,0
1746816774.787147,-2.0,-0.35,-0.75,10.95,13.34,5.59,-0.94,0.6,-0.24,19.54,3.96,3.02,0
1746816774.80287,-2.0,-0.32,-0.76,8.11,12.79,3.11,-0.93,0.59,-0.24,16.76,8.03,-1.37,0
1746816774.817597,-2.0,-0.31,-0.74,6.59,6.74,3.5,-0.83,0.56,-0.3,12.17,-0.02,-6.15,0
1746816774.832725,-2.0,-0.31,-0.75,3.39,11.64,2.53,-0.8,0.6,-0.32,8.94,24.82,-4.45,0
1746816774.848148,-2.0,-0.31,-0.75,2.92,7.66,6.44,-0.93,0.59,-0.19,-3.58,3.36,-6.66,0
1746816774.864558,-2.0,-0.32,-0.77,1.41,4.05,10.36,-0.9,0.56,-0.25,-28.52,7.5,-9.4,0
1746816774.878496,-2.0,-0.33,-0.77,0.08,7.44,12.89,-0.94,0.5,-0.21,-48.96,-0.99,-10.98,0
1746816774.893858,-2.0,-0.33,-0.76,-1.14,2.57,16.55,-0.93,0.41,-0.24,-50.71,21.12,-7.98,0
1746816774.907569,-2.0,-0.33,-0.77,-5.57,6.79,14.83,-0.91,0.36,-0.27,-57.93,35.1,-8.79,0
1746816774.921983,-2.0,-0.35,-0.77,-5.28,6.47,16.22,-0.91,0.49,-0.16,-41.79,31.55,-5.98,0
1746816774.93777,-2.0,-0.36,-0.75,-6.85,8.64,14.53,-0.58,0.52,-0.49,-74.69,-10.12,-18.69,0
1746816774.9532,-2.0,-0.35,-0.75,-8.66,10.71,12.53,-0.88,0.39,-0.19,-61.81,132.4,-3.41,0
1746816774.967153,-2.0,-0.37,-0.74,-9.4,8.95,10.85,-1.04,0.2,-0.17,4.14,104.75,24.02,0
1746816774.982875,-2.0,-0.4,-0.73,-9.02,10.29,9.34,-0.82,0.31,-0.45,12.34,159.24,32.71,0
1746816774.997328,-2.0,-0.39,-0.74,-8.2,7.84,9.85,-1.3,0.22,0.11,22.76,65.95,26.64,0
1746816775.013617,-2.0,-0.38,-0.74,-7.78,6.06,9.12,-1.02,0.2,-0.24,22.55,-4.35,7.05,0
1746816775.027395,-2.0,-0.38,-0.73,-7.19,3.55,8.89,-0.98,0.36,-0.28,34.07,-38.85,3.44,0
1746816775.04254,-2.0,-0.39,-0.76,-5.81,0.3,9.95,-0.61,0.33,-0.52,33.57,6.14,13.18,0
1746816775.057782,-2.0,-0.4,-0.75,-5.43,-1.27,9.12,-0.81,0.35,-0.37,30.02,106.16,8.42,0
1746816775.074041,-2.0,-0.39,-0.76,-5.98,-3.29,8.43,-0.88,0.3,-0.31,48.06,-4.37,13.82,0
1746816775.087026,-2.0,-0.38,-0.77,-7.65,0.62,7.02,-0.93,0.28,-0.31,43.61,-0.53,9.32,0
1746816775.102333,-2.0,-0.41,-0.77,-6.42,-2.31,9.22,-0.77,0.32,-0.51,19.79,68.96,-0.4,0
1746816775.117455,-2.0,-0.44,-0.77,-7.47,3.45,9.44,-1.17,0.37,-0.1,18.41,-57.4,-1.73,0
1746816775.13274,-2.0,-0.44,-0.77,-5.78,7.24,9.24,-0.86,0.39,-0.43,22.1,-44.84,5.38,0
1746816775.147169,-2.0,-0.44,-0.76,-4.33,12.44,7.45,-0.93,0.38,-0.35,15.79,18.44,11.74,0
1746816775.163413,-2.0,-0.45,-0.78,-2.89,14.08,6.66,-1.03,0.4,-0.28,20.56,-39.59,15.31,0
1746816775.177932,-2.0,-0.42,-0.73,-3.58,17.82,3.1,-0.82,0.41,-0.47,6.74,-14.03,13.43,0
1746816775.202926,-2.0,-0.42,-0.73,-3.25,14.34,2.81,-1.04,0.39,-0.24,8.19,-18.81,10.46,0
1746816775.207925,-2.0,-0.43,-0.72,-0.4,6.44,5.82,-0.79,0.4,-0.54,18.85,-9.26,17.52,0
1746816775.223144,-2.0,-0.41,-0.72,-3.54,8.06,4.18,-0.97,0.43,-0.33,31.28,7.18,23.24,0
1746816775.23755,-2.0,-0.41,-0.72,-4.85,9.54,4.9,-1.04,0.43,-0.25,65.71,-61.08,32.05,1
1746816775.252507,-2.0,-0.41,-0.73,-6.08,14.82,3.49,-0.83,0.46,-0.46,67.69,-43.78,41.15,1
1746816775.267788,-2.0,-0.42,-0.74,-3.73,11.75,4.63,-1.04,0.58,-0.1,40.72,-74.14,42.66,1
1746816775.282706,-2.0,-0.42,-0.74,-3.4,13.21,2.78,-0.95,0.5,-0.26,36.85,-12.23,52.6,1
1746816775.298082,-2.0,-0.4,-0.74,-7.17,5.83,0.89,-1.15,0.56,-0.05,30.21,-113.31,54.02,1
1746816775.313695,-2.0,-0.41,-0.75,-3.27,8.23,2.17,-0.84,0.59,-0.4,12.01,-47.37,59.36,1
1746816775.327679,-2.0,-0.4,-0.74,-5.92,7.75,1.95,-1.02,0.74,-0.2,-27.18,-40.53,59.27,1
1746816775.343274,-2.0,-0.41,-0.75,-4.06,-0.03,5.89,-0.96,0.85,-0.27,-28.68,7.48,72.49,1
1746816775.358139,-2.0,-0.4,-0.74,-3.61,0.63,7.73,-1.1,0.96,-0.15,-19.88,48.15,82.3,1
1746816775.371504,-2.0,-0.4,-0.74,-2.87,-3.44,10.66,-1.13,0.92,-0.16,6.15,-50.08,91.82,1
1746816775.388385,-2.0,-0.4,-0.75,-4.46,-4.77,13.14,-1.08,0.98,-0.12,27.85,-50.6,107.54,1
1746816775.403027,-2.0,-0.41,-0.74,-1.81,-4.33,16.11,-1.07,1.01,-0.11,19.57,-64.28,122.32,1
1746816775.418174,-2.0,-0.39,-0.73,-4.01,-0.24,15.03,-1.09,1.0,-0.05,12.73,-64.63,132.45,1
1746816775.43233,-2.0,-0.4,-0.72,-5.31,-1.87,15.13,-1.11,1.1,-0.03,6.43,-65.29,140.91,1
1746816775.449401,-2.0,-0.39,-0.74,-7.97,-2.75,12.93,-1.1,1.18,0.03,-8.46,-68.13,146.42,1
1746816775.463323,-2.0,-0.39,-0.74,-10.09,1.74,10.08,-1.06,1.31,0.06,-40.7,-66.33,144.7,1
1746816775.478082,-2.0,-0.4,-0.72,-10.37,1.98,8.89,-1.09,1.34,0.13,-73.94,-65.98,145.56,1
1746816775.49348,-2.0,-0.4,-0.73,-11.97,5.66,8.79,-1.1,1.31,0.1,-84.03,-38.49,156.39,1
1746816775.508162,-2.0,-0.41,-0.75,-12.86,-0.44,12.27,-1.25,1.31,0.19,-73.84,-103.75,165.45,1
1746816775.523191,-2.0,-0.39,-0.74,-14.4,-2.13,14.24,-1.15,1.36,0.13,-65.27,-117.7,176.71,1
1746816775.537987,-2.0,-0.41,-0.74,-17.14,-1.06,14.94,-1.18,1.41,0.18,-74.21,-128.4,183.43,1
1746816775.553222,-2.0,-0.42,-0.72,-18.85,-0.17,17.32,-1.09,1.41,0.07,-100.37,-100.96,188.59,1
1746816775.567219,-2.0,-0.42,-0.75,-18.38,0.52,21.08,-1.14,1.38,0.15,-121.33,-84.39,192.74,1
1746816775.583096,-2.0,-0.45,-0.75,-20.93,3.48,21.79,-1.15,1.34,0.12,-129.3,-87.24,197.45,1
1746816775.598189,-2.0,-0.47,-0.74,-19.89,4.71,23.23,-1.17,1.27,0.17,-121.8,-113.2,200.99,1
1746816775.6142,-2.0,-0.47,-0.75,-20.76,6.58,21.31,-1.07,1.22,0.09,-120.51,-144.35,202.82,1
1746816775.628617,-2.0,-0.49,-0.74,-19.39,5.9,21.16,-0.97,1.18,0.07,-125.92,-116.4,198.44,1
1746816775.64301,-2.0,-0.51,-0.74,-15.35,6.44,20.72,-0.87,1.16,0.07,-128.85,-104.31,191.38,1
1746816775.658254,-2.0,-0.51,-0.73,-12.56,6.39,18.3,-0.8,1.14,0.14,-117.29,-101.85,189.6,1
1746816775.673194,-2.0,-0.53,-0.73,-6.59,4.08,15.12,-0.75,0.97,0.06,-95.33,-137.56,188.11,1
1746816775.687749,-2.0,-0.51,-0.75,-0.46,5.28,9.44,-0.62,0.96,0.03,-86.93,-123.76,184.56,1
1746816775.703169,-2.0,-0.5,-0.76,3.64,7.95,3.02,-0.28,1.05,-0.28,-102.1,-99.56,176.98,1
1746816775.717181,-2.0,-0.46,-0.74,5.77,6.0,-0.08,-0.74,1.15,0.36,-109.07,-179.55,159.28,1
1746816775.732887,-2.0,-0.46,-0.75,7.32,5.37,0.1,-0.45,1.2,0.06,-118.53,-159.68,171.17,1
1746816775.748147,-2.0,-0.43,-0.74,6.13,7.11,0.52,-0.53,1.18,0.16,-117.09,-113.9,159.41,1
1746816775.763589,-2.0,-0.41,-0.75,5.21,9.87,1.76,-0.4,1.03,0.01,-141.33,-120.86,163.79,1
1746816775.777471,-2.0,-0.37,-0.74,2.2,7.44,3.2,-0.5,0.93,0.19,-100.23,-125.57,167.95,1
1746816775.793011,-2.0,-0.37,-0.75,-1.01,10.53,3.77,-0.19,0.95,-0.01,-116.08,-96.55,155.68,1
1746816775.80807,-2.0,-0.39,-0.75,-1.07,13.37,4.98,-0.14,0.72,-0.04,-94.53,-97.5,166.35,1
1746816775.822909,-2.0,-0.39,-0.73,-2.56,8.17,4.78,-0.09,0.65,0.04,-76.04,-94.57,155.01,1
1746816775.837352,-2.0,-0.39,-0.75,-2.11,10.15,1.71,0.02,0.61,0.09,-80.97,-85.08,138.39,1
1746816775.852372,-2.0,-0.41,-0.74,-0.74,2.77,-0.54,0.07,0.53,0.14,-97.82,-64.11,124.6,1
1746816775.867356,-2.0,-0.41,-0.75,-1.25,2.37,-2.54,-0.54,0.21,0.09,-125.63,-94.56,112.72,1
1746816775.882554,-2.0,-0.43,-0.76,0.02,2.56,-2.11,1.4,0.71,-0.78,-88.62,14.69,96.83,1
1746816775.898771,-2.0,-0.42,-0.74,-0.23,2.76,-1.71,0.43,0.59,0.27,-188.47,-24.26,23.69,1
1746816775.914464,-2.0,-0.44,-0.74,0.84,6.17,-1.34,0.84,0.49,-0.33,-135.17,-9.47,95.9,1
1746816775.92815,-2.0,-0.42,-0.76,2.5,3.41,-0.77,0.24,-0.1,-0.36,-122.52,-72.39,84.56,1
1746816775.943168,-2.0,-0.41,-0.76,2.33,5.53,-4.21,0.02,-0.05,0.07,-2.84,-94.52,108.5,1
1746816775.957362,-2.0,-0.41,-0.74,4.15,1.91,-6.76,1.15,0.3,-0.74,-197.6,75.22,36.41,1
1746816775.97341,-2.0,-0.4,-0.73,4.18,0.71,-11.91,-0.05,0.23,0.66,-97.63,98.02,12.21,1
1746816775.987701,-2.0,-0.39,-0.74,4.27,-0.92,-14.29,0.98,-0.01,-0.47,-161.27,-15.47,20.05,1
1746816776.002998,-2.0,-0.4,-0.76,1.7,1.15,-16.5,-0.51,0.08,0.98,-144.08,-74.61,19.05,1
1746816776.018032,-2.0,-0.4,-0.76,2.6,-9.39,-11.51,0.22,-0.11,0.34,-153.56,37.08,-19.95,1
1746816776.032454,-2.0,-0.42,-0.64,7.91,-8.07,-8.32,0.1,0.13,0.41,-192.09,-141.11,-24.79,1
1746816776.04842,-2.0,-0.34,-0.67,-5.95,-3.71,-14.23,0.36,0.1,0.2,-194.91,-29.89,-44.11,1
1746816776.063643,-2.0,-0.38,-0.75,-0.49,-4.1,-9.81,0.2,0.0,0.33,-162.3,-24.81,-42.98,1
1746816776.077237,-2.0,-0.37,-0.75,-6.11,3.31,-13.25,0.17,0.04,0.38,-151.77,-65.48,-41.52,1
1746816776.092923,-2.0,-0.38,-0.71,-4.58,-9.31,-7.48,0.07,0.02,0.58,-189.3,7.9,-75.4,1
1746816776.101394,-2.0,-0.39,-0.74,-5.6,-6.76,-7.63,-0.02,-0.02,0.64,-130.45,-105.56,-51.72,1
1746816776.123175,-2.0,-0.38,-0.73,-10.0,-0.37,-8.35,1.22,-0.26,-0.45,-84.22,-15.29,-32.13,1
1746816776.137617,-2.0,-0.38,-0.74,-15.46,-7.89,-7.22,0.13,-0.13,0.52,-86.44,-102.12,-44.95,1
1746816776.153197,-2.0,-0.4,-0.73,-13.79,-6.31,-5.31,0.14,0.01,0.47,-31.65,-151.92,-32.56,1
1746816776.168104,-2.0,-0.42,-0.72,-14.08,-3.56,-4.65,0.63,0.15,0.01,-92.71,-191.82,-47.9,1
1746816776.183045,-2.0,-0.42,-0.72,-14.61,-8.53,-2.75,0.59,0.19,0.08,-99.35,33.7,-48.72,1
1746816776.200069,-2.0,-0.43,-0.72,-13.73,-5.27,-3.29,0.44,-0.04,0.12,-62.23,-6.16,-14.6,1
1746816776.21471,-2.0,-0.44,-0.72,-14.11,-4.59,-2.43,0.36,0.01,0.3,-74.92,-125.22,-22.43,1
1746816776.228224,-2.0,-0.45,-0.72,-14.04,-4.51,-0.44,1.04,-0.27,-0.5,-17.79,-72.21,16.12,1
1746816776.243013,-2.0,-0.44,-0.72,-14.57,-4.63,1.08,0.73,-0.04,0.12,26.89,3.41,8.08,1
1746816776.257953,-2.0,-0.45,-0.72,-13.05,-2.6,2.43,0.86,0.0,0.03,21.51,68.81,-20.96,1
1746816776.273175,-2.0,-0.46,-0.72,-13.22,0.21,3.47,0.64,-0.07,0.1,38.39,-26.68,-8.63,1
1746816776.28841,-2.0,-0.46,-0.73,-13.02,-3.56,5.62,1.11,-0.09,-0.21,10.89,135.2,-28.95,1
1746816776.302995,-2.0,-0.48,-0.73,-11.45,-3.86,6.2,0.37,-0.23,0.37,2.71,-5.2,12.73,1
1746816776.317383,-2.0,-0.46,-0.72,-11.0,-3.14,5.91,0.46,-0.06,0.42,0.55,-100.98,16.08,1
1746816776.333151,-2.0,-0.47,-0.73,-11.75,-1.66,4.52,-0.24,-0.22,0.56,34.33,-250.14,83.34,1
1746816776.349119,-2.0,-0.48,-0.73,-9.76,-2.4,5.61,1.09,-0.1,-0.35,-12.18,132.21,-10.85,1
1746816776.363451,-2.0,-0.47,-0.74,-10.47,1.05,5.02,0.58,-0.06,0.46,-48.8,-60.29,-5.76,1
1746816776.378384,-2.0,-0.48,-0.73,-9.42,0.76,6.6,0.86,-0.05,0.24,-32.15,7.53,-10.4,1
1746816776.393066,-2.0,-0.49,-0.73,-7.6,0.89,8.24,0.68,-0.11,0.34,-16.88,-72.76,5.05,1
1746816776.407461,-2.0,-0.48,-0.75,-5.97,0.71,9.12,1.1,-0.18,-0.13,3.42,21.87,1.3,1
1746816776.423176,-2.0,-0.48,-0.75,-4.36,1.79,10.15,0.84,-0.08,0.19,7.21,40.71,-5.94,1
1746816776.438041,-2.0,-0.47,-0.75,-3.57,1.08,10.59,0.6,0.06,0.44,-43.27,-93.96,-2.99,1
1746816776.453187,-2.0,-0.46,-0.73,-2.56,0.01,9.92,1.13,-0.11,-0.12,-7.98,59.42,-9.56,1
1746816776.46736,-2.0,-0.45,-0.73,-2.11,1.47,7.98,0.77,-0.16,0.31,14.22,38.48,-2.57,1
1746816776.482502,-2.0,-0.46,-0.72,-0.62,-0.25,7.69,0.8,-0.03,0.35,44.59,67.6,-4.21,1
1746816776.499169,-2.0,-0.45,-0.73,0.7,-1.66,9.02,0.67,0.06,0.48,18.08,18.56,-10.46,1
1746816776.51264,-2.0,-0.45,-0.73,2.49,0.22,10.13,0.78,0.08,0.32,5.81,10.19,-15.77,1
1746816776.527497,-2.0,-0.44,-0.74,1.7,-0.69,9.5,0.76,0.15,0.26,4.85,9.44,-14.32,1
1746816776.543,-2.0,-0.43,-0.73,2.29,-2.23,8.47,0.74,0.21,0.24,14.89,22.97,-2.03,1
1746816776.557427,-2.0,-0.42,-0.71,1.15,2.61,4.25,0.51,0.24,0.33,28.23,10.27,11.31,1
1746816776.573187,-2.0,-0.41,-0.69,1.08,5.1,0.73,0.54,0.24,0.23,28.34,4.95,22.87,1
1746816776.587607,-2.0,-0.41,-0.68,2.13,5.41,-4.68,0.42,0.24,0.18,43.11,18.7,34.8,1
1746816776.602176,-2.0,-0.41,-0.66,4.08,4.72,-12.94,0.42,0.27,0.02,65.3,22.66,51.18,1
1746816776.617095,-2.0,-0.41,-0.67,7.3,3.35,-22.32,0.35,0.27,-0.0,77.0,17.21,64.14,1
1746816776.632393,-2.0,-0.38,-0.66,9.44,-4.52,-30.31,0.42,0.31,-0.03,83.6,27.92,73.45,1
1746816776.648803,-2.0,-0.33,-0.72,7.92,-10.33,-32.81,0.44,0.33,-0.08,68.14,35.73,81.97,1
1746816776.66231,-2.0,-0.32,-0.76,1.08,-10.59,-26.77,0.36,0.34,-0.08,49.08,59.82,88.47,1
1746816776.677482,-2.0,-0.42,-0.79,-9.63,-6.63,-19.89,0.27,0.27,-0.03,24.69,66.31,91.39,1
1746816776.692997,-2.0,-0.35,-0.76,-6.83,-6.03,-3.79,0.31,0.05,-0.0,18.34,74.49,94.19,1
1746816776.707447,-2.0,-0.39,-0.79,-9.95,-0.84,10.07,0.26,-0.16,0.18,31.43,69.81,95.66,1
1746816776.722925,-2.0,-0.38,-0.8,-12.56,8.57,21.63,0.53,-0.28,0.04,55.18,81.52,95.95,1
1746816776.737552,-2.0,-0.4,-0.78,-15.92,9.43,29.14,0.5,-0.35,0.14,87.36,108.73,92.37,1
1746816776.752527,-2.0,-0.4,-0.78,-17.72,9.3,32.98,0.59,-0.33,-0.01,106.75,136.37,79.47,0
1746816776.768017,-2.0,-0.4,-0.76,-19.23,8.48,32.42,0.31,-0.14,0.36,109.59,128.76,70.47,0
1746816776.782184,-2.0,-0.42,-0.74,-18.55,9.19,28.98,0.32,-0.12,0.28,103.43,151.97,58.18,0
1746816776.797989,-2.0,-0.44,-0.72,-17.53,11.27,22.15,0.46,-0.14,0.21,80.76,142.54,43.78,0
1746816776.812449,-2.0,-0.44,-0.71,-14.87,13.82,15.76,0.34,-0.08,0.49,77.24,142.54,32.21,0
1746816776.828061,-2.0,-0.46,-0.73,-10.97,13.11,10.19,0.38,-0.14,0.37,88.25,113.1,28.21,0
1746816776.842997,-2.0,-0.44,-0.76,-7.49,7.92,4.78,0.46,-0.04,0.3,91.01,121.07,22.63,0
1746816776.857717,-2.0,-0.42,-0.74,-6.37,4.18,-2.25,0.4,-0.09,0.31,103.86,125.62,14.67,0
1746816776.873194,-2.0,-0.41,-0.74,-6.84,4.0,-5.87,0.61,-0.05,0.15,122.39,135.54,9.7,0
1746816776.887301,-2.0,-0.4,-0.74,-7.81,3.73,-5.02,0.53,-0.02,0.27,133.66,136.59,-11.33,0
1746816776.902087,-2.0,-0.4,-0.77,-9.56,2.8,-1.48,0.31,0.05,0.48,147.56,121.65,-34.56,0
1746816776.917734,-2.0,-0.38,-0.78,-11.43,0.21,1.54,0.35,0.13,0.32,147.04,132.63,-44.4,0
1746816776.933328,-2.0,-0.39,-0.77,-13.21,-1.55,2.46,0.31,0.08,0.21,152.34,158.89,-63.47,0
1746816776.9483,-2.0,-0.4,-0.74,-15.18,-2.34,3.35,0.16,0.19,0.24,165.15,200.57,-82.22,0
1746816776.962528,-2.0,-0.42,-0.74,-15.43,-2.67,7.7,-0.02,0.48,0.3,183.85,190.21,-89.41,0
1746816776.978114,-2.0,-0.43,-0.76,-14.89,-4.75,12.33,-0.32,0.69,0.6,182.02,98.56,-105.56,0
1746816776.992953,-2.0,-0.43,-0.77,-14.89,-7.56,14.62,-0.03,0.75,0.16,171.82,66.99,-112.78,0
1746816777.001635,-2.0,-0.43,-0.74,-13.97,-8.66,11.85,-0.22,0.84,0.17,164.67,182.15,-122.04,0
1746816777.023129,-2.0,-0.41,-0.72,-12.52,-8.73,4.33,-0.33,0.8,0.12,147.33,159.76,-116.15,0
1746816777.037787,-2.0,-0.39,-0.74,-11.22,-8.4,-3.31,-0.54,0.86,0.32,183.11,139.1,-104.44,0
1746816777.053337,-2.0,-0.39,-0.76,-11.76,-11.12,-8.62,-0.59,1.01,0.18,202.33,154.47,-109.34,0
1746816777.067541,-2.0,-0.4,-0.77,-12.66,-11.53,-11.06,-0.55,1.16,0.25,178.73,183.77,-115.96,0
1746816777.083123,-2.0,-0.41,-0.74,-13.11,-16.47,-12.5,-0.55,1.08,0.3,173.43,184.69,-121.23,0
1746816777.098772,-2.0,-0.41,-0.73,-13.27,-16.0,-14.27,-0.62,0.94,0.39,168.24,173.12,-105.63,0
1746816777.113572,-2.0,-0.39,-0.7,-12.13,-17.8,-14.37,-0.66,0.85,0.42,166.56,165.58,-101.4,0
1746816777.128419,-2.0,-0.37,-0.71,-12.57,-17.27,-13.02,-0.94,0.9,0.7,160.13,146.71,-113.47,0
1746816777.143138,-2.0,-0.36,-0.72,-14.85,-12.71,-10.88,-0.88,0.86,0.68,148.25,121.37,-125.69,0
1746816777.157434,-2.0,-0.35,-0.74,-16.78,-16.24,-5.56,-0.93,0.89,0.72,176.35,74.09,-113.75,0
1746816777.173189,-2.0,-0.37,-0.74,-18.82,-16.01,1.01,-0.79,0.82,0.43,193.03,60.12,-98.76,0
1746816777.187307,-2.0,-0.39,-0.74,-20.69,-17.37,7.95,-0.92,0.84,0.59,196.68,25.34,-102.1,0
1746816777.203188,-2.0,-0.4,-0.72,-22.09,-16.46,10.68,-0.95,0.84,0.4,209.93,-27.17,-102.2,0
1746816777.21826,-2.0,-0.4,-0.72,-22.39,-16.59,9.75,-0.81,0.92,-0.02,213.7,-33.36,-108.69,0
1746816777.23336,-2.0,-0.4,-0.72,-22.71,-15.49,3.23,-1.13,0.99,0.12,182.91,-64.39,-136.1,0
1746816777.249413,-2.0,-0.39,-0.74,-22.9,-10.95,-12.79,-0.98,0.96,-0.21,165.37,-48.98,-165.38,0
1746816777.262736,-2.0,-0.42,-0.77,-22.5,-13.38,-34.5,-1.0,0.82,-0.37,209.74,74.25,-170.17,0
1746816777.271601,-2.0,-0.45,-0.78,-20.02,-13.27,-54.15,-1.35,0.75,-0.14,250.13,9.9,-174.99,0
1746816777.293155,-2.0,-0.48,-0.76,-17.71,-10.6,-71.73,-1.3,0.87,-0.28,250.13,-54.24,-174.53,0
1746816777.308369,-2.0,-0.49,-0.76,-15.05,-9.49,-84.3,-1.29,1.34,-0.43,250.13,-1.28,-154.0,0
1746816777.323275,-2.0,-0.52,-0.74,-11.44,-8.86,-87.25,-1.28,1.74,-0.29,190.55,50.24,-145.18,0
1746816777.337644,-2.0,-0.53,-0.77,-9.82,-5.02,-82.66,-1.23,2.0,-0.12,21.06,65.87,-142.26,0
1746816777.352995,-2.0,-0.48,-0.75,-8.26,2.32,-72.21,-1.1,1.33,-0.3,-112.64,-4.21,-145.56,0
1746816777.368229,-2.0,-0.51,-0.72,-1.44,1.0,-52.92,-1.42,1.11,0.23,-184.37,-140.93,-149.24,0
1746816777.383339,-2.0,-0.48,-0.74,-1.27,7.85,-38.29,-0.87,0.47,-0.5,-135.72,103.0,-115.81,0
1746816777.398558,-2.0,-0.43,-0.74,-7.6,19.0,-26.4,-1.47,0.39,0.2,-108.25,-105.66,-112.56,0
1746816777.413522,-2.0,-0.43,-0.85,-1.35,13.05,-10.89,-0.81,0.36,-0.52,-33.83,61.55,-86.02,0
1746816777.429153,-2.0,-0.41,-0.78,-0.95,12.72,-2.47,-1.49,0.45,0.2,39.56,-52.11,-83.51,0
1746816777.442995,-2.0,-0.42,-0.77,5.24,-6.26,8.71,-1.12,0.82,-0.22,-11.94,-128.92,-107.43,0
1746816777.458368,-2.0,-0.39,-0.73,3.49,0.16,10.04,-1.4,0.75,0.11,-22.6,99.69,-125.18,0
1746816777.471371,-2.0,-0.38,-0.8,2.18,9.81,11.93,-1.32,0.74,-0.09,13.55,70.47,-111.16,0
1746816777.488255,-2.0,-0.4,-0.78,6.31,4.85,16.24,-1.09,0.83,-0.25,21.48,-35.4,-95.79,0
1746816777.502935,-2.0,-0.39,-0.77,5.19,9.24,15.47,-1.16,0.91,-0.06,-7.31,-77.15,-84.02,0
1746816777.517551,-2.0,-0.37,-0.76,4.18,12.5,16.13,-0.9,0.82,-0.33,-73.88,-8.53,-66.51,0
1746816777.533223,-2.0,-0.35,-0.76,4.65,13.4,17.07,-0.95,0.71,-0.22,-125.84,71.66,-70.47,0
1746816777.548438,-2.0,-0.35,-0.74,6.93,11.2,19.63,-0.93,0.55,-0.26,-43.26,67.18,-43.15,0
1746816777.56272,-2.0,-0.34,-0.73,3.02,12.94,19.1,-1.06,0.56,-0.06,39.72,-9.56,-11.21,0
1746816777.577088,-2.0,-0.34,-0.73,5.75,9.02,24.17,-0.82,0.49,-0.4,65.48,104.21,6.24,0
1746816777.592646,-2.0,-0.3,-0.73,3.88,9.37,24.82,-1.1,0.49,-0.12,93.85,60.88,14.9,0
1746816777.617436,-2.0,-0.29,-0.75,1.18,9.29,24.85,-1.09,0.51,-0.13,81.56,-26.0,-0.92,0
1746816777.622051,-2.0,-0.28,-0.74,-4.07,8.91,20.82,-0.89,0.51,-0.34,89.34,-12.02,-0.82,0
1746816777.637426,-2.0,-0.31,-0.76,-4.55,7.47,17.48,-1.13,0.58,-0.01,82.92,-156.71,-4.63,0
1746816777.653013,-2.0,-0.31,-0.77,-5.66,9.18,12.92,-0.47,0.55,-0.87,38.02,66.92,12.4,0
1746816777.667869,-2.0,-0.35,-0.8,-6.3,-7.53,16.65,-1.27,0.4,0.09,39.82,-6.68,16.2,0
1746816777.683228,-2.0,-0.41,-0.81,-8.61,0.74,17.53,-0.92,0.38,-0.35,26.37,-15.39,14.52,0
1746816777.699111,-2.0,-0.47,-0.88,-9.8,2.72,22.93,-0.89,0.36,-0.31,-21.4,52.51,-8.98,0
1746816777.713533,-2.0,-0.36,-0.69,-25.72,7.58,15.22,-0.98,0.42,-0.08,-18.29,-103.56,-4.89,0
1746816777.728126,-2.0,-0.42,-0.74,-21.63,-11.34,28.36,-0.46,0.44,-0.78,-68.34,152.38,-4.79,0
1746816777.744176,-2.0,-0.44,-0.77,-20.94,1.63,31.18,-0.98,0.26,-0.17,-36.5,144.32,11.62,0
1746816777.75844,-2.0,-0.47,-0.76,-13.63,3.68,35.81,-0.92,0.28,-0.34,-13.82,179.13,19.09,0
1746816777.772929,-2.0,-0.46,-0.74,-14.53,-1.08,32.85,-1.04,0.27,-0.23,0.47,111.21,19.7,0
1746816777.78842,-2.0,-0.47,-0.76,-8.5,2.28,33.17,-0.97,0.29,-0.3,5.98,22.98,12.99,0
1746816777.802484,-2.0,-0.48,-0.77,1.85,2.99,31.94,-1.01,0.31,-0.29,1.3,16.99,7.27,0
1746816777.817335,-2.0,-0.47,-0.76,7.17,2.7,27.11,-0.85,0.3,-0.46,2.44,22.92,7.27,0
1746816777.834278,-2.0,-0.45,-0.76,7.6,2.95,19.56,-0.82,0.31,-0.5,8.62,87.09,14.09,0
1746816777.849161,-2.0,-0.41,-0.74,5.34,0.52,14.47,-1.12,0.3,-0.22,2.5,24.38,3.05,0
1746816777.862894,-2.0,-0.41,-0.77,8.44,2.52,14.31,-0.97,0.29,-0.35,0.22,-28.98,-4.92,0
1746816777.871338,-2.0,-0.4,-0.72,4.13,6.14,12.69,-0.96,0.27,-0.34,10.82,-68.11,-0.9,0
1746816777.892964,-2.0,-0.36,-0.81,-1.16,11.41,10.49,-0.81,0.3,-0.46,-9.34,-19.85,1.07,0
1746816777.907099,-2.0,-0.37,-0.77,-0.73,15.82,10.6,-0.88,0.28,-0.4,-18.37,69.58,7.53,0
1746816777.922826,-2.0,-0.36,-0.72,4.23,8.72,14.6,-0.95,0.27,-0.36,-3.33,46.75,8.58,0
1746816777.937915,-2.0,-0.35,-0.74,-2.52,12.29,9.81,-0.92,0.31,-0.39,27.02,37.53,15.93,0
1746816777.952991,-2.0,-0.34,-0.74,-2.12,13.88,7.05,-1.05,0.36,-0.28,16.04,-13.17,4.21,0
1746816777.968605,-2.0,-0.33,-0.76,-1.98,20.44,3.63,-0.94,0.34,-0.4,30.89,-37.14,-0.51,0
1746816777.982185,-2.0,-0.35,-0.73,0.86,7.66,6.5,-0.92,0.36,-0.4,50.23,-35.34,4.98,0
1746816777.997241,-2.0,-0.36,-0.74,4.07,6.01,8.95,-0.87,0.32,-0.45,61.08,-20.82,12.03,0
1746816778.012508,-2.0,-0.35,-0.74,1.5,1.82,9.29,-0.53,0.42,-0.57,47.48,2.42,29.11,0
1746816778.02748,-2.0,-0.36,-0.75,3.25,0.97,11.48,-1.52,0.22,0.22,78.92,-97.92,11.54,0
1746816778.042356,-2.0,-0.34,-0.72,1.04,-6.12,12.32,-0.35,0.29,-0.82,14.66,-64.45,-1.55,0
1746816778.057319,-2.0,-0.38,-0.73,6.12,4.47,14.37,-0.93,0.19,-0.52,20.53,15.71,9.54,0
1746816778.072646,-2.0,-0.36,-0.76,-3.31,10.81,8.99,-0.51,0.32,-0.75,-36.18,-49.27,16.15,0
1746816778.087407,-2.0,-0.38,-0.71,-1.41,-8.68,14.17,-1.01,0.39,-0.23,-75.61,16.99,5.68,0
1746816778.102699,-2.0,-0.38,-0.74,-7.39,11.82,10.95,-0.84,0.28,-0.42,-85.02,38.98,3.15,0
1746816778.118524,-2.0,-0.4,-0.75,-5.4,16.18,14.84,-0.93,0.31,-0.37,-71.59,69.36,-0.57,0
1746816778.133493,-2.0,-0.38,-0.75,-10.73,24.24,11.5,-0.93,0.29,-0.38,-19.82,36.99,4.25,0
1746816778.147385,-2.0,-0.42,-0.73,-8.02,19.9,12.46,-0.86,0.3,-0.38,28.73,-48.54,15.39,0
1746816778.162561,-2.0,-0.4,-0.75,-8.53,26.11,6.75,-1.09,0.36,-0.16,26.34,-35.31,11.5,1
1746816778.177317,-2.0,-0.42,-0.73,-9.51,19.57,2.35,-0.73,0.36,-0.51,0.4,-0.43,8.39,1
1746816778.191996,-2.0,-0.42,-0.7,-10.07,4.92,2.73,-0.9,0.41,-0.36,-14.95,9.09,5.83,1
1746816778.201287,-2.0,-0.43,-0.73,-6.73,5.63,5.22,-0.94,0.44,-0.33,-17.19,11.11,8.4,1
1746816778.221978,-2.0,-0.39,-0.68,-7.05,3.67,7.11,-0.88,0.45,-0.4,-10.73,-17.68,19.13,1
1746816778.237281,-2.0,-0.43,-0.74,-8.89,4.24,9.47,-1.0,0.47,-0.29,-19.98,20.29,23.64,1
1746816778.252448,-2.0,-0.44,-0.78,-5.89,0.88,14.21,-1.01,0.51,-0.27,-24.51,-15.55,23.4,1
1746816778.26842,-2.0,-0.43,-0.71,-6.15,-5.53,17.32,-0.93,0.55,-0.31,-25.44,28.24,34.14,1
1746816778.283687,-2.0,-0.43,-0.73,-6.98,10.57,14.41,-1.09,0.55,-0.18,-25.53,-22.66,33.73,1
1746816778.298929,-2.0,-0.42,-0.72,-9.61,-4.47,13.21,-0.95,0.58,-0.32,-10.2,-18.7,40.82,1
1746816778.31258,-2.0,-0.44,-0.76,-9.01,-3.47,10.18,-1.0,0.68,-0.29,-15.38,-44.1,45.89,1
1746816778.327234,-2.0,-0.44,-0.72,-9.44,-5.73,7.5,-1.07,0.84,-0.25,-35.25,-61.58,56.91,1
1746816778.342914,-2.0,-0.44,-0.74,-11.6,-6.1,4.44,-1.01,0.84,-0.34,-41.63,-13.79,85.76,1
1746816778.35738,-2.0,-0.46,-0.75,-10.33,9.6,3.73,-1.12,0.86,-0.27,-69.08,-47.48,96.75,1
1746816778.373144,-2.0,-0.48,-0.73,-9.33,2.91,7.51,-1.1,0.89,-0.3,-72.62,-27.8,113.15,1
1746816778.387629,-2.0,-0.48,-0.72,-9.58,8.2,8.73,-0.98,0.83,-0.36,-55.6,18.47,133.96,1
1746816778.402503,-2.0,-0.46,-0.71,-8.58,2.73,8.98,-1.06,0.89,-0.22,-21.89,85.09,155.44,1
1746816778.418018,-2.0,-0.46,-0.72,-6.46,4.37,6.56,-1.33,0.98,0.03,-11.55,31.47,167.82,1
1746816778.43357,-2.0,-0.45,-0.74,-4.69,4.33,3.56,-1.3,1.04,-0.01,7.31,-56.31,180.09,1
1746816778.447172,-2.0,-0.45,-0.73,-5.89,1.46,1.05,-1.17,1.19,0.04,3.02,-104.31,185.05,1
1746816778.46236,-2.0,-0.46,-0.74,-6.35,2.95,0.37,-1.13,1.27,0.2,-14.2,-135.67,179.47,1
1746816778.478169,-2.0,-0.46,-0.73,-5.63,-6.54,3.42,-1.07,1.28,0.3,-41.89,-136.08,171.98,1
1746816778.492986,-2.0,-0.44,-0.69,-7.56,0.98,2.07,-0.91,1.35,0.28,-57.73,-103.79,171.77,1
1746816778.507746,-2.0,-0.41,-0.7,-9.48,-4.66,4.2,-0.95,1.41,0.4,-54.79,-140.63,177.77,1
1746816778.52318,-2.0,-0.42,-0.7,-9.21,3.73,5.39,-0.94,1.42,0.42,-41.41,-161.72,191.2,1
1746816778.537434,-2.0,-0.4,-0.71,-9.79,3.47,9.92,-1.01,1.57,0.52,-43.19,-250.14,203.5,1
1746816778.553317,-2.0,-0.39,-0.69,-12.25,1.21,14.38,-0.64,1.6,0.09,-79.76,-178.24,209.17,1
1746816778.567923,-2.0,-0.4,-0.73,-14.98,4.69,18.68,-0.92,1.61,0.37,-106.92,-103.52,208.26,1
1746816778.583126,-2.0,-0.41,-0.72,-18.75,5.37,22.47,-0.82,1.58,0.18,-100.91,-66.31,200.29,1
1746816778.597374,-2.0,-0.42,-0.73,-21.52,14.82,24.98,-0.98,1.51,0.25,-97.08,-195.05,212.07,1
1746816778.612674,-2.0,-0.45,-0.71,-23.08,9.85,28.97,-0.9,1.46,0.17,-122.71,-108.24,222.55,1
1746816778.627323,-2.0,-0.46,-0.75,-27.02,8.43,30.52,-0.91,1.26,0.12,-125.74,-132.53,227.3,1
1746816778.643243,-2.0,-0.46,-0.75,-25.81,11.14,32.41,-0.82,1.33,0.02,-133.44,-137.56,224.53,1
1746816778.658396,-2.0,-0.49,-0.74,-25.56,10.94,32.44,-0.72,1.21,-0.01,-125.34,-135.88,220.44,1
1746816778.672744,-2.0,-0.54,-0.74,-18.39,14.37,34.72,-0.67,1.32,0.03,-132.79,-134.82,215.65,1
1746816778.688049,-2.0,-0.52,-0.74,-15.83,18.9,31.63,-0.55,1.25,0.01,-131.79,-114.74,210.85,1
1746816778.701142,-2.0,-0.52,-0.73,-6.93,15.07,28.92,-0.54,1.01,0.13,-126.82,-120.59,206.33,1
1746816778.718318,-2.0,-0.47,-0.73,-3.91,17.5,18.41,-0.43,1.11,0.09,-136.31,-110.11,198.86,1
1746816778.732176,-2.0,-0.42,-0.74,-0.29,14.34,8.19,-0.34,1.0,0.11,-127.21,-104.38,189.78,1
1746816778.741056,-2.0,-0.41,-0.75,-0.25,11.21,-0.34,-0.28,0.98,0.14,-142.99,-110.52,179.09,1
1746816778.763137,-2.0,-0.39,-0.76,0.69,13.11,-3.46,-0.15,0.89,0.11,-142.35,-109.76,174.59,1
1746816778.778113,-2.0,-0.37,-0.78,-2.78,10.47,-2.69,-0.06,0.74,0.1,-142.3,-111.85,166.91,1
1746816778.793226,-2.0,-0.37,-0.75,-4.67,11.31,1.44,0.02,0.53,0.09,-97.41,-64.08,147.89,1
1746816778.807427,-2.0,-0.38,-0.75,-6.24,7.69,7.24,0.24,0.53,0.0,-71.46,-68.85,139.34,1
1746816778.823188,-2.0,-0.38,-0.75,-6.0,6.72,11.66,0.23,0.51,0.15,-51.92,-64.34,128.46,1
1746816778.837839,-2.0,-0.4,-0.75,-5.02,5.55,13.11,0.22,0.6,0.23,-93.27,-75.18,112.59,1
1746816778.852924,-2.0,-0.41,-0.74,-5.85,3.44,12.73,0.32,0.52,0.17,-109.61,-35.66,108.76,1
1746816778.867941,-2.0,-0.42,-0.74,-4.32,5.06,11.93,0.25,0.54,0.21,-179.08,-92.08,105.22,1
1746816778.884194,-2.0,-0.44,-0.73,-3.8,3.45,10.63,0.15,0.38,0.41,-175.63,-8.31,77.36,1
1746816778.897623,-2.0,-0.44,-0.73,-2.53,2.58,8.84,0.32,0.3,0.18,-175.22,-1.07,62.65,1
1746816778.913248,-2.0,-0.44,-0.73,-0.73,2.89,5.01,0.36,0.25,0.19,-180.71,-7.47,35.22,1
1746816778.927381,-2.0,-0.42,-0.73,2.45,1.16,-0.84,0.2,0.23,0.34,-148.5,-27.96,32.57,1
1746816778.942922,-2.0,-0.4,-0.73,3.74,0.74,-8.31,0.27,0.23,0.27,-133.12,-64.5,23.95,1
1746816778.958312,-2.0,-0.38,-0.71,3.81,-7.71,-13.5,0.28,0.23,0.23,-113.4,-42.31,15.31,1
1746816778.97337,-2.0,-0.38,-0.75,5.31,-3.92,-16.55,0.24,0.24,0.26,-104.57,-54.95,11.99,1
1746816778.987235,-2.0,-0.36,-0.74,5.53,-4.28,-16.93,0.31,0.26,0.19,-98.94,-47.49,10.74,1
1746816779.002399,-2.0,-0.35,-0.75,3.92,-1.36,-17.33,0.34,0.26,0.18,-109.05,-35.17,3.52,1
1746816779.017423,-2.0,-0.34,-0.75,2.5,-0.42,-16.96,0.33,0.25,0.22,-117.93,-34.4,-0.57,1
1746816779.033418,-2.0,-0.33,-0.74,0.81,-2.52,-15.8,0.31,0.25,0.2,-138.53,-41.66,-8.12,1
1746816779.04832,-2.0,-0.34,-0.73,-1.8,-5.15,-14.62,0.31,0.21,0.25,-159.12,-39.1,-20.98,1
1746816779.062988,-2.0,-0.34,-0.73,-4.31,-5.95,-13.06,0.31,0.14,0.21,-156.5,-11.59,-29.87,1
1746816779.078036,-2.0,-0.35,-0.72,-6.08,-5.44,-11.44,0.31,0.09,0.17,-155.65,2.24,-43.65,1
1746816779.092944,-2.0,-0.37,-0.7,-6.95,-7.39,-9.55,0.25,0.01,0.21,-135.95,1.54,-34.49,1
1746816779.10791,-2.0,-0.38,-0.7,-8.43,-8.03,-8.57,0.23,-0.03,0.26,-92.15,-39.4,-12.47,1
1746816779.122168,-2.0,-0.36,-0.73,-8.87,-10.47,-7.95,0.4,-0.05,0.19,-55.73,-63.71,7.14,1
1746816779.137307,-2.0,-0.38,-0.73,-11.04,-11.72,-8.19,0.52,-0.07,0.17,-33.68,-54.25,11.5,1
1746816779.152761,-2.0,-0.38,-0.75,-12.31,-11.88,-7.68,0.58,-0.04,0.1,-34.27,-61.18,9.63,1
1746816779.167902,-2.0,-0.4,-0.74,-14.98,-9.03,-7.31,0.55,-0.06,0.06,-50.69,-42.99,-4.69,1
1746816779.182899,-2.0,-0.42,-0.73,-16.2,-7.86,-3.89,0.5,-0.14,0.07,-45.8,-48.91,-9.79,1
1746816779.197676,-2.0,-0.44,-0.72,-17.02,-6.15,0.06,0.59,-0.21,-0.06,-22.79,-53.57,-4.58,1
1746816779.21173,-2.0,-0.45,-0.72,-17.15,-4.26,1.65,0.63,-0.15,-0.1,2.34,-53.83,2.56,1
1746816779.227704,-2.0,-0.46,-0.71,-16.02,-3.26,2.15,0.71,-0.11,-0.12,15.92,-66.17,16.18,1
1746816779.242687,-2.0,-0.47,-0.72,-15.11,-2.37,1.25,0.66,-0.03,-0.04,15.58,-93.66,23.8,1
1746816779.257768,-2.0,-0.47,-0.73,-13.32,-1.8,1.24,0.75,-0.01,-0.07,-8.94,-113.61,25.18,1
1746816779.272955,-2.0,-0.48,-0.76,-11.84,-1.66,2.34,0.75,-0.05,-0.06,-39.33,-127.24,25.15,1
1746816779.287925,-2.0,-0.48,-0.75,-11.91,-0.15,3.46,1.06,-0.17,-0.2,-35.82,-48.68,30.12,1
1746816779.302199,-2.0,-0.5,-0.77,-11.18,0.91,6.39,0.88,-0.29,-0.05,-29.37,54.87,11.82,1
1746816779.317828,-2.0,-0.51,-0.75,-9.28,2.21,9.44,0.75,-0.33,0.21,-1.89,59.36,17.25,1
1746816779.333555,-2.0,-0.5,-0.74,-7.18,2.87,10.83,0.75,-0.39,0.21,-12.22,27.2,8.26,1
1746816779.349734,-2.0,-0.49,-0.74,-5.27,3.65,9.85,0.71,-0.29,0.3,-25.04,-4.73,-0.5,1
1746816779.363308,-2.0,-0.49,-0.72,-4.01,4.24,7.79,0.83,-0.25,0.17,-19.47,4.73,-5.72,1
1746816779.377428,-2.0,-0.49,-0.71,-2.19,3.05,6.64,0.78,-0.22,0.2,-3.5,16.35,-7.18,1
1746816779.392996,-2.0,-0.48,-0.7,-1.28,2.5,6.26,0.81,-0.2,0.24,7.66,13.34,-7.02,1
1746816779.407413,-2.0,-0.48,-0.72,-1.12,2.36,6.7,0.81,-0.18,0.25,14.04,4.88,-4.94,1
1746816779.422309,-2.0,-0.46,-0.74,-0.98,3.26,8.1,0.85,-0.14,0.22,18.4,5.71,-3.22,1
1746816779.437145,-2.0,-0.45,-0.74,-1.83,3.12,9.17,0.86,-0.07,0.2,13.16,11.83,-5.59,1
1746816779.453247,-2.0,-0.46,-0.75,-2.67,5.84,10.37,0.8,-0.03,0.25,-4.46,10.75,-11.25,1
1746816779.467653,-2.0,-0.45,-0.75,-0.68,6.08,10.69,0.8,-0.03,0.26,-16.69,12.66,-14.03,1
1746816779.482896,-2.0,-0.45,-0.75,-1.11,3.24,8.36,0.83,-0.03,0.25,-16.3,22.96,-13.47,1
1746816779.497343,-2.0,-0.46,-0.75,2.39,4.11,5.7,0.81,-0.02,0.29,-11.95,29.76,-11.03,1
1746816779.512667,-2.0,-0.46,-0.76,3.23,5.88,1.03,0.8,0.0,0.29,-7.68,32.65,-8.35,1
1746816779.526914,-2.0,-0.46,-0.7,12.24,-5.53,1.66,0.76,0.03,0.32,-7.33,33.35,-7.7,1
1746816779.542881,-2.0,-0.44,-0.71,10.64,-6.86,-2.94,0.7,0.04,0.32,-4.98,33.38,-5.08,1
1746816779.5582,-2.0,-0.4,-0.71,13.51,-3.82,-1.4,0.65,0.04,0.3,2.83,27.7,0.48,1
1746816779.572989,-2.0,-0.35,-0.71,4.6,-2.02,-3.68,0.66,0.05,0.27,18.2,25.62,10.51,1
1746816779.587404,-2.0,-0.31,-0.73,6.43,-4.35,5.39,0.67,0.11,0.22,32.04,25.82,19.08,1
1746816779.603364,-2.0,-0.42,-0.72,0.45,-3.26,8.6,0.62,0.19,0.19,33.14,32.69,25.92,1
1746816779.618038,-2.0,-0.39,-0.69,2.21,-8.4,15.72,0.54,0.22,0.16,28.16,33.76,33.76,1
1746816779.631871,-2.0,-0.37,-0.71,1.66,-9.43,20.34,0.5,0.2,0.12,26.53,38.11,43.25,0
1746816779.647228,-2.0,-0.36,-0.71,0.71,-6.86,19.56,0.48,0.15,0.08,34.11,42.94,54.08,0
1746816779.66202,-2.0,-0.36,-0.71,-2.36,-4.93,15.56,0.48,0.12,0.04,45.98,49.47,65.8,0
1746816779.677066,-2.0,-0.36,-0.72,-4.87,-6.36,10.78,0.44,0.12,0.07,55.62,44.76,79.89,0
1746816779.692539,-2.0,-0.37,-0.73,-6.18,-6.57,7.74,0.4,0.13,0.04,61.08,58.52,89.71,0
1746816779.707387,-2.0,-0.38,-0.72,-8.06,-6.52,5.76,0.36,0.13,0.08,52.66,60.73,93.35,0
1746816779.723119,-2.0,-0.37,-0.74,-11.31,-3.51,2.76,0.31,0.09,0.14,38.5,63.23,92.55,0
1746816779.737696,-2.0,-0.38,-0.75,-15.21,-0.95,1.5,0.27,0.02,0.22,29.27,60.32,92.85,0
1746816779.752062,-2.0,-0.4,-0.73,-16.15,3.39,2.69,0.22,-0.08,0.27,32.89,59.03,92.55,0
1746816779.768418,-2.0,-0.4,-0.72,-16.93,13.95,2.82,0.25,-0.16,0.26,46.18,49.91,89.78,0
1746816779.784371,-2.0,-0.41,-0.72,-15.7,14.24,4.67,0.34,-0.21,0.2,70.73,44.02,86.38,0
1746816779.798574,-2.0,-0.4,-0.73,-14.64,15.34,5.21,0.51,-0.18,0.12,96.38,53.11,83.07,0
1746816779.813598,-2.0,-0.38,-0.73,-14.14,8.21,4.67,0.53,-0.1,0.15,108.79,69.65,77.29,0
1746816779.828439,-2.0,-0.36,-0.75,-16.35,4.66,0.86,0.51,-0.1,0.12,109.96,92.46,64.51,0
1746816779.841188,-2.0,-0.38,-0.74,-18.13,0.63,-0.76,0.43,-0.16,0.16,110.14,103.18,49.18,0
1746816779.858361,-2.0,-0.4,-0.73,-19.03,2.28,-1.76,0.44,-0.17,0.29,108.86,99.76,29.96,0
1746816779.87318,-2.0,-0.43,-0.73,-17.36,1.34,-0.56,0.48,-0.11,0.35,106.27,124.89,7.54,0
1746816779.887258,-2.0,-0.44,-0.77,-14.94,-1.85,-0.3,0.49,-0.1,0.4,96.79,114.85,-8.73,0
1746816779.901214,-2.0,-0.42,-0.77,-13.37,-2.24,-2.94,0.55,-0.14,0.35,102.77,128.12,-19.86,0
1746816779.918804,-2.0,-0.42,-0.78,-13.51,-1.97,-5.12,0.49,-0.19,0.36,118.91,131.98,-32.72,0
1746816779.933817,-2.0,-0.42,-0.76,-14.79,-1.18,-4.9,0.46,-0.16,0.38,142.34,137.51,-49.5,0
1746816779.947391,-2.0,-0.44,-0.76,-14.7,-1.4,-3.23,0.38,-0.09,0.49,153.64,124.27,-74.3,0
1746816779.962447,-2.0,-0.45,-0.76,-13.37,0.97,-1.76,0.46,0.04,0.44,162.63,125.41,-81.11,0
1746816779.983456,-2.0,-0.41,-0.77,-12.69,-1.43,-2.61,0.17,0.05,0.72,187.41,75.89,-90.3,0
1746816779.992946,-2.0,-0.39,-0.77,-14.53,-1.77,-5.89,0.46,0.01,0.25,185.92,102.16,-106.51,0
1746816780.008186,-2.0,-0.4,-0.74,-16.02,-0.4,-5.68,0.07,-0.0,0.38,223.3,181.66,-131.3,0
1746816780.022879,-2.0,-0.41,-0.72,-17.5,-1.42,-1.63,0.11,0.03,0.19,250.13,146.08,-138.48,0
1746816780.037164,-2.0,-0.42,-0.73,-18.59,-3.98,3.55,-0.04,0.32,0.05,250.13,126.31,-146.24,0
1746816780.052963,-2.0,-0.43,-0.75,-19.27,-4.95,5.98,-0.06,0.54,-0.07,250.13,108.66,-153.37,0
1746816780.069003,-2.0,-0.44,-0.75,-18.43,-5.33,3.9,-0.08,0.54,-0.21,250.13,131.11,-163.69,0
1746816780.084011,-2.0,-0.43,-0.73,-16.11,-6.31,-0.83,-0.32,0.56,-0.16,250.13,154.86,-173.61,0
1746816780.097998,-2.0,-0.41,-0.74,-14.18,-7.89,-4.66,-0.52,0.48,-0.2,250.13,182.47,-199.53,0
1746816780.113093,-2.0,-0.4,-0.74,-13.62,-8.51,-4.94,-0.8,0.56,-0.19,250.13,209.21,-222.66,0
1746816780.128051,-2.0,-0.4,-0.75,-14.72,-9.15,-1.67,-1.08,0.91,-0.25,250.13,213.95,-243.61,0
1746816780.143125,-2.0,-0.42,-0.75,-15.35,-8.91,0.83,-1.25,1.24,-0.25,245.32,183.24,-247.03,0
1746816780.158672,-2.0,-0.42,-0.75,-15.47,-9.54,2.34,-1.13,1.3,-0.25,182.43,158.6,-250.14,0
1746816780.17344,-2.0,-0.43,-0.74,-14.18,-8.5,3.46,-1.23,1.22,0.01,107.85,124.5,-250.14,0
1746816780.18787,-2.0,-0.43,-0.74,-12.25,-6.98,3.71,-1.24,0.99,0.02,53.14,111.01,-250.14,0
1746816780.202889,-2.0,-0.43,-0.76,-11.31,-4.6,2.87,-1.35,0.72,0.02,52.44,79.67,-250.14,0
1746816780.217514,-2.0,-0.43,-0.77,-11.27,-2.34,1.94,-1.56,0.65,0.03,97.68,58.22,-247.17,0
1746816780.233306,-2.0,-0.44,-0.75,-11.3,-1.37,1.3,-1.56,0.65,-0.19,184.21,55.53,-216.72,0
1746816780.248238,-2.0,-0.44,-0.73,-9.67,-1.7,-1.49,-1.78,0.85,-0.18,246.71,46.15,-185.87,0
1746816780.263073,-2.0,-0.43,-0.72,-7.91,-2.78,-5.12,-1.69,1.23,-0.29,236.58,43.24,-164.15,0
1746816780.278994,-2.0,-0.43,-0.72,-6.08,-1.89,-7.36,-1.79,1.47,-0.16,176.4,26.4,-161.96,0
1746816780.293444,-2.0,-0.41,-0.73,-4.87,-1.09,-6.47,-1.65,1.48,-0.26,84.69,59.69,-163.88,0
1746816780.308397,-2.0,-0.4,-0.76,-4.29,-1.4,-3.71,-1.65,1.26,-0.16,10.45,61.95,-162.63,0
1746816780.322921,-2.0,-0.38,-0.74,-4.29,-1.15,-1.22,-1.7,1.0,-0.04,-6.05,-6.86,-157.67,0
1746816780.338068,-2.0,-0.38,-0.75,-5.16,-1.68,-0.04,-1.52,0.86,-0.21,-8.89,-34.8,-150.38,0
1746816780.353403,-2.0,-0.38,-0.74,-5.1,-2.27,2.1,-1.41,0.83,-0.31,-9.17,7.15,-142.78,0
1746816780.368048,-2.0,-0.37,-0.74,-5.02,-2.35,4.41,-1.36,0.9,-0.31,-12.36,75.74,-136.41,0
1746816780.38315,-2.0,-0.36,-0.74,-5.73,-0.8,5.41,-1.36,0.98,-0.2,1.5,96.53,-126.28,0
1746816780.397303,-2.0,-0.37,-0.73,-7.41,0.66,6.68,-1.26,1.07,-0.25,31.37,95.4,-109.97,0
1746816780.412694,-2.0,-0.39,-0.73,-8.05,3.02,9.12,-1.27,1.24,-0.2,33.86,69.16,-86.05,0
1746816780.428115,-2.0,-0.39,-0.73,-8.11,0.27,12.26,-1.26,1.14,-0.18,51.92,89.12,-50.39,0
1746816780.443051,-2.0,-0.4,-0.75,-7.5,2.79,12.95,-1.13,1.09,-0.2,49.5,18.67,-19.22,0
1746816780.457357,-2.0,-0.4,-0.75,-6.46,-2.14,12.85,-1.19,0.91,-0.09,53.99,12.9,11.12,0
1746816780.473086,-2.0,-0.4,-0.75,-6.5,1.05,8.8,-1.11,0.77,-0.16,53.63,15.92,31.85,0
1746816780.4874,-2.0,-0.39,-0.76,-7.03,-0.73,6.47,-1.0,0.68,-0.23,65.16,33.85,50.14,0
1746816780.502682,-2.0,-0.4,-0.77,-7.5,-0.05,5.15,-1.02,0.6,-0.19,75.98,32.4,54.4,0
1746816780.517947,-2.0,-0.41,-0.77,-7.68,-0.17,5.43,-1.1,0.58,-0.07,81.3,-15.39,44.29,0
1746816780.533438,-2.0,-0.42,-0.76,-5.94,-1.35,7.06,-0.86,0.56,-0.28,65.58,-33.14,27.87,0
1746816780.548329,-2.0,-0.42,-0.85,-9.16,16.42,6.18,-0.77,0.56,-0.3,60.21,-31.5,15.43,0
1746816780.562139,-2.0,-0.35,-0.67,-5.49,-2.79,7.06,-0.95,0.49,-0.19,54.76,-32.72,4.02,0
1746816780.577993,-2.0,-0.35,-0.66,-10.73,0.83,8.81,-0.81,0.43,-0.42,41.01,29.72,8.68,0
1746816780.59236,-2.0,-0.36,-0.73,-4.89,12.72,15.21,-0.87,0.37,-0.28,43.87,-11.04,10.58,0
1746816780.601822,-2.0,-0.41,-0.71,-5.27,-0.85,19.89,-0.82,0.43,-0.39,38.15,28.17,10.73,0
1746816780.623208,-2.0,-0.41,-0.74,-9.41,-3.85,18.5,-0.85,0.46,-0.36,37.98,-1.97,9.26,0
1746816780.637009,-2.0,-0.4,-0.74,-4.34,6.7,18.14,-0.85,0.44,-0.38,49.44,1.35,7.24,0
1746816780.652467,-2.0,-0.38,-0.74,-7.92,-8.17,18.0,-0.77,0.45,-0.48,32.18,14.87,2.04,0
1746816780.668947,-2.0,-0.4,-0.77,-4.9,8.97,14.3,-0.9,0.44,-0.38,29.17,-1.6,3.07,0
1746816780.682997,-2.0,-0.38,-0.76,-6.82,7.95,11.15,-0.88,0.42,-0.43,16.04,21.46,3.47,0
1746816780.697292,-2.0,-0.37,-0.76,-8.39,11.66,8.98,-0.84,0.4,-0.49,-3.08,3.53,-1.09,0
1746816780.71262,-2.0,-0.41,-0.79,-7.52,14.0,9.81,-0.91,0.39,-0.41,1.31,0.44,-0.31,0
1746816780.727389,-2.0,-0.44,-0.75,-4.85,14.5,12.53,-0.95,0.35,-0.36,9.21,-9.91,-2.05,0
1746816780.743005,-2.0,-0.43,-0.76,-3.79,18.26,13.77,-0.84,0.34,-0.48,-1.08,-5.6,-2.79,0
1746816780.757351,-2.0,-0.43,-0.74,0.25,13.18,17.53,-0.9,0.32,-0.42,-7.56,16.02,-1.15,0
1746816780.773171,-2.0,-0.41,-0.77,-0.8,12.89,15.68,-0.91,0.32,-0.42,-5.42,12.87,1.28,0
1746816780.787399,-2.0,-0.41,-0.75,3.64,8.78,15.76,-0.94,0.31,-0.37,1.71,-0.5,5.11,0
1746816780.802311,-2.0,-0.39,-0.76,1.95,10.79,10.45,-0.91,0.31,-0.41,5.09,8.92,6.15,0
1746816780.818422,-2.0,-0.36,-0.77,2.58,8.05,5.45,-0.9,0.34,-0.42,5.58,-4.44,4.23,0
1746816780.83319,-2.0,-0.37,-0.77,0.8,11.06,-1.62,-0.91,0.36,-0.4,6.32,-6.39,2.55,0
1746816780.84738,-2.0,-0.39,-0.76,0.72,11.02,-2.0,-0.89,0.38,-0.41,5.54,2.79,4.24,0
1746816780.861853,-2.0,-0.42,-0.75,1.58,7.68,3.22,-0.93,0.36,-0.39,13.3,4.2,7.08,0
1746816780.871496,-2.0,-0.38,-0.75,6.9,11.15,10.22,-0.92,0.37,-0.39,4.11,0.66,5.45,0
1746816780.892943,-2.0,-0.38,-0.73,8.19,4.94,15.36,-0.92,0.39,-0.39,0.24,5.45,6.18,0
1746816780.907429,-2.0,-0.37,-0.74,5.45,2.99,15.66,-0.94,0.39,-0.36,-0.71,-5.73,6.79,0
1746816780.921997,-2.0,-0.35,-0.74,5.86,1.47,15.14,-0.93,0.4,-0.35,3.39,-35.02,6.5,1
1746816780.937554,-2.0,-0.33,-0.76,1.5,5.87,7.99,-0.87,0.42,-0.41,-3.88,-21.73,11.44,1
1746816780.952376,-2.0,-0.34,-0.76,-0.97,8.28,-0.1,-0.89,0.41,-0.37,-13.95,-22.11,10.02,1
1746816780.96823,-2.0,-0.35,-0.74,-5.56,8.37,-5.46,-0.88,0.41,-0.39,-26.69,9.73,10.27,1
1746816780.983138,-2.0,-0.4,-0.75,-7.89,12.4,-3.81,-0.92,0.4,-0.33,-31.09,8.08,10.47,1
1746816780.997762,-2.0,-0.39,-0.74,-9.82,9.02,4.34,-0.92,0.43,-0.34,-29.56,-3.88,11.99,1
1746816781.012961,-2.0,-0.41,-0.72,-10.16,5.92,11.42,-0.88,0.48,-0.36,-37.95,10.6,12.4,1
1746816781.027237,-2.0,-0.39,-0.73,-9.56,2.37,14.71,-0.93,0.53,-0.33,-39.22,17.15,15.05,1
1746816781.043164,-2.0,-0.39,-0.72,-9.26,1.01,13.71,-0.93,0.62,-0.37,-44.24,8.02,19.38,1
1746816781.057396,-2.0,-0.4,-0.73,-8.9,-0.43,11.22,-0.95,0.66,-0.34,-51.56,2.6,28.26,1
1746816781.073038,-2.0,-0.38,-0.75,-8.22,-2.61,8.86,-0.93,0.68,-0.34,-51.05,8.4,39.47,1
1746816781.087207,-2.0,-0.39,-0.73,-8.34,-1.56,6.53,-0.96,0.72,-0.3,-43.65,12.91,52.27,1
1746816781.103228,-2.0,-0.4,-0.74,-9.35,-3.08,7.4,-1.02,0.77,-0.23,-19.79,7.53,71.02,1
1746816781.119291,-2.0,-0.39,-0.75,-11.5,0.58,8.89,-1.08,0.91,-0.22,1.67,-6.94,91.45,1
1746816781.133006,-2.0,-0.41,-0.76,-13.1,0.89,12.26,-1.07,1.03,-0.18,7.08,-28.98,110.9,1
1746816781.148146,-2.0,-0.44,-0.74,-11.34,0.56,17.31,-1.07,1.08,-0.14,11.61,-41.58,126.15,1
1746816781.163385,-2.0,-0.42,-0.74,-12.85,2.0,16.92,-1.08,1.11,-0.06,7.08,-59.06,135.91,1
1746816781.177563,-2.0,-0.42,-0.74,-11.06,0.99,17.01,-1.06,1.1,-0.03,-0.07,-73.67,138.92,1
1746816781.192942,-2.0,-0.42,-0.74,-12.15,2.44,13.46,-1.09,1.12,0.01,-6.48,-89.28,142.06,1
1746816781.2074,-2.0,-0.42,-0.73,-11.99,1.41,9.83,-1.04,1.22,0.0,-16.37,-92.89,148.0,1
1746816781.222992,-2.0,-0.44,-0.74,-11.37,2.52,8.06,-1.02,1.31,0.03,-27.76,-104.72,156.4,1
1746816781.236976,-2.0,-0.43,-0.73,-9.36,5.33,9.85,-1.03,1.4,0.06,-53.21,-104.83,163.9,1
1746816781.253537,-2.0,-0.4,-0.75,-13.03,1.6,10.92,-1.0,1.39,0.04,-80.3,-86.79,170.03,1
1746816781.268076,-2.0,-0.43,-0.74,-12.31,2.92,14.13,-1.03,1.4,0.05,-98.95,-63.14,179.23,1
1746816781.282973,-2.0,-0.42,-0.74,-14.03,4.69,16.52,-1.09,1.43,0.1,-102.25,-57.26,186.6,1
1746816781.297158,-2.0,-0.42,-0.75,-15.32,1.1,19.18,-1.07,1.39,0.15,-92.96,-75.4,193.42,1
1746816781.312572,-2.0,-0.44,-0.74,-15.16,6.27,19.95,-1.05,1.45,0.15,-90.7,-79.21,200.38,1
1746816781.328362,-2.0,-0.46,-0.74,-14.65,9.82,20.76,-1.07,1.5,0.15,-96.34,-87.78,201.08,1
1746816781.343046,-2.0,-0.45,-0.75,-13.95,10.29,21.5,-1.04,1.47,0.09,-103.76,-99.83,198.89,1
1746816781.357409,-2.0,-0.45,-0.75,-14.86,9.31,21.15,-1.03,1.4,0.11,-97.86,-123.89,204.45,1
1746816781.373023,-2.0,-0.48,-0.74,-14.44,9.79,20.32,-1.01,1.4,0.21,-85.66,-191.75,209.03,1
1746816781.387948,-2.0,-0.51,-0.7,-10.55,8.74,22.39,-0.46,1.55,-0.11,-76.49,-206.39,211.11,1
1746816781.403155,-2.0,-0.45,-0.64,-12.5,9.96,21.6,0.46,1.63,-0.79,-124.5,-77.19,208.32,1
1746816781.418984,-2.0,-0.49,-0.7,-13.41,-14.79,20.89,-0.68,1.57,0.24,-174.75,-107.98,189.38,1
1746816781.433979,-2.0,-0.4,-0.74,-2.28,49.75,18.74,-0.99,1.54,0.45,-176.08,-140.53,173.93,1
1746816781.448243,-2.0,-0.43,-0.72,3.76,-17.21,30.14,-0.71,1.34,0.17,-151.47,-93.0,190.12,1
1746816781.463532,-2.0,-0.41,-0.73,-6.4,1.84,19.8,-0.76,1.4,0.12,-144.66,-126.48,195.18,1
1746816781.478356,-2.0,-0.38,-0.79,-4.37,44.76,14.84,-0.67,1.29,0.07,-128.66,-116.05,203.32,1
1746816781.492995,-2.0,-0.45,-0.7,1.97,10.94,16.72,-0.6,1.24,0.07,-129.87,-125.8,208.35,1
1746816781.507363,-2.0,-0.44,-0.76,1.21,-5.27,16.5,-0.7,1.03,0.19,-109.3,-123.53,203.83,1
1746816781.522911,-2.0,-0.44,-0.72,-1.59,7.15,8.02,-0.51,0.93,0.06,-102.37,-103.51,190.37,1
1746816781.538143,-2.0,-0.48,-0.8,8.42,-30.85,13.21,-0.43,0.84,0.07,-105.37,-106.61,174.31,1
1746816781.553137,-2.0,-0.46,-0.73,4.45,-18.36,-0.07,-0.44,0.71,0.11,-107.79,-117.21,174.05,1
1746816781.569572,-2.0,-0.43,-0.83,10.85,26.01,-10.88,-0.46,0.6,0.21,-92.56,-69.17,169.85,1
1746816781.583188,-2.0,-0.41,-0.71,16.18,29.81,-16.17,0.01,0.59,-0.07,-93.69,-84.16,158.45,1
1746816781.598432,-2.0,-0.38,-0.78,11.93,21.87,-19.37,0.06,0.43,-0.02,-93.77,-92.81,141.34,1
1746816781.612923,-2.0,-0.38,-0.74,10.62,11.3,-18.11,-0.42,0.27,0.13,-112.1,-77.95,132.44,1
1746816781.62725,-2.0,-0.36,-0.74,6.89,14.84,-20.28,0.25,0.58,0.34,-180.03,-69.32,95.98,1
1746816781.642916,-2.0,-0.36,-0.75,5.72,8.88,-18.3,-0.45,-0.35,0.37,-179.27,-122.44,101.85,1
1746816781.657361,-2.0,-0.37,-0.74,8.15,-1.47,-11.47,-0.64,0.55,0.58,-170.97,-55.64,62.2,1
1746816781.672777,-2.0,-0.37,-0.74,3.02,5.9,-14.1,0.45,0.04,-0.57,-149.27,-41.05,68.2,1
1746816781.687146,-2.0,-0.33,-0.75,-3.28,13.24,-18.42,0.07,0.5,0.54,-206.29,-51.33,61.59,1
1746816781.702695,-2.0,-0.33,-0.68,-1.42,-12.07,-17.22,-1.54,0.92,2.0,-168.4,-250.14,76.53,1
1746816781.717377,-2.0,-0.36,-0.77,5.25,-3.4,-17.9,1.03,0.19,-0.34,-205.69,250.13,13.56,1
1746816781.733268,-2.0,-0.34,-0.74,7.94,4.63,-18.18,-0.94,0.09,1.45,-110.99,24.85,-8.5,1
1746816781.749067,-2.0,-0.35,-0.72,3.07,-4.99,-19.85,0.07,-0.02,0.2,-76.56,-113.28,34.16,1
1746816781.764347,-2.0,-0.37,-0.73,2.98,-7.39,-18.4,0.74,0.1,-0.24,-145.84,139.24,-22.48,1
1746816781.777182,-2.0,-0.36,-0.73,-0.82,-5.96,-19.44,0.13,0.13,0.42,-197.21,-74.53,-28.0,1
1746816781.792911,-2.0,-0.36,-0.74,-3.66,-1.47,-20.97,0.44,0.01,0.15,-104.33,121.37,-25.32,1
1746816781.808247,-2.0,-0.37,-0.73,-4.94,-5.72,-20.32,0.43,0.03,0.13,-121.4,-47.67,-20.3,1
1746816781.822571,-2.0,-0.37,-0.72,-7.52,-7.42,-21.07,-0.49,0.06,0.83,-90.66,-174.95,-4.91,1
1746816781.83774,-2.0,-0.36,-0.72,-10.66,-9.31,-22.02,0.45,0.12,0.18,-127.5,-15.39,-27.97,1
1746816781.853372,-2.0,-0.36,-0.73,-12.53,-20.39,-20.35,0.84,-0.1,-0.06,-152.24,11.44,-54.35,1
1746816781.868151,-2.0,-0.36,-0.75,-14.76,-20.73,-19.92,0.35,0.01,0.32,-129.87,-58.34,-27.63,1
1746816781.881093,-2.0,-0.36,-0.74,-16.19,-17.66,-19.02,0.33,0.0,0.35,-135.13,-9.91,-47.72,1
1746816781.89811,-2.0,-0.38,-0.73,-17.88,-7.81,-19.37,0.08,-0.07,0.47,-73.61,-81.78,-38.86,1
1746816781.913485,-2.0,-0.4,-0.74,-16.46,-8.6,-15.38,0.3,-0.01,0.34,-95.05,-250.14,-29.89,1
1746816781.927953,-2.0,-0.4,-0.75,-13.6,-5.98,-10.97,0.79,0.04,-0.05,-103.38,-117.12,-34.37,1
1746816781.943128,-2.0,-0.42,-0.73,-15.43,-10.37,-7.24,0.84,-0.01,-0.12,-50.14,89.75,-32.31,1
1746816781.957299,-2.0,-0.43,-0.75,-19.21,-17.37,-3.71,0.85,0.09,0.03,-126.43,45.47,-53.69,1
1746816781.9729,-2.0,-0.46,-0.74,-22.75,-13.32,-1.84,0.26,0.06,0.53,-83.17,-55.82,-25.17,1
1746816781.987207,-2.0,-0.48,-0.73,-23.54,-12.58,1.56,0.57,0.0,0.29,-93.82,-94.31,-43.89,1
1746816782.004204,-2.0,-0.48,-0.73,-25.44,-14.33,2.87,0.56,-0.2,0.31,-63.85,-101.07,-31.18,1
1746816782.018731,-2.0,-0.5,-0.72,-22.98,-15.96,4.1,0.66,-0.28,0.22,20.81,40.5,-31.21,1
1746816782.032418,-2.0,-0.51,-0.72,-18.44,-8.31,2.79,0.83,-0.25,0.09,54.85,53.89,-1.08,1
1746816782.047338,-2.0,-0.5,-0.73,-13.17,-8.7,2.11,0.46,-0.15,0.33,130.05,4.89,45.44,1
1746816782.062518,-2.0,-0.48,-0.71,-10.11,-9.49,2.03,0.54,0.09,0.22,78.38,-129.24,35.32,1
1746816782.078125,-2.0,-0.47,-0.72,-8.19,-9.19,4.73,0.58,0.17,0.01,66.12,-250.14,50.39,1
1746816782.092877,-2.0,-0.48,-0.74,-10.01,-7.7,8.2,2.0,-0.02,-0.64,-43.11,-78.03,19.24,1
1746816782.107901,-2.0,-0.49,-0.76,-11.14,-0.58,10.07,0.65,-0.04,0.11,-60.63,-72.89,18.02,1
1746816782.122029,-2.0,-0.52,-0.77,-8.35,2.26,10.92,0.98,-0.14,-0.26,-1.38,45.56,25.07,1
1746816782.137217,-2.0,-0.53,-0.77,-3.56,6.26,10.0,1.05,-0.2,-0.1,-32.18,17.35,7.93,1
1746816782.153399,-2.0,-0.51,-0.75,-0.96,0.56,7.25,0.89,-0.18,-0.03,-45.18,2.21,-3.53,1
1746816782.166972,-2.0,-0.48,-0.75,2.29,-2.41,2.78,0.78,-0.22,0.07,-40.31,-32.97,-7.79,1
1746816782.182187,-2.0,-0.45,-0.76,3.73,-2.83,-3.37,0.95,-0.17,-0.02,-13.33,-0.15,-2.92,1
1746816782.197104,-2.0,-0.41,-0.75,2.07,-7.87,-6.18,0.88,-0.11,0.09,-6.48,3.13,-6.13,1
1746816782.212565,-2.0,-0.4,-0.74,1.76,-0.83,-7.25,0.92,-0.09,0.09,-6.44,5.6,-9.5,1
1746816782.227088,-2.0,-0.37,-0.74,0.89,1.31,-5.26,0.91,-0.04,0.12,-10.21,1.34,-9.55,1
1746816782.242485,-2.0,-0.38,-0.74,-0.61,2.57,-0.84,0.98,-0.01,0.13,-7.95,20.1,-11.21,1
1746816782.258079,-2.0,-0.38,-0.75,-1.69,-1.21,6.94,0.93,0.03,0.19,-14.03,22.21,-12.63,1
1746816782.273525,-2.0,-0.38,-0.75,-3.4,-2.02,14.86,0.91,0.06,0.24,-9.94,25.21,-8.24,1
1746816782.287223,-2.0,-0.4,-0.75,-5.89,-3.19,20.95,0.89,0.06,0.24,-10.24,22.98,-6.82,1
1746816782.304113,-2.0,-0.42,-0.76,-8.21,-4.94,23.49,0.87,0.02,0.29,-9.95,23.87,-9.6,1
1746816782.317922,-2.0,-0.43,-0.76,-9.62,-3.79,21.66,0.79,0.07,0.32,-12.76,16.62,-14.53,1
1746816782.332978,-2.0,-0.44,-0.75,-7.89,-3.27,19.18,0.78,0.05,0.3,-7.2,15.27,-17.75,1
1746816782.341226,-2.0,-0.45,-0.76,-5.73,-0.41,13.49,0.84,0.02,0.22,7.53,14.45,-10.15,1
1746816782.36323,-2.0,-0.44,-0.72,-0.02,-1.15,9.06,0.86,0.06,0.22,21.36,24.61,-0.54,1
1746816782.377411,-2.0,-0.42,-0.72,2.56,0.76,3.42,0.86,0.11,0.22,27.82,28.47,8.32,1
1746816782.392342,-2.0,-0.36,-0.74,1.37,3.05,-2.47,0.83,0.14,0.22,26.18,30.68,14.79,1
1746816782.422176,-2.0,-0.3,-0.75,-8.11,2.53,-8.84,0.77,0.15,0.19,17.92,29.11,18.24,1
1746816782.422176,-2.0,-0.32,-0.73,-19.35,5.05,-8.0,0.76,0.15,0.1,12.26,31.63,20.88,1
1746816782.438151,-2.0,-0.39,-0.74,-21.02,13.05,4.52,0.74,0.15,0.06,8.85,35.6,22.98,1
1746816782.453283,-2.0,-0.48,-0.72,-12.82,18.2,18.65,0.81,0.22,-0.03,5.01,61.72,26.44,1
1746816782.467359,-2.0,-0.41,-0.73,-7.15,14.78,26.37,0.79,0.16,-0.02,0.56,54.98,37.89,1
1746816782.48303,-2.0,-0.36,-0.73,-5.11,9.37,25.71,0.65,0.05,0.0,-10.34,92.28,35.51,1
1746816782.498167,-2.0,-0.33,-0.72,-3.79,4.95,19.73,0.47,0.04,0.13,3.27,77.95,52.44,1
1746816782.513031,-2.0,-0.33,-0.71,-4.77,0.05,11.53,0.42,0.11,0.24,4.21,78.0,58.51,1
1746816782.5274,-2.0,-0.35,-0.69,-4.06,3.1,4.89,0.66,-0.15,-0.16,47.31,135.51,59.78,0
1746816782.542337,-2.0,-0.35,-0.69,-4.19,2.74,1.86,0.2,0.11,0.28,29.62,49.13,68.95,0
1746816782.556855,-2.0,-0.37,-0.71,-2.63,1.23,3.5,0.39,0.08,0.22,83.52,92.39,104.4,0
1746816782.572411,-2.0,-0.35,-0.75,-2.89,0.21,5.98,0.48,0.03,0.02,93.56,112.99,117.37,0
1746816782.588283,-2.0,-0.34,-0.77,-5.97,-0.75,7.36,0.31,0.11,0.23,78.64,71.3,121.33,0
1746816782.603533,-2.0,-0.34,-0.76,-10.63,2.1,8.46,0.26,0.05,0.3,60.32,58.24,118.85,0
1746816782.618065,-2.0,-0.37,-0.76,-14.82,6.04,8.22,0.26,-0.05,0.39,34.07,15.76,108.11,0
1746816782.633205,-2.0,-0.4,-0.77,-16.86,8.18,8.53,0.42,-0.19,0.35,43.55,19.68,101.71,0
1746816782.647334,-2.0,-0.42,-0.79,-16.43,9.24,10.74,0.45,-0.17,0.33,57.37,32.21,89.85,0
1746816782.662117,-2.0,-0.43,-0.79,-14.56,9.82,13.47,0.42,-0.15,0.24,69.24,58.27,77.83,0
1746816782.678046,-2.0,-0.43,-0.76,-11.92,9.82,14.71,0.28,-0.14,0.4,61.53,62.59,62.27,0
1746816782.692531,-2.0,-0.43,-0.75,-9.15,12.86,13.34,0.39,-0.31,0.33,81.74,73.44,53.47,0
1746816782.707391,-2.0,-0.43,-0.76,-7.69,13.22,10.71,0.4,-0.28,0.4,98.94,61.1,52.05,0
1746816782.722545,-2.0,-0.41,-0.76,-6.82,9.37,7.23,0.53,-0.19,0.32,122.21,55.37,56.44,0
1746816782.737078,-2.0,-0.4,-0.77,-8.81,7.03,1.2,0.49,-0.08,0.23,122.46,66.03,51.04,0
1746816782.753273,-2.0,-0.37,-0.76,-9.34,3.53,-3.63,0.41,-0.05,0.27,109.22,63.4,40.6,0
1746816782.767127,-2.0,-0.37,-0.74,-9.34,1.22,-7.06,0.38,-0.16,0.29,108.88,70.06,28.52,0
1746816782.78316,-2.0,-0.37,-0.73,-9.82,-0.75,-6.21,0.43,-0.28,0.28,129.7,68.7,12.08,0
1746816782.797206,-2.0,-0.39,-0.74,-9.98,-2.15,-1.72,0.58,-0.21,0.24,160.2,87.53,-2.37,0
1746816782.812508,-2.0,-0.41,-0.76,-8.7,-3.72,2.79,0.57,-0.04,0.32,170.63,102.17,-18.55,0
1746816782.827067,-2.0,-0.39,-0.78,-7.27,-6.94,4.44,0.51,0.03,0.36,176.2,115.55,-35.45,0
1746816782.843113,-2.0,-0.37,-0.79,-7.77,-6.66,0.87,0.4,0.04,0.47,174.04,114.74,-56.47,0
1746816782.858193,-2.0,-0.36,-0.78,-10.55,-4.55,-3.0,0.27,0.03,0.49,194.84,128.18,-77.1,0
1746816782.87206,-2.0,-0.37,-0.77,-12.31,-1.81,-5.45,0.19,0.14,0.63,200.67,116.67,-98.01,0
1746816782.887653,-2.0,-0.39,-0.76,-12.36,-5.33,-5.53,0.15,0.19,0.68,203.07,105.43,-120.4,0
1746816782.903787,-2.0,-0.39,-0.79,-12.44,-5.56,-5.91,0.13,0.32,0.64,205.18,71.06,-130.51,0
1746816782.917595,-2.0,-0.38,-0.76,-12.65,-8.31,-6.56,-0.7,0.5,1.44,250.13,-27.55,-77.85,0
1746816782.932958,-2.0,-0.36,-0.75,-13.43,-11.8,-7.69,-0.3,0.85,0.55,220.03,-250.14,-129.54,0
1746816782.948294,-2.0,-0.34,-0.74,-16.64,-10.95,-8.79,0.31,1.51,-0.54,200.21,138.63,-180.0,0
1746816782.962252,-2.0,-0.36,-0.78,-18.43,-11.21,-7.36,-0.09,0.94,0.18,182.63,75.63,-156.69,0
1746816782.978337,-2.0,-0.37,-0.79,-20.73,-10.89,-3.84,-0.16,1.0,0.2,166.56,108.47,-155.02,0
1746816782.993014,-2.0,-0.39,-0.78,-19.89,-13.76,0.23,-0.19,0.94,0.19,152.46,97.46,-178.27,0
1746816783.008074,-2.0,-0.4,-0.75,-18.1,-13.4,0.65,-0.34,1.03,0.18,147.82,106.67,-196.54,0
1746816783.022963,-2.0,-0.39,-0.74,-15.96,-10.85,-0.87,-0.49,1.03,0.02,134.76,109.83,-200.18,0
1746816783.037367,-2.0,-0.38,-0.74,-15.46,-10.91,-1.48,-0.35,1.23,0.2,45.22,91.34,-219.5,0
1746816783.053413,-2.0,-0.38,-0.76,-14.95,-11.13,0.31,-0.59,1.34,0.55,60.21,55.17,-196.07,0
1746816783.067339,-2.0,-0.37,-0.77,-15.66,-11.54,3.15,-0.51,0.92,0.18,56.59,99.98,-171.37,0
1746816783.082918,-2.0,-0.38,-0.74,-16.72,-12.01,5.14,-0.66,0.79,0.23,88.69,106.43,-145.12,0
1746816783.097121,-2.0,-0.39,-0.72,-17.23,-12.73,6.09,-0.71,1.01,0.26,87.98,90.59,-148.17,0
1746816783.112435,-2.0,-0.4,-0.71,-17.03,-12.8,7.6,-0.9,1.14,0.34,50.14,94.4,-186.03,0
1746816783.127253,-2.0,-0.4,-0.71,-16.72,-10.38,9.27,-0.76,1.0,0.21,25.82,90.26,-199.87,0
1746816783.142942,-2.0,-0.4,-0.7,-17.93,-8.75,10.27,-1.08,0.84,0.36,56.26,180.08,-190.73,0
1746816783.157819,-2.0,-0.41,-0.73,-18.11,-8.24,10.59,-1.0,0.83,0.21,78.18,63.26,-178.14,0
1746816783.172814,-2.0,-0.43,-0.74,-17.21,-5.03,10.63,-0.98,0.62,0.03,107.4,57.33,-158.86,0
1746816783.189104,-2.0,-0.43,-0.69,-16.68,-7.23,7.8,-1.05,0.57,0.3,183.38,-87.58,-125.25,0
1746816783.204494,-2.0,-0.45,-0.69,-9.63,-15.57,9.89,-1.27,0.76,0.18,140.5,-61.89,-170.32,0
1746816783.218921,-2.0,-0.42,-0.73,-11.53,-11.3,3.73,-0.71,0.63,-0.56,152.12,158.95,-140.09,0
1746816783.234165,-2.0,-0.38,-0.8,-16.34,13.5,-2.89,-1.82,0.95,0.85,116.98,19.4,-174.69,0
1746816783.248231,-2.0,-0.43,-0.85,-3.63,-7.65,5.56,-0.87,0.77,-0.57,131.31,113.57,-167.47,0
1746816783.263175,-2.0,-0.43,-0.75,-6.69,3.38,2.27,-1.42,1.03,0.19,76.94,-24.92,-171.47,0
1746816783.277327,-2.0,-0.44,-0.78,-0.35,2.08,7.53,-0.89,0.79,-0.57,72.95,201.99,-156.06,0
1746816783.292902,-2.0,-0.41,-0.77,-4.57,6.42,5.21,-1.47,0.99,0.15,48.8,220.68,-163.97,0
1746816783.307188,-2.0,-0.39,-0.79,-3.27,6.44,7.26,-1.39,0.94,-0.18,3.37,88.93,-188.76,0
1746816783.322283,-2.0,-0.41,-0.77,0.31,11.5,8.81,-1.51,1.03,-0.02,49.01,23.26,-179.77,0
1746816783.338291,-2.0,-0.42,-0.74,3.67,-2.08,11.96,-1.17,1.18,-0.36,20.69,68.26,-168.63,0
1746816783.353717,-2.0,-0.4,-0.77,0.08,12.79,7.67,-1.27,1.24,-0.2,-11.02,92.61,-150.37,0
1746816783.367327,-2.0,-0.39,-0.81,2.1,18.08,6.5,-1.1,1.22,-0.36,-58.24,148.77,-134.82,0
1746816783.383174,-2.0,-0.38,-0.75,4.36,2.89,7.06,-1.47,1.1,-0.0,0.76,131.19,-97.95,0
1746816783.397051,-2.0,-0.39,-0.78,3.31,10.24,3.27,-1.28,0.96,-0.21,16.32,63.03,-72.0,0
1746816783.413718,-2.0,-0.39,-0.75,4.56,13.24,2.38,-1.19,0.79,-0.28,63.57,86.27,-32.1,0
1746816783.427343,-2.0,-0.39,-0.77,6.18,12.91,2.58,-1.34,0.72,-0.03,65.47,-16.3,-23.95,0
1746816783.44299,-2.0,-0.39,-0.75,10.16,5.73,4.77,-1.04,0.71,-0.23,31.98,9.4,-25.29,0
1746816783.457419,-2.0,-0.35,-0.76,4.81,13.4,-0.58,-1.03,0.7,-0.16,48.26,0.24,-17.18,0
1746816783.471976,-2.0,-0.32,-0.75,6.4,8.44,0.4,-0.9,0.72,-0.24,60.76,20.4,-0.36,0
1746816783.488083,-2.0,-0.31,-0.75,6.13,4.56,1.76,-0.9,0.66,-0.2,33.5,46.02,3.35,0
1746816783.503989,-2.0,-0.3,-0.74,4.37,3.64,3.13,-0.86,0.59,-0.26,28.66,55.08,9.21,0
1746816783.518116,-2.0,-0.29,-0.74,-0.53,3.43,3.76,-1.04,0.55,-0.06,3.63,-24.92,-5.56,0
1746816783.532454,-2.0,-0.34,-0.88,-5.42,13.56,5.26,-0.89,0.45,-0.23,10.81,-18.63,-8.95,0
1746816783.547436,-2.0,-0.29,-0.76,-10.06,-2.18,7.29,-0.82,0.48,-0.37,35.56,47.66,12.87,0
1746816783.563457,-2.0,-0.3,-0.87,-17.96,6.4,11.7,-1.08,0.51,-0.07,53.53,22.31,20.84,0
1746816783.577758,-2.0,-0.35,-0.79,-9.21,6.99,20.4,-0.86,0.46,-0.34,50.59,70.76,17.19,0
1746816783.592993,-2.0,-0.37,-0.73,-11.32,-4.95,22.23,-0.81,0.54,-0.38,26.89,55.53,13.87,0
1746816783.607691,-2.0,-0.38,-0.77,-9.1,11.2,20.61,-1.0,0.4,-0.26,34.09,22.26,10.42,0
1746816783.621832,-2.0,-0.37,-0.8,-11.61,7.86,17.88,-0.65,0.3,-0.71,63.27,58.48,17.07,0
1746816783.638053,-2.0,-0.35,-0.81,-17.09,3.08,14.52,-1.04,0.48,-0.3,27.87,-1.81,-5.02,0
1746816783.654146,-2.0,-0.37,-0.76,-15.92,12.05,12.54,-0.95,0.43,-0.41,29.72,-24.79,-3.79,0
1746816783.668187,-2.0,-0.4,-0.74,-8.58,-1.04,20.74,-0.84,0.51,-0.55,0.93,-51.89,-14.6,0
1746816783.68319,-2.0,-0.39,-0.76,-14.24,3.25,15.92,-0.89,0.42,-0.52,14.11,40.01,3.23,0
1746816783.69799,-2.0,-0.39,-0.74,-8.02,12.63,14.69,-0.76,0.36,-0.62,-24.83,16.58,0.39,0
1746816783.713596,-2.0,-0.38,-0.75,-7.5,6.05,12.85,-0.85,0.22,-0.55,-41.66,67.53,-5.08,0
1746816783.727414,-2.0,-0.41,-0.73,3.0,4.56,14.67,-1.05,0.16,-0.28,-14.48,-15.77,-11.01,0
1746816783.741979,-2.0,-0.41,-0.72,1.17,0.28,15.17,-1.03,0.21,-0.33,-9.58,-104.82,-18.89,0
1746816783.757231,-2.0,-0.39,-0.75,-3.22,-2.78,13.95,-1.29,0.34,0.06,-6.56,-93.86,-27.1,0
1746816783.772927,-2.0,-0.41,-0.75,-3.25,-3.64,12.6,-0.58,0.21,-0.76,-2.75,27.89,-1.83,0
1746816783.788087,-2.0,-0.38,-0.76,-4.16,-4.48,11.43,-1.15,0.22,-0.11,-40.72,-5.65,-24.18,0
1746816783.803446,-2.0,-0.39,-0.76,-5.53,5.71,7.83,-0.75,0.29,-0.59,-28.02,40.85,-19.56,0
1746816783.817443,-2.0,-0.41,-0.77,-3.85,1.24,8.14,-1.04,0.27,-0.27,-16.91,-44.47,-26.26,0
1746816783.833286,-2.0,-0.39,-0.77,-4.31,10.82,3.96,-0.96,0.43,-0.39,-63.08,-60.47,-34.66,0
1746816783.847306,-2.0,-0.38,-0.78,-5.34,13.5,0.16,-0.91,0.41,-0.38,-53.64,47.31,-21.92,0
1746816783.862977,-2.0,-0.4,-0.78,-2.89,15.5,-0.19,-0.92,0.36,-0.4,-36.31,-1.1,-3.76,1
1746816783.877411,-2.0,-0.41,-0.78,1.34,7.14,3.82,-0.93,0.34,-0.4,0.92,32.04,16.11,1
1746816783.892973,-2.0,-0.39,-0.8,3.38,11.48,7.32,-1.13,0.29,-0.2,33.12,-33.15,19.56,1
1746816783.907838,-2.0,-0.37,-0.75,2.85,6.76,7.43,-0.75,0.3,-0.56,12.72,-28.4,7.93,1
1746816783.922458,-2.0,-0.4,-0.75,5.6,4.68,7.34,-0.94,0.37,-0.33,4.27,19.34,6.1,1
1746816783.938105,-2.0,-0.35,-0.72,2.13,18.22,1.89,-0.88,0.42,-0.41,13.78,34.37,9.7,1
1746816783.954046,-2.0,-0.29,-0.82,-0.17,15.52,2.51,-1.14,0.41,-0.18,38.46,-15.73,9.09,1
1746816783.968213,-2.0,-0.34,-0.73,0.03,8.23,1.84,-0.89,0.5,-0.35,4.11,-92.78,4.46,1
1746816783.983098,-2.0,-0.36,-0.76,-0.75,1.78,3.41,-0.77,0.51,-0.48,-46.12,75.75,7.24,1
1746816783.997158,-2.0,-0.36,-0.73,0.39,1.98,4.45,-1.12,0.52,-0.1,-25.68,-17.98,15.56,1
1746816784.012662,-2.0,-0.34,-0.75,-3.01,3.05,3.82,-0.99,0.59,-0.26,-21.89,-12.99,21.66,1
1746816784.02833,-2.0,-0.35,-0.76,-4.57,-0.66,5.77,-1.15,0.67,-0.12,-9.46,-46.92,35.81,1
1746816784.042978,-2.0,-0.36,-0.75,-4.5,-7.34,8.77,-0.89,0.78,-0.36,-48.76,-29.17,42.89,1
1746816784.05733,-2.0,-0.38,-0.75,-6.64,2.56,7.93,-1.08,0.74,-0.13,-62.05,13.2,54.4,1
1746816784.073319,-2.0,-0.38,-0.77,-10.06,-0.84,10.19,-1.12,0.8,-0.04,-50.22,-65.73,61.55,1
1746816784.088283,-2.0,-0.39,-0.75,-10.49,-13.8,15.11,-1.05,0.82,-0.08,-57.6,-47.5,66.77,1
1746816784.102643,-2.0,-0.4,-0.77,-9.1,0.4,17.15,-1.07,0.79,0.03,-74.51,-52.73,66.37,1
1746816784.115228,-2.0,-0.38,-0.78,-15.55,-6.26,16.98,-1.1,0.76,0.15,-98.27,-33.95,60.84,1
1746816784.133294,-2.0,-0.38,-0.75,-12.51,3.18,17.68,-1.2,0.64,0.28,-83.72,-68.4,61.11,1
1746816784.147341,-2.0,-0.4,-0.81,-15.57,20.89,14.02,-1.11,0.65,0.25,-56.79,-73.87,71.73,1
1746816784.163308,-2.0,-0.41,-0.77,-10.87,5.77,23.32,-1.23,0.74,0.43,-26.64,-79.25,80.35,1
1746816784.178357,-2.0,-0.42,-0.73,-18.51,7.76,22.74,-1.24,0.82,0.4,-7.17,-73.86,84.48,1
1746816784.192982,-2.0,-0.44,-0.73,-14.89,-2.96,28.75,-1.35,1.05,0.44,1.29,-43.13,94.05,1
1746816784.207172,-2.0,-0.44,-0.76,-19.31,11.02,22.77,-1.37,1.18,0.28,8.4,-62.44,105.69,1
1746816784.222028,-2.0,-0.48,-0.74,-14.44,2.87,25.29,-1.63,1.34,0.36,21.04,-107.48,121.88,1
1746816784.238428,-2.0,-0.48,-0.77,-18.21,9.22,20.79,-1.52,1.42,0.15,16.53,-130.38,138.02,1
1746816784.253993,-2.0,-0.51,-0.75,-13.11,10.73,22.25,-1.66,1.46,0.2,13.65,-165.6,152.54,1
1746816784.268315,-2.0,-0.52,-0.76,-13.94,12.54,18.92,-1.58,1.42,0.08,0.89,-196.92,173.93,1
1746816784.283437,-2.0,-0.44,-0.78,-5.73,5.67,20.52,-1.39,1.55,-0.07,-5.08,-170.24,190.34,1
1746816784.298181,-2.0,-0.36,-0.78,-14.61,-0.03,7.05,-1.11,1.23,-0.35,17.98,-166.67,201.64,1
1746816784.313978,-2.0,-0.48,-0.74,4.83,16.83,14.2,-0.72,0.9,-1.32,19.18,-38.89,200.63,1
1746816784.328095,-2.0,-0.4,-0.76,-0.79,40.47,8.03,-0.99,1.19,-0.64,-54.36,-159.02,230.11,1
1746816784.34299,-2.0,-0.45,-0.7,15.57,-27.31,23.34,-1.32,1.29,-0.09,-36.64,-156.48,217.56,1
1746816784.356945,-2.0,-0.36,-0.75,0.24,19.57,4.6,-1.26,1.07,-0.12,-61.01,-160.18,213.6,1
1746816784.373411,-2.0,-0.36,-0.7,7.95,13.05,7.61,-1.19,0.95,-0.16,-51.54,-143.69,200.73,1
1746816784.388394,-2.0,-0.42,-0.81,11.46,-13.6,10.18,-1.11,0.96,-0.15,-82.44,-132.61,178.55,1
1746816784.403643,-2.0,-0.42,-0.77,5.82,11.15,-4.59,-0.97,0.92,-0.27,-88.43,-130.15,182.44,1
1746816784.418342,-2.0,-0.36,-0.74,-2.68,-5.83,-11.92,-0.88,0.88,-0.26,-86.14,-129.52,178.61,1
1746816784.433181,-2.0,-0.37,-0.72,-2.82,-20.23,-12.21,-0.84,0.88,-0.12,-92.14,-144.03,175.82,1
1746816784.44833,-2.0,-0.4,-0.93,5.0,18.46,-17.16,-0.73,0.91,-0.05,-100.46,-109.86,178.05,1
1746816784.463254,-2.0,-0.37,-0.73,7.61,-5.31,-15.88,-1.87,0.98,0.58,-250.14,-115.63,138.71,1
1746816784.47836,-2.0,-0.35,-0.79,9.41,-2.48,-18.93,-1.38,1.16,0.85,-236.61,-121.11,142.87,1
1746816784.492997,-2.0,-0.32,-0.8,8.13,14.39,-23.93,0.03,1.6,0.34,-181.78,-103.92,206.42,1
1746816784.507,-2.0,-0.37,-0.74,24.02,0.35,-10.81,-0.56,0.65,0.05,-153.17,-79.17,96.77,1
1746816784.523134,-2.0,-0.36,-0.73,6.76,15.35,-18.17,-0.57,0.72,0.18,-142.79,-103.28,101.27,1
1746816784.538979,-2.0,-0.31,-0.67,8.7,4.03,-14.93,0.11,0.28,-0.56,-103.51,166.64,95.66,1
1746816784.553115,-2.0,-0.31,-0.72,3.11,7.66,-17.39,-1.56,0.66,1.21,-155.11,-163.04,33.82,1
1746816784.568324,-2.0,-0.32,-0.75,-8.28,6.07,-23.15,-0.54,0.77,0.61,-149.24,-250.14,39.95,1
1746816784.583123,-2.0,-0.36,-0.67,-2.49,-7.86,-18.32,1.11,1.12,-1.73,-173.34,-17.96,76.58,1
1746816784.597725,-2.0,-0.36,-0.73,-4.95,6.43,-21.92,-0.19,0.49,-0.09,-195.7,54.92,39.38,1
1746816784.613167,-2.0,-0.35,-0.72,-5.59,-0.85,-20.71,0.36,0.33,-0.29,-125.37,77.15,43.98,1
1746816784.627331,-2.0,-0.37,-0.71,-9.27,-0.85,-21.45,-0.65,0.69,0.69,-213.81,-250.14,98.23,1
1746816784.64346,-2.0,-0.36,-0.74,-11.12,-5.69,-19.43,0.44,-0.02,-0.87,-90.94,28.94,45.34,1
1746816784.658355,-2.0,-0.4,-0.73,-4.85,-29.89,-11.81,-0.76,0.4,1.0,-113.54,106.82,-21.11,1
1746816784.672374,-2.0,-0.4,-0.76,-8.0,-6.83,-14.78,2.0,-0.16,-2.0,-67.57,210.55,60.6,1
1746816784.687776,-2.0,-0.37,-0.79,-10.81,-14.62,-13.53,-0.86,0.51,1.09,-157.27,15.25,-26.02,1
1746816784.702275,-2.0,-0.39,-0.77,-8.89,-11.72,-11.7,0.39,0.26,0.1,-100.5,-138.74,15.63,1
1746816784.717336,-2.0,-0.41,-0.76,-13.25,-9.11,-10.54,-0.68,0.16,1.04,-64.13,-250.14,-7.53,1
1746816784.733185,-2.0,-0.41,-0.76,-20.18,-11.25,-7.6,1.07,0.27,-0.25,-166.24,-215.51,31.6,1
1746816784.748392,-2.0,-0.44,-0.76,-20.05,-0.63,-4.67,-0.11,0.13,0.74,-101.76,74.85,-25.44,1
1746816784.762637,-2.0,-0.44,-0.72,-26.35,1.95,-5.37,0.23,0.17,0.35,-87.01,-47.37,-4.44,1
1746816784.777118,-2.0,-0.44,-0.74,-22.6,3.35,-3.59,0.13,0.22,0.39,-91.44,-164.02,-0.34,1
1746816784.792166,-2.0,-0.44,-0.71,-22.02,-9.84,-3.35,0.05,0.34,0.51,-141.92,-106.95,-20.54,1
1746816784.807538,-2.0,-0.45,-0.72,-17.47,-14.59,-2.2,0.26,0.28,0.31,-99.02,39.58,7.92,1
1746816784.822065,-2.0,-0.45,-0.72,-15.63,-14.8,-1.39,0.25,0.14,0.32,-76.36,63.37,-23.1,1
1746816784.838226,-2.0,-0.45,-0.74,-15.63,-15.3,0.13,0.29,0.11,0.17,-55.16,-113.5,-5.84,1
1746816784.852209,-2.0,-0.46,-0.75,-13.98,-13.15,2.6,-0.04,0.23,0.51,-60.73,-250.14,-11.53,1
1746816784.867677,-2.0,-0.46,-0.75,-15.11,-13.27,2.73,0.77,0.13,-0.17,-42.5,-250.14,30.63,1
1746816784.883595,-2.0,-0.47,-0.76,-15.26,-19.36,1.89,0.21,0.15,0.42,-47.31,-250.14,38.31,1
1746816784.898493,-2.0,-0.48,-0.75,-12.59,-19.62,-0.37,0.94,0.06,-0.52,0.76,-203.44,66.98,1
1746816784.913397,-2.0,-0.47,-0.77,-7.48,-16.15,-1.81,0.5,0.17,0.35,-25.95,-22.19,27.47,1
1746816784.927531,-2.0,-0.45,-0.75,-2.97,-13.56,0.2,0.79,0.06,-0.12,-35.44,-33.04,26.65,1
1746816784.942467,-2.0,-0.45,-0.74,-3.47,-5.6,2.66,1.22,-0.04,-0.47,18.15,250.13,0.29,1
1746816784.957928,-2.0,-0.44,-0.72,-7.67,-3.05,6.02,0.26,0.12,0.63,27.08,154.17,13.6,1
1746816784.973463,-2.0,-0.43,-0.68,-10.92,-7.87,10.79,0.46,-0.0,0.32,23.37,-18.77,18.29,1
1746816784.989169,-2.0,-0.42,-0.72,-11.63,-8.77,14.29,0.37,-0.06,0.33,62.44,-238.82,30.57,1
1746816785.004082,-2.0,-0.43,-0.74,-9.86,-3.5,16.2,1.03,0.31,-1.38,29.33,73.78,40.24,1
1746816785.018116,-2.0,-0.42,-0.69,-11.22,1.93,15.44,0.48,-0.14,0.27,-9.44,-141.19,31.46,1
1746816785.033901,-2.0,-0.42,-0.68,-11.79,-7.64,16.35,1.05,-0.07,-0.33,-10.31,-87.4,27.44,1
1746816785.046964,-2.0,-0.45,-0.72,-9.03,0.64,13.66,0.88,-0.09,-0.09,7.72,-77.75,34.2,1
1746816785.063607,-2.0,-0.46,-0.76,-3.91,11.63,12.53,0.9,-0.04,-0.1,20.42,-1.53,30.02,1
1746816785.078312,-2.0,-0.43,-0.74,-5.08,16.91,7.77,0.9,-0.03,-0.03,4.28,10.27,18.05,1
1746816785.092936,-2.0,-0.42,-0.75,-0.77,9.63,7.88,0.83,-0.04,0.09,-20.62,10.63,6.18,1
1746816785.107657,-2.0,-0.41,-0.77,2.4,4.19,5.05,0.91,0.01,0.05,-28.07,39.24,-2.13,1
1746816785.124533,-2.0,-0.4,-0.75,3.34,3.11,1.98,0.81,-0.07,0.12,-25.09,12.22,-1.07,1
1746816785.139007,-2.0,-0.39,-0.79,5.63,0.05,3.27,0.85,-0.06,0.16,-10.86,9.91,7.29,1
1746816785.15308,-2.0,-0.39,-0.75,3.08,6.24,4.72,0.88,-0.06,0.2,7.9,22.02,9.69,1
1746816785.167928,-2.0,-0.38,-0.73,1.65,-1.64,9.09,0.8,-0.04,0.33,0.37,24.31,5.67,1
1746816785.183088,-2.0,-0.38,-0.74,-1.51,13.08,8.44,0.77,-0.06,0.36,-0.36,10.63,2.05,1
1746816785.19717,-2.0,-0.36,-0.74,-4.74,8.32,8.68,0.8,-0.07,0.33,10.34,6.6,1.35,1
1746816785.212555,-2.0,-0.36,-0.77,-6.21,2.74,10.16,0.83,-0.0,0.29,14.26,6.73,0.05,1
1746816785.227468,-2.0,-0.36,-0.81,-7.73,12.24,8.82,0.82,0.06,0.31,4.73,5.14,-6.56,1
1746816785.24108,-2.0,-0.37,-0.78,-8.57,12.24,9.66,0.85,0.06,0.29,-3.69,5.65,-11.42,1
1746816785.258035,-2.0,-0.39,-0.73,-10.07,19.99,9.11,0.84,0.07,0.32,-14.49,14.5,-17.28,1
1746816785.274163,-2.0,-0.41,-0.76,-7.71,13.18,11.52,0.84,0.09,0.34,-19.67,21.3,-20.89,1
1746816785.288419,-2.0,-0.42,-0.76,-6.28,8.51,13.05,0.81,0.14,0.35,-22.36,25.94,-20.69,1
1746816785.30339,-2.0,-0.42,-0.75,-2.47,10.09,13.09,0.79,0.13,0.38,-20.53,32.88,-16.78,1
1746816785.317059,-2.0,-0.42,-0.73,-0.81,6.69,11.04,0.76,0.15,0.43,-18.13,33.74,-12.72,1
1746816785.333029,-2.0,-0.4,-0.74,1.75,6.29,6.41,0.73,0.12,0.46,-18.37,32.09,-8.31,1
1746816785.347366,-2.0,-0.39,-0.75,2.87,3.02,0.39,0.72,0.15,0.5,-17.18,29.23,-5.36,1
1746816785.362642,-2.0,-0.36,-0.76,4.32,2.88,-7.39,0.69,0.05,0.5,-7.26,24.31,-1.29,1
1746816785.377282,-2.0,-0.34,-0.78,1.24,7.7,-13.81,0.7,0.02,0.51,1.92,17.86,-1.88,1
1746816785.392525,-2.0,-0.36,-0.77,-4.14,8.47,-9.53,0.72,0.0,0.47,11.32,10.79,0.21,1
1746816785.407128,-2.0,-0.42,-0.78,-11.53,12.76,-4.23,0.76,0.0,0.4,24.69,23.21,-2.7,1
1746816785.422587,-2.0,-0.39,-0.75,-4.13,11.59,8.85,0.71,0.1,0.41,28.59,31.66,-3.12,1
1746816785.43897,-2.0,-0.4,-0.74,-3.41,9.44,12.24,0.67,0.16,0.42,19.37,29.63,-5.2,1
1746816785.452564,-2.0,-0.35,-0.73,-1.62,-0.29,12.37,0.66,0.18,0.36,9.54,27.6,-6.08,0
1746816785.467137,-2.0,-0.36,-0.71,-4.06,-2.43,9.92,0.63,0.24,0.32,-0.14,23.04,-4.82,0
1746816785.48267,-2.0,-0.35,-0.7,-5.94,-3.28,8.24,0.61,0.26,0.23,-2.08,28.99,-1.14,0
1746816785.497227,-2.0,-0.35,-0.69,-7.29,-3.64,6.12,0.58,0.37,0.12,-11.38,25.12,11.38,0
1746816785.512998,-2.0,-0.37,-0.68,-8.31,-6.54,4.72,0.52,0.4,0.04,-11.9,39.08,30.37,0
1746816785.527114,-2.0,-0.39,-0.69,-7.88,-8.8,2.53,0.44,0.39,-0.02,-7.95,55.61,46.48,0
1746816785.542204,-2.0,-0.38,-0.69,-7.4,-8.95,-1.47,0.54,0.45,-0.14,-8.29,80.37,55.09,0
1746816785.556997,-2.0,-0.37,-0.75,-5.69,-8.78,-5.27,0.49,0.56,-0.18,-32.4,101.63,60.95,0
1746816785.573153,-2.0,-0.36,-0.79,-5.26,-9.68,-8.75,0.53,0.55,-0.24,-79.75,134.04,57.96,0
1746816785.588297,-2.0,-0.36,-0.83,-7.92,-10.72,-10.18,0.32,0.55,-0.11,-130.75,178.81,54.27,0
1746816785.602307,-2.0,-0.38,-0.8,-14.89,1.69,-11.75,0.16,0.39,-0.09,-164.32,159.05,54.72,0
1746816785.617264,-2.0,-0.43,-0.74,-15.64,3.6,-3.66,0.03,0.22,-0.05,-185.75,141.47,50.14,0
1746816785.633178,-2.0,-0.45,-0.71,-14.85,5.37,5.15,0.07,0.05,-0.04,-179.38,103.38,61.87,0
1746816785.648022,-2.0,-0.43,-0.7,-13.28,0.5,11.73,0.38,-0.26,-0.21,-140.87,125.68,90.09,0
1746816785.662771,-2.0,-0.4,-0.69,-14.43,-0.34,11.44,0.35,-0.41,-0.14,-71.43,158.14,116.53,0
1746816785.672033,-2.0,-0.38,-0.71,-17.56,-3.48,8.86,0.19,-0.39,-0.04,-30.34,184.08,125.33,0
1746816785.692989,-2.0,-0.39,-0.67,-19.85,0.34,5.58,0.01,-0.32,0.02,-13.9,188.17,119.71,0
1746816785.707926,-2.0,-0.38,-0.67,-21.7,4.11,3.95,-0.09,-0.28,0.05,-11.45,186.37,110.24,0
1746816785.723734,-2.0,-0.4,-0.67,-18.74,7.57,2.42,-0.08,-0.26,0.15,-12.23,212.66,104.4,0
1746816785.737593,-2.0,-0.4,-0.7,-16.91,6.68,1.79,-0.11,-0.29,0.17,1.24,225.52,108.39,0
1746816785.752881,-2.0,-0.41,-0.72,-14.12,3.67,2.49,-0.23,-0.33,0.31,17.95,211.37,116.28,0
1746816785.767254,-2.0,-0.42,-0.73,-10.1,-0.17,5.85,-0.3,-0.39,0.35,50.85,205.72,124.63,0
1746816785.783141,-2.0,-0.42,-0.76,-8.21,-4.1,8.44,-0.32,-0.42,0.4,88.76,194.0,128.95,0
1746816785.797248,-2.0,-0.42,-0.8,-8.21,-4.0,9.46,-0.28,-0.37,0.39,132.69,201.03,128.45,0
1746816785.813655,-2.0,-0.41,-0.87,-8.86,-2.22,9.51,-0.2,-0.29,0.41,140.6,171.5,116.3,0
1746816785.828055,-2.0,-0.41,-0.92,-10.5,-3.27,11.5,-0.37,-0.25,0.58,178.03,176.95,107.95,0
1746816785.84297,-2.0,-0.43,-0.92,-13.6,-3.85,13.75,-0.49,-0.24,0.7,189.54,33.77,90.88,0
1746816785.857809,-2.0,-0.46,-0.89,-13.94,4.59,16.99,0.09,-0.2,-0.28,238.5,203.85,60.18,0
1746816785.873081,-2.0,-0.49,-0.85,-12.82,13.18,19.79,-0.46,-0.06,0.48,239.6,103.98,42.2,0
1746816785.888086,-2.0,-0.51,-0.82,-8.32,19.24,23.68,-0.28,0.27,-0.02,245.24,250.13,-0.66,0
1746816785.902117,-2.0,-0.47,-0.81,-5.61,22.94,29.05,-0.71,0.4,0.32,213.23,250.13,-18.15,0
1746816785.918061,-2.0,-0.43,-0.77,-4.3,21.53,35.02,-0.83,0.72,0.31,173.53,250.13,-23.19,0
1746816785.933042,-2.0,-0.36,-0.73,-3.78,18.23,34.69,-1.27,0.8,0.66,67.34,233.67,-86.44,0
1746816785.947315,-2.0,-0.31,-0.67,-4.27,12.74,29.32,-0.91,0.77,0.47,115.68,191.39,-43.89,0
1746816785.962729,-2.0,-0.3,-0.66,-5.99,8.24,20.95,-1.67,0.62,0.92,204.53,138.14,-36.78,0
1746816785.977149,-2.0,-0.29,-0.65,-7.57,0.19,14.5,-0.98,0.81,0.11,189.56,228.77,-1.63,0
1746816785.992444,-2.0,-0.3,-0.67,-9.4,-7.23,11.43,-1.49,0.85,0.37,207.21,169.73,-30.41,0
1746816786.005815,-2.0,-0.3,-0.7,-11.25,-15.47,12.41,-1.56,1.02,0.43,72.97,126.27,-83.06,0
1746816786.023575,-2.0,-0.29,-0.74,-14.95,-13.71,13.57,-1.65,0.85,0.38,107.9,123.1,-68.72,0
1746816786.03874,-2.0,-0.31,-0.73,-19.34,-10.33,12.24,-1.43,0.77,0.51,90.81,108.24,-80.24,0
1746816786.053171,-2.0,-0.34,-0.75,-22.45,-5.73,8.36,-1.55,0.52,0.24,126.05,49.5,-52.05,0
1746816786.067324,-2.0,-0.4,-0.79,-23.6,-4.94,6.44,-1.64,1.02,0.49,6.04,-31.57,-60.85,0
1746816786.083168,-2.0,-0.42,-0.79,-22.26,-8.5,4.46,-1.47,0.82,0.13,80.88,5.88,-35.6,0
1746816786.098411,-2.0,-0.41,-0.8,-18.53,-11.52,2.47,-1.56,1.01,0.33,23.12,-13.17,-41.4,0
1746816786.112533,-2.0,-0.39,-0.8,-16.8,-12.27,2.34,-1.55,0.78,0.51,-45.08,-39.18,-65.89,0
1746816786.128317,-2.0,-0.39,-0.81,-12.19,-1.39,-0.34,-0.85,0.45,-0.15,3.48,119.05,-24.36,0
1746816786.142903,-2.0,-0.38,-0.77,-8.85,-13.47,-1.37,-1.01,0.62,0.36,27.53,191.61,-52.91,0
1746816786.15738,-2.0,-0.39,-0.77,-10.82,-0.17,-6.87,-1.77,0.22,0.97,157.27,63.47,-50.25,0
1746816786.173356,-2.0,-0.39,-0.74,-6.69,-3.15,-5.01,-1.4,0.35,0.28,199.39,150.41,-50.39,0
1746816786.188907,-2.0,-0.39,-0.75,-5.67,-3.02,-3.08,-1.99,0.39,0.84,250.13,17.36,-27.9,0
1746816786.202993,-2.0,-0.38,-0.76,-4.97,0.59,0.49,-1.47,0.55,0.29,250.13,-81.92,-21.27,0
1746816786.218356,-2.0,-0.37,-0.74,-7.63,-0.34,4.87,-1.27,0.67,0.0,250.13,89.25,-17.29,0
1746816786.233176,-2.0,-0.37,-0.73,-8.71,4.61,7.29,-1.77,0.89,0.65,250.13,-93.2,-32.28,0
1746816786.247249,-2.0,-0.37,-0.72,-10.34,-1.99,7.55,-0.91,0.83,-0.26,250.13,-95.21,-43.35,0
1746816786.262345,-2.0,-0.37,-0.75,-11.76,-0.33,4.95,-1.34,1.06,0.22,207.8,-35.2,-79.25,0
1746816786.277334,-2.0,-0.38,-0.79,-11.17,-0.78,5.43,-0.75,0.67,-0.44,156.22,72.0,-73.5,0
1746816786.293019,-2.0,-0.38,-0.81,-10.24,-4.21,9.44,-1.68,1.0,0.63,134.02,-9.02,-56.66,0
1746816786.307528,-2.0,-0.39,-0.79,-9.87,-2.85,13.53,-0.85,1.01,-0.19,-20.5,183.08,-75.04,0
1746816786.323632,-2.0,-0.4,-0.77,-10.6,-1.67,15.58,-1.82,0.84,0.85,20.03,97.17,-53.02,0
1746816786.338135,-2.0,-0.38,-0.74,-9.85,1.58,14.5,-1.28,0.86,0.38,-3.87,-30.37,-59.24,0
1746816786.352941,-2.0,-0.38,-0.72,-9.3,2.26,11.89,-1.13,0.81,0.36,-32.85,46.01,-20.28,0
1746816786.368431,-2.0,-0.38,-0.71,-9.45,3.53,9.29,-1.27,0.44,0.45,22.2,10.94,0.81,0
1746816786.38334,-2.0,-0.37,-0.72,-10.18,2.59,9.05,-0.86,0.39,-0.04,46.86,-36.34,17.24,0
1746816786.398151,-2.0,-0.37,-0.74,-11.92,1.82,9.66,-0.83,0.23,-0.11,80.68,85.34,19.18,0
1746816786.412578,-2.0,-0.37,-0.75,-13.5,1.55,11.62,-1.17,0.39,0.24,138.82,-112.13,11.49,0
1746816786.428317,-2.0,-0.39,-0.76,-14.53,-0.3,14.68,-0.66,0.46,-0.38,115.3,20.02,5.46,0
1746816786.441359,-2.0,-0.37,-0.76,-13.54,0.91,16.91,-0.93,0.54,-0.06,65.7,-14.89,-2.31,0
1746816786.457672,-2.0,-0.04,-0.51,-10.5,-20.12,22.11,-0.97,0.35,-0.3,-9.39,6.68,-23.9,0
1746816786.473627,-2.0,-0.48,-0.72,-18.24,45.06,-0.58,-0.44,0.07,-0.81,76.86,211.58,5.02,0
1746816786.489121,-2.0,-0.37,-0.83,-42.93,30.78,-11.02,0.16,0.19,-1.49,4.6,206.27,-0.82,0
1746816786.503611,-2.0,-0.36,-0.72,14.79,10.02,19.82,-0.34,0.52,-0.36,-43.08,-46.79,23.79,0
1746816786.517924,-2.0,-0.61,-0.48,5.92,-14.05,16.73,-1.04,0.32,-0.6,-25.66,250.13,10.69,0
1746816786.533141,-2.0,-0.45,-0.91,0.47,-58.36,14.32,-1.31,0.47,-0.2,-25.66,65.95,-9.01,0
1746816786.54117,-2.0,-0.48,-0.81,5.67,10.69,4.69,-0.5,0.33,-0.81,56.19,6.89,17.85,0
1746816786.562291,-2.0,-0.47,-0.81,11.62,13.48,6.07,-1.21,0.6,-0.12,-8.51,-67.08,-8.87,0
1746816786.577349,-2.0,-0.37,-0.81,12.31,2.97,9.66,-1.03,0.27,-0.39,50.25,-23.5,-6.98,0
1746816786.592305,-2.0,-0.37,-0.75,20.48,31.04,10.94,-0.56,0.25,-0.74,5.83,-132.01,-25.32,0
1746816786.608599,-2.0,-0.28,-0.86,7.79,91.55,0.92,0.17,0.01,-1.43,-23.66,98.67,-3.15,0
1746816786.624456,-2.0,-0.28,-0.8,-13.95,-23.98,11.62,-1.23,0.19,-0.14,10.61,207.72,-9.24,0
1746816786.638211,-2.0,-0.4,-0.62,-10.98,-79.44,21.7,-0.66,0.26,-0.72,22.44,34.47,-12.19,0
1746816786.653183,-2.0,-0.35,-1.08,3.83,22.73,9.28,-0.76,0.17,-0.67,66.16,202.73,-9.58,0
1746816786.668,-2.0,-0.34,-0.81,-12.23,-42.7,11.44,-0.97,0.21,-0.39,91.6,-51.81,-20.05,0
1746816786.683306,-2.0,-0.36,-0.85,-7.08,-62.98,11.69,-0.83,0.22,-0.54,103.56,9.16,-15.42,0
1746816786.69726,-2.0,-0.35,-0.98,15.69,59.71,-7.23,-0.99,0.46,-0.27,63.08,11.54,-18.07,0
1746816786.712436,-2.0,-0.32,-0.56,31.05,-9.86,8.82,-1.12,0.33,-0.26,89.39,-84.66,-32.95,0
1746816786.72725,-2.0,-0.33,-0.77,20.39,20.15,0.28,-0.67,0.52,-0.6,39.63,-132.79,-30.27,0
1746816786.741761,-2.0,-0.34,-0.75,17.56,22.08,3.92,-0.86,0.41,-0.49,12.15,64.59,-20.55,0
1746816786.757582,-2.0,-0.33,-0.8,7.66,57.53,-1.81,-0.98,0.43,-0.38,-7.11,-32.26,-8.98,0
1746816786.774592,-2.0,-0.31,-0.74,-6.82,12.24,1.73,-1.05,0.39,-0.3,14.12,51.06,2.11,0
1746816786.788572,-2.0,-0.34,-0.76,-10.63,-9.82,5.08,-0.97,0.31,-0.46,43.83,-17.54,18.31,0
1746816786.802989,-2.0,-0.34,-0.78,-10.4,5.35,1.3,-1.01,0.59,-0.35,-80.11,-124.15,-8.24,0
1746816786.8171,-2.0,-0.35,-0.75,-14.54,-2.24,1.42,-0.75,0.56,-0.39,-104.44,178.68,-15.24,0
1746816786.832793,-2.0,-0.38,-0.74,-12.5,-6.92,4.29,-1.63,0.28,0.45,22.57,-112.76,3.35,0
1746816786.847013,-2.0,-0.38,-0.74,-10.66,-17.79,7.4,-0.34,0.28,-1.06,-25.19,7.94,-0.43,0
1746816786.862102,-2.0,-0.39,-0.68,-12.41,-38.42,11.99,-0.91,0.34,-0.31,-49.47,88.18,2.83,0
1746816786.877527,-2.0,-0.4,-0.69,-17.47,-71.53,16.95,-1.24,0.21,-0.11,25.66,25.75,6.5,0
1746816786.892639,-2.0,-0.42,-0.81,-8.05,-45.63,11.08,-1.14,0.36,-0.2,21.23,-162.32,-2.01,0
1746816786.908111,-2.0,-0.41,-0.79,1.55,17.68,-0.18,-0.49,0.32,-0.83,-13.97,31.94,10.02,0
1746816786.923258,-2.0,-0.4,-0.8,5.69,37.06,-2.7,-0.96,0.34,-0.26,-43.89,94.38,5.01,0
1746816786.938841,-2.0,-0.4,-0.68,-4.79,36.95,-6.92,-0.95,0.23,-0.28,-6.33,20.02,8.44,0
1746816786.953764,-2.0,-0.41,-0.75,-7.02,-9.15,2.54,-0.94,0.32,-0.33,14.5,-65.31,11.21,0
1746816786.967836,-2.0,-0.42,-0.77,-8.09,12.71,0.26,-1.15,0.3,-0.14,16.79,-54.93,0.43,0
1746816786.983189,-2.0,-0.39,-0.73,-6.65,-0.62,2.37,-0.69,0.24,-0.7,-15.68,31.21,2.86,0
1746816786.998152,-2.0,-0.38,-0.78,-1.05,-7.63,3.95,-0.98,0.31,-0.32,-36.28,-13.56,2.98,0
1746816787.012492,-2.0,-0.37,-0.76,-2.93,-1.68,-0.18,-0.79,0.3,-0.56,-35.95,49.52,7.81,0
1746816787.028297,-2.0,-0.35,-0.75,-6.24,-12.47,-0.02,-1.26,0.28,-0.06,-5.01,-38.62,7.92,0
1746816787.04264,-2.0,-0.35,-0.78,-8.73,0.88,-4.03,-0.76,0.34,-0.59,-30.48,-28.24,4.22,0
1746816787.057793,-2.0,-0.36,-0.8,-3.17,22.05,-5.47,-1.0,0.3,-0.35,-46.56,49.31,-0.95,0
1746816787.073803,-2.0,-0.36,-0.65,-6.5,29.77,-4.89,-1.04,0.37,-0.23,-73.66,-54.89,-17.83,0
1746816787.087369,-2.0,-0.4,-0.7,-10.04,9.74,2.85,-0.59,0.39,-0.74,-70.17,80.68,-3.67,0
1746816787.102152,-2.0,-0.44,-0.73,-12.15,-3.34,6.85,-1.1,0.29,-0.24,-23.02,119.6,15.55,0
1746816787.117391,-2.0,-0.44,-0.73,-10.88,-11.63,6.08,-0.88,0.38,-0.42,-35.03,16.05,1.5,0
1746816787.133192,-2.0,-0.44,-0.72,-12.4,-17.46,2.93,-1.01,0.31,-0.32,5.0,65.53,12.56,0
1746816787.147157,-2.0,-0.43,-0.81,-7.91,-3.95,-0.4,-1.04,0.31,-0.3,29.2,-77.39,6.24,0
1746816787.163629,-2.0,-0.41,-0.76,-11.24,22.7,-9.21,-0.7,0.4,-0.56,14.49,-71.59,5.71,0
1746816787.177289,-2.0,-0.4,-0.74,-20.55,23.97,-13.95,-0.85,0.4,-0.46,0.13,80.48,12.53,0
1746816787.192634,-2.0,-0.44,-0.76,-25.65,16.08,-14.8,-0.98,0.42,-0.36,-10.61,72.08,11.77,0
1746816787.207555,-2.0,-0.44,-0.76,-22.17,9.5,-8.67,-0.8,0.39,-0.61,17.91,130.89,26.31,0
1746816787.222543,-2.0,-0.43,-0.77,-14.09,29.85,-2.49,-1.16,0.59,-0.47,46.12,156.37,54.15,0
1746816787.237104,-2.0,-0.42,-0.74,-11.58,32.56,1.09,-0.4,0.16,-0.8,86.77,141.31,67.37,0
1746816787.25182,-2.0,-0.4,-0.74,-7.95,33.59,3.59,-0.28,0.39,-1.17,75.59,134.83,71.44,0
1746816787.267293,-2.0,-0.39,-0.74,-4.94,15.36,6.24,-1.08,0.56,-0.38,-11.53,-194.21,25.11,0
1746816787.282248,-2.0,-0.4,-0.73,0.72,15.69,8.38,-1.34,0.71,0.07,23.38,-24.63,58.53,0
1746816787.298372,-2.0,-0.39,-0.7,0.26,6.3,7.58,-1.04,0.5,-0.34,67.14,-9.58,79.11,0
1746816787.313306,-2.0,-0.37,-0.76,-5.66,0.68,4.05,-0.91,0.74,-0.46,19.13,-37.21,70.75,0
1746816787.328657,-2.0,-0.39,-0.72,-6.77,8.6,3.39,-1.47,0.76,0.09,21.71,-26.04,79.2,1
1746816787.342633,-2.0,-0.38,-0.74,-11.53,4.99,3.98,-0.78,0.78,-0.51,8.7,-53.96,89.69,1
1746816787.357897,-2.0,-0.4,-0.81,-10.47,-9.47,10.92,-0.89,0.9,-0.38,27.31,20.22,115.85,1
1746816787.374173,-2.0,-0.41,-0.75,-4.17,0.47,14.34,-1.27,0.98,-0.05,32.1,-40.03,121.23,1
1746816787.38821,-2.0,-0.38,-0.74,-10.21,13.15,7.21,-1.0,0.99,-0.31,30.53,35.32,130.75,1
1746816787.402841,-2.0,-0.38,-0.75,-9.64,9.69,7.0,-1.05,0.98,-0.24,33.2,-3.73,134.34,1
1746816787.416181,-2.0,-0.4,-0.74,-7.17,2.32,8.51,-0.95,1.04,-0.39,43.34,-32.56,138.21,1
1746816787.432143,-2.0,-0.38,-0.76,-12.56,1.78,5.92,-1.0,1.05,-0.33,38.27,-50.03,140.31,1
1746816787.44775,-2.0,-0.39,-0.76,-14.11,-3.69,7.79,-1.08,1.03,-0.33,-3.69,-97.23,134.39,1
1746816787.462464,-2.0,-0.39,-0.77,-10.95,-0.39,9.6,-0.94,1.1,-0.42,-23.7,-28.48,141.43,1
1746816787.477469,-2.0,-0.4,-0.74,-9.36,6.79,9.02,-0.99,1.16,-0.39,-31.89,-54.15,149.33,1
1746816787.492839,-2.0,-0.43,-0.74,-5.62,6.02,10.05,-0.97,1.16,-0.44,-33.53,-7.66,157.43,1
1746816787.507809,-2.0,-0.38,-0.73,-5.97,6.92,6.53,-1.07,1.22,-0.37,-33.95,-55.4,162.58,1
1746816787.523222,-2.0,-0.39,-0.73,-2.03,4.73,7.63,-0.88,1.25,-0.58,-61.9,-64.37,163.89,1
1746816787.538248,-2.0,-0.41,-0.75,1.25,7.04,9.47,-0.94,1.32,-0.51,-63.87,-47.11,172.13,1
1746816787.553128,-2.0,-0.39,-0.76,-2.73,5.29,10.11,-1.03,1.24,-0.47,-58.66,-98.43,167.48,1
1746816787.567309,-2.0,-0.42,-0.75,0.89,5.08,12.43,-0.78,1.31,-0.66,-68.57,-108.69,168.95,1
1746816787.582924,-2.0,-0.38,-0.76,-3.5,12.97,8.35,-0.85,1.23,-0.56,-73.55,-82.26,183.28,1
1746816787.597255,-2.0,-0.39,-0.75,-7.47,8.73,6.72,-0.7,1.26,-0.64,-91.34,-17.63,189.28,1
1746816787.613192,-2.0,-0.39,-0.75,-8.32,9.74,4.49,-0.85,1.22,-0.41,-89.96,-11.25,191.7,1
1746816787.62715,-2.0,-0.4,-0.76,-7.03,13.51,4.03,-0.83,1.28,-0.32,-101.31,-40.23,188.43,1
1746816787.642852,-2.0,-0.42,-0.77,-7.47,13.58,5.02,-0.79,1.32,-0.29,-111.82,-17.08,191.17,1
1746816787.65735,-2.0,-0.41,-0.75,-6.36,9.29,6.44,-0.69,1.31,-0.29,-131.94,-8.54,191.44,1
1746816787.672834,-2.0,-0.39,-0.74,-3.95,1.89,7.9,-0.62,1.35,-0.31,-161.76,7.55,182.95,1
1746816787.68759,-2.0,-0.4,-0.76,-2.37,6.51,6.63,-0.8,1.31,-0.06,-166.62,-28.52,168.62,1
1746816787.702312,-2.0,-0.39,-0.76,-0.88,1.68,8.71,-0.66,1.25,-0.24,-169.06,-83.77,158.5,1
1746816787.718315,-2.0,-0.41,-0.74,0.59,5.44,9.83,-0.54,1.21,-0.29,-164.73,-79.76,158.09,1
1746816787.732888,-2.0,-0.4,-0.74,-0.56,3.92,11.6,-0.43,1.22,-0.32,-161.18,-56.85,164.15,1
1746816787.747334,-2.0,-0.41,-0.75,-3.47,-5.34,11.35,-0.43,1.2,-0.23,-150.03,-20.1,166.64,1
1746816787.76278,-2.0,-0.41,-0.75,-5.24,-9.58,9.97,-0.48,1.25,-0.14,-154.28,-64.55,158.36,1
1746816787.778088,-2.0,-0.38,-0.72,-5.19,-23.18,10.08,-0.39,1.22,-0.17,-159.38,-71.72,143.73,1
1746816787.792591,-2.0,-0.47,-0.75,3.31,4.3,6.4,-0.38,1.16,-0.12,-169.16,-89.01,126.5,1
1746816787.808421,-2.0,-0.41,-0.74,-2.53,4.11,-1.35,-0.28,1.07,-0.14,-176.02,-94.5,115.7,1
1746816787.823091,-2.0,-0.4,-0.72,4.08,-13.05,0.14,-0.22,1.0,-0.12,-181.61,-106.53,109.63,1
1746816787.838754,-2.0,-0.39,-0.77,2.78,2.98,-7.74,-0.1,0.92,-0.12,-185.4,-108.79,104.71,1
1746816787.85183,-2.0,-0.38,-0.72,5.2,-2.72,-5.86,-0.0,0.86,-0.15,-190.99,-66.54,99.44,1
1746816787.86704,-2.0,-0.38,-0.75,5.66,4.27,-6.84,-0.07,0.78,0.02,-189.69,-56.88,89.91,1
1746816787.882273,-2.0,-0.39,-0.79,4.6,9.5,-7.88,-0.02,0.75,0.07,-188.53,-69.9,80.25,1
1746816787.891036,-2.0,-0.36,-0.69,0.37,-2.5,-5.57,-0.05,0.73,0.21,-182.46,-82.14,68.65,1
1746816787.9122,-2.0,-0.38,-0.76,-2.05,-13.24,-3.76,0.09,0.7,0.17,-180.57,-78.05,54.79,1
1746816787.927288,-2.0,-0.39,-0.79,-0.33,-8.82,-2.91,0.19,0.67,0.11,-197.42,-110.66,44.88,1
1746816787.943312,-2.0,-0.39,-0.73,-3.85,-7.6,-3.14,0.15,0.6,0.2,-207.6,-83.34,36.34,1
1746816787.958548,-2.0,-0.4,-0.76,-5.02,0.21,-3.47,0.02,0.52,0.3,-200.37,-80.95,30.43,1
1746816787.974176,-2.0,-0.4,-0.73,-7.42,-2.08,-4.82,0.17,0.47,0.15,-194.13,-67.33,30.43,1
1746816787.988291,-2.0,-0.41,-0.71,-9.09,-11.0,-5.66,0.12,0.41,0.27,-175.84,-69.15,27.13,1
1746816788.003016,-2.0,-0.42,-0.73,-10.39,-13.9,-7.92,0.26,0.38,0.25,-159.66,-79.68,22.78,1
1746816788.018347,-2.0,-0.41,-0.77,-6.0,-7.27,-9.35,0.45,0.35,0.09,-141.5,-31.05,18.51,1
1746816788.033246,-2.0,-0.41,-0.79,-5.34,2.81,-13.31,0.15,0.42,0.37,-145.56,-64.36,11.41,1
1746816788.047297,-2.0,-0.4,-0.76,-5.41,-0.34,-14.49,0.16,0.44,0.35,-153.28,-70.97,1.17,1
1746816788.062851,-2.0,-0.41,-0.76,-5.92,1.15,-14.53,0.25,0.42,0.32,-163.39,-70.69,-7.7,1
1746816788.077284,-2.0,-0.42,-0.75,-5.4,-3.47,-11.31,0.28,0.39,0.29,-166.17,-54.04,-13.47,1
1746816788.091253,-2.0,-0.43,-0.75,-4.14,-5.49,-8.45,0.24,0.37,0.31,-167.03,-52.76,-18.78,1
1746816788.107785,-2.0,-0.42,-0.71,-4.06,-3.81,-8.03,0.24,0.3,0.32,-163.54,-56.03,-22.79,1
1746816788.122977,-2.0,-0.42,-0.73,-5.05,-4.41,-8.77,0.21,0.23,0.36,-153.18,-60.22,-20.91,1
1746816788.13739,-2.0,-0.41,-0.7,-5.42,-9.38,-7.94,0.21,0.1,0.3,-126.27,-57.76,-22.19,1
1746816788.15322,-2.0,-0.41,-0.71,-6.8,-10.89,-7.25,0.09,-0.13,0.38,-91.53,-86.03,-16.0,1
1746816788.167168,-2.0,-0.39,-0.7,-7.55,-11.48,-6.72,0.29,0.01,0.22,-57.72,-108.58,-0.63,1
1746816788.182173,-2.0,-0.39,-0.7,-8.04,-8.84,-8.11,0.37,0.03,0.11,-34.05,-108.27,1.19,1
1746816788.191457,-2.0,-0.4,-0.71,-9.44,-7.06,-8.39,0.41,0.16,0.06,-19.53,-106.25,2.89,1
1746816788.212286,-2.0,-0.39,-0.7,-9.96,-10.32,-5.81,0.45,0.27,0.0,-36.4,-128.79,5.55,1
1746816788.228021,-2.0,-0.42,-0.71,-10.53,-10.9,-3.34,0.54,0.21,-0.13,-78.57,-130.76,-3.19,1
1746816788.242398,-2.0,-0.41,-0.73,-13.18,-6.13,-4.2,0.58,0.09,-0.15,-100.47,-129.89,-2.28,1
1746816788.258093,-2.0,-0.42,-0.75,-11.92,-5.98,-1.96,0.75,-0.08,-0.26,-93.75,-108.2,8.91,1
1746816788.273242,-2.0,-0.44,-0.73,-10.51,-9.53,0.9,0.85,-0.14,-0.26,-72.37,-47.45,15.79,1
1746816788.28776,-2.0,-0.45,-0.76,-11.47,-3.93,1.31,0.78,-0.13,-0.17,-57.15,-9.6,17.39,1
1746816788.303373,-2.0,-0.45,-0.75,-12.66,1.44,2.56,0.72,-0.13,-0.05,-41.29,-16.63,18.71,1
1746816788.318365,-2.0,-0.46,-0.76,-12.66,5.71,5.46,0.7,-0.17,-0.0,-30.71,-39.82,15.28,1
1746816788.333254,-2.0,-0.47,-0.74,-12.33,4.42,9.69,0.75,-0.2,0.06,-10.75,-44.52,10.08,1
1746816788.347312,-2.0,-0.46,-0.73,-8.63,9.25,12.05,1.44,-0.06,-0.24,-18.86,20.52,41.05,1
1746816788.362669,-2.0,-0.44,-0.73,-9.3,8.92,11.49,0.71,-0.25,0.18,12.35,72.49,13.32,1
1746816788.377156,-2.0,-0.43,-0.74,-7.13,5.07,12.69,0.77,-0.26,0.09,7.27,0.6,22.37,1
1746816788.391287,-2.0,-0.42,-0.71,-7.69,8.6,11.31,0.84,-0.25,0.04,19.0,14.93,21.39,1
1746816788.409049,-2.0,-0.43,-0.72,-8.02,8.34,13.9,0.83,-0.2,0.09,19.23,20.6,17.99,1
1746816788.423327,-2.0,-0.43,-0.73,-7.11,7.22,18.08,0.8,-0.16,0.1,11.4,11.4,11.66,1
1746816788.437293,-2.0,-0.45,-0.73,-4.34,8.46,22.66,0.82,-0.14,0.06,3.79,13.49,6.9,1
1746816788.452515,-2.0,-0.45,-0.73,-4.34,12.24,23.59,0.83,-0.13,0.03,3.68,13.25,6.83,1
1746816788.467273,-2.0,-0.43,-0.75,-4.84,8.09,23.82,0.8,-0.06,0.06,2.79,18.86,7.69,1
1746816788.482996,-2.0,-0.45,-0.74,-4.17,8.67,22.66,0.73,-0.01,0.08,2.76,23.76,7.87,1
1746816788.491038,-2.0,-0.43,-0.74,-4.04,10.08,18.27,0.69,-0.06,0.11,9.27,26.32,13.62,1
1746816788.512538,-2.0,-0.43,-0.73,-3.08,12.56,13.97,0.65,-0.1,0.12,28.44,28.79,23.94,1
1746816788.527602,-2.0,-0.42,-0.73,-3.49,9.91,12.48,0.7,-0.08,0.09,49.89,38.28,34.61,1
1746816788.542154,-2.0,-0.42,-0.74,-2.93,7.75,12.21,0.67,0.01,0.08,57.14,44.83,38.05,1
1746816788.558761,-2.0,-0.39,-0.75,-4.4,5.48,10.9,0.61,0.09,0.06,54.54,51.23,39.83,1
1746816788.573187,-2.0,-0.37,-0.75,-6.8,-6.61,10.34,0.51,0.13,0.05,44.87,52.31,41.06,1
1746816788.587466,-2.0,-0.33,-0.7,-10.24,-13.95,9.17,0.46,0.12,0.01,43.29,57.21,48.52,1
1746816788.60213,-2.0,-0.31,-0.73,-14.22,-14.24,8.08,0.42,0.1,0.0,48.81,59.85,60.27,1
1746816788.617139,-2.0,-0.25,-0.75,-18.31,-14.76,9.53,0.47,0.06,-0.01,58.57,68.89,72.24,1
1746816788.633194,-2.0,-0.36,-0.77,-21.63,-1.81,12.1,0.48,0.01,-0.02,71.24,90.8,78.4,1
1746816788.64767,-2.0,-0.43,-0.82,-16.99,19.24,21.11,0.37,-0.0,0.0,76.82,98.25,78.6,1
1746816788.662912,-2.0,-0.38,-0.76,-6.15,26.94,31.84,0.32,0.01,0.0,78.03,111.21,75.31,0
1746816788.677115,-2.0,-0.38,-0.73,-3.92,20.31,33.59,0.27,0.08,0.07,67.95,122.92,68.39,0
1746816788.691389,-2.0,-0.33,-0.73,-3.28,19.09,29.08,0.16,0.1,0.2,55.87,134.28,60.92,0
1746816788.707823,-2.0,-0.33,-0.74,-5.75,12.5,20.05,0.12,0.15,0.3,38.21,131.18,60.08,0
1746816788.721466,-2.0,-0.35,-0.78,-4.95,10.85,11.27,0.08,0.12,0.35,28.6,131.75,67.42,0
1746816788.737702,-2.0,-0.34,-0.8,-4.86,10.47,3.34,0.16,0.05,0.37,24.98,120.32,74.7,0
1746816788.752673,-2.0,-0.34,-0.81,-6.85,8.42,-3.97,0.16,-0.07,0.42,42.71,107.65,75.0,0
1746816788.765697,-2.0,-0.34,-0.81,-9.48,11.83,-10.34,0.23,-0.18,0.38,70.59,97.5,68.44,0
1746816788.783114,-2.0,-0.35,-0.77,-11.09,8.92,-11.06,0.31,-0.12,0.45,88.6,96.62,54.2,0
1746816788.791992,-2.0,-0.36,-0.79,-7.32,16.43,-9.51,0.32,-0.12,0.47,98.02,109.08,35.56,0
1746816788.812661,-2.0,-0.33,-0.79,-6.44,16.11,-8.05,0.3,-0.14,0.47,109.51,111.25,14.76,0
1746816788.827552,-2.0,-0.28,-0.79,-6.54,13.33,-8.11,0.33,-0.14,0.42,132.11,120.74,2.21,0
1746816788.843476,-2.0,-0.16,-0.79,-10.05,12.9,-8.48,0.32,-0.18,0.45,159.76,96.5,-1.51,0
1746816788.857904,-2.0,-0.28,-0.78,-11.04,6.31,-11.3,0.38,-0.06,0.41,184.49,104.94,-13.09,0
1746816788.872992,-2.0,-0.29,-0.75,-13.74,5.81,-11.01,0.31,0.03,0.43,183.29,72.61,-25.83,0
1746816788.887691,-2.0,-0.3,-0.75,-16.19,2.18,-9.21,0.34,0.13,0.36,193.51,101.24,-53.32,0
1746816788.902509,-2.0,-0.33,-0.75,-18.36,-0.34,-7.91,0.22,0.2,0.3,184.99,85.18,-76.4,0
1746816788.918564,-2.0,-0.33,-0.76,-19.89,-7.34,-6.68,0.06,0.25,0.32,194.53,122.96,-98.65,0
1746816788.933333,-2.0,-0.34,-0.76,-20.98,-12.81,-5.94,-0.06,0.35,0.39,201.0,92.5,-108.8,0
1746816788.948635,-2.0,-0.34,-0.79,-20.63,-15.1,-5.64,-0.05,0.54,0.42,199.17,69.76,-119.09,0
1746816788.962804,-2.0,-0.33,-0.82,-21.08,-15.9,-6.35,-0.02,0.64,0.31,196.19,104.21,-138.05,0
1746816788.977913,-2.0,-0.36,-0.81,-21.8,-15.82,-7.27,-0.24,0.77,0.28,209.98,108.54,-152.51,0
1746816788.991465,-2.0,-0.39,-0.8,-20.73,-16.08,-6.99,-0.35,1.03,0.16,195.77,94.76,-165.24,0
1746816789.009572,-2.0,-0.41,-0.78,-20.66,-15.64,-6.72,-0.34,1.05,0.09,180.05,91.09,-153.58,0
1746816789.02398,-2.0,-0.43,-0.79,-22.02,-12.89,-4.08,-0.37,1.01,0.09,192.68,109.93,-144.21,0
1746816789.0385,-2.0,-0.44,-0.79,-21.48,-12.52,-0.98,-0.4,1.13,0.13,193.33,123.62,-137.62,0
1746816789.053313,-2.0,-0.44,-0.77,-20.04,-14.08,0.63,-0.58,1.19,0.24,166.47,135.05,-152.08,0
1746816789.068456,-2.0,-0.42,-0.75,-18.9,-14.7,-1.52,-0.69,1.1,0.27,138.39,133.36,-172.4,0
1746816789.083177,-2.0,-0.42,-0.72,-18.85,-13.42,-4.3,-0.79,1.11,0.27,119.02,124.98,-176.89,0
1746816789.091488,-2.0,-0.41,-0.73,-18.85,-13.48,-3.66,-0.77,0.96,0.2,116.54,94.76,-164.62,0
1746816789.113052,-2.0,-0.43,-0.74,-18.02,-12.66,0.15,-0.73,0.91,0.1,146.36,70.61,-144.56,0
1746816789.127521,-2.0,-0.43,-0.76,-18.34,-10.96,4.1,-0.8,0.86,0.08,173.15,69.44,-127.2,0
1746816789.14228,-2.0,-0.45,-0.75,-16.47,-10.92,6.69,-0.96,1.0,0.13,190.19,82.46,-124.9,0
1746816789.158986,-2.0,-0.45,-0.74,-15.21,-11.82,7.28,-1.11,1.18,0.13,182.78,94.66,-140.24,0
1746816789.173305,-2.0,-0.45,-0.75,-14.05,-12.75,8.55,-1.21,1.34,0.15,147.98,83.91,-159.99,0
1746816789.188669,-2.0,-0.45,-0.77,-12.26,-10.88,10.93,-1.23,1.29,0.17,104.69,72.53,-163.21,0
1746816789.201784,-2.0,-0.48,-0.79,-10.62,-9.32,13.35,-1.18,1.11,0.14,78.64,39.36,-149.11,0
1746816789.218329,-2.0,-0.5,-0.78,-8.15,-7.52,14.82,-1.09,0.95,0.07,82.43,20.12,-128.59,0
1746816789.233177,-2.0,-0.5,-0.76,-3.59,-7.53,13.27,-1.12,0.86,0.05,98.18,19.58,-120.02,0
1746816789.247341,-2.0,-0.48,-0.77,-0.32,-7.57,8.49,-1.21,0.96,0.1,97.4,19.56,-117.17,0
1746816789.263276,-2.0,-0.46,-0.75,4.01,-7.22,4.73,-1.24,0.89,0.1,95.21,11.19,-121.44,0
1746816789.276752,-2.0,-0.44,-0.74,5.95,0.28,2.21,-1.22,0.91,0.05,83.98,-10.05,-116.15,0
1746816789.292372,-2.0,-0.41,-0.76,6.2,7.14,0.83,-1.23,0.92,0.1,75.41,-38.93,-95.49,0
1746816789.308643,-2.0,-0.4,-0.73,4.48,-0.41,1.21,-1.18,0.87,0.04,80.86,-70.24,-76.94,0
1746816789.323037,-2.0,-0.4,-0.74,6.92,0.17,2.56,-1.1,0.83,-0.01,84.39,-55.24,-72.36,0
1746816789.338241,-2.0,-0.38,-0.75,4.62,3.07,2.24,-1.1,0.84,-0.01,80.73,-35.4,-80.79,0
1746816789.353054,-2.0,-0.36,-0.75,6.69,-2.68,6.28,-1.02,0.83,-0.12,77.57,4.6,-95.83,0
1746816789.367197,-2.0,-0.35,-0.76,5.05,3.15,5.81,-1.09,0.85,-0.07,73.31,25.88,-107.08,0
1746816789.381756,-2.0,-0.35,-0.77,4.73,4.67,7.64,-1.07,0.93,-0.14,54.61,24.31,-110.59,0
1746816789.397332,-2.0,-0.35,-0.79,2.76,6.06,9.12,-1.1,0.96,-0.16,34.46,34.18,-109.04,0
1746816789.412172,-2.0,-0.33,-0.78,3.01,0.31,11.71,-1.11,0.97,-0.18,21.25,30.98,-100.47,0
1746816789.426827,-2.0,-0.34,-0.79,1.12,4.65,11.55,-1.03,0.99,-0.23,2.24,36.97,-91.06,0
1746816789.442436,-2.0,-0.34,-0.79,1.16,2.04,13.42,-1.24,0.93,-0.02,15.39,45.53,-81.79,0
1746816789.457909,-2.0,-0.34,-0.78,-2.22,3.59,12.63,-1.0,0.93,-0.25,0.5,-1.11,-73.09,0
1746816789.472983,-2.0,-0.36,-0.78,-1.81,3.73,15.1,-1.01,0.86,-0.19,2.8,21.18,-56.91,0
1746816789.487411,-2.0,-0.36,-0.78,-0.62,4.63,17.08,-1.0,0.81,-0.18,13.08,14.08,-38.79,0
1746816789.502738,-2.0,-0.37,-0.74,1.34,0.07,18.45,-0.94,0.75,-0.23,27.09,23.4,-19.44,0
1746816789.517678,-2.0,-0.36,-0.75,0.56,0.82,16.99,-0.96,0.7,-0.19,42.19,21.79,-5.49,0
1746816789.532196,-2.0,-0.35,-0.74,-1.05,4.15,13.88,-0.87,0.69,-0.27,45.29,9.68,0.83,0
1746816789.547046,-2.0,-0.34,-0.74,-0.47,2.79,11.34,-0.88,0.68,-0.28,49.1,3.08,6.56,0
1746816789.562013,-2.0,-0.33,-0.72,-2.43,-3.84,8.92,-0.84,0.68,-0.31,38.05,13.52,8.33,0
1746816789.577001,-2.0,-0.33,-0.78,-2.93,0.98,7.83,-0.89,0.65,-0.24,30.22,2.69,8.53,0
1746816789.59215,-2.0,-0.32,-0.76,-2.55,7.87,7.15,-0.77,0.61,-0.39,17.15,24.21,11.3,0
1746816789.608333,-2.0,-0.31,-0.77,-4.57,1.54,7.18,-0.86,0.59,-0.28,0.69,12.08,8.05,0
1746816789.623176,-2.0,-0.33,-0.76,-7.58,-0.82,7.98,-0.83,0.55,-0.31,-9.49,4.2,7.42,0
1746816789.637795,-2.0,-0.33,-0.76,-9.92,2.93,8.92,-0.79,0.51,-0.33,-13.85,7.89,8.01,0
1746816789.651969,-2.0,-0.35,-0.76,-9.27,-0.43,12.14,-0.84,0.48,-0.29,-13.6,8.66,7.78,0
1746816789.667505,-2.0,-0.35,-0.77,-10.58,2.11,12.73,-0.78,0.43,-0.33,-18.86,10.69,4.0,0
1746816789.693545,-2.0,-0.36,-0.74,-11.9,-9.47,15.37,-0.72,0.43,-0.4,-23.14,37.24,2.2,0
1746816789.69745,-2.0,-0.37,-0.71,-9.95,2.04,15.11,-0.88,0.38,-0.23,-9.92,35.91,3.22,0
1746816789.712231,-2.0,-0.36,-0.76,-10.29,1.4,15.04,-0.81,0.33,-0.34,4.9,49.44,3.59,0
1746816789.726768,-2.0,-0.37,-0.73,-9.2,-2.36,15.05,-0.87,0.35,-0.27,15.99,20.32,0.92,0
1746816789.742145,-2.0,-0.37,-0.74,-10.52,0.96,12.82,-0.86,0.36,-0.28,15.99,0.23,-6.45,0
1746816789.75899,-2.0,-0.37,-0.74,-8.13,2.22,12.61,-0.86,0.37,-0.29,23.19,9.94,-9.8,0
1746816789.772853,-2.0,-0.39,-0.74,-8.95,-2.94,11.27,-0.84,0.37,-0.33,34.34,21.69,-10.21,0
1746816789.788062,-2.0,-0.38,-0.75,-7.29,-1.05,9.69,-0.86,0.4,-0.33,47.31,35.54,-9.1,0
1746816789.803339,-2.0,-0.39,-0.74,-7.44,-0.27,6.79,-0.91,0.42,-0.33,44.03,36.44,-12.32,0
1746816789.818803,-2.0,-0.38,-0.76,-6.94,2.45,3.92,-0.91,0.45,-0.35,34.57,33.9,-13.06,0
1746816789.835443,-2.0,-0.38,-0.75,-7.47,3.98,1.2,-0.92,0.45,-0.36,25.63,45.88,-13.18,0
1746816789.84789,-2.0,-0.38,-0.77,-6.08,4.42,-0.22,-0.98,0.46,-0.32,15.67,13.52,-10.94,0
1746816789.863455,-2.0,-0.42,-0.79,-5.15,7.8,-0.8,-0.96,0.46,-0.33,15.01,9.97,-5.99,0
1746816789.877808,-2.0,-0.41,-0.79,-3.82,6.99,0.55,-0.94,0.47,-0.35,8.37,9.5,-2.33,0
1746816789.894012,-2.0,-0.43,-0.76,1.52,13.34,-0.03,-0.92,0.45,-0.38,6.52,5.06,2.23,0
1746816789.909664,-2.0,-0.42,-0.77,1.5,18.27,-5.37,-0.95,0.43,-0.33,6.92,0.76,7.36,0
1746816789.922842,-2.0,-0.39,-0.73,6.31,10.78,-4.17,-0.97,0.42,-0.29,3.78,-13.83,7.21,0
1746816789.937541,-2.0,-0.37,-0.76,3.82,14.8,-8.8,-0.87,0.39,-0.38,0.42,5.47,7.28,0
1746816789.951927,-2.0,-0.36,-0.75,3.13,10.26,-6.37,-0.93,0.41,-0.31,-0.65,10.63,5.7,0
1746816789.967658,-2.0,-0.37,-0.74,0.86,13.79,-2.26,-0.9,0.43,-0.3,5.8,3.46,5.48,1
1746816789.981737,-2.0,-0.37,-0.74,-1.83,11.4,3.92,-0.88,0.46,-0.32,18.13,6.05,8.7,1
1746816789.992069,-2.0,-0.38,-0.74,-1.52,12.82,9.6,-0.9,0.48,-0.31,28.47,0.89,11.32,1
1746816790.012129,-2.0,-0.37,-0.74,-3.04,13.47,12.07,-0.86,0.49,-0.36,28.43,-13.44,12.21,1
1746816790.028022,-2.0,-0.39,-0.75,-3.79,10.77,13.6,-0.91,0.52,-0.31,30.68,-21.34,15.21,1
1746816790.043383,-2.0,-0.41,-0.76,-1.34,11.49,13.92,-0.87,0.54,-0.34,23.15,-21.92,17.01,1
1746816790.057551,-2.0,-0.39,-0.75,0.15,10.53,11.91,-0.77,0.52,-0.53,21.43,36.25,27.43,1
1746816790.071374,-2.0,-0.37,-0.75,0.0,8.87,6.95,-1.04,0.59,-0.16,23.31,-77.43,35.44,1
1746816790.087226,-2.0,-0.37,-0.75,-1.87,10.86,2.38,-0.84,0.63,-0.42,3.18,-43.29,39.14,1
1746816790.103149,-2.0,-0.39,-0.75,-3.85,12.53,1.62,-0.94,0.66,-0.32,-10.5,-10.08,43.32,1
1746816790.117281,-2.0,-0.4,-0.75,-4.2,13.91,4.26,-0.93,0.64,-0.37,-8.15,-12.76,51.75,1
1746816790.132855,-2.0,-0.39,-0.75,-4.63,13.66,7.19,-0.88,0.65,-0.42,7.56,39.96,66.8,1
1746816790.147308,-2.0,-0.38,-0.74,-5.18,11.5,8.55,-0.9,0.75,-0.33,19.43,35.11,76.6,1
1746816790.163322,-2.0,-0.37,-0.74,-5.16,9.05,7.04,-0.96,0.74,-0.28,36.64,12.25,77.43,1
1746816790.177042,-2.0,-0.36,-0.73,-5.11,6.13,5.16,-1.02,0.8,-0.15,47.75,-67.72,73.47,1
1746816790.192768,-2.0,-0.34,-0.74,-6.04,5.2,3.38,-0.67,0.78,-0.43,46.92,-61.87,75.96,1
1746816790.206625,-2.0,-0.35,-0.75,-6.27,4.73,2.95,-0.78,0.92,-0.21,30.56,-46.33,76.98,1
1746816790.223031,-2.0,-0.34,-0.74,-8.39,3.3,3.45,-0.83,0.98,-0.12,34.28,-53.69,82.86,1
1746816790.237462,-2.0,-0.34,-0.74,-10.21,7.3,5.85,-0.88,1.13,-0.13,25.31,-38.14,94.4,1
1746816790.253172,-2.0,-0.36,-0.76,-12.53,4.66,10.85,-1.06,1.2,0.02,27.44,-63.82,107.38,1
1746816790.26737,-2.0,-0.37,-0.76,-15.33,4.45,11.98,-0.9,1.28,-0.19,19.6,-9.06,117.34,1
1746816790.283271,-2.0,-0.36,-0.77,-15.89,-0.56,13.24,-1.01,1.37,-0.17,11.89,-14.62,129.79,1
1746816790.292445,-2.0,-0.39,-0.79,-18.78,6.65,11.06,-1.11,1.42,-0.14,0.73,-47.7,142.08,1
1746816790.312707,-2.0,-0.41,-0.82,-18.87,1.65,14.25,-1.17,1.46,-0.17,-4.36,-58.42,154.64,1
1746816790.327473,-2.0,-0.43,-0.8,-20.61,3.1,15.39,-1.12,1.47,-0.31,-23.21,-61.99,169.27,1
1746816790.342273,-2.0,-0.46,-0.82,-21.37,2.58,18.52,-1.2,1.44,-0.15,-31.18,-50.15,180.05,1
1746816790.358326,-2.0,-0.49,-0.8,-21.72,4.11,21.49,-0.95,1.39,-0.37,-37.17,-47.21,197.79,1
1746816790.373361,-2.0,-0.51,-0.77,-18.53,7.26,23.05,-1.05,1.38,-0.25,-46.27,-39.88,220.04,1
1746816790.387203,-2.0,-0.54,-0.69,-13.71,7.09,22.34,-1.16,1.38,-0.11,-45.3,-10.78,230.82,1
1746816790.402272,-2.0,-0.55,-0.67,-7.08,5.14,20.08,-0.95,1.27,-0.33,-52.11,-50.73,235.24,1
1746816790.418086,-2.0,-0.52,-0.67,1.03,2.27,14.11,-1.07,1.25,-0.15,-64.43,-46.58,236.76,1
1746816790.432295,-2.0,-0.48,-0.68,5.59,-0.76,6.12,-0.61,1.16,-0.65,-61.34,48.55,235.85,1
1746816790.447778,-2.0,-0.45,-0.7,7.89,-0.94,-0.13,-1.23,1.35,-0.02,-81.53,-98.39,225.59,1
1746816790.462264,-2.0,-0.35,-0.6,5.93,-16.89,-2.21,-0.83,1.39,-0.27,-85.46,-101.61,227.14,1
1746816790.478447,-2.0,-0.35,-0.72,4.69,4.75,-7.57,-1.04,1.08,-0.14,-40.05,-56.73,236.19,1
1746816790.492681,-2.0,-0.35,-0.81,-1.65,15.49,-12.92,-1.16,1.24,0.04,-74.1,-138.14,217.4,1
1746816790.508276,-2.0,-0.34,-0.72,3.78,-4.5,-6.27,-0.21,1.41,-0.7,-92.85,-36.12,228.54,1
1746816790.522758,-2.0,-0.34,-0.65,-1.37,-15.48,-1.01,-0.73,1.25,-0.22,-96.39,-65.33,226.12,1
1746816790.538163,-2.0,-0.38,-0.87,-1.82,6.95,1.21,-0.83,1.31,-0.04,-89.02,-179.07,222.79,1
1746816790.553182,-2.0,-0.36,-0.76,-0.97,14.4,1.34,-1.02,1.33,0.2,-66.06,-250.14,239.23,1
1746816790.567912,-2.0,-0.39,-0.74,-0.29,1.44,3.33,1.07,0.96,-1.83,-44.48,9.66,235.83,1
1746816790.582674,-2.0,-0.4,-0.77,0.7,-0.44,2.67,-0.44,1.43,-0.1,-160.34,-73.92,234.9,1
1746816790.592663,-2.0,-0.4,-0.78,-1.73,2.68,-1.95,-0.32,1.18,-0.22,-105.96,-21.97,221.43,1
1746816790.613101,-2.0,-0.39,-0.81,-1.91,5.94,-4.22,-0.17,1.1,-0.28,-109.61,-15.78,201.07,1
1746816790.628307,-2.0,-0.42,-0.77,0.74,-0.42,-3.2,1.71,1.51,-1.77,-32.91,105.89,245.36,1
1746816790.644746,-2.0,-0.42,-0.75,2.07,0.56,-3.08,0.76,1.63,-0.26,-102.32,27.43,151.29,1
1746816790.659195,-2.0,-0.41,-0.73,1.76,-1.56,-4.33,-0.12,1.34,0.37,-207.62,-104.32,186.47,1
1746816790.672999,-2.0,-0.39,-0.69,2.55,-1.91,-6.79,1.84,0.98,-1.56,-118.31,250.13,161.52,1
1746816790.689076,-2.0,-0.38,-0.69,3.09,-4.74,-8.79,-0.54,1.3,1.36,-211.0,-250.14,178.81,1
1746816790.703473,-2.0,-0.41,-0.75,3.21,-3.79,-8.02,0.08,0.96,0.48,-204.11,90.61,157.63,1
1746816790.719259,-2.0,-0.41,-0.78,0.3,-2.31,-5.5,-0.8,0.15,0.35,-99.54,-8.99,156.72,1
1746816790.733341,-2.0,-0.35,-0.77,-2.11,-6.22,-7.04,-0.2,0.01,-0.29,-190.44,143.91,34.05,1
1746816796.19224,-2.0,-0.47,-0.77,-13.21,15.1,16.5,-0.69,1.65,-0.13,-48.61,-76.67,202.75,1
1746816796.201345,-2.0,-0.45,-0.68,-7.42,-7.56,22.7,-0.9,1.65,-0.01,-55.36,-94.53,207.95,1
1746816796.222635,-2.0,-0.45,-0.72,-5.48,-4.91,23.66,-0.71,1.57,-0.19,-53.89,-105.24,227.31,1
1746816796.237517,-2.0,-0.48,-0.72,-8.14,-6.08,22.34,-0.62,1.65,-0.32,-82.94,-102.91,236.04,1
1746816796.252582,-2.0,-0.49,-0.82,-10.06,24.5,13.68,-0.55,1.67,-0.21,-107.95,-92.62,246.4,1
1746816796.267511,-2.0,-0.44,-0.76,-10.37,2.54,13.07,-0.52,1.7,-0.16,-124.87,-2.72,237.64,1
1746816796.282181,-2.0,-0.52,-0.8,-3.51,25.57,10.46,-0.6,1.5,-0.08,-107.18,10.24,250.13,1
1746816796.299144,-2.0,-0.43,-0.7,-4.6,12.8,10.05,-0.64,1.47,-0.07,-115.17,-46.95,250.13,1
1746816796.313095,-2.0,-0.44,-0.72,0.38,10.98,12.82,-0.7,1.39,0.11,-95.4,-86.01,250.13,1
1746816796.327443,-2.0,-0.47,-0.77,4.68,21.41,10.01,-0.33,1.4,-0.12,-90.33,-92.5,250.13,1
1746816796.342694,-2.0,-0.48,-0.77,8.58,11.08,9.9,-0.18,1.2,-0.33,-83.81,-66.73,250.13,1
1746816796.356758,-2.0,-0.45,-0.77,7.48,-6.37,7.39,-0.16,1.26,-0.02,-97.87,-94.44,250.13,1
1746816796.372916,-2.0,-0.43,-0.79,2.42,13.79,-3.62,-0.02,1.26,-0.11,-127.15,4.31,247.12,1
1746816796.387181,-2.0,-0.44,-0.73,4.3,9.26,-2.84,-0.16,1.11,0.03,-168.55,33.57,228.89,1
1746816796.40177,-2.0,-0.44,-0.7,4.76,-2.78,0.22,-0.11,0.94,0.12,-178.08,42.0,226.12,1
1746816796.417356,-2.0,-0.43,-0.73,8.19,9.61,2.08,-0.22,0.86,0.35,-157.4,-10.79,218.75,1
1746816796.431872,-2.0,-0.42,-0.72,10.06,0.43,6.11,-0.05,0.83,0.23,-138.14,-70.34,210.77,1
1746816796.448301,-2.0,-0.37,-0.76,10.03,0.5,5.48,0.12,0.77,0.03,-109.15,-73.02,205.98,1
1746816796.461757,-2.0,-0.35,-0.75,10.53,0.53,1.22,0.38,0.73,-0.16,-120.4,-50.44,188.38,1
1746816796.473629,-2.0,-0.35,-0.75,8.23,8.34,-5.51,0.11,0.67,0.18,-115.44,-36.82,182.71,1
1746816796.49257,-2.0,-0.38,-0.74,5.48,4.14,-8.46,0.51,0.55,-0.15,-118.53,15.17,150.32,1
1746816796.507244,-2.0,-0.41,-0.75,5.78,3.15,-8.49,0.29,0.44,0.17,-126.42,-4.85,148.75,1
1746816796.522922,-2.0,-0.42,-0.74,6.24,1.8,-8.05,0.4,0.34,0.07,-128.85,-27.5,142.96,1
1746816796.53769,-2.0,-0.41,-0.75,1.73,-1.64,-9.46,0.35,0.28,0.48,-117.5,-16.59,124.9,1
1746816796.55262,-2.0,-0.39,-0.73,-0.1,-6.74,-10.61,0.35,0.62,0.48,-170.7,-60.82,112.63,1
1746816796.567438,-2.0,-0.38,-0.73,-1.84,-6.18,-13.56,0.42,0.45,0.72,-168.5,-65.72,94.62,1
1746816796.583237,-2.0,-0.4,-0.72,-2.75,-5.78,-15.42,0.05,0.38,0.82,-145.62,81.61,64.59,1
1746816796.599317,-2.0,-0.41,-0.72,-5.66,-4.41,-17.37,0.16,0.59,0.78,-155.4,-149.31,104.32,1
1746816796.613949,-2.0,-0.42,-0.72,-3.73,-4.71,-15.78,0.39,0.24,0.24,-137.97,2.94,62.22,1
1746816796.628184,-2.0,-0.43,-0.71,-3.65,-3.79,-13.84,0.56,0.11,0.13,-153.93,17.0,42.18,1
1746816796.643227,-2.0,-0.42,-0.74,-3.58,-6.13,-12.95,0.47,0.23,0.42,-130.68,-87.32,52.55,1
1746816796.658182,-2.0,-0.43,-0.73,-4.98,-8.36,-13.71,1.04,0.14,-0.27,-128.37,25.12,35.24,1
1746816796.672443,-2.0,-0.43,-0.73,-4.18,-11.49,-13.63,0.38,0.1,0.39,-127.03,7.42,18.53,1
1746816796.686895,-2.0,-0.42,-0.75,-6.63,-13.75,-14.81,1.06,-0.02,-0.17,-103.47,75.19,17.95,1
1746816796.70159,-2.0,-0.41,-0.75,-8.09,-14.42,-16.08,0.76,0.29,0.1,-132.21,60.04,-2.43,1
1746816796.717417,-2.0,-0.42,-0.73,-12.27,-12.21,-17.82,0.27,0.03,0.53,-111.38,8.1,-0.28,1
1746816796.732558,-2.0,-0.44,-0.72,-13.58,-10.92,-15.76,0.84,-0.04,-0.06,-93.15,-2.12,-6.78,1
1746816796.747668,-2.0,-0.46,-0.73,-17.4,-8.56,-13.28,0.59,0.03,0.13,-123.41,-11.63,-32.08,1
1746816796.762492,-2.0,-0.49,-0.71,-17.27,-9.51,-7.85,0.33,0.09,0.29,-145.58,-19.4,-46.61,1
1746816796.776837,-2.0,-0.53,-0.69,-16.06,-6.44,-5.69,0.47,0.03,0.11,-107.24,-25.38,-39.69,1
1746816796.792413,-2.0,-0.53,-0.69,-16.99,-2.57,-8.27,0.44,0.12,0.05,-123.5,-64.17,-46.51,1
1746816796.807458,-2.0,-0.54,-0.7,-17.26,-3.72,-10.74,0.45,0.15,-0.0,-97.18,-38.65,-41.52,1
1746816796.82222,-2.0,-0.54,-0.67,-13.31,-7.14,-11.05,0.43,0.18,-0.02,-94.85,-33.3,-35.23,1
1746816796.837575,-2.0,-0.55,-0.69,-9.61,-12.25,-8.78,0.44,0.1,-0.06,-71.44,-14.24,-21.37,1
1746816796.852425,-2.0,-0.55,-0.71,-8.81,-10.35,-7.72,0.4,-0.01,-0.04,-61.95,-71.8,-0.01,1
1746816796.867082,-2.0,-0.55,-0.7,-6.89,-12.15,-5.79,0.6,-0.08,-0.19,-24.68,-36.69,22.84,1
1746816796.882185,-2.0,-0.56,-0.66,-6.18,-20.67,-2.39,0.55,-0.15,-0.12,-13.67,-2.5,27.39,1
1746816796.897537,-2.0,-0.55,-0.72,-6.25,-14.34,-1.92,0.64,-0.22,-0.17,0.2,-69.28,40.8,1
1746816796.912535,-2.0,-0.56,-0.73,-2.89,-0.19,-0.49,0.73,-0.22,-0.16,1.21,-8.54,36.62,1
1746816796.926616,-2.0,-0.54,-0.74,-2.74,-9.35,2.31,0.72,-0.23,-0.11,-19.12,-42.22,29.45,1
1746816796.942605,-2.0,-0.54,-0.75,-1.02,1.22,0.8,0.83,-0.25,-0.12,-41.5,21.92,20.19,1
1746816796.957473,-2.0,-0.51,-0.73,-0.82,3.71,0.89,0.77,-0.4,-0.03,-42.18,46.38,15.81,1
1746816796.971135,-2.0,-0.51,-0.72,-0.18,-1.24,3.57,0.69,-0.44,0.09,-46.22,-25.31,18.32,1
1746816796.98717,-2.0,-0.52,-0.72,2.84,3.5,6.56,0.65,-0.45,0.16,-31.76,-13.91,9.48,1
1746816797.001861,-2.0,-0.5,-0.7,2.35,6.97,8.26,1.26,-0.53,-0.18,-18.5,15.27,6.61,1
1746816797.01633,-2.0,-0.48,-0.7,3.71,-1.66,11.59,0.76,-0.38,0.17,-8.45,51.27,4.76,1
1746816797.032308,-2.0,-0.47,-0.69,4.19,5.4,10.82,0.85,-0.36,0.04,-12.92,-2.21,5.1,1
1746816797.04776,-2.0,-0.45,-0.69,4.6,6.08,10.64,0.76,-0.32,0.13,-20.03,-3.59,1.75,1
1746816797.062766,-2.0,-0.44,-0.7,3.5,10.49,10.09,0.85,-0.35,0.06,-15.11,-12.48,2.64,1
1746816797.077699,-2.0,-0.44,-0.71,2.89,5.63,11.58,0.85,-0.3,0.13,-11.67,21.49,0.24,1
1746816797.091571,-2.0,-0.45,-0.71,4.12,11.36,11.78,0.83,-0.25,0.16,-20.37,12.18,-4.58,1
1746816797.106599,-2.0,-0.43,-0.71,-0.15,15.2,8.03,0.81,-0.22,0.21,-27.87,15.9,-7.66,1
1746816797.122595,-2.0,-0.41,-0.73,-2.35,6.55,6.99,0.77,-0.23,0.29,-32.7,9.15,-8.04,1
1746816797.136688,-2.0,-0.44,-0.73,2.18,4.56,9.86,0.83,-0.25,0.27,-33.34,22.51,-11.05,1
1746816797.151545,-2.0,-0.42,-0.74,0.97,19.44,7.34,0.84,-0.24,0.26,-29.85,18.11,-10.56,1
1746816797.167538,-2.0,-0.42,-0.71,-2.02,3.02,11.32,0.8,-0.26,0.27,-15.8,20.27,-8.77,1
1746816797.182013,-2.0,-0.41,-0.74,-5.11,-3.0,12.9,0.8,-0.23,0.25,-0.4,18.12,-6.27,1
1746816797.198508,-2.0,-0.42,-0.73,-2.56,14.62,13.0,0.81,-0.19,0.21,16.01,22.05,-5.37,1
1746816797.212625,-2.0,-0.39,-0.67,-6.7,-11.31,17.65,0.83,-0.09,0.2,29.95,24.22,-4.14,1
1746816797.226794,-2.0,-0.4,-0.76,-6.37,9.15,13.92,0.83,0.02,0.2,32.92,27.27,-0.94,1
1746816797.242673,-2.0,-0.4,-0.76,-4.73,8.28,12.33,0.8,0.14,0.25,23.07,34.97,0.73,1
1746816797.256769,-2.0,-0.41,-0.73,-5.89,23.02,9.2,0.79,0.09,0.28,5.11,31.63,6.21,1
1746816797.272813,-2.0,-0.41,-0.71,-10.08,10.66,9.99,0.8,-0.02,0.27,1.91,32.31,13.64,1
1746816797.287599,-2.0,-0.43,-0.71,-12.02,13.98,10.31,0.81,-0.09,0.25,5.32,32.18,15.56,1
1746816797.302653,-2.0,-0.45,-0.73,-10.38,14.11,11.37,0.81,-0.09,0.25,9.17,29.82,13.79,1
1746816797.317155,-2.0,-0.44,-0.72,-12.21,10.27,7.79,0.78,-0.05,0.24,14.63,33.53,13.47,1
1746816797.332784,-2.0,-0.44,-0.7,-13.42,4.74,5.23,0.74,0.01,0.2,15.9,36.89,14.02,1
1746816797.346829,-2.0,-0.46,-0.7,-12.2,6.17,3.11,0.69,0.04,0.17,18.24,40.56,19.85,1
1746816797.361693,-2.0,-0.45,-0.7,-10.54,1.28,6.11,0.6,0.06,0.18,24.6,40.76,30.26,1
1746816797.382287,-2.0,-0.48,-0.68,-5.49,-7.43,8.45,0.61,-0.02,0.17,35.45,41.49,44.14,1
1746816797.391801,-2.0,-0.42,-0.7,-5.45,9.88,3.49,0.6,-0.08,0.19,48.59,47.82,52.34,1
1746816797.40673,-2.0,-0.43,-0.69,-4.51,-4.08,5.84,0.57,-0.1,0.2,58.51,55.18,52.96,1
1746816797.42151,-2.0,-0.41,-0.71,-9.73,-6.09,4.4,0.52,-0.07,0.19,57.34,56.47,49.36,1
1746816797.43755,-2.0,-0.41,-0.71,-10.35,0.55,4.51,0.49,-0.06,0.2,52.89,56.03,47.4,1
1746816797.452199,-2.0,-0.41,-0.72,-13.51,3.02,2.96,0.55,-0.03,0.16,48.05,69.4,44.47,0
1746816797.467343,-2.0,-0.42,-0.73,-14.15,0.95,3.31,0.46,-0.01,0.27,44.83,76.3,46.44,0
1746816797.482966,-2.0,-0.43,-0.77,-14.21,11.34,2.84,0.6,-0.2,0.23,48.76,74.4,56.93,0
1746816797.49785,-2.0,-0.43,-0.77,-15.89,10.0,3.63,0.37,-0.28,0.43,67.73,55.02,65.93,0
1746816797.512759,-2.0,-0.45,-0.75,-18.4,4.17,4.79,0.53,-0.26,0.31,71.43,65.54,56.37,0
1746816797.527583,-2.0,-0.46,-0.74,-18.4,2.95,5.24,0.44,-0.25,0.4,77.59,85.97,41.24,0
1746816797.542671,-2.0,-0.47,-0.71,-17.79,5.09,4.9,0.35,-0.19,0.5,63.3,44.33,25.72,0
1746816797.556443,-2.0,-0.47,-0.71,-18.02,4.97,5.44,0.44,-0.15,0.44,61.12,66.71,9.35,0
1746816797.572306,-2.0,-0.45,-0.72,-13.82,1.99,7.34,0.38,-0.11,0.5,54.87,57.97,3.09,0
1746816797.587305,-2.0,-0.44,-0.72,-12.38,1.14,5.34,0.37,-0.12,0.46,50.37,31.98,3.24,0
1746816797.602229,-2.0,-0.43,-0.7,-11.85,1.56,1.94,0.34,-0.13,0.48,58.22,34.11,2.37,0
1746816797.617354,-2.0,-0.45,-0.71,-14.19,1.79,-2.14,0.47,-0.16,0.51,72.0,42.1,-0.95,0
1746816797.633461,-2.0,-0.46,-0.74,-15.41,3.35,-3.39,0.46,-0.21,0.52,95.31,47.15,-10.44,0
1746816797.648469,-2.0,-0.46,-0.75,-16.63,1.83,-2.01,0.4,-0.21,0.47,123.66,53.94,-21.0,0
1746816797.663416,-2.0,-0.46,-0.76,-16.74,-3.81,-0.45,0.38,-0.16,0.42,142.84,36.05,-26.49,0
1746816797.678169,-2.0,-0.44,-0.74,-16.49,-6.6,-1.63,0.43,-0.16,0.39,162.19,49.97,-27.78,0
1746816797.693229,-2.0,-0.42,-0.74,-16.5,-8.3,-2.87,0.43,-0.11,0.33,178.64,37.4,-24.02,0
1746816797.708394,-2.0,-0.43,-0.73,-17.64,-9.77,-0.53,0.51,-0.08,0.21,200.58,44.98,-27.19,0
1746816797.722599,-2.0,-0.43,-0.75,-17.4,-11.46,4.05,0.54,0.0,0.22,213.72,44.37,-36.02,0
1746816797.737206,-2.0,-0.42,-0.76,-16.42,-7.91,5.75,0.48,0.07,0.18,216.88,64.15,-53.64,0
1746816797.752391,-2.0,-0.4,-0.75,-19.11,-4.28,1.25,0.32,0.17,0.26,198.2,72.02,-76.93,0
1746816797.767056,-2.0,-0.41,-0.74,-21.24,-2.94,-3.9,0.21,0.24,0.35,171.02,36.81,-104.95,0
1746816797.783186,-2.0,-0.42,-0.75,-21.24,-3.18,-5.56,0.28,0.29,0.29,152.64,17.0,-129.03,0
1746816797.797899,-2.0,-0.44,-0.76,-20.45,-3.63,-3.05,0.4,0.42,0.2,128.0,25.29,-157.58,0
1746816797.812524,-2.0,-0.45,-0.78,-19.66,-6.64,-0.17,0.29,0.51,0.27,131.56,69.35,-161.95,0
1746816797.82784,-2.0,-0.46,-0.75,-18.11,-10.22,0.68,-0.18,0.48,0.55,142.05,-51.27,-151.5,0
1746816797.842996,-2.0,-0.47,-0.74,-14.21,-9.19,-0.94,0.0,0.69,0.29,139.36,-65.51,-175.53,0
1746816797.85776,-2.0,-0.46,-0.74,-11.31,-10.42,-3.45,0.15,0.86,-0.07,152.5,58.5,-179.85,0
1746816797.872653,-2.0,-0.45,-0.75,-11.08,-11.11,-7.01,0.21,0.95,-0.02,143.85,57.73,-160.24,0
1746816797.887622,-2.0,-0.44,-0.75,-11.4,-11.02,-9.5,-0.76,0.92,1.02,111.76,-54.16,-194.68,0
1746816797.902749,-2.0,-0.44,-0.74,-12.15,-11.24,-11.72,-0.65,0.98,1.08,109.52,48.18,-204.84,0
1746816797.917429,-2.0,-0.44,-0.73,-12.95,-9.79,-11.24,0.27,1.05,-0.3,106.3,119.4,-152.12,0
1746816797.932749,-2.0,-0.45,-0.72,-13.57,-9.05,-7.87,-1.21,0.88,1.3,163.7,-14.37,-217.97,0
1746816797.947215,-2.0,-0.44,-0.76,-14.07,-9.92,-3.94,-0.37,0.75,0.07,121.25,58.81,-208.43,0
1746816797.962095,-2.0,-0.43,-0.76,-14.93,-10.98,-2.04,-0.58,1.13,0.59,119.5,57.5,-211.66,0
1746816797.977222,-2.0,-0.44,-0.75,-15.27,-10.12,-3.66,-0.24,1.15,0.15,109.27,100.67,-210.15,0
1746816797.992134,-2.0,-0.45,-0.73,-13.27,-8.77,-6.27,-0.35,1.18,0.17,71.07,78.16,-204.5,0
1746816798.00674,-2.0,-0.46,-0.72,-11.44,-7.22,-7.58,-0.74,0.92,0.31,53.43,51.76,-195.27,0
1746816798.021572,-2.0,-0.46,-0.72,-9.73,-7.92,-4.72,-0.56,1.0,0.02,25.69,96.24,-196.15,0
1746816798.036747,-2.0,-0.47,-0.72,-9.0,-9.13,0.72,-1.04,1.15,0.47,34.86,31.02,-191.71,0
1746816798.052462,-2.0,-0.45,-0.73,-10.16,-11.05,6.41,-0.44,1.24,-0.11,-18.64,138.82,-196.61,0
1746816798.067799,-2.0,-0.45,-0.73,-11.83,-10.75,11.19,-0.59,0.95,-0.19,41.9,250.13,-178.12,0
1746816798.082097,-2.0,-0.45,-0.75,-12.97,-5.65,12.92,-1.11,1.08,0.34,82.94,250.13,-179.12,0
1746816798.096795,-2.0,-0.45,-0.73,-13.54,-0.63,11.44,-1.58,0.9,0.71,128.29,22.67,-158.72,0
1746816798.112339,-2.0,-0.46,-0.73,-12.51,4.15,8.61,-0.85,0.74,-0.13,196.52,-74.11,-126.85,0
1746816798.126704,-2.0,-0.47,-0.74,-9.81,6.37,6.79,-1.11,0.74,0.15,250.13,-217.73,-83.24,0
1746816798.14224,-2.0,-0.47,-0.74,-7.53,5.66,5.88,-0.94,0.81,-0.16,239.15,-162.07,-125.33,0
1746816798.157542,-2.0,-0.45,-0.74,-5.08,4.57,5.3,-0.92,1.1,-0.8,171.79,88.63,-174.92,0
1746816798.172183,-2.0,-0.43,-0.74,-3.45,3.24,4.43,-1.26,0.84,0.14,129.02,15.98,-167.95,0
1746816798.187217,-2.0,-0.43,-0.74,-1.99,4.38,4.04,-1.21,1.0,-0.03,129.24,15.67,-164.89,0
1746816798.202216,-2.0,-0.42,-0.73,-1.89,5.76,4.25,-1.28,1.1,0.02,70.39,-9.53,-161.74,0
1746816798.216623,-2.0,-0.41,-0.73,-2.7,5.39,4.56,-1.13,1.0,-0.19,35.91,-4.89,-147.05,0
1746816798.232508,-2.0,-0.4,-0.75,-3.86,5.53,5.31,-0.78,0.94,-0.36,72.95,23.46,-120.52,0
1746816798.2473,-2.0,-0.42,-0.76,-4.63,6.03,7.43,-1.23,0.96,-0.05,33.84,-26.98,-142.72,0
1746816798.262159,-2.0,-0.42,-0.76,-5.02,6.35,10.08,-1.09,0.9,-0.28,-3.9,-28.29,-153.76,0
1746816798.277971,-2.0,-0.39,-0.75,-4.85,5.54,11.21,-1.23,0.98,-0.13,59.37,13.32,-148.95,0
1746816798.293195,-2.0,-0.39,-0.75,-4.53,6.13,10.24,-1.09,1.25,-0.22,39.41,27.64,-132.32,0
1746816798.307209,-2.0,-0.39,-0.74,-3.86,6.4,8.25,-1.04,1.2,-0.29,13.58,33.47,-120.27,0
1746816798.322671,-2.0,-0.4,-0.74,-3.51,6.83,6.32,-0.99,1.54,-0.21,-10.21,43.96,-96.0,0
1746816798.338283,-2.0,-0.39,-0.77,-3.14,8.03,5.56,-1.4,0.97,-0.05,42.42,21.33,-76.21,0
1746816798.351306,-2.0,-0.39,-0.76,-3.73,7.85,7.33,-1.0,1.13,-0.17,-50.68,19.37,-48.76,0
1746816798.366994,-2.0,-0.39,-0.75,-3.76,7.27,9.86,-0.99,0.89,-0.17,-18.58,92.1,-31.1,0
1746816798.382809,-2.0,-0.38,-0.76,-4.52,7.87,10.44,-0.77,0.83,-0.26,17.76,42.17,9.98,0
1746816798.396855,-2.0,-0.38,-0.76,-5.22,7.63,10.01,-1.33,0.75,0.35,75.4,-107.96,7.04,0
1746816798.412293,-2.0,-0.37,-0.74,-6.09,6.89,8.6,-0.9,0.9,-0.21,23.03,57.78,9.85,0
1746816798.427687,-2.0,-0.37,-0.77,-6.46,6.8,7.94,-0.74,0.76,-0.23,23.24,23.18,11.16,0
1746816798.442566,-2.0,-0.35,-0.77,-7.48,5.29,9.32,-0.83,0.7,-0.1,40.52,24.76,5.79,0
1746816798.456886,-2.0,-0.37,-0.75,-8.4,3.37,12.09,-0.85,0.72,-0.09,25.25,11.94,9.08,0
1746816798.472676,-2.0,-0.36,-0.76,-9.18,2.16,15.05,-0.8,0.69,-0.12,26.71,17.77,13.47,0
1746816798.486687,-2.0,-0.37,-0.75,-10.08,2.06,17.62,-0.8,0.61,-0.18,41.56,19.68,7.1,0
1746816798.502049,-2.0,-0.38,-0.77,-10.24,2.44,19.79,-0.81,0.65,-0.22,-1.42,-2.36,11.76,0
1746816798.517436,-2.0,-0.39,-0.77,-10.4,2.5,20.72,-0.89,0.54,-0.15,17.63,-6.85,13.49,0
1746816798.53304,-2.0,-0.39,-0.76,-10.29,2.52,20.93,-0.9,0.6,-0.14,24.4,-20.98,29.64,0
1746816798.547043,-2.0,-0.4,-0.77,-11.54,3.07,19.6,-0.9,0.59,-0.17,23.63,-43.3,51.02,0
1746816798.562166,-2.0,-0.41,-0.76,-11.71,3.78,18.55,-0.82,0.7,-0.38,-8.63,-4.33,20.8,0
1746816798.576669,-2.0,-0.42,-0.76,-11.11,4.31,16.86,-0.85,0.66,-0.13,7.11,17.57,11.08,0
1746816798.592613,-2.0,-0.42,-0.75,-9.75,4.66,15.47,-0.83,0.5,-0.36,-7.27,4.01,15.34,0
1746816798.606887,-2.0,-0.42,-0.77,-8.26,4.36,14.27,-0.86,0.5,-0.31,-2.05,13.44,13.53,0
1746816798.621778,-2.0,-0.42,-0.76,-6.64,4.57,13.17,-0.88,0.47,-0.3,0.03,8.99,17.4,0
1746816798.637539,-2.0,-0.41,-0.77,-5.41,5.23,11.82,-0.87,0.48,-0.25,2.06,7.74,17.21,0
1746816798.652179,-2.0,-0.41,-0.76,-4.15,4.81,10.02,-0.76,0.45,-0.43,-12.92,33.53,3.43,0
1746816798.667505,-2.0,-0.42,-0.75,-3.25,3.97,8.58,-0.9,0.59,-0.15,-19.89,5.47,9.15,0
1746816798.682309,-2.0,-0.41,-0.75,-1.89,2.1,7.78,-0.84,0.44,-0.27,2.15,12.12,11.63,0
1746816798.696835,-2.0,-0.41,-0.75,-1.46,-0.71,7.46,-0.82,0.39,-0.33,-4.06,0.62,13.66,0
1746816798.711419,-2.0,-0.4,-0.75,-0.5,-3.04,7.05,-0.81,0.42,-0.32,-0.09,0.72,14.28,0
1746816798.726761,-2.0,-0.41,-0.76,-0.61,-3.08,6.72,-0.79,0.41,-0.32,-0.08,-3.12,12.14,0
1746816798.741592,-2.0,-0.41,-0.76,-0.68,-2.33,5.61,-0.8,0.42,-0.3,-4.11,-6.41,9.55,0
1746816798.757436,-2.0,-0.4,-0.76,-1.91,-0.76,3.73,-0.83,0.47,-0.24,-22.77,-9.34,2.93,0
1746816798.771559,-2.0,-0.41,-0.77,-2.4,0.46,3.11,-0.82,0.44,-0.26,-11.85,-6.02,2.46,0
1746816798.786374,-2.0,-0.42,-0.76,-2.9,1.47,2.91,-0.82,0.45,-0.3,-20.4,1.73,-7.79,0
1746816798.802014,-2.0,-0.42,-0.76,-2.61,2.73,2.94,-0.81,0.56,-0.23,-29.53,-10.69,-6.45,0
1746816798.817009,-2.0,-0.41,-0.75,-1.96,3.63,1.61,-0.8,0.48,-0.29,-42.6,-16.62,-5.15,0
1746816798.832164,-2.0,-0.42,-0.76,-1.45,3.81,-0.15,-0.85,0.45,-0.26,-19.89,-6.24,-5.05,0
1746816798.847857,-2.0,-0.41,-0.76,-0.72,3.56,-0.39,-0.87,0.5,-0.24,-6.56,6.38,-3.22,0
1746816798.86217,-2.0,-0.42,-0.75,0.28,3.94,-0.23,-0.8,0.44,-0.3,30.82,23.04,1.51,0
1746816798.87758,-2.0,-0.44,-0.75,1.5,3.96,-0.08,-0.98,0.67,-0.15,-9.21,-8.63,0.95,0
1746816798.892719,-2.0,-0.43,-0.73,3.92,3.87,-0.53,-0.87,0.58,-0.28,-24.63,-14.36,6.69,0
1746816798.907832,-2.0,-0.45,-0.74,6.56,4.27,-1.66,-0.88,0.6,-0.28,-9.82,-7.25,11.77,0
1746816798.921588,-2.0,-0.43,-0.74,10.38,2.35,-1.73,-0.9,0.65,-0.24,-33.81,-27.63,19.95,0
1746816798.937478,-2.0,-0.42,-0.74,11.7,-1.7,-4.47,-0.84,0.65,-0.3,-22.51,-11.63,24.63,0
1746816798.951987,-2.0,-0.42,-0.76,11.56,-3.63,-9.63,-0.87,0.71,-0.24,-2.82,0.05,30.17,0
1746816798.967745,-2.0,-0.38,-0.71,8.42,-6.17,-16.11,-1.02,0.69,-0.02,-5.65,-21.05,41.0,0
1746816798.98347,-2.0,-0.4,-0.74,5.6,3.28,-13.43,-0.93,0.82,-0.07,-57.02,-53.63,54.67,0
1746816798.997677,-2.0,-0.41,-0.75,1.35,5.46,-11.66,-0.88,0.79,-0.14,-51.54,-54.12,58.73,0
1746816799.012185,-2.0,-0.43,-0.75,0.31,5.47,-5.7,-0.89,0.91,-0.03,-41.43,-45.73,60.97,0
1746816799.027413,-2.0,-0.41,-0.74,-1.99,7.09,-0.88,-0.78,1.08,-0.06,-49.11,4.73,57.68,0
1746816799.042564,-2.0,-0.4,-0.73,-4.22,8.45,1.52,-0.79,1.16,0.02,-49.91,-33.07,81.36,1
1746816799.057077,-2.0,-0.41,-0.72,-6.51,8.8,1.35,-0.88,1.17,0.15,-13.11,12.37,92.06,1
1746816799.072558,-2.0,-0.43,-0.72,-7.73,7.89,1.23,-0.99,1.23,0.29,7.92,-114.87,103.86,1
1746816799.086961,-2.0,-0.44,-0.72,-7.9,7.4,1.94,-0.75,1.31,0.01,7.55,1.01,121.89,1
1746816799.102085,-2.0,-0.44,-0.71,-7.61,6.95,3.81,-0.78,1.4,0.13,-16.59,-39.31,136.15,1
1746816799.119181,-2.0,-0.44,-0.72,-7.97,7.22,5.85,-0.72,1.48,0.12,-48.08,-47.98,166.82,1
1746816799.132442,-2.0,-0.43,-0.72,-8.55,7.36,8.69,-0.83,1.39,0.26,-84.15,-58.53,160.44,1
1746816799.147922,-2.0,-0.44,-0.71,-8.4,6.65,12.56,-0.82,1.27,0.25,-100.05,-67.54,157.37,1
1746816799.161911,-2.0,-0.44,-0.72,-8.71,5.9,16.34,-0.77,1.18,0.2,-140.79,-72.82,148.19,1
1746816799.177781,-2.0,-0.43,-0.72,-9.44,5.56,19.0,-0.7,1.07,0.15,-118.85,8.06,154.41,1
1746816799.192412,-2.0,-0.44,-0.74,-10.5,5.82,21.05,-0.77,1.31,0.3,-108.5,-16.68,149.92,1
1746816799.207843,-2.0,-0.45,-0.75,-11.25,6.37,22.19,-0.54,1.05,0.03,-60.85,42.57,182.87,1
1746816799.221593,-2.0,-0.46,-0.76,-11.99,6.3,22.24,-1.15,1.45,0.53,-49.45,-50.85,181.74,1
1746816799.237506,-2.0,-0.47,-0.76,-12.4,6.25,21.66,-1.15,1.58,0.52,-64.07,-101.05,156.76,1
1746816799.25203,-2.0,-0.48,-0.76,-12.05,7.36,21.27,-0.78,1.52,0.14,-77.91,-92.76,173.07,1
1746816799.26808,-2.0,-0.51,-0.75,-11.12,8.5,21.07,-0.78,1.47,0.23,-62.96,-100.99,203.09,1
1746816799.282648,-2.0,-0.5,-0.75,-9.03,10.18,20.19,-0.78,1.46,0.24,-50.0,-150.8,211.14,1
1746816799.297868,-2.0,-0.5,-0.74,-7.11,11.66,17.78,-0.56,1.48,0.08,-43.63,-125.17,218.91,1
1746816799.312538,-2.0,-0.49,-0.72,-4.67,11.35,14.92,-1.17,1.51,0.59,-49.34,-186.39,206.38,1
1746816799.327156,-2.0,-0.47,-0.72,-2.46,9.23,11.98,-0.62,1.33,0.11,-27.79,-107.26,221.82,1
1746816799.342603,-2.0,-0.45,-0.72,-1.42,7.14,9.15,-0.94,1.32,0.42,-47.04,-250.14,226.29,1
1746816799.356875,-2.0,-0.45,-0.72,-0.48,5.02,6.52,-0.61,1.24,0.16,-24.54,-204.76,229.13,1
1746816799.371621,-2.0,-0.44,-0.72,-0.89,4.7,2.73,-0.34,1.26,-0.11,-60.24,-125.0,228.13,1
1746816799.386994,-2.0,-0.45,-0.72,-0.06,4.24,1.82,-0.54,1.01,0.13,-77.27,-132.5,211.97,1
1746816799.402206,-2.0,-0.44,-0.74,1.56,2.86,1.6,-0.31,0.97,0.09,-71.7,-139.43,215.15,1
1746816799.417666,-2.0,-0.43,-0.74,1.98,2.52,-0.17,-0.28,0.91,0.12,-70.82,-126.31,213.51,1
1746816799.432045,-2.0,-0.42,-0.76,3.11,0.74,-1.96,-0.15,0.9,0.07,-70.85,-112.76,209.7,1
1746816799.447637,-2.0,-0.42,-0.75,3.24,-0.26,-3.78,-0.07,0.9,0.13,-83.21,-105.32,204.47,1
1746816799.461103,-2.0,-0.4,-0.76,3.14,-0.52,-5.44,0.03,0.91,0.15,-107.92,-89.28,195.81,1
1746816799.476392,-2.0,-0.4,-0.75,2.15,0.42,-5.64,0.11,0.84,0.16,-150.22,-97.08,183.31,1
1746816799.492192,-2.0,-0.41,-0.76,0.47,1.89,-4.09,0.18,0.71,0.19,-154.19,-74.41,163.25,1
1746816799.507386,-2.0,-0.4,-0.74,-1.41,3.42,-2.25,0.2,0.62,0.22,-150.4,-73.04,154.85,1
1746816799.521547,-2.0,-0.42,-0.73,-2.85,2.69,-1.15,0.3,0.54,0.2,-131.98,-58.44,141.97,1
1746816799.536666,-2.0,-0.4,-0.73,-4.3,1.76,-1.11,-0.15,0.05,0.05,-99.51,-69.31,133.37,1
1746816799.552116,-2.0,-0.4,-0.71,-5.24,0.43,-2.43,0.12,0.48,0.23,-90.95,-47.53,132.91,1
1746816799.56789,-2.0,-0.41,-0.7,-5.67,-1.34,-4.14,0.06,0.32,0.22,-119.12,-34.67,114.82,1
1746816799.582364,-2.0,-0.4,-0.71,-6.05,-4.21,-6.73,0.71,0.47,-0.12,-102.01,-64.63,123.11,1
1746816799.5964,-2.0,-0.41,-0.71,-5.37,-7.04,-10.56,0.5,0.39,0.02,-131.23,-33.49,99.47,1
1746816799.611518,-2.0,-0.41,-0.72,-5.28,-8.66,-15.1,1.21,0.6,-0.35,-125.99,169.47,87.1,1
1746816799.627527,-2.0,-0.41,-0.73,-5.08,-9.69,-17.25,0.28,0.33,0.35,-93.38,-182.85,102.31,1
1746816799.641522,-2.0,-0.41,-0.72,-5.5,-9.76,-17.36,0.78,0.18,-0.54,-114.48,-57.73,97.62,1
1746816799.657386,-2.0,-0.4,-0.72,-6.21,-10.25,-16.08,0.63,0.21,-0.0,-97.8,36.4,78.44,1
1746816799.671645,-2.0,-0.4,-0.73,-7.26,-10.93,-14.9,0.48,0.22,0.12,-117.26,-62.15,78.46,1
1746816799.687501,-2.0,-0.4,-0.73,-8.55,-11.55,-14.52,0.76,0.17,-0.22,-86.05,150.8,47.43,1
1746816799.702373,-2.0,-0.4,-0.72,-10.2,-11.76,-14.4,0.34,0.2,0.06,-135.36,92.04,20.27,1
1746816799.728087,-2.0,-0.41,-0.71,-11.98,-11.09,-13.11,0.05,0.16,0.4,-82.37,65.99,48.31,1
1746816799.731619,-2.0,-0.42,-0.7,-12.76,-10.65,-10.93,0.49,0.01,0.01,-119.84,-2.15,32.05,1
1746816799.746786,-2.0,-0.43,-0.71,-13.25,-10.01,-9.77,0.23,-0.06,0.23,-107.89,-3.33,27.09,1
1746816799.761467,-2.0,-0.44,-0.71,-13.68,-9.34,-10.25,0.19,-0.05,0.15,-80.73,-111.9,42.84,1
1746816799.777541,-2.0,-0.44,-0.7,-13.84,-8.82,-10.8,0.88,-0.07,-0.29,-73.5,-51.66,35.66,1
1746816799.792432,-2.0,-0.43,-0.71,-14.46,-9.2,-11.34,-0.05,0.17,0.46,-123.15,-174.5,19.95,1
1746816799.807449,-2.0,-0.43,-0.71,-15.83,-9.12,-11.85,0.39,-0.0,0.04,-116.59,-186.76,21.43,1
1746816799.822232,-2.0,-0.45,-0.71,-16.21,-8.56,-11.58,0.35,0.2,-0.12,-116.57,-74.31,42.82,1
1746816799.837267,-2.0,-0.46,-0.72,-16.67,-7.44,-9.71,0.26,-0.23,-0.02,-42.89,67.18,21.69,1
1746816799.853356,-2.0,-0.46,-0.72,-17.34,-5.82,-7.71,0.84,-0.18,-0.17,-18.72,-59.15,32.12,1
1746816799.86843,-2.0,-0.46,-0.75,-17.94,-4.18,-5.16,1.1,-0.36,-0.37,-16.44,-10.89,11.56,1
1746816799.88335,-2.0,-0.48,-0.74,-18.73,-1.4,-2.18,0.29,0.15,0.53,-127.95,-168.64,-15.36,1
1746816799.897625,-2.0,-0.5,-0.74,-18.53,1.26,1.61,0.82,-0.37,0.01,8.01,56.11,29.84,1
1746816799.912526,-2.0,-0.51,-0.74,-17.04,2.82,5.34,0.73,-0.29,-0.24,26.74,-46.51,33.34,1
1746816799.92845,-2.0,-0.52,-0.73,-15.66,3.82,8.34,0.76,-0.17,-0.27,-43.77,-86.01,30.89,1
1746816799.943414,-2.0,-0.53,-0.72,-13.83,4.37,9.53,0.85,-0.27,-0.16,-44.62,-26.92,25.31,1
1746816799.95739,-2.0,-0.53,-0.73,-11.23,3.86,10.11,0.86,-0.26,-0.16,-46.96,-10.54,17.02,1
1746816799.973065,-2.0,-0.52,-0.74,-9.64,3.94,9.05,0.76,-0.28,-0.03,-42.12,-29.88,14.91,1
1746816799.987946,-2.0,-0.51,-0.74,-8.23,4.04,8.92,1.02,-0.29,-0.25,-58.87,-10.52,-2.48,1
1746816800.003603,-2.0,-0.52,-0.73,-7.46,3.76,10.39,0.74,-0.22,0.12,-86.69,31.87,-15.56,1
1746816800.018069,-2.0,-0.52,-0.73,-6.41,3.67,13.63,0.96,-0.28,-0.12,-45.69,77.15,6.59,1
1746816800.033137,-2.0,-0.52,-0.72,-5.45,4.11,16.37,0.7,-0.31,0.12,-15.87,101.04,7.24,1
1746816800.046983,-2.0,-0.51,-0.72,-4.5,3.17,16.74,0.79,-0.32,0.09,-5.89,-48.4,3.18,1
1746816800.063101,-2.0,-0.51,-0.73,-3.53,3.63,14.97,0.72,-0.21,0.08,-9.33,-75.77,15.07,1
1746816800.077403,-2.0,-0.49,-0.74,-2.08,3.68,12.87,0.73,-0.28,0.21,-21.87,21.11,1.21,1
1746816800.093684,-2.0,-0.49,-0.74,-1.23,4.4,11.11,0.74,-0.26,0.22,-14.84,-37.18,2.7,1
1746816800.107569,-2.0,-0.48,-0.74,0.03,5.15,11.18,0.47,-0.32,0.29,3.04,-106.88,19.45,1
1746816800.1226,-2.0,-0.47,-0.74,0.75,6.31,12.42,0.93,-0.28,0.08,3.69,35.48,-5.08,1
1746816800.137004,-2.0,-0.46,-0.75,1.12,6.69,13.81,0.91,-0.25,0.09,4.5,2.52,-1.65,1
1746816800.151975,-2.0,-0.47,-0.75,1.69,7.08,14.5,0.88,-0.22,0.11,-6.48,3.63,-7.34,1
1746816800.167899,-2.0,-0.45,-0.75,2.01,7.5,14.14,0.87,-0.2,0.17,-9.82,21.04,-11.9,1
1746816800.182679,-2.0,-0.45,-0.76,2.82,6.92,13.33,0.94,-0.18,0.16,-9.08,21.41,-9.19,1
1746816800.197771,-2.0,-0.45,-0.75,3.21,5.9,12.08,0.88,-0.2,0.22,-9.4,23.21,-10.35,1
1746816800.212596,-2.0,-0.44,-0.75,3.63,5.24,11.34,0.9,-0.2,0.21,-8.95,23.34,-10.71,1
1746816800.22664,-2.0,-0.44,-0.74,4.56,4.42,10.63,0.87,-0.2,0.24,-8.28,15.75,-12.8,1
1746816800.241329,-2.0,-0.43,-0.74,4.9,3.82,9.4,0.91,-0.2,0.26,-9.07,20.98,-18.47,1
1746816800.257431,-2.0,-0.41,-0.74,4.8,3.67,8.5,0.92,-0.14,0.21,-4.21,23.68,-23.14,1
1746816800.27247,-2.0,-0.4,-0.74,4.1,3.85,7.47,0.81,-0.18,0.28,7.48,23.71,-22.65,1
1746816800.286429,-2.0,-0.4,-0.73,2.66,3.67,6.5,0.78,-0.13,0.27,16.33,1.63,-19.77,1
1746816800.302213,-2.0,-0.39,-0.72,1.26,2.83,5.82,0.79,-0.14,0.26,32.82,-1.32,-14.08,1
1746816800.31851,-2.0,-0.38,-0.73,0.18,0.94,5.26,0.93,-0.04,0.14,42.08,4.27,-10.5,1
1746816800.334315,-2.0,-0.4,-0.73,-1.25,-0.11,3.12,0.8,0.0,0.17,49.08,17.81,-9.73,1
1746816800.347142,-2.0,-0.38,-0.71,-0.95,-2.5,1.18,0.78,0.04,0.15,47.02,13.72,-7.6,1
1746816800.362581,-2.0,-0.38,-0.72,-2.22,-2.76,1.1,0.79,0.06,0.15,48.65,17.84,-0.5,1
1746816800.377297,-2.0,-0.44,-0.74,-5.51,-2.73,2.71,0.76,0.1,0.14,51.13,15.41,7.23,1
1746816800.392485,-2.0,-0.39,-0.74,-5.8,-1.31,8.21,0.7,0.1,0.13,55.22,20.08,12.32,1
1746816800.406409,-2.0,-0.41,-0.72,-6.46,-0.95,11.31,0.68,0.08,0.14,56.02,11.83,17.31,1
1746816800.421269,-2.0,-0.39,-0.73,-7.53,0.86,11.84,0.58,0.06,0.26,67.49,4.03,24.41,1
1746816800.437112,-2.0,-0.38,-0.73,-8.53,1.63,12.05,0.7,0.08,0.18,73.31,9.76,28.28,1
1746816800.452233,-2.0,-0.39,-0.72,-9.54,1.56,12.75,0.81,0.05,0.07,79.26,32.21,29.33,1
1746816800.467879,-2.0,-0.4,-0.73,-10.71,0.96,12.34,0.68,0.04,0.15,71.49,33.99,24.99,0
1746816800.481528,-2.0,-0.41,-0.71,-11.76,1.24,10.99,0.7,0.02,0.14,57.08,35.39,17.82,0
1746816800.496858,-2.0,-0.43,-0.7,-11.96,1.74,8.9,0.65,-0.07,0.16,72.74,73.25,16.27,0
1746816800.511653,-2.0,-0.44,-0.71,-11.5,2.11,6.64,0.59,-0.08,0.2,77.51,9.73,19.92,0
1746816800.526775,-2.0,-0.45,-0.71,-10.9,1.63,5.52,0.7,0.0,0.18,90.3,21.04,28.14,0
1746816800.542202,-2.0,-0.44,-0.73,-10.76,0.34,4.6,0.66,0.03,0.19,88.79,26.72,29.87,0
1746816800.556566,-2.0,-0.44,-0.73,-10.53,-1.11,3.33,0.71,0.02,0.16,81.5,43.45,29.05,0
1746816800.572411,-2.0,-0.44,-0.74,-10.38,-1.86,2.02,0.72,0.01,0.2,77.85,61.58,26.25,0
1746816800.587744,-2.0,-0.45,-0.74,-10.02,-3.04,1.62,0.61,-0.02,0.28,77.21,53.48,22.98,0
1746816800.603904,-2.0,-0.44,-0.73,-9.72,-2.82,1.26,0.62,-0.05,0.24,87.27,51.34,18.15,0
1746816800.6177,-2.0,-0.42,-0.75,-10.6,-0.63,-0.87,0.6,-0.01,0.28,94.27,31.31,15.11,0
1746816800.632507,-2.0,-0.42,-0.74,-12.08,1.72,-2.56,0.71,0.04,0.26,101.91,35.11,13.47,0
1746816800.646973,-2.0,-0.43,-0.75,-12.63,1.4,-2.11,0.71,0.1,0.25,94.3,38.13,8.94,0
1746816800.662165,-2.0,-0.44,-0.74,-13.23,1.12,-0.14,0.62,0.12,0.3,85.8,44.13,3.53,0
1746816800.676792,-2.0,-0.46,-0.72,-13.08,1.33,3.12,0.51,0.1,0.32,78.97,39.6,-1.77,0
1746816800.692286,-2.0,-0.46,-0.7,-12.08,0.74,5.15,0.61,0.07,0.28,83.07,28.95,-2.21,0
1746816800.706652,-2.0,-0.45,-0.72,-11.07,-1.68,3.46,0.7,0.11,0.21,93.6,38.21,-2.18,0
1746816800.721742,-2.0,-0.42,-0.75,-11.09,-5.08,-1.53,0.67,0.19,0.18,101.62,45.15,-2.08,0
1746816800.737057,-2.0,-0.43,-0.74,-11.25,-6.56,-6.23,0.65,0.21,0.16,97.37,49.82,-6.74,0
1746816800.752925,-2.0,-0.44,-0.73,-10.46,-5.37,-8.47,0.6,0.2,0.24,90.79,65.37,-17.76,0
1746816800.768162,-2.0,-0.45,-0.73,-10.77,-3.33,-8.37,0.56,0.23,0.37,64.73,48.27,-33.33,0
1746816800.782546,-2.0,-0.46,-0.74,-10.82,-2.68,-5.57,0.72,0.18,0.29,74.78,52.56,-40.95,0
1746816800.797412,-2.0,-0.46,-0.76,-10.85,-3.25,-3.86,0.66,0.2,0.44,103.69,11.55,-28.87,0
1746816800.812425,-2.0,-0.44,-0.75,-10.73,-3.22,-3.66,0.92,0.16,0.12,102.33,6.51,-39.34,0
1746816800.826496,-2.0,-0.44,-0.74,-10.85,-3.01,-4.84,0.74,0.29,0.37,116.9,64.1,-49.79,0
1746816800.842449,-2.0,-0.42,-0.73,-11.86,-2.79,-6.03,0.63,0.34,0.5,99.44,62.51,-60.9,0
1746816800.857509,-2.0,-0.44,-0.73,-12.81,-2.88,-5.6,1.04,0.54,0.25,74.05,64.86,-59.41,0
1746816800.872443,-2.0,-0.46,-0.73,-12.91,-2.82,-3.2,-0.52,0.55,1.04,84.17,-112.53,-73.11,0
1746816800.887133,-2.0,-0.46,-0.73,-12.15,-3.08,-0.98,-0.87,0.61,0.85,138.93,34.02,-75.95,0
1746816800.902775,-2.0,-0.45,-0.73,-11.24,-4.08,-0.5,1.0,0.05,-0.46,146.47,-6.21,-84.67,0
1746816800.918775,-2.0,-0.46,-0.71,-10.83,-4.98,-2.18,0.36,0.46,0.51,135.08,12.37,-114.42,0
1746816800.933388,-2.0,-0.45,-0.72,-9.8,-6.43,-4.05,0.39,0.51,0.35,122.45,49.7,-138.87,0
1746816800.947136,-2.0,-0.43,-0.72,-9.15,-7.93,-7.16,0.49,0.75,0.38,82.55,6.21,-150.6,0
1746816800.962211,-2.0,-0.42,-0.72,-9.76,-6.69,-9.15,0.76,0.72,-0.29,55.92,65.0,-145.47,0
1746816800.976572,-2.0,-0.43,-0.72,-10.99,-4.61,-6.88,-0.08,0.86,0.88,13.24,28.44,-169.46,0
1746816800.992537,-2.0,-0.44,-0.73,-11.82,-3.81,-1.59,0.11,0.61,0.17,23.21,50.26,-157.91,0
1746816801.006769,-2.0,-0.45,-0.73,-12.82,-2.47,2.37,0.17,0.69,0.11,30.88,141.37,-164.37,0
1746816801.022555,-2.0,-0.46,-0.73,-11.4,-1.73,3.05,0.55,0.72,-0.23,-30.01,242.07,-175.57,0
1746816801.036379,-2.0,-0.44,-0.74,-9.9,-2.21,-0.29,0.05,0.67,0.24,52.87,250.13,-141.02,0
1746816801.051964,-2.0,-0.43,-0.74,-9.6,-1.82,-4.21,-0.5,0.79,0.76,53.15,144.2,-141.98,0
1746816801.067848,-2.0,-0.44,-0.75,-10.3,0.21,-3.89,-0.18,0.85,0.42,55.95,89.76,-157.47,0
1746816801.082827,-2.0,-0.46,-0.72,-10.84,2.63,-0.21,-0.14,1.0,0.3,4.77,67.41,-187.11,0
1746816801.096599,-2.0,-0.45,-0.73,-10.72,4.34,3.91,0.0,0.99,0.11,-8.51,196.42,-179.95,0
1746816801.112432,-2.0,-0.46,-0.73,-10.11,4.74,5.68,-0.52,0.92,0.58,19.79,158.43,-155.7,0
1746816801.126566,-2.0,-0.45,-0.72,-8.84,2.86,5.34,-0.59,0.93,0.68,-49.6,-88.04,-172.54,0
1746816801.141546,-2.0,-0.43,-0.73,-7.58,0.53,3.05,-0.07,0.77,0.05,-32.36,-22.81,-150.44,0
1746816801.156774,-2.0,-0.41,-0.73,-8.03,0.14,-0.65,-0.43,0.91,0.45,-48.07,21.33,-156.82,0
1746816801.171529,-2.0,-0.43,-0.74,-8.47,0.85,-0.55,-0.6,1.22,0.55,-109.76,19.02,-159.35,0
1746816801.187284,-2.0,-0.43,-0.74,-9.24,2.73,2.16,-0.24,1.29,-0.1,-212.01,190.05,-156.02,0
1746816801.202047,-2.0,-0.44,-0.74,-9.38,4.56,7.23,-0.71,0.91,0.58,-250.14,158.37,-136.84,0
1746816801.218541,-2.0,-0.44,-0.74,-9.74,5.2,10.41,-0.57,0.46,0.47,-230.79,175.59,-108.15,0
1746816801.232586,-2.0,-0.45,-0.74,-9.12,5.83,11.85,-0.67,0.25,0.67,-168.06,177.6,-91.63,0
1746816801.2479,-2.0,-0.44,-0.75,-7.66,5.77,11.22,-0.77,0.09,0.79,-73.86,174.76,-83.97,0
1746816801.26249,-2.0,-0.44,-0.75,-7.11,4.58,10.26,-0.93,0.39,0.9,-10.24,189.86,-99.31,0
1746816801.276657,-2.0,-0.45,-0.76,-6.76,4.53,9.15,-0.97,0.62,0.89,-34.03,178.42,-126.47,0
1746816801.29258,-2.0,-0.46,-0.77,-6.33,4.93,9.08,-1.0,0.71,0.9,-54.08,160.66,-122.34,0
1746816801.306815,-2.0,-0.45,-0.77,-5.31,5.07,9.75,-1.06,0.65,0.96,-46.4,128.98,-103.71,0
1746816801.32153,-2.0,-0.45,-0.76,-4.75,6.66,8.3,-0.97,0.56,0.81,-31.87,103.44,-82.31,0
1746816801.337236,-2.0,-0.44,-0.76,-3.41,6.67,7.73,-0.92,0.5,0.74,-8.94,95.38,-69.83,0
1746816801.352529,-2.0,-0.42,-0.75,-2.28,5.83,8.2,-0.89,0.56,0.69,-2.15,96.62,-63.68,0
1746816801.368819,-2.0,-0.41,-0.75,-1.64,4.49,9.47,-0.87,0.5,0.64,1.95,83.32,-58.18,0
1746816801.382643,-2.0,-0.4,-0.75,-1.86,3.34,11.05,-0.84,0.44,0.6,-0.11,75.39,-58.58,0
1746816801.39719,-2.0,-0.38,-0.76,-3.42,2.27,13.13,-0.89,0.4,0.63,1.68,71.03,-58.8,0
1746816801.412951,-2.0,-0.37,-0.76,-6.45,2.19,15.18,-0.87,0.35,0.6,12.63,66.19,-60.75,0
1746816801.427529,-2.0,-0.38,-0.75,-9.28,2.08,18.24,-0.85,0.33,0.58,18.95,64.08,-64.39,0
1746816801.44256,-2.0,-0.37,-0.75,-11.83,1.87,21.44,-0.85,0.31,0.58,33.35,56.82,-67.21,0
1746816801.457777,-2.0,-0.38,-0.76,-13.91,1.47,24.01,-0.89,0.35,0.57,45.6,52.15,-68.63,0
1746816801.471807,-2.0,-0.39,-0.77,-15.82,1.66,25.98,-0.86,0.41,0.52,49.89,63.76,-67.49,0
1746816801.487456,-2.0,-0.4,-0.76,-16.48,1.94,27.91,-0.87,0.48,0.51,47.83,58.34,-74.46,0
1746816801.503478,-2.0,-0.4,-0.75,-17.05,2.11,28.66,-0.88,0.48,0.48,30.67,27.78,-67.49,0
1746816801.517518,-2.0,-0.4,-0.75,-17.64,1.52,27.53,-0.89,0.49,0.51,9.64,25.87,-54.08,0
1746816801.532589,-2.0,-0.4,-0.75,-18.27,1.85,25.05,-0.89,0.44,0.52,-5.15,21.5,-40.44,0
1746816801.547065,-2.0,-0.4,-0.77,-17.93,1.93,23.33,-0.88,0.39,0.5,-1.97,18.36,-24.11,0
1746816801.56218,-2.0,-0.39,-0.77,-17.87,1.46,22.36,-0.9,0.36,0.5,27.29,38.1,-21.81,0
1746816801.576455,-2.0,-0.41,-0.76,-18.86,1.98,20.57,-0.89,0.43,0.47,32.14,28.57,-21.13,0
1746816801.592042,-2.0,-0.41,-0.76,-19.29,2.18,20.38,-0.89,0.42,0.45,26.62,21.39,-21.64,0
1746816801.606632,-2.0,-0.42,-0.75,-18.87,1.17,20.98,-0.91,0.41,0.44,29.94,11.21,-17.98,0
1746816801.622146,-2.0,-0.41,-0.75,-19.35,0.89,20.88,-0.86,0.4,0.4,28.56,6.27,-8.35,0
1746816801.636647,-2.0,-0.41,-0.75,-19.6,0.84,20.63,-0.84,0.39,0.35,39.66,5.57,2.89,0
1746816801.65242,-2.0,-0.41,-0.75,-19.16,0.05,20.56,-0.85,0.32,0.3,58.11,16.74,12.3,0
1746816801.666942,-2.0,-0.42,-0.76,-18.63,-0.82,20.27,-0.9,0.46,0.34,45.6,14.91,7.51,0
1746816801.681142,-2.0,-0.43,-0.75,-17.28,-1.53,20.53,-0.87,0.43,0.33,24.71,-8.28,6.85,0
1746816801.696782,-2.0,-0.43,-0.76,-15.47,-1.94,20.04,-0.88,0.34,0.35,22.53,-33.15,16.44,0
1746816801.71207,-2.0,-0.43,-0.75,-13.62,-2.02,18.6,-0.8,0.4,0.26,4.05,-51.38,17.18,0
1746816801.727463,-2.0,-0.42,-0.76,-12.63,-1.29,16.53,-0.08,2.0,1.86,42.52,-201.18,250.13,0
1746816801.741392,-2.0,-0.43,-0.75,-11.34,-0.44,15.53,-0.85,0.42,0.01,-5.79,-23.21,-0.2,0
1746816801.756236,-2.0,-0.41,-0.77,-10.76,-0.17,15.38,-0.79,0.31,0.3,3.51,-8.48,-8.47,0
1746816801.772385,-2.0,-0.41,-0.76,-10.34,0.64,15.57,-0.74,0.55,0.4,-14.86,-6.92,1.84,0
1746816801.787996,-2.0,-0.41,-0.76,-9.77,1.13,15.34,-0.77,0.29,0.33,23.63,8.1,-3.48,0
1746816801.80332,-2.0,-0.41,-0.76,-8.47,2.15,14.63,-0.88,0.4,0.49,-11.92,-6.4,-3.5,0
1746816801.818231,-2.0,-0.41,-0.76,-7.83,2.84,13.27,-0.36,0.56,-0.22,-142.76,-8.5,-8.38,0
1746816801.832454,-2.0,-0.41,-0.77,-7.42,3.42,11.46,-0.82,0.19,0.07,10.73,180.31,-4.69,0
1746816801.841408,-2.0,-0.41,-0.75,-5.59,3.35,10.89,-1.29,0.24,0.89,63.69,-73.69,-3.52,0
1746816801.862674,-2.0,-0.41,-0.75,-4.48,2.63,10.45,-0.5,0.25,-0.12,62.41,-30.28,-2.93,0
1746816801.876905,-2.0,-0.4,-0.76,-3.25,2.66,9.98,-1.0,0.33,0.55,36.39,25.1,0.49,0
1746816801.892833,-2.0,-0.4,-0.75,-1.85,2.82,9.76,-0.85,0.22,0.19,37.63,13.15,1.66,0
1746816801.906778,-2.0,-0.4,-0.76,-1.02,2.5,9.19,-0.75,0.28,0.2,25.84,29.65,-0.53,0
1746816801.922265,-2.0,-0.38,-0.75,-0.15,2.34,8.13,-0.81,0.3,0.25,41.02,19.96,-1.31,0
1746816801.937004,-2.0,-0.38,-0.76,0.49,2.5,7.01,-0.81,0.24,0.19,53.95,30.66,-2.25,0
1746816801.953872,-2.0,-0.37,-0.76,1.08,2.69,6.02,-0.83,0.34,0.22,26.8,16.89,-8.02,0
1746816801.966854,-2.0,-0.37,-0.77,1.5,3.05,5.31,-0.8,0.33,0.21,18.31,14.08,-4.85,0
1746816801.982034,-2.0,-0.36,-0.76,1.51,3.11,5.16,-0.62,0.37,0.08,37.89,64.09,-21.28,0
1746816801.997557,-2.0,-0.36,-0.77,0.99,3.83,5.51,-0.88,0.54,0.32,-9.11,-12.95,-7.78,0
1746816802.013268,-2.0,-0.36,-0.76,0.76,4.33,5.7,-0.85,0.34,0.23,2.06,10.01,-8.01,0
1746816802.028138,-2.0,-0.36,-0.76,0.34,4.54,5.52,-0.82,0.39,0.2,-1.69,-7.53,4.59,0
1746816802.042591,-2.0,-0.35,-0.76,-0.1,4.97,4.47,-0.85,0.35,0.22,-11.11,-5.13,-0.66,0
1746816802.056693,-2.0,-0.35,-0.76,-0.76,4.92,3.22,-0.85,0.37,0.23,-19.13,-3.21,0.47,0
1746816802.071964,-2.0,-0.35,-0.77,-1.66,4.81,2.77,-0.83,0.35,0.19,-26.56,-17.56,4.77,0
1746816802.087244,-2.0,-0.35,-0.77,-2.33,4.95,2.71,-0.86,0.33,0.22,-16.24,-21.46,12.37,0
1746816802.10294,-2.0,-0.36,-0.76,-2.59,4.98,3.15,-0.82,0.27,0.17,-18.94,-15.05,12.85,0
1746816802.117805,-2.0,-0.36,-0.76,-2.65,4.99,2.73,-0.82,0.28,0.2,-7.08,-4.4,4.05,0
1746816802.13282,-2.0,-0.35,-0.76,-3.81,5.21,1.5,-0.85,0.32,0.24,-12.58,-13.57,1.42,0
1746816802.147357,-2.0,-0.35,-0.76,-4.09,4.6,0.95,-0.79,0.35,0.21,-14.14,-6.3,-2.81,0
1746816802.162405,-2.0,-0.36,-0.76,-5.2,5.36,0.47,-0.82,0.28,0.22,18.22,10.37,-1.01,0
1746816802.177075,-2.0,-0.36,-0.76,-5.38,5.48,1.25,-0.79,0.37,0.22,9.35,15.57,-2.11,0
1746816802.192407,-2.0,-0.35,-0.76,-5.73,5.31,2.02,-0.83,0.36,0.22,-1.27,-1.73,-1.98,0
1746816802.206449,-2.0,-0.34,-0.76,-6.73,5.6,2.08,-0.86,0.33,0.23,-8.54,-14.92,8.19,0
1746816802.222443,-2.0,-0.36,-0.76,-7.26,5.4,2.06,-0.84,0.27,0.17,-10.35,-16.19,4.83,0
1746816802.237967,-2.0,-0.36,-0.76,-8.09,4.83,1.48,-0.83,0.31,0.21,-13.28,-9.98,1.93,0
1746816802.25355,-2.0,-0.37,-0.76,-8.78,5.2,0.78,-0.8,0.33,0.19,-9.87,4.48,-3.21,0
1746816802.267494,-2.0,-0.38,-0.76,-8.75,4.27,1.24,-0.84,0.34,0.24,-2.73,-2.56,5.84,0
1746816802.282561,-2.0,-0.38,-0.75,-8.5,3.21,1.82,-0.84,0.42,0.19,-12.79,-12.5,9.37,0
1746816802.297426,-2.0,-0.37,-0.76,-9.03,3.54,1.66,-0.83,0.34,0.22,-22.26,-23.89,13.99,0
1746816802.312688,-2.0,-0.39,-0.77,-8.98,3.73,0.79,-0.82,0.31,0.22,-23.14,-26.63,13.67,0
1746816802.328149,-2.0,-0.39,-0.76,-9.0,3.45,0.18,-0.83,0.32,0.24,-29.73,-26.36,8.82,0
1746816802.342275,-2.0,-0.39,-0.76,-9.15,3.42,0.24,-0.82,0.33,0.27,-26.77,-19.98,6.61,0
1746816802.358901,-2.0,-0.4,-0.77,-8.63,2.3,1.26,-0.82,0.3,0.25,-27.3,-22.88,5.53,0
1746816802.373609,-2.0,-0.4,-0.76,-8.18,1.82,1.63,-0.72,0.32,0.21,-10.49,-10.21,11.86,0
1746816802.38697,-2.0,-0.4,-0.77,-8.07,1.81,0.13,-0.79,0.32,0.23,-13.88,-4.27,8.84,0
1746816802.402925,-2.0,-0.4,-0.76,-8.4,1.5,-1.2,-0.76,0.35,0.28,5.73,0.16,11.38,0
1746816802.415943,-2.0,-0.4,-0.76,-8.05,1.4,-1.36,-0.83,0.34,0.26,38.8,15.01,6.74,0
1746816802.432532,-2.0,-0.42,-0.76,-7.91,1.89,-0.68,-0.88,0.45,0.39,17.16,-0.72,12.79,0
1746816802.447036,-2.0,-0.41,-0.76,-7.37,2.53,0.12,-0.77,0.4,0.27,12.47,-11.59,14.24,0
1746816802.461289,-2.0,-0.42,-0.76,-7.04,2.4,0.07,-0.87,0.4,0.35,17.02,-8.45,15.48,0
1746816802.476099,-2.0,-0.42,-0.76,-5.92,2.17,0.24,-0.85,0.38,0.32,18.47,-8.45,27.95,0
1746816802.491434,-2.0,-0.41,-0.77,-4.82,0.88,-0.3,-0.83,0.38,0.36,22.92,-5.34,28.29,0
1746816802.50646,-2.0,-0.41,-0.75,-4.19,0.47,-0.91,-0.84,0.53,0.47,4.85,-36.07,37.27,0
1746816802.522392,-2.0,-0.43,-0.76,-3.87,0.27,-2.43,-0.78,0.4,0.34,19.18,-24.76,34.95,0
1746816802.537386,-2.0,-0.42,-0.76,-3.69,1.11,-2.73,-0.85,0.46,0.42,10.33,-57.91,44.14,0
1746816802.552465,-2.0,-0.42,-0.77,-3.52,1.59,-2.08,-0.76,0.42,0.32,12.72,-43.77,42.56,0
1746816802.566391,-2.0,-0.42,-0.76,-3.14,0.74,-1.43,-0.78,0.49,0.39,5.98,-41.27,40.99,0
1746816802.582474,-2.0,-0.42,-0.75,-3.08,1.26,-2.46,-0.75,0.51,0.39,1.32,-34.19,39.29,0
1746816802.597453,-2.0,-0.41,-0.75,-3.25,1.23,-3.98,-0.71,0.48,0.37,2.9,-26.95,39.08,0
1746816802.611432,-2.0,-0.41,-0.76,-3.11,1.35,-4.84,-0.74,0.51,0.45,8.48,-28.8,41.49,0
1746816802.626367,-2.0,-0.41,-0.76,-2.69,1.03,-5.39,-0.71,0.45,0.4,13.82,-43.35,45.18,0
1746816802.641416,-2.0,-0.41,-0.76,-2.97,0.98,-6.31,-0.76,0.48,0.45,25.98,-50.89,52.74,0
1746816802.656326,-2.0,-0.41,-0.76,-2.89,1.15,-6.56,-0.68,0.51,0.37,-6.7,-61.14,38.96,0
1746816802.67144,-2.0,-0.41,-0.76,-2.56,1.58,-5.92,-0.7,0.52,0.43,-19.98,-38.94,22.28,0
1746816802.687205,-2.0,-0.41,-0.76,-2.2,1.99,-4.46,-0.7,0.52,0.44,-16.47,-39.73,38.64,0
1746816802.703434,-2.0,-0.4,-0.76,-2.21,2.16,-2.5,-0.79,0.46,0.57,0.48,-68.56,55.69,0
1746816802.716736,-2.0,-0.39,-0.75,-2.89,2.01,-0.93,-0.57,0.52,0.34,12.49,-100.98,67.5,0
1746816802.732543,-2.0,-0.39,-0.75,-3.32,1.93,0.38,-0.78,0.57,0.58,-5.82,-70.29,60.29,0
1746816802.746634,-2.0,-0.4,-0.75,-3.23,1.66,1.76,-0.66,0.56,0.46,-6.39,-61.41,59.56,0
1746816802.762385,-2.0,-0.4,-0.75,-3.44,2.04,1.37,-0.63,0.54,0.44,0.11,-56.71,60.71,0
1746816802.7767,-2.0,-0.41,-0.76,-3.4,3.31,0.31,-0.62,0.55,0.44,0.53,-50.0,58.74,0
1746816802.791438,-2.0,-0.43,-0.76,-2.53,3.51,0.57,-0.61,0.56,0.49,1.76,-46.5,57.11,0
1746816802.806579,-2.0,-0.42,-0.74,-0.3,1.89,1.85,-0.53,0.62,0.46,0.29,-47.02,61.17,0
1746816802.821303,-2.0,-0.5,-0.8,4.43,3.98,1.3,-0.69,0.43,0.54,13.59,-66.15,66.54,0
1746816802.837602,-2.0,-0.39,-0.73,-1.23,-6.98,-1.66,-0.69,0.59,0.64,-4.29,-78.84,66.27,0
1746816802.852696,-2.0,-0.35,-0.61,-0.36,0.51,-5.6,-0.63,0.57,0.6,2.17,-79.9,71.85,0
1746816802.867331,-2.0,-0.39,-0.78,-3.24,12.76,-10.12,-0.51,0.58,0.56,-14.05,-80.73,72.92,0
1746816802.882886,-2.0,-0.41,-0.76,0.89,6.11,-5.95,-0.52,0.58,0.61,-4.7,-70.47,69.06,0
1746816802.896861,-2.0,-0.43,-0.76,-2.56,3.41,-6.02,-0.5,0.56,0.61,-7.15,-67.34,67.19,0
1746816802.912394,-2.0,-0.42,-0.79,-0.33,5.37,-1.77,-0.47,0.53,0.65,-2.39,-73.73,72.92,0
1746816802.926988,-2.0,-0.41,-0.74,-4.36,17.68,-5.67,-0.44,0.66,0.7,-6.95,-74.16,66.3,1
1746816802.942204,-2.0,-0.46,-0.76,1.08,16.02,-0.22,-0.38,0.66,0.72,-9.46,-86.44,70.57,1
1746816802.956316,-2.0,-0.41,-0.75,-2.4,22.05,-4.98,-0.32,0.63,0.73,-5.9,-82.19,69.96,1
1746816802.972067,-2.0,-0.42,-0.75,-3.08,14.74,-5.28,-0.28,0.73,0.85,-6.54,-77.24,74.78,1
1746816802.98776,-2.0,-0.43,-0.73,-6.34,4.11,-5.33,-0.28,0.75,0.94,-7.73,-79.56,76.98,1
1746816803.002338,-2.0,-0.43,-0.77,-4.21,2.89,-2.8,-0.23,0.75,0.96,-1.01,-79.9,85.06,1
1746816803.016883,-2.0,-0.42,-0.75,-2.42,1.31,0.3,-0.24,0.84,1.06,6.25,-82.11,83.22,1
1746816803.03214,-2.0,-0.4,-0.75,-3.27,0.39,1.09,-0.17,0.87,1.07,-4.0,-94.2,86.15,1
1746816803.047245,-2.0,-0.41,-0.74,-1.08,0.92,2.23,-0.18,0.99,1.14,-13.46,-110.47,94.0,1
1746816803.062136,-2.0,-0.42,-0.74,-0.71,6.53,3.38,-0.16,0.99,1.16,-33.07,-122.76,106.74,1
1746816803.077627,-2.0,-0.45,-0.73,1.97,3.62,8.5,-0.16,0.92,1.16,-47.24,-132.0,116.76,1
1746816803.092026,-2.0,-0.44,-0.72,-0.91,4.27,10.61,-0.12,0.94,1.15,-61.34,-139.29,114.38,1
1746816803.106578,-2.0,-0.46,-0.72,2.77,4.91,15.76,-0.13,0.86,1.14,-64.6,-154.69,114.52,1
1746816803.121581,-2.0,-0.45,-0.74,-1.27,4.21,16.31,-0.07,0.82,1.09,-66.92,-163.08,113.24,1
1746816803.137076,-2.0,-0.46,-0.73,-3.97,2.6,15.69,-0.02,0.79,1.03,-67.92,-164.89,115.0,1
1746816803.153865,-2.0,-0.47,-0.73,-6.4,3.08,13.45,0.01,0.8,0.98,-76.67,-165.57,115.27,1
1746816803.167439,-2.0,-0.47,-0.73,-5.63,3.64,11.79,0.04,0.8,0.94,-85.87,-161.53,110.46,1
1746816803.1816,-2.0,-0.48,-0.74,-4.92,1.63,10.51,-0.04,0.63,1.02,-87.43,-162.95,104.58,1
1746816803.197693,-2.0,-0.48,-0.74,-3.85,0.19,9.88,0.07,0.64,0.93,-89.83,-158.2,94.63,1
1746816803.212427,-2.0,-0.48,-0.73,-3.39,1.68,8.13,0.31,0.67,0.7,-83.53,-97.12,89.59,1
1746816803.22644,-2.0,-0.48,-0.73,-1.66,0.54,7.78,0.35,0.6,0.65,-79.06,-110.62,77.64,1
1746816803.241647,-2.0,-0.48,-0.74,-0.03,-0.94,6.11,0.0,0.7,1.0,-73.41,-100.56,71.98,1
1746816803.257388,-2.0,-0.48,-0.73,2.98,2.21,4.55,0.91,0.56,0.22,-56.24,-71.51,89.11,1
1746816803.272085,-2.0,-0.48,-0.74,4.39,2.34,4.15,0.21,0.28,0.42,-45.26,-79.89,89.42,1
1746816803.28866,-2.0,-0.42,-0.64,4.18,-4.73,2.53,0.41,0.42,0.61,-120.05,6.31,36.12,1
1746816803.30422,-2.0,-0.47,-0.74,5.71,8.5,4.04,-0.51,0.57,1.39,-100.21,-181.89,56.72,1
1746816803.317358,-2.0,-0.47,-0.74,0.21,7.02,1.38,0.72,0.39,0.25,-76.69,-126.76,53.87,1
1746816803.334139,-2.0,-0.47,-0.68,7.56,-8.48,7.24,0.28,0.43,0.46,-80.78,-157.85,37.54,1
1746816803.348983,-2.0,-0.45,-0.7,7.45,4.69,1.16,0.56,0.39,0.07,-50.43,-135.71,50.13,1
1746816803.362191,-2.0,-0.43,-0.71,4.4,-4.47,-2.04,0.51,0.57,0.2,-78.87,-120.48,56.18,1
1746816803.376686,-2.0,-0.43,-0.7,5.37,-2.31,-6.76,0.4,0.49,0.19,-74.83,-134.02,66.92,1
1746816803.392561,-2.0,-0.4,-0.7,4.98,-0.82,-11.44,0.37,0.38,0.21,-71.63,-138.31,76.81,1
1746816803.406288,-2.0,-0.4,-0.71,2.87,-3.02,-12.67,0.28,0.28,0.22,-58.35,-99.82,72.54,1
1746816803.421383,-2.0,-0.39,-0.69,-1.66,-7.32,-13.57,0.51,0.23,0.04,-78.95,-95.89,60.34,1
1746816803.437395,-2.0,-0.37,-0.74,1.38,-2.86,-14.86,0.46,0.19,0.07,-75.29,-101.95,61.21,1
1746816803.452986,-2.0,-0.38,-0.72,-1.08,-3.6,-16.02,0.56,0.18,0.04,-89.31,-83.95,44.32,1
1746816803.46767,-2.0,-0.38,-0.72,-0.01,-8.63,-14.18,0.41,0.06,0.12,-79.5,-108.34,46.48,1
1746816803.482568,-2.0,-0.4,-0.72,-0.1,-6.92,-13.38,0.5,0.12,0.09,-80.01,-77.66,39.98,1
1746816803.496617,-2.0,-0.39,-0.71,-1.38,-4.75,-11.57,0.57,0.03,0.05,-84.61,-65.4,30.06,1
1746816803.512957,-2.0,-0.39,-0.71,-5.55,-6.98,-10.96,0.45,-0.0,0.13,-71.73,-77.5,28.66,1
1746816803.526816,-2.0,-0.39,-0.72,-5.86,-9.17,-10.14,0.72,0.05,-0.0,-68.4,-60.54,30.08,1
1746816803.542292,-2.0,-0.38,-0.73,-9.68,-6.64,-11.62,0.57,0.09,0.14,-87.74,-82.31,21.99,1
1746816803.556677,-2.0,-0.4,-0.71,-13.85,-11.77,-10.22,0.63,0.05,0.05,-95.14,-82.08,25.57,1
1746816803.571461,-2.0,-0.43,-0.7,-16.68,-8.98,-8.92,0.59,-0.02,0.11,-99.79,-58.24,15.98,1
1746816803.58701,-2.0,-0.43,-0.69,-17.2,-4.83,-5.73,0.65,-0.15,0.09,-80.1,-28.51,13.31,1
1746816803.602152,-2.0,-0.44,-0.7,-17.15,-3.87,-2.96,0.51,-0.24,0.16,-63.02,-11.31,4.02,1
1746816803.617323,-2.0,-0.47,-0.69,-16.46,-5.37,-2.18,0.68,-0.1,-0.03,-57.15,3.5,-9.85,1
1746816803.632527,-2.0,-0.47,-0.71,-14.77,-6.07,-3.78,0.67,-0.09,-0.01,-39.2,6.56,-12.56,1
1746816803.647115,-2.0,-0.47,-0.73,-14.56,-5.4,-8.66,0.64,0.03,-0.04,-32.56,-74.27,0.93,1
1746816803.661479,-2.0,-0.5,-0.73,-14.05,-6.01,-12.36,0.69,0.07,-0.06,-68.21,-59.2,-2.52,1
1746816803.677428,-2.0,-0.51,-0.74,-12.61,-7.82,-13.02,0.65,0.02,-0.07,-91.79,-93.48,-1.63,1
1746816803.692364,-2.0,-0.52,-0.75,-11.14,-8.59,-12.05,0.82,-0.09,-0.21,-88.24,-56.88,-1.53,1
1746816803.707524,-2.0,-0.52,-0.75,-11.4,-7.29,-11.02,0.71,-0.17,-0.14,-87.21,-50.27,-6.17,1
1746816803.721503,-2.0,-0.53,-0.75,-10.93,-8.51,-8.27,0.74,-0.25,-0.2,-55.32,-42.56,-3.03,1
1746816803.737047,-2.0,-0.52,-0.74,-11.0,-5.85,-6.27,0.68,-0.19,-0.17,-40.78,-46.29,-6.66,1
1746816803.75229,-2.0,-0.52,-0.73,-10.4,-3.47,-4.28,0.64,-0.16,-0.19,-38.14,-59.56,-12.07,1
1746816803.766767,-2.0,-0.52,-0.7,-8.63,-4.07,-1.52,0.71,-0.17,-0.29,-41.14,-62.37,-14.42,1
1746816803.78256,-2.0,-0.51,-0.7,-6.84,-4.99,0.17,0.74,-0.12,-0.27,-32.95,-3.34,-17.15,1
1746816803.797069,-2.0,-0.5,-0.7,-5.59,-4.31,0.15,0.96,-0.25,-0.39,0.73,54.23,-15.34,1
1746816803.812424,-2.0,-0.49,-0.7,-4.78,-5.27,0.62,0.36,-0.07,-0.11,-20.04,-62.55,-12.79,1
1746816803.826978,-2.0,-0.5,-0.69,-3.99,-6.89,2.74,0.81,-0.18,-0.41,13.08,-16.4,6.09,1
1746816803.840951,-2.0,-0.51,-0.71,-4.75,-6.38,4.35,0.61,-0.12,-0.19,-12.71,-65.62,11.2,1
1746816803.856451,-2.0,-0.51,-0.71,-4.83,-4.04,6.33,0.83,-0.13,-0.29,-9.73,-17.65,19.07,1
1746816803.87118,-2.0,-0.51,-0.72,-4.66,-0.97,6.24,1.01,-0.18,-0.38,-34.06,-21.76,20.04,1
1746816803.887886,-2.0,-0.51,-0.74,-4.69,1.16,5.63,0.88,-0.24,-0.23,-36.95,3.11,20.56,1
1746816803.902254,-2.0,-0.54,-0.73,-3.76,4.29,5.59,0.91,-0.29,-0.22,-40.81,3.55,13.69,1
1746816803.916713,-2.0,-0.53,-0.74,-0.9,5.36,6.15,0.89,-0.32,-0.2,-22.61,12.3,12.92,1
1746816803.932597,-2.0,-0.52,-0.73,1.26,5.7,3.27,0.87,-0.32,-0.13,-11.87,1.97,11.76,1
1746816803.947689,-2.0,-0.5,-0.73,3.3,7.29,-0.54,0.94,-0.3,-0.19,-2.57,6.95,8.88,1
1746816803.962302,-2.0,-0.47,-0.72,5.7,5.95,-2.57,0.95,-0.26,-0.16,-0.9,2.8,7.26,1
1746816803.97644,-2.0,-0.46,-0.72,6.53,3.72,-2.54,1.0,-0.23,-0.18,10.17,24.22,7.79,1
1746816803.992576,-2.0,-0.44,-0.71,6.76,2.35,-1.26,0.9,-0.19,-0.06,3.22,6.93,4.23,1
1746816804.006552,-2.0,-0.44,-0.7,6.39,0.92,0.62,0.93,-0.19,-0.08,3.77,1.95,3.91,1
1746816804.021593,-2.0,-0.42,-0.7,5.31,-1.95,2.6,0.96,-0.17,-0.09,6.34,6.93,3.5,1
1746816804.037987,-2.0,-0.42,-0.69,4.44,-3.35,4.21,0.95,-0.16,-0.09,11.69,9.76,5.84,1
1746816804.05222,-2.0,-0.42,-0.71,2.91,-2.91,3.91,0.99,-0.15,-0.13,15.22,13.85,8.99,1
1746816804.066564,-2.0,-0.41,-0.71,1.08,-2.37,2.64,0.95,-0.11,-0.07,8.8,13.74,11.69,1
1746816804.082606,-2.0,-0.41,-0.72,-1.0,-2.17,0.77,0.96,-0.13,-0.08,1.18,13.7,14.89,1
1746816804.096746,-2.0,-0.41,-0.73,-3.18,-2.18,-1.3,0.95,-0.15,-0.06,-6.16,17.23,14.36,1
1746816804.112267,-2.0,-0.42,-0.7,-4.76,-4.48,-1.63,0.95,-0.2,-0.08,-0.79,21.81,15.79,1
1746816804.127631,-2.0,-0.43,-0.71,-5.34,-7.13,-0.04,0.98,-0.22,-0.09,7.46,25.59,15.47,1
1746816804.141582,-2.0,-0.44,-0.71,-5.82,-7.66,0.71,0.92,-0.25,-0.05,13.1,14.81,14.82,1
1746816804.157175,-2.0,-0.43,-0.73,-5.11,-6.64,3.34,0.86,-0.27,0.01,18.63,6.1,14.76,1
1746816804.173699,-2.0,-0.42,-0.72,-6.04,-5.82,3.34,0.95,-0.2,-0.07,8.76,23.89,5.26,1
1746816804.189254,-2.0,-0.41,-0.72,-6.17,-4.43,2.98,0.76,-0.18,0.04,-1.6,15.35,-2.18,1
1746816804.202499,-2.0,-0.41,-0.72,-6.93,-2.47,1.99,0.91,-0.1,-0.06,-6.03,58.98,-2.05,1
1746816804.216491,-2.0,-0.42,-0.7,-7.31,-2.38,1.84,0.87,-0.12,-0.01,15.89,109.45,10.11,1
1746816804.232537,-2.0,-0.42,-0.71,-9.06,-3.24,2.14,0.67,-0.1,0.1,28.55,82.7,15.48,1
1746816804.246723,-2.0,-0.44,-0.68,-11.2,-1.61,3.93,0.54,-0.13,0.08,64.53,-16.96,20.78,1
1746816804.261817,-2.0,-0.44,-0.66,-12.69,-0.43,7.0,0.42,-0.07,0.11,91.34,-4.74,29.85,0
1746816804.276363,-2.0,-0.46,-0.67,-13.6,1.09,9.73,0.72,-0.06,-0.08,111.05,-17.42,36.63,0
1746816804.292489,-2.0,-0.45,-0.69,-12.92,-0.84,11.91,0.62,0.06,-0.06,133.86,0.76,54.0,0
1746816804.306834,-2.0,-0.43,-0.71,-13.78,-1.56,9.78,0.62,0.09,-0.07,110.47,4.14,53.56,0
1746816804.32132,-2.0,-0.43,-0.71,-16.15,0.63,5.63,0.57,0.0,-0.05,98.98,12.15,57.55,0
1746816804.338025,-2.0,-0.44,-0.7,-18.1,3.44,3.01,0.49,-0.15,-0.06,98.74,8.5,59.01,0
1746816804.351137,-2.0,-0.46,-0.7,-18.84,6.51,3.34,0.42,-0.28,-0.04,120.66,-6.56,58.63,0
1746816804.366735,-2.0,-0.49,-0.72,-18.02,9.81,6.06,0.52,-0.27,-0.12,140.52,-6.69,53.16,0
1746816804.382322,-2.0,-0.49,-0.74,-16.69,9.2,9.27,0.6,-0.2,-0.15,154.84,-12.77,48.79,0
1746816804.396846,-2.0,-0.46,-0.76,-15.85,8.02,10.13,0.66,-0.1,-0.15,162.34,11.53,48.13,0
1746816804.41255,-2.0,-0.45,-0.77,-17.0,8.68,8.95,0.7,-0.04,-0.11,143.26,15.73,45.18,0
1746816804.426794,-2.0,-0.48,-0.76,-17.17,10.66,8.66,0.7,-0.08,-0.05,127.57,28.19,41.61,0
1746816804.442412,-2.0,-0.51,-0.74,-16.5,13.28,8.88,0.7,-0.12,-0.05,114.77,48.63,33.63,0
1746816804.456563,-2.0,-0.53,-0.74,-13.91,14.47,11.36,0.68,-0.18,0.03,120.07,44.17,31.58,0
1746816804.47273,-2.0,-0.55,-0.75,-10.82,12.58,13.41,0.73,-0.17,0.04,118.89,45.16,23.08,0
1746816804.488093,-2.0,-0.52,-0.74,-7.54,10.24,11.82,0.7,-0.18,0.05,120.37,59.53,12.69,0
1746816804.503102,-2.0,-0.49,-0.72,-4.82,8.77,6.37,0.78,-0.16,0.1,124.49,57.75,5.95,0
1746816804.5168,-2.0,-0.48,-0.73,-3.65,6.26,-0.55,0.83,-0.06,0.1,117.32,64.76,-4.75,0
1746816804.531885,-2.0,-0.46,-0.74,-2.7,3.38,-6.56,0.97,-0.0,0.17,100.4,79.9,-9.81,0
1746816804.552059,-2.0,-0.44,-0.75,-2.44,0.96,-9.98,0.86,0.02,0.23,85.44,107.82,-11.92,0
1746816804.56184,-2.0,-0.43,-0.75,-3.4,0.09,-11.56,0.74,0.05,0.33,66.73,110.0,-18.08,0
1746816804.577271,-2.0,-0.44,-0.74,-4.18,-0.18,-9.66,0.69,0.0,0.35,54.9,101.31,-31.39,0
1746816804.591371,-2.0,-0.43,-0.74,-5.15,-0.65,-6.27,0.85,0.17,0.41,61.93,98.95,-34.91,0
1746816804.607976,-2.0,-0.42,-0.74,-6.05,-2.11,-3.44,0.81,0.38,0.53,61.79,96.18,-36.69,0
1746816804.621628,-2.0,-0.41,-0.76,-7.14,-4.88,-2.15,0.77,0.5,0.6,52.18,81.79,-29.65,0
1746816804.638163,-2.0,-0.41,-0.75,-9.01,-5.81,-2.64,0.7,0.52,0.78,50.32,102.56,-12.31,0
1746816804.652555,-2.0,-0.41,-0.75,-11.02,-6.22,-1.59,0.68,0.37,1.05,49.56,74.07,15.59,0
1746816804.667572,-2.0,-0.42,-0.72,-11.94,-8.1,-0.67,0.89,0.38,0.96,46.5,117.16,24.85,0
1746816804.682133,-2.0,-0.42,-0.72,-11.47,-11.02,-0.69,0.66,0.2,1.26,36.54,34.99,45.47,0
1746816804.696386,-2.0,-0.41,-0.75,-11.8,-13.35,-2.27,0.79,-0.01,1.01,87.86,18.46,50.51,0
1746816804.713295,-2.0,-0.39,-0.77,-13.85,-13.5,-2.24,0.79,-0.04,0.89,149.01,25.34,39.11,0
1746816804.727473,-2.0,-0.4,-0.75,-16.63,-12.64,0.95,0.63,0.09,0.98,189.33,17.61,17.65,0
1746816804.742719,-2.0,-0.42,-0.74,-18.05,-13.18,5.23,0.39,0.18,1.31,207.19,-29.11,8.38,0
1746816804.757622,-2.0,-0.43,-0.73,-17.99,-14.38,7.48,1.08,0.39,0.86,193.56,28.95,-3.1,0
1746816804.773154,-2.0,-0.44,-0.73,-17.66,-14.92,6.56,1.23,0.21,0.57,231.09,30.35,34.92,0
1746816804.788613,-2.0,-0.44,-0.74,-17.34,-16.05,5.37,1.3,0.16,0.46,198.35,-41.28,21.53,0
1746816804.802345,-2.0,-0.42,-0.73,-20.08,-13.98,4.85,0.62,0.17,0.8,223.28,-149.19,54.5,0
1746816804.816872,-2.0,-0.43,-0.73,-21.63,-11.26,5.95,1.12,0.41,0.29,169.06,-84.66,-17.6,0
1746816804.833073,-2.0,-0.45,-0.72,-22.47,-10.19,7.17,1.32,0.61,0.09,207.56,-35.66,19.79,0
1746816804.841232,-2.0,-0.48,-0.72,-21.95,-9.75,9.54,0.9,0.74,0.6,146.38,-173.14,25.1,0
1746816804.861964,-2.0,-0.49,-0.72,-20.6,-9.53,12.15,1.14,0.82,0.44,145.74,-26.95,26.14,0
1746816804.876717,-2.0,-0.47,-0.74,-19.81,-8.5,13.03,1.02,0.66,0.42,162.67,45.14,54.24,0
1746816804.892591,-2.0,-0.47,-0.75,-18.9,-7.09,14.01,1.03,0.77,0.51,122.34,-9.22,49.89,0
1746816804.907397,-2.0,-0.47,-0.76,-19.32,-3.91,14.2,1.32,0.63,0.17,102.82,-36.63,67.5,0
1746816804.922997,-2.0,-0.5,-0.75,-18.43,-1.4,15.0,0.77,0.79,0.66,83.15,-110.51,79.22,0
1746816804.938571,-2.0,-0.51,-0.73,-16.41,-0.31,15.52,1.12,0.52,0.12,51.14,-120.05,100.67,0
1746816804.952449,-2.0,-0.51,-0.73,-13.83,-0.7,14.53,0.59,0.38,0.8,40.64,-57.4,76.09,0
1746816804.967505,-2.0,-0.51,-0.73,-10.87,-0.95,12.05,1.05,0.2,0.48,51.11,-27.6,54.58,0
1746816804.982499,-2.0,-0.5,-0.72,-8.15,-1.24,9.3,0.95,0.13,0.41,58.24,-63.9,44.14,0
1746816804.997558,-2.0,-0.49,-0.73,-6.44,-1.17,7.27,0.93,0.16,0.28,63.73,-37.45,33.68,0
1746816805.013216,-2.0,-0.48,-0.73,-5.78,-0.5,6.54,0.86,0.21,0.23,53.47,-40.66,29.3,0
1746816805.026814,-2.0,-0.49,-0.72,-4.98,-0.11,7.05,0.85,0.17,0.2,50.19,-14.57,28.49,0
1746816805.042533,-2.0,-0.48,-0.72,-3.51,0.51,8.49,0.91,0.09,0.08,44.78,23.75,20.65,0
1746816805.056904,-2.0,-0.49,-0.73,-2.26,2.33,9.79,0.78,0.02,0.11,43.49,41.04,8.46,0
1746816805.073472,-2.0,-0.48,-0.73,-1.46,3.6,10.02,0.76,0.01,0.03,32.49,39.34,-6.12,0
1746816805.088372,-2.0,-0.46,-0.73,-0.13,3.42,9.63,0.76,0.01,-0.02,24.35,46.06,-21.53,0
1746816805.101432,-2.0,-0.45,-0.73,0.73,3.13,8.56,0.74,-0.01,-0.04,17.11,71.4,-36.66,0
1746816805.117248,-2.0,-0.46,-0.74,1.65,2.45,7.95,0.6,0.16,0.1,6.73,77.08,-43.03,0
1746816805.132063,-2.0,-0.45,-0.75,2.72,2.33,7.88,0.66,0.17,0.14,-16.29,69.6,-53.09,0
1746816805.147799,-2.0,-0.43,-0.75,3.21,3.55,7.76,0.66,0.13,0.04,-17.12,88.88,-65.63,0
1746816805.162339,-2.0,-0.44,-0.74,3.88,5.46,7.94,0.6,0.11,0.02,-14.52,85.77,-77.6,0
1746816805.176666,-2.0,-0.43,-0.74,4.24,6.97,8.54,0.53,0.07,0.07,-8.89,98.44,-94.0,0
1746816805.192372,-2.0,-0.43,-0.73,5.21,7.72,9.6,0.52,0.03,-0.0,-3.63,119.05,-107.21,0
1746816805.206638,-2.0,-0.42,-0.74,5.54,7.98,10.13,0.51,-0.14,-0.04,4.99,139.04,-129.55,0
1746816805.222337,-2.0,-0.4,-0.74,5.46,7.38,10.09,0.52,-0.27,-0.17,19.91,157.73,-165.96,0
1746816805.237664,-2.0,-0.39,-0.75,4.77,6.75,9.63,0.42,-0.21,-0.18,19.86,201.34,-221.49,0
1746816805.253205,-2.0,-0.38,-0.75,3.11,7.02,8.71,0.28,-0.09,-0.25,17.1,250.13,-250.14,0
1746816805.267574,-2.0,-0.38,-0.74,1.69,7.47,8.39,-0.09,0.07,-0.06,18.96,250.13,-250.14,0
1746816805.282266,-2.0,-0.38,-0.73,0.48,7.48,9.23,-0.44,0.3,0.21,9.67,250.13,-250.14,0
1746816805.297032,-2.0,-0.37,-0.73,-1.73,7.55,10.47,-0.55,0.3,0.38,-3.58,221.0,-250.14,0
1746816805.312558,-2.0,-0.37,-0.73,-3.47,7.21,13.05,-0.38,0.07,0.26,11.63,180.75,-243.39,0
1746816805.32761,-2.0,-0.38,-0.73,-5.08,6.85,15.4,-0.48,0.23,0.3,45.31,201.05,-250.14,0
1746816805.342265,-2.0,-0.38,-0.73,-6.57,6.16,17.05,-0.6,0.35,0.3,57.3,211.13,-250.14,0
1746816805.357153,-2.0,-0.38,-0.75,-8.21,6.24,16.13,-0.7,0.5,0.26,68.95,215.06,-250.14,0
1746816805.372131,-2.0,-0.4,-0.74,-9.38,6.81,16.3,-0.8,0.83,0.25,68.53,250.13,-250.14,0
1746816805.387432,-2.0,-0.41,-0.74,-9.76,6.44,17.56,-0.99,0.94,0.51,37.7,250.13,-250.14,0
1746816805.402528,-2.0,-0.41,-0.74,-11.11,7.27,18.63,-0.94,0.81,0.42,35.49,219.58,-206.38,0
1746816805.416782,-2.0,-0.41,-0.74,-11.86,7.95,17.7,-1.16,0.77,0.46,91.69,161.42,-185.69,0
1746816805.432584,-2.0,-0.4,-0.74,-11.92,7.76,15.8,-1.16,0.86,0.42,123.47,80.51,-182.92,0
1746816805.447121,-2.0,-0.4,-0.73,-11.5,6.18,14.15,-1.04,0.85,0.27,147.55,42.69,-183.23,0
1746816805.462252,-2.0,-0.39,-0.74,-11.63,4.81,12.69,-1.04,0.87,0.2,162.05,53.64,-181.07,0
1746816805.476872,-2.0,-0.4,-0.73,-11.66,4.08,12.67,-1.05,0.86,0.14,164.27,58.47,-188.72,0
1746816805.492336,-2.0,-0.41,-0.73,-11.46,3.25,13.55,-1.16,1.02,0.16,150.81,55.73,-193.89,0
1746816805.506753,-2.0,-0.41,-0.73,-11.91,2.9,14.24,-1.08,1.02,0.04,134.65,63.24,-187.01,0
1746816805.522827,-2.0,-0.42,-0.73,-12.04,3.76,14.57,-1.12,1.05,0.02,135.3,98.12,-166.95,0
1746816805.537582,-2.0,-0.41,-0.74,-12.15,4.18,14.59,-1.24,1.01,0.05,138.15,95.34,-151.96,0
1746816805.552184,-2.0,-0.41,-0.74,-13.37,4.85,14.19,-1.18,0.92,-0.02,147.7,78.53,-133.08,0
1746816805.567742,-2.0,-0.42,-0.75,-14.02,5.14,14.46,-1.22,0.82,-0.01,159.03,53.6,-123.87,0
1746816805.582642,-2.0,-0.43,-0.76,-14.11,4.08,15.19,-1.07,0.87,-0.27,137.37,113.86,-120.69,0
1746816805.596857,-2.0,-0.43,-0.75,-13.92,3.16,15.11,-1.07,0.94,-0.35,119.82,250.13,-124.44,0
1746816805.612168,-2.0,-0.42,-0.75,-14.21,2.41,14.51,-1.55,1.07,0.11,129.37,44.81,-123.89,0
1746816805.627659,-2.0,-0.43,-0.75,-14.4,2.95,13.14,-1.39,1.07,-0.05,128.47,-133.74,-119.21,0
1746816805.641714,-2.0,-0.45,-0.75,-14.04,3.86,12.15,-1.18,1.04,-0.09,67.93,-200.28,-120.98,0
1746816805.657387,-2.0,-0.46,-0.74,-12.35,3.78,12.59,-0.94,0.9,-0.3,34.82,-109.23,-112.6,0
1746816805.672458,-2.0,-0.45,-0.75,-10.79,2.85,12.44,-0.95,0.83,-0.23,19.23,-35.09,-97.85,0
1746816805.686518,-2.0,-0.45,-0.74,-9.37,1.88,10.24,-0.97,0.82,-0.19,14.5,32.95,-85.82,0
1746816805.702685,-2.0,-0.45,-0.74,-8.31,0.48,7.66,-1.15,0.85,0.02,39.22,18.79,-75.54,0
1746816805.716438,-2.0,-0.43,-0.73,-7.24,-0.32,5.39,-1.1,0.84,-0.03,61.63,-42.71,-66.02,0
1746816805.732435,-2.0,-0.43,-0.74,-5.97,-0.15,4.46,-1.01,0.86,-0.04,67.59,-75.26,-56.73,0
1746816805.741263,-2.0,-0.42,-0.74,-4.96,-0.16,4.95,-0.9,0.81,-0.11,62.84,-36.95,-45.01,0
1746816805.762213,-2.0,-0.41,-0.75,-5.23,-0.24,6.43,-0.91,0.74,-0.04,47.02,-33.02,-35.32,0
1746816805.776747,-2.0,-0.41,-0.75,-5.77,0.06,7.93,-0.89,0.68,-0.08,30.75,-12.63,-27.93,0
1746816805.791339,-2.0,-0.41,-0.75,-6.62,0.87,8.56,-0.84,0.62,-0.14,28.15,1.05,-16.33,0
1746816805.807164,-2.0,-0.41,-0.76,-7.82,1.56,8.4,-0.82,0.6,-0.14,37.64,24.31,-3.89,0
1746816805.823322,-2.0,-0.41,-0.75,-8.66,1.5,8.6,-0.85,0.58,-0.14,46.99,38.63,5.14,0
1746816805.83767,-2.0,-0.4,-0.76,-9.85,1.69,9.43,-0.87,0.57,-0.13,61.01,36.28,11.66,0
1746816805.852431,-2.0,-0.41,-0.76,-10.39,2.0,9.38,-0.84,0.58,-0.16,67.8,28.43,13.6,0
1746816805.867078,-2.0,-0.41,-0.75,-11.16,2.48,7.84,-0.89,0.55,-0.17,82.07,21.09,20.18,0
1746816805.882501,-2.0,-0.4,-0.75,-11.67,2.92,5.79,-0.87,0.56,-0.19,72.39,-19.95,21.07,0
1746816805.896837,-2.0,-0.41,-0.76,-12.95,3.34,3.6,-0.97,0.5,-0.15,71.23,-46.54,22.24,0
1746816805.912302,-2.0,-0.43,-0.76,-13.61,3.63,2.89,-0.7,0.46,-0.48,30.03,44.53,12.7,0
1746816805.926583,-2.0,-0.45,-0.74,-9.67,0.76,5.43,-0.81,0.38,-0.27,-0.1,27.82,11.5,0
1746816805.941447,-2.0,-0.45,-0.75,-7.78,0.84,6.99,-1.02,0.29,-0.03,33.85,16.31,11.26,0
1746816805.956844,-2.0,-0.41,-0.74,-7.89,0.62,5.11,-0.88,0.26,-0.19,32.66,-1.11,7.82,0
1746816805.972077,-2.0,-0.38,-0.74,-8.78,-1.06,1.63,-0.94,0.33,-0.07,13.02,-11.27,-9.34,0
1746816805.987534,-2.0,-0.4,-0.75,-9.41,0.37,0.69,-0.85,0.36,-0.2,-12.65,-18.32,-10.21,0
1746816806.00128,-2.0,-0.41,-0.75,-8.78,1.18,2.17,-0.71,0.36,-0.35,-41.3,71.95,-8.18,0
1746816806.016559,-2.0,-0.41,-0.76,-8.37,2.18,4.29,-0.89,0.36,-0.22,-43.18,134.89,-19.63,0
1746816806.031411,-2.0,-0.42,-0.76,-8.5,3.26,5.03,-1.09,0.33,-0.04,-5.37,13.38,-18.6,0
1746816806.046604,-2.0,-0.43,-0.76,-7.42,3.1,5.54,-1.0,0.35,-0.15,18.98,-47.66,-21.17,0
1746816806.061435,-2.0,-0.43,-0.75,-5.89,3.31,4.85,-0.86,0.41,-0.28,5.11,-46.67,-21.63,0
1746816806.076628,-2.0,-0.42,-0.77,-4.98,3.98,2.54,-0.89,0.43,-0.27,-8.05,10.88,-15.17,0
1746816806.091538,-2.0,-0.41,-0.76,-4.56,4.34,0.09,-0.94,0.43,-0.2,-8.04,24.85,-5.24,0
1746816806.10713,-2.0,-0.44,-0.76,-3.4,4.13,-1.1,-1.01,0.43,-0.16,-4.84,8.16,3.56,0
1746816806.122586,-2.0,-0.42,-0.77,-2.22,3.43,-1.23,-0.97,0.42,-0.18,-15.9,-4.77,6.69,0
1746816806.137661,-2.0,-0.41,-0.76,-2.63,3.73,-2.05,-0.94,0.39,-0.22,-29.49,15.28,6.91,0
1746816806.15237,-2.0,-0.42,-0.76,-3.08,4.18,-1.79,-0.95,0.36,-0.21,-32.65,29.73,9.18,0
1746816806.167705,-2.0,-0.42,-0.75,-3.37,4.19,0.34,-1.02,0.37,-0.1,-12.71,12.83,16.03,0
1746816806.18214,-2.0,-0.4,-0.75,-3.63,5.29,2.37,-1.03,0.37,-0.04,10.26,-40.53,27.93,0
1746816806.196991,-2.0,-0.38,-0.75,-4.45,6.67,1.08,-0.99,0.45,-0.04,14.07,-49.45,33.95,0
1746816806.212177,-2.0,-0.4,-0.75,-6.24,8.53,-0.35,-0.98,0.63,-0.03,2.2,-19.94,47.13,0
1746816806.226611,-2.0,-0.41,-0.74,-5.79,8.24,0.85,-0.98,0.71,0.02,-2.18,-10.11,67.5,0
1746816806.241475,-2.0,-0.41,-0.74,-5.03,8.73,1.07,-1.01,0.79,0.09,1.24,-7.37,79.72,1
1746816806.256434,-2.0,-0.4,-0.75,-4.31,9.15,0.61,-1.06,0.87,0.19,18.96,-41.56,95.3,1
1746816806.27226,-2.0,-0.4,-0.74,-5.53,9.34,0.1,-1.01,0.99,0.2,30.32,-52.29,115.28,1
1746816806.287243,-2.0,-0.4,-0.74,-7.58,9.08,2.29,-1.02,1.1,0.24,33.56,-47.1,135.91,1
1746816806.302399,-2.0,-0.41,-0.73,-8.1,9.26,7.01,-1.03,1.17,0.3,27.88,-60.37,152.21,1
1746816806.316486,-2.0,-0.41,-0.73,-8.34,8.57,11.4,-0.91,1.11,0.27,21.87,-56.19,162.09,1
1746816806.332239,-2.0,-0.41,-0.72,-8.66,6.51,13.86,-0.99,1.1,0.35,40.19,-71.7,169.24,1
1746816806.346736,-2.0,-0.41,-0.73,-9.21,4.57,14.45,-0.96,1.1,0.33,53.17,-143.47,161.91,1
1746816806.362392,-2.0,-0.41,-0.72,-9.74,3.11,15.36,-0.86,1.18,0.24,56.53,-184.88,154.24,1
1746816806.377417,-2.0,-0.42,-0.74,-10.4,2.6,15.46,-0.87,1.18,0.27,52.24,-208.82,154.08,1
1746816806.392251,-2.0,-0.42,-0.73,-10.59,2.73,15.73,-0.84,1.17,0.3,32.3,-250.14,160.77,1
1746816806.407588,-2.0,-0.44,-0.74,-10.24,3.13,16.42,-0.85,1.28,0.36,-32.63,-20.66,153.44,1
1746816806.423359,-2.0,-0.44,-0.75,-10.48,3.97,18.48,-0.79,1.07,0.18,-77.37,-62.94,144.82,1
1746816806.437851,-2.0,-0.48,-0.75,-10.58,5.28,22.18,-0.83,1.11,0.24,-74.98,-75.83,138.08,1
1746816806.452289,-2.0,-0.48,-0.74,-10.03,6.34,26.02,-0.84,1.19,0.27,-90.3,-81.22,135.67,1
1746816806.467592,-2.0,-0.48,-0.73,-9.11,7.92,29.38,-0.89,1.29,0.3,-87.66,-82.58,128.08,1
1746816806.482515,-2.0,-0.49,-0.75,-8.26,9.49,30.65,-0.89,1.34,0.28,-66.23,-72.75,134.02,1
1746816806.497755,-2.0,-0.49,-0.74,-6.7,10.54,30.32,-0.91,1.34,0.36,-54.02,-89.06,164.34,1
1746816806.512383,-2.0,-0.5,-0.74,-5.06,11.03,28.42,-0.94,1.35,0.37,-53.6,-100.17,178.72,1
1746816806.526661,-2.0,-0.5,-0.74,-2.53,11.36,26.15,-0.95,1.32,0.36,-59.21,-116.66,183.91,1
1746816806.542402,-2.0,-0.49,-0.74,0.4,11.46,22.93,-0.87,1.33,0.32,-69.32,-118.31,187.05,1
1746816806.557418,-2.0,-0.47,-0.73,2.59,10.89,18.2,-0.85,1.31,0.31,-79.93,-122.6,188.05,1
1746816806.572415,-2.0,-0.46,-0.75,3.91,9.96,12.41,-0.78,1.26,0.28,-90.64,-131.12,190.64,1
1746816806.586944,-2.0,-0.45,-0.74,5.65,8.74,7.73,-0.73,1.19,0.3,-95.65,-134.52,194.64,1
1746816806.602438,-2.0,-0.45,-0.75,7.59,7.74,3.91,-0.67,1.1,0.32,-92.18,-140.56,194.6,1
1746816806.616803,-2.0,-0.44,-0.75,9.05,7.03,1.31,-0.62,0.93,0.3,-79.41,-137.92,193.3,1
1746816806.631296,-2.0,-0.43,-0.77,9.19,6.19,-0.69,-0.46,1.02,0.27,-79.69,-130.31,189.27,1
1746816806.647264,-2.0,-0.42,-0.77,9.85,5.34,-1.72,-0.25,1.02,0.26,-91.6,-120.5,189.01,1
1746816806.662499,-2.0,-0.41,-0.78,9.26,5.95,-2.69,-0.29,1.0,0.35,-114.86,-107.07,183.82,1
1746816806.677609,-2.0,-0.4,-0.77,8.73,6.69,-3.59,-0.03,0.99,0.21,-132.02,-113.59,182.22,1
1746816806.691419,-2.0,-0.4,-0.76,7.67,7.74,-3.33,-0.67,0.34,0.46,-86.37,-147.34,154.63,1
1746816806.706718,-2.0,-0.41,-0.75,6.83,8.05,-2.13,-0.04,0.5,0.33,-91.05,-126.84,169.17,1
1746816806.72336,-2.0,-0.4,-0.75,6.11,7.4,-0.8,-0.28,-0.22,0.22,35.97,-144.11,160.57,1
1746816806.737682,-2.0,-0.4,-0.74,5.98,6.28,-0.59,0.01,0.92,0.16,-39.72,-88.57,137.1,1
1746816806.752094,-2.0,-0.39,-0.72,6.43,5.11,-2.1,-0.06,0.68,0.41,-41.24,-55.08,124.97,1
1746816806.767662,-2.0,-0.38,-0.73,6.27,3.27,-5.75,0.05,0.68,0.22,-62.53,34.76,94.82,1
1746816806.782414,-2.0,-0.37,-0.75,6.01,1.0,-10.37,-0.72,0.75,0.96,-174.68,-250.14,91.4,1
1746816806.797336,-2.0,-0.37,-0.74,5.47,-1.31,-14.82,0.38,0.78,0.25,-140.43,-70.76,100.09,1
1746816806.812173,-2.0,-0.36,-0.75,4.43,-2.74,-17.49,-1.26,0.23,1.22,-149.42,-237.64,52.37,1
1746816806.827048,-2.0,-0.36,-0.73,2.79,-4.28,-17.66,0.05,0.61,0.53,-139.66,-75.41,86.4,1
1746816806.842263,-2.0,-0.36,-0.72,0.53,-4.55,-16.66,-0.07,0.02,-1.03,-78.67,-149.0,113.91,1
1746816806.856865,-2.0,-0.37,-0.73,-1.87,-5.11,-14.77,0.78,0.45,-0.01,-76.36,-64.52,71.54,1
1746816806.872204,-2.0,-0.37,-0.72,-3.78,-6.49,-13.18,1.06,0.06,-0.47,-12.12,250.13,36.53,1
1746816806.886862,-2.0,-0.39,-0.72,-5.76,-7.33,-12.61,-2.0,0.15,1.59,35.33,-210.05,107.64,1
1746816806.901098,-2.0,-0.4,-0.72,-7.06,-7.11,-13.23,0.25,0.23,-0.3,16.08,61.4,28.35,1
1746816806.916631,-2.0,-0.41,-0.72,-8.38,-7.69,-13.82,-1.17,0.46,0.64,-22.98,-157.9,121.03,1
1746816806.932365,-2.0,-0.41,-0.73,-9.55,-8.81,-13.79,-1.02,1.1,1.24,-187.34,-70.21,46.99,1
1746816806.947456,-2.0,-0.42,-0.73,-10.74,-8.5,-13.81,-0.84,-0.02,0.47,48.52,-30.5,85.91,1
1746816806.963367,-2.0,-0.42,-0.72,-11.34,-10.24,-14.21,0.33,0.37,-0.04,-115.27,-250.14,132.06,1
1746816806.976636,-2.0,-0.42,-0.72,-12.06,-12.02,-14.7,0.04,0.19,0.62,-126.07,148.7,39.34,1
1746816806.993609,-2.0,-0.42,-0.74,-13.76,-12.63,-15.21,-0.76,0.85,1.1,-148.52,-26.45,-14.25,1
1746816807.007352,-2.0,-0.42,-0.73,-15.56,-12.06,-14.43,0.56,0.23,0.49,-104.06,-127.0,51.95,1
1746816807.022184,-2.0,-0.43,-0.72,-17.05,-11.14,-12.07,-0.0,0.16,0.54,-74.55,-165.22,42.27,1
1746816807.037417,-2.0,-0.44,-0.71,-18.65,-10.37,-9.79,0.77,0.46,-0.17,-126.88,-70.03,25.37,1
1746816807.051352,-2.0,-0.46,-0.72,-19.5,-9.6,-7.36,0.75,0.47,0.22,-148.97,186.31,16.56,1
1746816807.066948,-2.0,-0.47,-0.73,-19.48,-10.27,-4.24,0.61,-0.1,0.1,-74.31,-69.91,22.11,1
1746816807.082466,-2.0,-0.47,-0.73,-20.27,-10.82,-2.06,-2.0,0.06,1.88,-187.13,-250.14,119.11,1
1746816807.097783,-2.0,-0.47,-0.73,-20.41,-9.87,-0.9,0.61,-0.1,0.32,-76.05,30.14,32.78,1
1746816807.112296,-2.0,-0.49,-0.73,-20.46,-8.33,-0.24,0.71,-0.1,0.09,-81.55,-50.44,30.68,1
1746816807.127166,-2.0,-0.5,-0.75,-20.03,-7.62,0.89,0.32,0.04,0.53,-119.86,-164.4,27.86,1
1746816807.142763,-2.0,-0.51,-0.74,-18.86,-7.11,2.71,0.54,0.15,0.17,-160.42,-250.14,42.07,1
1746816807.158376,-2.0,-0.52,-0.75,-17.86,-6.63,3.99,1.18,0.03,-0.2,-121.02,-49.93,5.2,1
1746816807.17418,-2.0,-0.54,-0.74,-17.03,-6.13,4.98,1.14,-0.17,-0.29,-176.23,-136.3,-5.02,1
1746816807.188553,-2.0,-0.53,-0.73,-15.53,-5.53,5.56,1.11,-0.03,-0.13,-70.01,250.13,-44.22,1
1746816807.20306,-2.0,-0.55,-0.71,-13.5,-3.54,5.69,0.27,-0.16,0.37,-37.34,250.13,1.58,1
1746816807.218021,-2.0,-0.54,-0.69,-10.8,-1.69,5.21,0.01,-0.17,0.52,-7.66,-40.4,17.55,1
1746816807.232738,-2.0,-0.53,-0.68,-7.99,-1.6,4.05,0.68,-0.13,0.05,-47.17,-128.15,-23.56,1
1746816807.247698,-2.0,-0.51,-0.69,-6.14,-2.26,2.43,0.46,-0.23,-0.09,33.34,-197.24,49.51,1
1746816807.26253,-2.0,-0.49,-0.72,-4.79,-2.76,0.97,0.83,-0.16,-0.26,28.37,-18.19,33.24,1
1746816807.276269,-2.0,-0.47,-0.74,-4.05,-2.99,0.34,0.8,-0.03,-0.3,24.56,-45.6,41.55,1
1746816807.292545,-2.0,-0.48,-0.76,-4.2,-1.85,0.13,1.02,-0.03,-0.3,-63.54,28.91,7.67,1
1746816807.308785,-2.0,-0.48,-0.76,-4.72,0.63,1.31,0.56,-0.11,0.0,-82.76,-79.46,4.64,1
1746816807.323269,-2.0,-0.48,-0.76,-5.59,3.19,4.89,1.08,-0.27,-0.55,-42.57,-51.86,22.46,1
1746816807.337188,-2.0,-0.5,-0.74,-5.44,5.72,10.74,0.74,-0.34,-0.12,-42.11,-6.66,25.56,1
1746816807.352575,-2.0,-0.5,-0.76,-4.3,7.01,15.78,0.97,-0.35,-0.26,-34.12,14.35,15.57,1
1746816807.367311,-2.0,-0.49,-0.75,-3.27,7.54,17.5,0.86,-0.29,-0.12,-102.94,-19.11,-15.1,1
1746816807.382257,-2.0,-0.5,-0.75,-2.01,7.44,15.97,1.04,-0.38,-0.34,-42.38,57.76,10.4,1
1746816807.396588,-2.0,-0.5,-0.73,-0.11,7.43,13.44,0.94,-0.33,-0.09,-35.94,134.29,2.99,1
1746816807.411268,-2.0,-0.49,-0.73,1.63,7.25,10.89,0.8,-0.36,0.02,-9.53,39.78,-3.84,1
1746816807.426587,-2.0,-0.48,-0.72,3.18,7.44,9.21,1.24,-0.37,-0.21,-4.44,41.24,6.39,1
1746816807.442306,-2.0,-0.48,-0.72,4.21,7.4,8.75,0.57,-0.26,0.27,-21.55,-28.25,-5.25,1
1746816807.457088,-2.0,-0.47,-0.72,5.23,7.37,9.39,1.13,-0.23,-0.13,-41.46,50.87,-17.08,1
1746816807.471902,-2.0,-0.46,-0.72,6.4,6.6,9.27,0.73,-0.24,0.29,31.88,45.19,14.28,1
1746816807.4869,-2.0,-0.44,-0.73,6.66,5.76,8.37,0.79,-0.12,0.29,-9.76,30.18,0.59,1
1746816807.502451,-2.0,-0.42,-0.75,6.47,4.97,7.23,0.81,-0.1,0.29,-13.53,-7.65,-2.03,1
1746816807.518075,-2.0,-0.42,-0.75,5.69,5.38,6.66,1.0,-0.17,0.08,-6.7,-29.6,2.79,1
1746816807.532376,-2.0,-0.42,-0.75,6.23,5.98,7.4,0.89,-0.23,0.18,-1.98,60.48,1.2,1
1746816807.54653,-2.0,-0.41,-0.75,4.24,7.04,7.24,0.76,-0.24,0.26,5.57,8.93,1.57,1
1746816807.562361,-2.0,-0.41,-0.74,3.27,6.21,7.56,0.58,-0.23,0.31,45.92,-100.99,17.63,1
1746816807.576544,-2.0,-0.41,-0.73,2.48,5.77,7.44,0.76,-0.2,0.16,55.71,-97.95,11.25,1
1746816807.591793,-2.0,-0.4,-0.71,2.21,4.65,7.27,1.04,-0.2,-0.06,80.21,-83.72,9.84,1
1746816807.606991,-2.0,-0.39,-0.7,2.33,1.53,5.68,0.74,-0.13,0.05,92.6,42.16,1.05,1
1746816807.622593,-2.0,-0.4,-0.68,2.4,-2.47,1.69,0.57,0.0,0.15,63.47,-1.05,-13.72,1
1746816807.637271,-2.0,-0.36,-0.7,-0.16,-2.4,-3.44,0.63,0.05,-0.02,72.47,-13.2,-7.09,1
1746816807.652584,-2.0,-0.36,-0.69,-1.37,-3.73,-8.83,0.62,0.03,-0.09,83.0,-12.4,-7.72,1
1746816807.666741,-2.0,-0.37,-0.7,-4.01,-3.87,-14.44,0.73,0.02,-0.08,78.86,-14.02,-1.85,1
1746816807.682534,-2.0,-0.39,-0.71,-4.39,-5.34,-15.28,0.71,-0.03,-0.22,102.43,-8.28,12.71,1
1746816807.696787,-2.0,-0.4,-0.73,-4.62,-4.53,-10.87,0.65,0.06,-0.08,93.74,24.15,19.22,1
1746816807.712178,-2.0,-0.43,-0.74,-7.31,-4.09,-4.04,0.68,0.06,-0.12,87.75,38.08,26.33,1
1746816807.726578,-2.0,-0.38,-0.74,-8.06,-2.89,4.34,0.69,0.02,-0.05,73.81,53.21,28.43,1
1746816807.742765,-2.0,-0.39,-0.78,-9.4,0.24,11.18,0.78,0.04,-0.07,68.82,49.98,33.31,1
1746816807.757438,-2.0,-0.39,-0.77,-11.69,2.87,14.21,0.73,0.07,0.02,53.34,47.74,31.11,1
1746816807.774125,-2.0,-0.42,-0.77,-13.05,5.8,14.02,0.85,0.07,-0.02,20.38,73.56,15.63,1
1746816807.787549,-2.0,-0.43,-0.74,-11.92,7.95,12.07,0.65,-0.03,0.15,18.85,105.24,14.88,1
1746816807.801232,-2.0,-0.42,-0.73,-11.22,8.85,9.33,0.65,-0.17,0.18,3.04,77.37,15.27,1
1746816807.817475,-2.0,-0.43,-0.72,-10.6,8.47,6.02,0.7,-0.24,0.19,41.46,102.33,22.12,1
1746816807.832474,-2.0,-0.42,-0.72,-10.33,6.14,2.14,0.7,-0.21,0.26,63.94,94.66,18.91,1
1746816807.846522,-2.0,-0.41,-0.72,-10.18,2.52,-0.67,0.64,-0.18,0.29,94.84,114.14,15.01,0
1746816807.862684,-2.0,-0.41,-0.71,-10.47,-0.42,-2.22,0.53,-0.1,0.39,90.5,84.14,4.98,0
1746816807.877205,-2.0,-0.42,-0.7,-11.73,-1.85,-3.37,0.58,-0.07,0.34,99.31,104.96,-1.59,0
1746816807.892788,-2.0,-0.45,-0.73,-7.87,-8.43,-0.53,0.44,-0.04,0.45,96.06,67.69,-4.77,0
1746816807.90706,-2.0,-0.44,-0.68,-7.26,-1.05,-2.19,0.57,-0.0,0.37,100.4,69.71,-5.21,0
1746816807.922452,-2.0,-0.43,-0.77,-15.86,4.37,-6.67,0.58,0.06,0.39,100.09,77.54,-6.24,0
1746816807.937423,-2.0,-0.44,-0.76,-10.13,-5.47,-3.77,0.57,0.11,0.4,93.27,84.9,-5.67,0
1746816807.951712,-2.0,-0.43,-0.75,-12.75,-0.38,-7.76,0.52,0.12,0.41,93.25,77.79,-3.11,0
1746816807.967795,-2.0,-0.43,-0.77,-13.02,-3.15,-8.59,0.6,0.14,0.47,85.02,68.31,-7.36,0
1746816807.982546,-2.0,-0.42,-0.76,-13.06,1.18,-10.79,0.56,0.18,0.49,78.99,67.29,-14.05,0
1746816807.996736,-2.0,-0.43,-0.76,-13.7,2.06,-9.83,0.57,0.19,0.54,68.47,57.82,-19.41,0
1746816808.01208,-2.0,-0.44,-0.76,-16.12,-0.89,-9.34,0.54,0.16,0.52,67.06,68.37,-23.32,0
1746816808.027076,-2.0,-0.45,-0.72,-16.95,-2.92,-8.38,0.5,0.14,0.51,83.98,73.63,-22.13,0
1746816808.042777,-2.0,-0.44,-0.72,-15.87,-2.39,-8.92,0.44,0.2,0.56,108.55,82.76,-22.54,0
1746816808.057665,-2.0,-0.41,-0.72,-15.93,-4.56,-9.85,0.45,0.2,0.51,123.06,64.77,-28.95,0
1746816808.072218,-2.0,-0.41,-0.73,-16.63,-4.19,-10.61,0.37,0.27,0.55,140.56,46.55,-34.65,0
1746816808.087146,-2.0,-0.41,-0.72,-17.17,-7.27,-9.4,0.45,0.32,0.4,145.25,47.3,-48.61,0
1746816808.101199,-2.0,-0.42,-0.74,-18.18,-10.66,-7.62,0.48,0.4,0.42,140.99,56.79,-63.62,0
1746816808.116747,-2.0,-0.42,-0.76,-20.02,-12.72,-8.09,0.48,0.47,0.31,132.06,53.63,-62.09,0
1746816808.131361,-2.0,-0.44,-0.75,-17.94,-14.02,-7.34,0.02,0.49,0.63,143.07,28.41,-51.59,0
1746816808.146334,-2.0,-0.44,-0.75,-18.5,-11.75,-8.54,0.44,0.53,0.12,46.58,19.6,-78.46,0
1746816808.162377,-2.0,-0.45,-0.74,-18.65,-10.31,-8.42,-0.86,0.78,0.68,58.05,6.67,-115.97,0
1746816808.176895,-2.0,-0.45,-0.76,-18.66,-9.06,-7.4,0.26,0.06,-0.12,235.79,250.13,-95.05,0
1746816808.192892,-2.0,-0.45,-0.74,-19.0,-9.09,-5.92,0.32,0.13,-0.11,129.56,-178.39,-71.55,0
1746816808.208148,-2.0,-0.48,-0.74,-17.53,-9.61,-4.8,0.02,0.92,0.49,105.79,9.69,-127.75,0
1746816808.222576,-2.0,-0.46,-0.73,-16.28,-11.92,-5.68,-0.37,0.91,0.92,91.2,73.24,-146.91,0
1746816808.237755,-2.0,-0.43,-0.74,-16.69,-10.98,-8.49,0.32,0.84,0.02,129.5,166.43,-116.71,0
1746816808.252389,-2.0,-0.43,-0.75,-17.79,-11.04,-9.22,0.58,1.18,0.01,-10.66,116.83,-167.02,0
1746816808.266809,-2.0,-0.44,-0.75,-18.41,-9.1,-5.82,-0.29,1.02,1.44,15.74,79.08,-159.11,0
1746816808.28223,-2.0,-0.46,-0.72,-19.55,-6.71,-1.24,-0.41,0.55,0.79,32.23,57.24,-149.29,0
1746816808.296591,-2.0,-0.47,-0.72,-18.09,-5.95,3.43,0.13,0.78,0.23,35.42,80.44,-145.55,0
1746816808.311325,-2.0,-0.47,-0.73,-17.7,-7.14,5.04,-0.41,1.0,0.8,29.89,28.88,-164.65,0
1746816808.327305,-2.0,-0.46,-0.74,-15.66,-8.85,4.73,-0.14,1.09,0.52,-0.18,115.44,-148.23,0
1746816808.342381,-2.0,-0.44,-0.74,-16.0,-8.66,1.98,-0.39,1.03,0.8,-3.37,89.53,-121.83,0
1746816808.358385,-2.0,-0.43,-0.73,-16.24,-5.73,0.27,-0.66,1.04,1.11,-25.98,73.97,-150.64,0
1746816808.372323,-2.0,-0.46,-0.73,-15.56,-0.9,1.51,-0.23,0.65,0.44,-46.98,100.23,-130.97,0
1746816808.387144,-2.0,-0.48,-0.76,-13.98,0.15,6.47,-0.44,0.59,0.76,11.27,44.43,-122.4,0
1746816808.402194,-2.0,-0.49,-0.77,-13.15,0.17,11.76,-0.42,0.4,0.53,56.53,39.64,-120.2,0
1746816808.417694,-2.0,-0.5,-0.75,-11.49,-0.65,14.29,-0.32,0.48,0.36,110.75,78.68,-128.06,0
1746816808.432427,-2.0,-0.49,-0.74,-8.91,-2.02,12.95,-0.39,0.64,0.28,152.47,84.85,-151.45,0
1746816808.446476,-2.0,-0.46,-0.75,-7.22,0.11,7.8,-0.61,0.76,0.38,117.56,67.74,-173.85,0
1746816808.462123,-2.0,-0.46,-0.74,-5.47,3.53,3.26,-0.42,0.85,0.17,105.86,85.72,-156.55,0
1746816808.476199,-2.0,-0.43,-0.74,-4.32,4.34,2.92,-0.64,1.04,0.38,115.0,114.73,-156.25,0
1746816808.491835,-2.0,-0.42,-0.76,-5.27,5.4,5.54,-0.83,1.34,0.53,35.56,104.5,-168.67,0
1746816808.50788,-2.0,-0.42,-0.76,-5.86,3.47,11.76,-0.8,1.2,0.53,8.0,93.94,-155.73,0
1746816808.522242,-2.0,-0.42,-0.77,-6.92,4.47,17.05,-0.89,1.13,0.64,15.57,86.38,-143.98,0
1746816808.537556,-2.0,-0.43,-0.76,-8.0,6.18,21.11,-0.84,1.1,0.62,18.95,62.72,-132.53,0
1746816808.552474,-2.0,-0.43,-0.76,-7.95,9.03,22.39,-0.78,1.14,0.59,60.87,63.71,-113.6,0
1746816808.567273,-2.0,-0.45,-0.77,-6.76,9.88,22.91,-0.8,1.31,0.64,91.98,61.79,-98.95,0
1746816808.580997,-2.0,-0.44,-0.78,-4.92,9.04,23.34,-0.78,1.63,0.67,59.21,49.95,-88.74,0
1746816808.596547,-2.0,-0.45,-0.8,-4.79,7.57,23.05,-0.74,1.67,0.7,-7.23,18.96,-72.57,0
1746816808.612494,-2.0,-0.47,-0.81,-1.27,5.5,24.24,-0.7,1.56,0.68,-26.89,5.08,-50.46,0
1746816808.626459,-2.0,-0.47,-0.74,-1.99,10.93,21.37,-0.63,1.65,0.71,-46.37,-17.1,-17.2,0
1746816808.642375,-2.0,-0.48,-0.79,-3.09,8.31,23.43,-0.52,1.49,0.7,-26.38,-16.5,19.11,0
1746816808.657915,-2.0,-0.53,-0.78,-1.54,16.23,26.27,-0.54,1.48,0.81,-14.58,-31.3,42.35,0
1746816808.67263,-2.0,-0.61,-0.76,7.53,13.26,33.47,-0.45,1.51,0.77,-32.04,-44.23,53.34,0
1746816808.68772,-2.0,-0.65,-0.77,11.56,29.25,35.9,-0.54,1.42,0.81,-34.47,-62.96,83.27,0
1746816808.701302,-2.0,-0.62,-0.79,14.96,22.15,40.23,-0.42,1.4,0.75,-59.25,-80.13,101.98,0
1746816808.716554,-2.0,-0.65,-0.75,25.5,25.15,46.15,-0.42,1.2,0.62,-84.21,-106.5,122.67,0
1746816808.7324,-2.0,-0.64,-0.75,31.6,29.79,46.89,-0.37,1.0,0.52,-76.91,-118.76,134.46,0
1746816808.747144,-2.0,-0.66,-0.76,38.68,34.76,45.32,-0.31,0.91,0.46,-71.57,-111.26,136.57,0
1746816808.761363,-2.0,-0.64,-0.82,45.73,43.43,43.04,-0.28,0.88,0.48,-64.56,-124.0,131.44,0
1746816808.776782,-2.0,-0.68,-0.82,54.41,51.89,45.27,-0.2,0.81,0.4,-57.55,-117.3,133.8,0
1746816808.792506,-2.0,-0.67,-0.85,60.08,68.79,47.96,-0.18,0.82,0.39,-69.31,-110.28,119.56,0
1746816808.807622,-2.0,-0.66,-0.85,68.76,60.2,56.94,-0.16,0.72,0.24,-78.73,-101.76,107.85,0
1746816808.822515,-2.0,-0.61,-0.86,69.77,67.53,58.45,-0.17,0.68,0.18,-81.28,-62.44,100.98,0
1746816808.836256,-2.0,-0.6,-0.85,71.24,60.88,62.68,-0.14,0.62,0.1,-86.11,-36.03,94.88,0
1746816808.852045,-2.0,-0.64,-0.89,71.02,73.47,61.0,-0.11,0.6,0.07,-86.89,-7.14,88.1,0
1746816808.866744,-2.0,-0.64,-0.83,74.14,65.89,63.57,-0.09,0.55,0.05,-96.98,29.07,69.55,0
1746816808.882506,-2.0,-0.62,-0.8,74.05,73.53,58.09,-0.13,0.54,0.08,-110.11,67.55,50.37,0
1746816808.897167,-2.0,-0.59,-0.78,78.6,84.17,52.16,-0.17,0.46,0.13,-106.61,97.19,35.43,0
1746816808.911313,-2.0,-0.55,-0.72,74.56,77.87,41.6,-0.31,0.54,0.18,-106.51,107.93,31.39,0
1746816808.92726,-2.0,-0.55,-0.69,72.82,73.26,28.37,-0.41,0.55,0.24,-118.73,94.87,29.6,0
1746816808.942116,-2.0,-0.6,-0.68,72.33,70.79,14.45,-0.39,0.58,0.28,-122.15,76.09,29.96,0
1746816808.958348,-2.0,-0.59,-0.64,71.17,61.85,7.26,-0.32,0.55,0.27,-131.47,71.45,27.3,0
1746816808.972383,-2.0,-0.59,-0.61,67.75,42.89,1.74,-0.32,0.47,0.27,-140.47,78.0,21.05,0
1746816808.987553,-2.0,-0.65,-0.62,68.48,39.25,-4.2,-0.31,0.38,0.27,-134.61,83.27,15.56,0
1746816809.001356,-2.0,-0.65,-0.61,66.37,30.37,-13.62,-0.39,0.34,0.36,-118.62,86.15,14.86,0
1746816809.017069,-2.0,-0.62,-0.57,61.44,20.66,-27.47,-0.38,0.3,0.42,-92.82,72.45,25.61,0
1746816809.032015,-2.0,-0.65,-0.6,56.48,12.71,-43.43,-0.34,0.36,0.46,-73.44,69.38,34.6,0
1746816809.047282,-2.0,-0.67,-0.58,53.95,7.67,-57.69,-0.33,0.4,0.5,-75.88,71.98,31.75,0
1746816809.062277,-2.0,-0.71,-0.58,51.41,5.07,-70.64,-0.32,0.41,0.53,-81.93,78.69,25.88,0
1746816809.077175,-2.0,-0.71,-0.55,54.68,14.85,-76.34,-0.3,0.36,0.54,-82.54,88.79,17.18,0
1746816809.09212,-2.0,-0.71,-0.55,52.6,21.65,-76.96,-0.29,0.31,0.55,-77.4,104.94,6.26,0
1746816809.107489,-2.0,-0.65,-0.49,51.7,34.09,-73.16,-0.38,0.32,0.64,-69.2,116.95,-2.44,0
1746816809.122281,-2.0,-0.59,-0.45,46.52,31.27,-69.66,-0.4,0.33,0.64,-62.57,113.96,-6.59,0
1746816809.136409,-2.0,-0.6,-0.4,41.17,28.51,-64.39,-0.48,0.34,0.67,-58.67,107.86,-8.1,0
1746816809.151448,-2.0,-0.59,-0.42,34.1,27.63,-59.08,-0.49,0.36,0.68,-51.39,101.2,-8.99,0
1746816809.167504,-2.0,-0.56,-0.43,29.03,28.27,-53.16,-0.53,0.39,0.65,-50.5,101.34,-8.15,0
1746816809.18139,-2.0,-0.54,-0.39,23.35,31.68,-50.79,-0.63,0.55,0.82,-38.54,65.45,25.72,0
1746816809.196505,-2.0,-0.53,-0.36,17.12,37.82,-47.45,-0.74,0.39,0.86,-33.46,29.63,26.77,0
1746816809.211284,-2.0,-0.53,-0.34,8.44,40.43,-44.47,-0.6,0.44,0.77,-30.4,10.73,42.61,0
1746816809.226686,-2.0,-0.55,-0.32,3.79,45.85,-43.77,-0.54,0.26,0.7,-25.03,2.68,45.4,0
1746816809.242214,-2.0,-0.54,-0.29,0.4,49.97,-41.82,-0.53,0.24,0.64,-22.01,5.9,33.34,0
1746816809.256743,-2.0,-0.55,-0.29,-2.85,45.21,-37.79,-0.57,0.21,0.75,-16.4,-8.17,28.79,0
1746816809.271278,-2.0,-0.55,-0.31,-9.14,43.72,-36.68,-0.56,0.25,0.7,-10.09,-2.37,23.53,0
1746816809.287276,-2.0,-0.59,-0.3,-15.15,42.21,-35.82,-0.5,0.23,0.62,-2.95,0.74,16.25,0
1746816809.302473,-2.0,-0.62,-0.29,-19.74,43.29,-33.4,-0.52,0.3,0.6,-9.84,-10.45,21.89,0
1746816809.317407,-2.0,-0.68,-0.27,-21.43,34.94,-32.1,-0.49,0.31,0.53,-16.36,-5.18,25.8,0
1746816809.332321,-2.0,-0.74,-0.26,-18.66,21.17,-25.37,-0.52,0.32,0.59,-25.22,-14.96,23.18,0
1746816809.347642,-2.0,-0.72,-0.26,-17.03,10.73,-15.08,-0.47,0.34,0.56,-29.94,3.95,24.11,0
1746816809.361326,-2.0,-0.59,0.13,-28.99,-56.91,-2.11,-0.5,0.35,0.56,-31.61,10.05,24.31,0
1746816809.376364,-2.0,-0.73,0.0,-27.16,-43.78,1.77,-0.5,0.33,0.57,-44.25,7.4,22.23,0
1746816809.392494,-2.0,-0.65,-0.26,-29.97,-0.77,3.69,-0.49,0.28,0.56,-49.76,12.25,24.86,0
1746816809.407133,-2.0,-0.7,0.01,-32.52,-35.87,12.45,-0.48,0.25,0.55,-51.37,13.66,23.54,0
1746816809.422371,-2.0,-0.72,-0.32,-14.88,-21.37,29.19,-0.45,0.23,0.56,-57.15,25.75,19.34,0
1746816809.437211,-2.0,-0.58,-0.43,-13.3,58.91,30.12,-0.53,0.17,0.63,-45.58,20.76,21.18,0
1746816809.452335,-2.0,-0.67,-0.34,-27.34,-16.05,43.22,-0.47,0.17,0.56,-48.83,34.53,10.54,0
1746816809.465833,-2.0,-0.66,-0.51,-17.07,3.4,45.5,-0.48,0.17,0.56,-52.55,33.08,-0.44,0
1746816809.482403,-2.0,-0.62,-0.14,-22.22,-20.77,52.19,-0.52,0.11,0.55,-47.42,38.84,-2.6,0
1746816809.496526,-2.0,-0.63,-0.19,-40.17,-44.17,50.25,-0.52,0.14,0.57,-40.83,36.68,-4.28,0
1746816809.512431,-2.0,-0.62,-0.37,-36.63,-36.92,45.57,-0.54,0.16,0.6,-34.92,30.44,-3.11,0
1746816809.535363,-2.0,-0.59,-0.28,-31.7,-24.69,34.99,-0.55,0.19,0.61,-32.92,25.56,2.74,0
1746816809.541052,-2.0,-0.54,-0.24,-44.71,-46.56,29.33,-0.56,0.22,0.61,-31.37,23.56,4.22,0
1746816809.556658,-2.0,-0.61,-0.41,-36.57,-45.92,36.22,-0.58,0.21,0.61,-35.53,22.79,3.12,0
1746816809.572039,-2.0,-0.63,-0.31,-29.78,-14.38,39.77,-0.57,0.2,0.62,-36.2,21.03,4.41,0
1746816809.586608,-2.0,-0.77,-0.31,-22.69,-46.08,51.2,-0.58,0.18,0.62,-36.09,15.64,3.95,0
1746816809.601314,-2.0,-0.73,-0.41,-12.8,-22.33,59.86,-0.59,0.15,0.62,-33.04,9.95,2.79,0
1746816809.616895,-2.0,-0.74,-0.35,-9.18,-20.03,69.67,-0.57,0.15,0.6,-30.95,8.66,1.11,0
1746816809.631194,-2.0,-0.7,-0.39,-9.66,-21.59,73.75,-0.57,0.15,0.58,-29.28,8.57,1.72,0
1746816809.647094,-2.0,-0.66,-0.37,-16.02,-20.28,69.42,-0.58,0.17,0.59,-32.34,7.51,-0.05,0
1746816809.662228,-2.0,-0.73,-0.42,-20.31,-17.76,62.73,-0.57,0.16,0.6,-38.85,6.85,-0.91,0
1746816809.677402,-2.0,-0.73,-0.43,-19.28,-16.76,59.29,-0.59,0.13,0.65,-40.47,-4.47,-2.39,0
1746816809.694134,-2.0,-0.83,-0.43,-14.6,-3.65,49.37,-0.57,0.12,0.65,-27.44,-21.35,-1.11,0
1746816809.707367,-2.0,-0.82,-0.41,-8.72,-6.85,39.84,-0.48,0.14,0.54,-24.58,-0.95,-7.05,0
1746816809.722378,-2.0,-0.89,-0.49,-5.1,-1.37,38.06,-0.46,-0.07,0.5,-2.8,6.44,-3.88,0
1746816809.737607,-2.0,-0.94,-0.38,0.49,-9.77,27.09,-0.48,0.06,0.57,-7.21,12.91,-1.26,0
1746816809.751234,-2.0,-0.88,-0.43,1.56,-1.07,14.05,-0.5,0.04,0.56,-13.63,22.21,-3.81,0
1746816809.766336,-2.0,-0.86,-0.48,5.53,-0.15,14.28,-0.58,0.06,0.56,-19.09,19.56,0.34,0
1746816809.782417,-2.0,-0.78,-0.52,6.98,-14.34,17.95,-0.56,0.05,0.56,-19.71,17.13,-3.85,0
1746816809.79739,-2.0,-0.73,-0.47,-1.26,-20.28,9.6,-0.54,0.15,0.59,-27.03,13.6,-0.69,0
1746816809.812366,-2.0,-0.71,-0.48,-5.21,-11.07,7.39,-0.58,0.12,0.62,-23.11,11.57,-8.01,0
1746816809.826678,-2.0,-0.69,-0.46,-6.76,9.67,7.77,-0.57,0.09,0.63,-15.71,6.94,-12.87,0
1746816809.842156,-2.0,-0.66,-0.39,-13.15,11.07,13.12,-0.57,0.05,0.59,-4.39,6.11,-24.06,0
1746816809.857468,-2.0,-0.71,-0.42,-12.29,26.24,20.93,-0.58,0.11,0.62,-1.65,-3.79,-16.02,0
1746816809.873013,-2.0,-0.72,-0.35,-19.76,13.06,27.38,-0.58,0.12,0.61,1.97,-11.05,-12.62,0
1746816809.887045,-2.0,-0.75,-0.37,-15.97,11.2,28.4,-0.55,0.13,0.6,3.11,-9.41,-9.61,0
1746816809.902381,-2.0,-0.74,-0.39,-16.95,6.41,26.67,-0.54,0.12,0.58,6.16,-10.56,-9.5,0
1746816809.916236,-2.0,-0.74,-0.39,-18.34,12.59,17.21,-0.54,0.14,0.56,6.19,-7.56,-6.02,0
1746816809.932467,-2.0,-0.78,-0.38,-22.11,4.54,11.02,-0.53,0.13,0.56,4.69,-0.1,-0.09,0
1746816809.946691,-2.0,-0.81,-0.41,-20.52,10.64,0.44,-0.54,0.15,0.57,-1.58,7.44,5.02,0
1746816809.961462,-2.0,-0.8,-0.43,-16.88,15.85,-2.73,-0.56,0.15,0.6,-7.46,11.79,7.55,0
1746816809.976707,-2.0,-0.79,-0.38,-15.11,1.45,0.77,-0.58,0.11,0.64,-11.68,11.53,7.34,0
1746816809.993594,-2.0,-0.77,-0.45,-15.02,-2.37,-2.92,-0.57,0.1,0.64,-14.85,9.9,4.05,0
1746816810.007424,-2.0,-0.78,-0.52,-12.03,3.53,-5.52,-0.57,0.06,0.65,-9.85,6.73,1.04,0
1746816810.022299,-2.0,-0.76,-0.52,-11.51,2.24,-2.08,-0.56,0.06,0.65,-2.31,4.69,-3.27,0
1746816810.036288,-2.0,-0.77,-0.58,-10.15,1.31,-2.17,-0.56,0.18,0.65,-5.19,4.4,-0.14,0
1746816810.051347,-2.0,-0.74,-0.53,-8.3,7.84,-4.29,-0.56,0.08,0.62,0.16,-0.86,-9.05,0
1746816810.066658,-2.0,-0.77,-0.56,-1.72,23.42,-7.27,-0.56,0.1,0.62,-4.54,-6.78,-9.79,0
1746816810.082469,-2.0,-0.73,-0.5,0.72,30.87,-8.31,-0.54,0.05,0.59,-2.89,-8.41,-13.5,0
1746816810.096614,-2.0,-0.7,-0.53,1.33,25.5,-7.69,-0.55,0.06,0.61,-2.67,-16.02,-18.9,0
1746816810.112118,-2.0,-0.7,-0.38,-1.49,-0.29,-2.51,-0.52,0.13,0.58,-4.18,-23.78,-21.67,0
1746816810.127205,-2.0,-0.75,-0.4,7.96,15.29,2.62,-0.54,0.08,0.6,-10.12,-19.51,-29.82,0
1746816810.143106,-2.0,-0.75,-0.31,17.08,25.21,10.25,-0.54,0.07,0.57,-10.92,-26.34,-39.39,0
1746816810.157804,-2.0,-0.72,-0.33,20.16,20.66,10.62,-0.56,-0.0,0.62,-5.68,-27.73,-27.64,0
1746816810.172128,-2.0,-0.67,-0.44,20.02,21.72,6.12,-0.54,0.04,0.6,-7.44,-30.31,-24.52,0
1746816810.187415,-2.0,-0.68,-0.36,9.44,-0.18,2.47,-0.54,0.05,0.68,-12.83,-42.74,-25.05,0
1746816810.202304,-2.0,-0.72,-0.37,1.25,-4.6,-8.68,-0.51,0.02,0.7,-14.34,-45.8,-32.8,0
1746816810.216546,-2.0,-0.79,-0.4,7.38,12.18,-16.27,-0.59,-0.06,0.72,-15.56,-54.44,-39.1,0
1746816810.232462,-2.0,-0.86,-0.44,11.24,26.24,-19.47,-0.56,-0.11,0.68,0.26,-60.08,-46.71,0
1746816810.247397,-2.0,-0.9,-0.39,22.7,54.63,-23.85,-0.44,-0.14,0.62,18.8,-48.89,-38.2,0
1746816810.262484,-2.0,-0.83,-0.33,32.21,54.15,-23.31,-0.47,-0.03,0.64,34.27,-16.15,-29.79,0
1746816810.277157,-2.0,-0.71,-0.41,29.84,34.12,-17.21,-0.52,0.05,0.63,46.44,2.47,-26.81,0
1746816810.293603,-2.0,-0.58,-0.45,20.55,35.63,-17.35,-0.28,0.07,0.15,171.13,176.34,37.18,0
1746816810.307701,-2.0,-0.78,-0.38,3.15,16.5,-17.53,-0.21,-0.16,0.37,99.97,69.69,7.79,0
1746816810.322368,-2.0,-0.67,-0.34,-4.9,-4.15,-7.15,-0.65,0.32,0.7,109.47,127.33,1.08,0
1746816810.336582,-2.0,-0.75,-0.32,-7.34,-22.07,4.06,-0.45,0.11,0.46,49.09,1.34,-17.84,0
1746816810.352428,-2.0,-0.7,-0.32,-7.5,-21.23,10.76,-0.62,0.13,0.71,41.09,-6.69,-23.84,0
1746816810.367759,-2.0,-0.67,-0.33,-11.34,-21.85,12.61,-0.59,0.13,0.67,50.92,-5.65,-22.21,0
1746816810.381457,-2.0,-0.64,-0.34,-14.74,-31.73,12.6,-0.57,0.16,0.65,52.27,-8.92,-21.9,0
1746816810.396538,-2.0,-0.67,-0.32,-18.02,-13.36,7.67,-0.57,0.18,0.62,49.7,-14.54,-22.59,0
1746816810.412155,-2.0,-0.68,-0.32,-19.56,-11.02,3.89,-0.55,0.18,0.61,46.14,-20.12,-24.49,0
1746816810.42754,-2.0,-0.86,-0.32,-19.4,-7.05,-0.65,-0.54,0.24,0.55,37.92,-18.7,-22.39,0
1746816810.444958,-2.0,-0.88,-0.26,-8.63,-3.34,-5.24,-0.54,0.22,0.54,33.8,-19.44,-19.87,0
1746816810.457749,-2.0,-0.8,-0.25,-4.39,2.82,-1.31,-0.52,0.27,0.55,34.88,-23.11,-19.99,0
1746816810.472192,-2.0,-0.85,-0.24,-0.66,-5.69,-6.18,-0.53,0.25,0.49,37.65,-17.89,-23.22,0
1746816810.487039,-2.0,-0.81,-0.25,-4.24,-11.27,-2.31,-0.51,0.33,0.44,32.75,-17.34,-21.21,0
1746816810.50209,-2.0,-0.84,-0.23,-9.35,-12.71,-0.55,-0.5,0.36,0.44,23.95,-10.44,-15.66,0
1746816810.517218,-2.0,-0.91,-0.24,-6.4,-15.16,3.2,-0.51,0.38,0.45,13.95,-2.69,-10.72,0
1746816810.532239,-2.0,-1.0,-0.25,3.65,-4.15,5.43,-0.51,0.36,0.48,1.1,0.73,-4.53,0
1746816810.546656,-2.0,-0.92,-0.28,10.3,-3.67,11.17,-0.52,0.34,0.49,-6.42,5.76,-0.11,0
1746816810.56242,-2.0,-0.9,-0.29,10.98,-4.85,15.85,-0.52,0.31,0.51,-9.15,8.08,4.2,0
1746816810.576399,-2.0,-0.86,-0.31,10.42,-3.27,19.07,-0.53,0.31,0.52,-13.35,9.61,6.86,0
1746816810.592726,-2.0,-0.83,-0.29,5.13,-0.05,18.58,-0.54,0.3,0.53,-18.65,10.5,8.96,0
1746816810.606669,-2.0,-0.8,-0.28,-3.02,-9.85,18.27,-0.53,0.29,0.53,-24.63,11.39,10.56,0
1746816810.622693,-2.0,-0.82,-0.3,-5.26,-18.62,17.25,-0.53,0.26,0.54,-26.02,11.63,11.43,0
1746816810.636263,-2.0,-0.81,-0.29,-7.21,-27.87,20.1,-0.53,0.24,0.54,-26.29,10.15,12.76,0
1746816810.65236,-2.0,-0.8,-0.33,-8.24,-21.56,23.58,-0.52,0.23,0.54,-26.58,11.39,14.62,0
1746816810.667493,-2.0,-0.79,-0.3,-4.5,-11.69,26.94,-0.53,0.24,0.54,-29.25,13.61,16.49,0
1746816810.681445,-2.0,-0.74,-0.29,0.61,-3.2,30.82,-0.53,0.24,0.56,-33.26,16.34,17.18,0
1746816810.696497,-2.0,-0.69,-0.25,1.01,-2.02,31.08,-0.54,0.23,0.57,-37.49,16.79,18.73,0
1746816810.712246,-2.0,-0.66,-0.25,0.54,-7.63,27.29,-0.55,0.22,0.59,-40.24,18.45,18.53,0
1746816810.727303,-2.0,-0.63,-0.26,-2.66,-7.49,23.52,-0.56,0.22,0.58,-43.35,16.67,22.12,0
1746816810.743244,-2.0,-0.6,-0.3,-7.58,1.52,20.02,-0.58,0.2,0.58,-44.09,16.05,25.88,0
1746816810.757886,-2.0,-0.61,-0.33,-13.74,7.82,17.37,-0.58,0.2,0.6,-48.02,17.44,31.43,0
1746816810.773423,-2.0,-0.56,-0.31,-22.89,4.91,23.05,-0.57,0.14,0.6,-45.85,18.08,31.08,0
1746816810.787608,-2.0,-0.47,-0.33,-68.15,-64.17,11.23,-0.6,0.16,0.68,-49.65,14.3,29.02,0
1746816810.802243,-2.0,-0.51,-0.37,-104.1,-101.76,14.74,-0.62,0.12,0.7,-46.69,12.43,25.98,0
1746816810.816628,-2.0,-0.68,-0.44,-98.0,-69.91,39.54,-0.58,0.08,0.64,-41.04,11.9,26.53,0
1746816810.832242,-2.0,-0.63,-0.58,-90.47,-62.69,49.8,-0.56,0.04,0.63,-38.1,11.85,23.5,0
1746816810.846494,-2.0,-0.68,-0.63,-71.12,-24.97,57.1,-0.55,0.03,0.63,-32.73,8.52,22.14,0
1746816810.86132,-2.0,-0.79,-0.57,-61.44,-30.08,63.85,-0.56,0.0,0.65,-29.24,6.76,18.05,0
1746816810.877248,-2.0,-0.89,-0.6,-45.66,-33.14,52.98,-0.56,0.0,0.67,-26.01,4.58,13.97,0
1746816810.893156,-2.0,-0.82,-0.6,-26.85,-32.26,45.56,-0.56,-0.0,0.67,-23.6,2.52,10.11,0
1746816810.907712,-2.0,-0.75,-0.63,-20.05,-32.54,33.53,-0.55,-0.04,0.67,-16.77,1.69,8.06,0
1746816810.922556,-2.0,-0.69,-0.64,-17.44,-12.33,17.89,-0.55,-0.05,0.67,-11.61,0.24,5.11,0
1746816810.936341,-2.0,-0.65,-0.65,-10.84,36.56,9.93,-0.54,-0.07,0.67,-2.63,-1.96,2.45,0
1746816810.952421,-2.0,-0.77,-0.58,-30.23,19.39,3.27,-0.58,-0.06,0.71,35.84,-29.96,-10.65,0
1746816810.966715,-2.0,-0.9,-0.52,-12.5,42.37,1.97,-0.56,0.17,0.59,18.08,-23.76,-26.66,0
1746816810.981296,-2.0,-1.09,-0.55,6.57,68.7,1.24,-0.53,0.25,0.56,12.89,-19.31,-18.18,0
1746816810.997096,-2.0,-0.84,-0.49,5.71,42.69,-6.66,-0.53,0.24,0.54,-12.73,-32.41,-11.52,0
1746816811.012267,-2.0,-0.88,-0.48,2.61,-2.56,-17.89,-0.53,0.2,0.5,-13.47,-9.02,4.5,0
1746816811.026921,-2.0,-0.83,-0.5,5.47,10.15,-27.21,-0.43,0.2,0.55,-12.79,10.02,12.31,0
1746816811.042768,-2.0,-0.75,-0.44,5.81,15.45,-25.29,-0.51,0.21,0.58,-11.85,10.58,18.47,0
1746816811.057195,-2.0,-0.69,-0.43,-3.29,7.23,-19.31,-0.56,0.16,0.62,-7.53,15.66,17.62,0
1746816811.073368,-2.0,-0.76,-0.38,-4.92,-0.45,-7.37,-0.49,0.2,0.53,-12.82,15.53,26.3,0
1746816811.088162,-2.0,-0.7,-0.4,-13.31,-32.25,11.96,-0.55,0.29,0.61,-25.72,16.86,27.11,0
1746816811.10222,-2.0,-0.64,-0.49,-19.38,-32.15,25.54,-0.59,0.27,0.61,-32.6,4.91,24.63,0
1746816811.116684,-2.0,-0.68,-0.51,-16.18,7.69,32.91,-0.58,0.19,0.55,-37.83,-0.47,25.76,0
1746816811.132341,-2.0,-0.64,-0.42,-22.8,8.08,42.38,-0.49,0.25,0.52,-42.39,-0.31,42.17,0
1746816811.146804,-2.0,-0.93,-0.49,0.45,16.66,42.05,-0.57,0.01,0.49,-45.31,15.9,47.48,0
1746816811.161235,-2.0,-0.5,-0.43,-7.26,28.47,42.47,-0.55,0.04,0.56,-36.25,6.91,39.83,0
1746816811.176134,-2.0,-0.64,-0.44,-28.21,1.46,31.8,-0.54,0.03,0.53,-25.02,8.36,22.46,0
1746816811.191242,-2.0,-0.66,-0.52,-37.18,-7.41,35.0,-0.52,0.09,0.54,-22.69,9.31,15.21,0
1746816811.207173,-2.0,-0.77,-0.5,-38.66,-8.18,39.33,-0.52,0.11,0.51,-28.05,22.52,6.51,0
1746816811.221231,-2.0,-0.73,-0.6,-38.38,-17.4,43.8,-0.5,0.09,0.5,-40.43,32.17,3.48,0
1746816811.23689,-2.0,-0.71,-0.52,-44.08,-14.02,35.5,-0.56,0.07,0.52,-49.89,38.44,-3.15,0
1746816811.251952,-2.0,-0.71,-0.57,-37.52,39.16,20.18,-0.59,0.03,0.57,-53.6,39.39,-10.5,0
1746816811.266303,-2.0,-0.73,-0.48,-36.95,19.57,24.01,-0.67,-0.02,0.61,-52.85,35.8,-20.35,0
1746816811.281691,-2.0,-0.64,-0.62,-31.56,55.08,10.08,-0.67,-0.07,0.67,-46.51,22.79,-32.35,0
1746816811.297182,-2.0,-0.66,-0.56,-35.85,68.64,-4.43,-0.69,-0.12,0.71,-40.11,13.42,-44.98,0
1746816811.311338,-2.0,-0.61,-0.59,-52.96,33.11,-16.15,-0.64,-0.08,0.69,-28.58,7.4,-44.14,0
1746816811.32719,-2.0,-0.65,-0.53,-57.08,19.44,-24.47,-0.6,0.0,0.67,-24.85,2.69,-35.09,0
1746816811.341294,-2.0,-0.66,-0.58,-60.32,4.26,-31.45,-0.6,-0.01,0.63,-29.63,1.76,-33.04,0
1746816811.357595,-2.0,-0.7,-0.56,-61.47,4.03,-38.73,-0.6,-0.0,0.65,-29.34,1.78,-25.31,0
1746816811.372509,-2.0,-0.64,-0.59,-63.11,6.01,-49.03,-0.61,-0.0,0.61,-29.92,0.78,-23.29,0
1746816811.387167,-2.0,-0.65,-0.59,-61.44,21.59,-62.28,-0.65,-0.06,0.64,-27.85,-3.14,-22.16,0
1746816811.402219,-2.0,-0.61,-0.64,-62.82,31.66,-64.12,-0.64,-0.06,0.6,-31.5,-12.19,-25.89,0
1746816811.417393,-2.0,-0.6,-0.63,-68.79,33.4,-62.01,-0.6,-0.09,0.58,-37.89,-20.26,-22.18,0
1746816811.43232,-2.0,-0.64,-0.68,-72.15,39.03,-56.39,-0.61,-0.03,0.6,-43.47,-27.31,-22.56,0
1746816811.447398,-2.0,-0.68,-0.68,-63.27,53.86,-49.94,-0.51,-0.04,0.61,-47.18,-21.14,-14.8,0
1746816811.462093,-2.0,-0.68,-0.64,-57.92,48.01,-39.85,-0.59,0.04,0.63,-41.66,-19.27,-3.31,0
1746816811.477084,-2.0,-0.63,-0.69,-45.04,56.71,-37.09,-0.61,-0.13,0.66,-51.88,-46.99,-8.84,0
1746816811.49282,-2.0,-0.55,-0.64,-32.37,59.38,-26.12,-0.43,-0.12,0.67,-59.03,-64.47,-3.6,0
1746816811.506732,-2.0,-0.6,-0.7,-22.67,42.35,-17.14,-0.64,-0.28,0.83,-54.34,-64.25,2.73,0
1746816811.522426,-2.0,-0.51,-0.74,-22.65,45.19,-4.69,-0.43,-0.17,0.36,-52.61,-102.39,8.58,0
1746816811.536506,-2.0,-0.47,-0.62,-10.17,42.95,-0.26,-0.64,-0.24,0.8,-51.53,-121.68,1.68,0
1746816811.551336,-2.0,-0.61,-0.6,-5.77,27.0,-1.35,-0.52,-0.29,0.55,-33.66,-71.28,4.95,0
1746816811.566998,-2.0,-0.68,-0.54,9.13,11.53,6.05,-0.27,-0.16,0.48,-28.0,-33.82,-10.99,0
1746816811.581379,-2.0,-0.58,-0.59,26.46,4.2,18.81,-0.45,-0.17,0.64,-34.15,-5.15,-32.71,0
1746816811.597005,-2.0,-0.57,-0.55,33.58,1.87,20.53,-0.49,-0.21,0.64,-30.22,-1.5,-31.78,0
1746816811.612649,-2.0,-0.44,-0.6,29.4,6.03,17.6,-0.57,-0.24,0.74,-26.11,-23.33,-27.61,0
1746816811.627589,-2.0,-0.51,-0.62,23.89,17.73,7.28,-0.47,-0.13,0.71,-18.93,-34.4,-13.56,0
1746816811.642389,-2.0,-0.6,-0.59,27.32,38.2,0.89,-0.48,-0.22,0.66,-16.92,-51.76,-15.14,0
1746816811.657477,-2.0,-0.5,-0.53,29.93,35.03,0.95,-0.66,-0.34,0.73,-32.08,-52.66,-26.54,0
1746816811.673181,-2.0,-0.36,-0.49,20.4,32.38,14.97,0.65,-0.61,-0.12,-18.36,-52.96,-46.75,0
1746816811.687518,-2.0,-0.82,-0.49,35.98,9.04,18.37,-0.27,-0.27,0.61,0.71,-15.77,-55.95,0
1746816811.7023,-2.0,-0.69,-0.56,55.84,18.29,58.9,-0.26,-0.23,0.64,-11.21,-14.24,-64.54,0
1746816811.717672,-2.0,-0.78,-0.53,74.52,27.8,81.0,-0.25,-0.24,0.66,-6.4,5.95,-73.41,0
1746816811.732322,-2.0,-0.52,-0.54,75.51,0.6,95.3,-0.51,-0.49,0.85,8.8,6.73,-80.37,0
1746816811.747444,-2.0,-0.58,-0.53,65.6,-0.72,85.25,-0.38,-0.31,0.71,40.86,-23.88,-67.21,0
1746816811.76245,-2.0,-0.65,-0.53,61.8,-5.22,62.88,-0.36,-0.22,0.71,64.18,-17.89,-57.85,0
1746816811.776683,-2.0,-0.63,-0.53,59.0,-18.37,47.04,-0.34,-0.15,0.67,72.07,-7.18,-51.55,0
1746816811.79233,-2.0,-0.67,-0.58,53.16,-20.01,31.75,-0.4,-0.1,0.72,68.27,-9.36,-38.31,0
1746816811.806705,-2.0,-0.68,-0.58,42.68,-5.57,24.44,-0.41,-0.14,0.76,66.37,-13.59,-29.4,0
1746816811.822483,-2.0,-0.8,-0.56,29.43,-0.39,22.08,-0.35,-0.16,0.77,63.63,-9.09,-24.56,0
1746816811.837063,-2.0,-0.84,-0.49,41.31,2.56,26.76,-0.31,-0.23,0.79,65.89,-9.76,-25.03,0
1746816811.851905,-2.0,-0.78,-0.45,54.56,5.01,32.03,-0.29,-0.28,0.8,71.11,-13.82,-34.43,0
1746816811.867576,-2.0,-0.75,-0.43,62.29,7.12,37.98,-0.31,-0.22,0.78,75.29,-22.85,-45.09,0
1746816811.882292,-2.0,-0.71,-0.42,61.78,4.5,40.6,-0.27,-0.15,0.76,74.76,-31.13,-49.65,0
1746816811.89659,-2.0,-0.83,-0.33,68.78,-5.53,54.15,-0.24,-0.14,0.72,70.27,-30.2,-45.81,0
1746816811.913205,-2.0,-0.62,-0.29,65.01,-28.95,64.0,-0.3,-0.09,0.75,64.03,-34.89,-42.23,0
1746816811.927985,-2.0,-0.72,-0.31,57.52,-30.4,57.86,-0.25,-0.09,0.65,61.91,-39.61,-35.52,0
1746816811.941621,-2.0,-0.67,-0.28,41.42,-48.98,50.29,-0.29,-0.1,0.71,59.66,-43.76,-33.35,0
1746816811.957389,-2.0,-0.82,-0.29,32.15,-57.47,36.97,-0.21,-0.1,0.67,55.31,-38.53,-35.88,0
1746816811.972093,-2.0,-0.9,-0.31,31.4,-64.24,24.28,-0.18,-0.09,0.72,49.78,-26.85,-40.06,0
1746816811.987048,-2.0,-0.88,-0.33,32.98,-52.72,19.2,-0.25,-0.06,0.81,43.39,-23.29,-43.89,0
1746816812.002435,-2.0,-0.87,-0.33,33.6,-39.2,19.17,-0.26,-0.07,0.83,42.32,-25.75,-48.53,0
1746816812.01648,-2.0,-0.82,-0.36,33.95,-29.75,19.4,-0.26,-0.06,0.83,50.47,-31.7,-50.57,0
1746816812.032441,-2.0,-0.81,-0.33,26.4,-29.17,7.18,-0.29,-0.02,0.86,63.73,-38.88,-47.46,0
1746816812.047329,-2.0,-0.82,-0.33,17.84,-32.31,-3.82,-0.3,-0.03,0.88,77.52,-51.48,-42.92,0
1746816812.062206,-2.0,-0.82,-0.32,13.05,-19.93,-9.33,-0.31,0.05,0.87,87.82,-60.57,-38.21,0
1746816812.078239,-2.0,-0.86,-0.34,10.33,-2.28,-4.7,-0.25,0.11,0.79,88.92,-69.4,-31.92,0
1746816812.092316,-2.0,-0.81,-0.27,7.79,-23.15,19.6,-0.2,0.15,0.71,81.64,-74.47,-26.19,0
1746816812.106619,-2.0,-0.91,-0.21,-9.82,-4.63,-0.24,-0.19,0.18,0.64,66.64,-76.12,-19.98,0
1746816812.121646,-2.0,-0.93,-0.52,8.32,-38.66,41.3,-0.11,0.21,0.59,43.31,-60.32,-8.73,0
1746816812.136216,-2.0,-0.93,-0.33,19.75,-9.67,42.6,-0.08,0.18,0.6,19.88,-37.13,2.54,0
1746816812.151343,-2.0,-0.87,-0.33,35.06,32.79,39.18,-0.03,0.06,0.68,6.45,-17.52,6.9,0
1746816812.166568,-2.0,-0.85,-0.24,33.37,4.13,42.61,-0.05,0.04,0.77,3.08,-11.34,3.63,0
1746816812.181509,-2.0,-0.9,-0.27,34.59,-15.76,41.02,-0.05,0.04,0.83,-1.73,-12.91,-0.17,0
1746816812.196217,-2.0,-0.89,-0.29,38.96,-7.56,39.8,-0.1,0.06,0.91,-2.7,-23.27,-2.89,0
1746816812.211996,-2.0,-0.93,-0.21,45.61,-16.76,47.56,-0.09,0.07,0.89,-1.22,-34.92,-5.51,0
1746816812.228261,-2.0,-0.97,-0.28,54.79,-0.22,49.86,-0.08,0.09,0.87,5.69,-41.43,-6.91,0
1746816812.242567,-2.0,-0.94,-0.19,56.92,-18.82,53.44,-0.09,0.12,0.84,14.24,-39.7,-2.56,0
1746816812.258068,-2.0,-0.92,-0.18,46.41,-36.69,41.3,-0.06,0.14,0.82,23.89,-33.74,3.92,0
1746816812.27248,-2.0,-0.97,-0.36,47.85,-47.07,31.65,-0.07,0.18,0.86,29.09,-23.63,12.86,0
1746816812.287135,-2.0,-1.02,-0.13,44.19,-66.72,30.92,-0.08,0.16,0.84,30.29,-28.85,18.05,0
1746816812.302431,-2.0,-1.04,-0.11,48.27,-31.99,30.85,-0.07,0.16,0.85,35.67,-35.46,18.95,0
1746816812.316792,-2.0,-1.0,-0.21,46.79,-63.22,43.24,-0.05,0.16,0.77,38.47,-38.3,21.23,0
1746816812.332436,-2.0,-0.97,-0.19,54.59,-54.89,50.33,-0.05,0.17,0.74,36.47,-34.25,27.65,0
1746816812.346835,-2.0,-0.88,-0.12,51.73,-25.4,43.06,-0.01,0.15,0.67,34.8,-30.17,30.45,0
1746816812.362345,-2.0,-0.83,-0.08,37.85,-26.69,34.9,0.02,0.15,0.61,31.34,-21.85,28.69,0
1746816812.377467,-2.0,-0.86,-0.03,27.77,-29.91,28.44,0.09,0.2,0.58,25.77,-6.5,28.21,0
1746816812.39249,-2.0,-0.92,-0.02,20.66,-36.05,21.63,0.09,0.22,0.59,16.56,14.12,25.77,0
1746816812.40714,-2.0,-0.96,-0.08,28.69,-22.85,21.82,0.11,0.24,0.63,1.75,35.15,26.61,0
1746816812.422537,-2.0,-0.91,-0.01,31.54,-14.38,17.8,0.09,0.17,0.64,-7.07,51.81,23.24,0
1746816812.436882,-2.0,-0.9,0.0,25.37,-19.98,13.4,0.06,0.19,0.63,-7.52,68.04,20.03,0
1746816812.451335,-2.0,-0.85,0.0,15.12,-21.24,6.26,0.02,0.21,0.57,-11.37,80.41,21.51,0
1746816812.466152,-2.0,-0.85,0.0,1.87,-12.8,-10.29,-0.03,0.23,0.64,-16.52,89.95,26.19,0
1746816812.482408,-2.0,-0.84,-0.0,-10.63,-15.56,-15.67,-0.04,0.22,0.65,-21.64,96.22,29.24,0
1746816812.497272,-2.0,-0.92,-0.11,-8.7,9.78,-14.27,-0.06,0.22,0.71,-25.44,99.95,27.6,0
1746816812.512162,-2.0,-0.9,0.02,-11.27,25.33,-18.05,-0.05,0.16,0.7,-28.35,106.91,21.77,0
1746816812.527612,-2.0,-0.95,0.24,-20.6,9.93,-25.55,-0.07,0.12,0.69,-25.89,121.42,11.18,0
1746816812.541954,-2.0,-0.99,-0.0,-25.61,3.94,-24.27,-0.05,0.11,0.63,-24.92,147.79,1.86,0
1746816812.556972,-2.0,-1.02,-0.0,-26.5,-7.6,-29.27,-0.06,0.14,0.57,-26.43,186.22,-5.6,0
1746816812.572439,-2.0,-0.94,-0.0,-38.75,-29.55,-41.18,-0.26,0.18,0.58,-36.6,200.67,-0.79,0
1746816812.587064,-2.0,-0.81,-0.06,-58.76,-33.76,-49.34,-0.4,0.2,0.69,-36.6,192.56,-3.81,0
1746816812.60234,-2.0,-0.81,-0.1,-74.86,-26.48,-51.18,-0.53,0.19,0.82,-22.25,166.37,6.15,0
1746816812.617137,-2.0,-0.95,-0.29,-74.02,5.41,-63.05,-0.5,0.17,0.84,-31.87,114.05,-2.92,0
1746816812.631209,-2.0,-1.01,-0.13,-60.92,9.98,-34.31,-0.44,0.11,0.83,-28.51,90.14,-3.75,0
1746816812.647143,-2.0,-1.12,-0.37,-27.85,13.7,-18.43,-0.43,0.1,0.8,-20.85,75.7,-2.11,0
1746816812.662259,-2.0,-0.91,-0.42,18.31,67.22,-0.98,-0.38,0.08,0.71,-16.95,76.65,-0.13,0
1746816812.677262,-2.0,-0.93,-0.1,16.95,27.09,2.66,-0.44,0.05,0.67,-10.83,78.02,-1.82,0
1746816812.691342,-2.0,-0.89,-0.23,27.56,55.79,0.88,-0.45,0.14,0.65,-9.63,72.73,-1.89,0
1746816812.706422,-2.0,-0.92,-0.09,20.49,47.53,-1.99,-0.5,0.21,0.63,-19.5,54.11,5.64,0
1746816812.72235,-2.0,-0.94,-0.08,6.85,38.07,-4.73,-0.49,0.16,0.63,-27.85,34.62,11.5,0
1746816812.737161,-2.0,-0.92,-0.02,-16.11,16.44,-16.99,-0.46,0.09,0.61,-35.95,28.5,8.23,0
1746816812.752404,-2.0,-0.95,0.02,-28.16,-9.98,-20.69,-0.41,0.07,0.54,-40.45,42.58,1.27,0
1746816812.76721,-2.0,-0.94,-0.02,-29.98,-21.42,-25.41,-0.49,0.03,0.56,-36.66,61.34,-7.21,0
1746816812.782236,-2.0,-0.95,-0.09,-26.4,-48.08,-24.21,-0.53,0.03,0.55,-27.72,74.84,-9.87,0
1746816812.797146,-2.0,-0.91,-0.16,-20.53,-54.02,-20.02,-0.57,0.07,0.57,-20.5,78.15,-9.76,0
1746816812.81207,-2.0,-0.92,-0.21,-7.34,-39.1,-7.54,-0.63,0.17,0.59,-20.14,77.08,-2.39,0
1746816812.827803,-2.0,-0.95,-0.21,7.0,-14.94,6.28,-0.63,0.17,0.57,-28.47,62.37,6.92,0
1746816812.842605,-2.0,-0.97,-0.18,15.22,-4.97,17.11,-0.65,0.14,0.64,-34.36,51.15,11.49,0
1746816812.857381,-2.0,-0.96,-0.16,19.26,-6.7,22.87,-0.74,0.06,0.52,-32.59,54.83,8.34,0
1746816812.871302,-2.0,-0.91,-0.11,23.37,-8.04,23.79,-0.75,0.01,0.79,-26.47,46.6,3.53,0
1746816812.887257,-2.0,-0.87,-0.15,22.34,1.56,18.05,-0.7,0.05,0.54,-27.66,44.07,8.98,0
1746816812.902175,-2.0,-0.81,-0.08,8.32,-6.85,10.53,-0.63,0.03,0.57,-35.92,25.37,14.18,0
1746816812.917154,-2.0,-0.86,-0.1,-2.6,-13.09,5.15,-0.61,-0.02,0.46,-36.78,10.23,14.1,0
1746816812.931945,-2.0,-0.89,-0.08,-6.17,-15.03,4.89,-0.62,-0.07,0.5,-31.44,7.31,9.37,0
1746816812.947157,-2.0,-0.93,-0.03,-8.3,-19.81,5.49,-0.63,-0.02,0.51,-29.33,7.3,2.82,0
1746816812.963111,-2.0,-0.98,-0.05,-7.05,-20.47,5.9,-0.61,0.01,0.52,-32.76,2.83,0.98,0
1746816812.977425,-2.0,-0.98,-0.02,-3.54,-13.79,5.22,-0.67,0.0,0.54,-34.51,3.56,1.44,0
1746816812.991152,-2.0,-0.96,-0.02,0.59,-11.6,-1.76,-0.62,0.01,0.47,-38.09,2.74,4.19,0
1746816813.00714,-2.0,-0.93,-0.04,-2.34,-19.63,-6.37,-0.63,-0.02,0.52,-40.81,-2.11,2.95,0
1746816813.022277,-2.0,-0.93,-0.05,-4.0,-19.12,-10.21,-0.63,-0.05,0.55,-44.46,-6.37,-4.64,0
1746816813.037351,-2.0,-0.89,-0.09,-4.94,-11.86,-11.76,-0.64,-0.05,0.57,-45.27,-10.43,-10.24,0
1746816813.052256,-2.0,-0.9,-0.1,-7.72,-0.86,-9.27,-0.6,-0.16,0.54,-45.12,-15.56,-13.42,0
1746816813.066601,-2.0,-0.92,-0.14,-10.98,5.15,-4.44,-0.6,-0.09,0.61,-38.38,-18.32,-7.33,0
1746816813.081324,-2.0,-0.96,-0.08,-10.66,6.15,2.52,-0.59,-0.12,0.6,-35.56,-23.29,-14.37,0
1746816813.097231,-2.0,-0.98,-0.1,-2.84,7.3,9.36,-0.61,-0.14,0.64,-22.52,-22.77,-15.73,0
1746816813.113428,-2.0,-0.94,-0.09,1.56,0.91,14.73,-0.59,-0.11,0.64,-14.02,-35.98,-20.83,0
1746816813.126832,-2.0,-0.95,-0.1,5.16,1.73,17.66,-0.6,-0.13,0.66,-2.78,-39.7,-19.8,0
1746816813.141419,-2.0,-0.93,-0.09,3.63,-0.21,21.34,-0.61,-0.07,0.63,4.18,-51.42,-12.15,0
1746816813.156824,-2.0,-0.97,-0.06,4.62,-1.82,22.82,-0.62,-0.03,0.59,5.32,-48.32,-9.77,0
1746816813.172178,-2.0,-0.95,-0.04,3.95,1.98,20.69,-0.62,-0.01,0.59,2.01,-44.82,-4.64,0
1746816813.187314,-2.0,-0.97,-0.05,1.27,0.28,17.71,-0.54,-0.03,0.53,-1.21,-37.46,1.63,0
1746816813.201408,-2.0,-0.96,-0.07,-0.23,3.87,12.47,-0.52,-0.09,0.54,0.95,-24.4,5.69,0
1746816813.21652,-2.0,-0.98,-0.08,-2.89,6.2,7.93,-0.57,-0.1,0.59,6.72,-18.12,4.1,0
1746816813.231224,-2.0,-0.98,-0.09,-2.75,10.62,5.03,-0.55,-0.1,0.57,10.31,-12.99,1.32,0
1746816813.247586,-2.0,-0.99,-0.07,-0.76,8.4,5.4,-0.53,-0.1,0.58,14.17,-4.68,-0.03,0
1746816813.262277,-2.0,-0.97,-0.1,1.26,10.79,6.56,-0.54,-0.11,0.61,15.99,0.33,1.86,0
1746816813.277291,-2.0,-0.94,-0.12,-0.52,9.13,5.51,-0.52,-0.08,0.58,17.85,3.34,4.36,0
1746816813.292228,-2.0,-0.91,-0.12,-4.97,10.41,3.95,-0.58,-0.08,0.62,20.33,-4.92,3.76,0
1746816813.30715,-2.0,-0.95,-0.07,-6.55,10.69,1.47,-0.58,-0.14,0.61,24.68,-8.27,9.34,0
1746816813.322557,-2.0,-0.96,-0.08,-5.4,6.31,1.27,-0.6,-0.13,0.66,26.42,-14.08,5.28,0
1746816813.336243,-2.0,-0.97,-0.09,-2.8,7.46,1.21,-0.55,-0.03,0.64,23.6,-20.47,6.21,0
1746816813.352298,-2.0,-0.94,-0.08,-3.32,7.02,1.44,-0.57,-0.0,0.67,17.84,-26.69,5.48,0
1746816813.366355,-2.0,-0.97,-0.06,-3.4,6.23,2.08,-0.55,-0.01,0.65,11.08,-28.84,5.91,0
1746816813.381282,-2.0,-0.95,-0.03,-5.41,3.63,3.87,-0.49,-0.01,0.61,6.4,-25.97,5.56,0
1746816813.397535,-2.0,-0.98,-0.03,-7.56,0.61,2.15,-0.49,-0.06,0.6,7.51,-19.07,5.51,0
1746816813.413391,-2.0,-0.98,-0.03,-10.95,-3.12,-0.88,-0.51,-0.05,0.65,13.31,-20.62,7.92,0
1746816813.427734,-2.0,-0.96,-0.05,-15.17,-3.82,-4.15,-0.5,-0.06,0.65,21.34,-22.15,6.24,0
1746816813.441985,-2.0,-0.99,-0.06,-14.76,-4.15,-4.99,-0.49,-0.03,0.63,28.28,-21.64,4.04,0
1746816813.45869,-2.0,-0.99,-0.05,-13.41,-9.45,-3.7,-0.52,0.0,0.63,32.57,-20.07,6.7,0
1746816813.471669,-2.0,-0.97,-0.06,-8.86,-8.28,-1.89,-0.49,0.02,0.62,33.01,-18.15,7.92,0
1746816813.486639,-2.0,-0.93,-0.08,-6.02,-6.08,0.44,-0.45,0.02,0.62,33.62,-15.94,10.16,0
1746816813.501335,-2.0,-0.92,-0.07,-6.03,-4.49,0.98,-0.45,0.02,0.63,31.11,-9.45,10.6,0
1746816813.517245,-2.0,-0.93,-0.06,-6.72,0.28,-0.52,-0.51,0.05,0.62,24.04,-10.61,11.15,0
1746816813.531524,-2.0,-0.96,-0.07,-6.81,4.15,-1.27,-0.49,0.06,0.66,11.78,-14.83,9.55,0
1746816813.547415,-2.0,-0.98,-0.08,-3.79,7.02,0.95,-0.48,0.02,0.63,3.89,-17.63,7.32,0
1746816813.562364,-2.0,-0.97,-0.07,-1.53,6.82,4.18,-0.44,0.0,0.63,3.34,-18.0,5.31,0
1746816813.576605,-2.0,-0.97,-0.07,0.34,6.98,7.19,-0.43,0.01,0.62,6.64,-13.75,5.31,0
1746816813.592411,-2.0,-0.95,-0.07,1.66,4.35,9.62,-0.45,0.07,0.61,8.59,-5.63,7.92,0
1746816813.606405,-2.0,-0.94,-0.06,0.83,2.45,10.38,-0.48,0.09,0.64,4.77,-1.83,10.76,0
1746816813.621569,-2.0,-0.95,-0.05,-0.63,0.91,9.65,-0.45,0.07,0.61,-0.19,3.16,11.85,0
1746816813.636879,-2.0,-0.94,-0.03,-1.47,-1.43,9.31,-0.45,0.06,0.64,-2.79,2.95,8.05,0
1746816813.6515,-2.0,-0.92,-0.03,-1.92,-2.87,9.66,-0.43,0.04,0.63,-3.58,4.73,4.02,0
1746816813.66699,-2.0,-0.93,-0.04,-2.74,-2.44,9.29,-0.46,0.03,0.65,-1.78,4.62,-0.4,0
1746816813.681017,-2.0,-0.94,-0.03,-2.6,-5.31,10.3,-0.47,0.05,0.66,-0.09,2.8,-2.9,0
1746816813.696662,-2.0,-0.93,-0.05,-2.11,-3.22,11.15,-0.47,0.06,0.66,4.08,2.52,-2.85,0
1746816813.712353,-2.0,-0.93,-0.06,-2.65,0.94,10.56,-0.5,0.08,0.68,7.21,0.69,-2.03,0
1746816813.7264,-2.0,-0.91,-0.07,-5.25,6.38,8.2,-0.5,0.07,0.65,9.64,-0.82,0.07,0
1746816813.741568,-2.0,-0.93,-0.05,-9.44,11.19,4.4,-0.49,0.09,0.62,10.14,-2.21,2.08,0
1746816813.756215,-2.0,-0.93,-0.07,-12.4,14.09,1.12,-0.46,0.07,0.6,12.85,0.09,4.24,0
1746816813.771366,-2.0,-0.93,-0.05,-14.82,15.51,-0.52,-0.43,0.05,0.58,18.35,6.5,6.45,0
1746816813.78633,-2.0,-0.94,-0.06,-15.2,14.56,-0.84,-0.41,0.06,0.56,24.66,17.63,10.87,0
1746816813.801373,-2.0,-0.94,-0.05,-14.23,13.56,-0.69,-0.43,0.08,0.57,29.43,30.18,15.89,0
1746816813.816552,-2.0,-0.91,-0.06,-12.44,12.56,-0.84,-0.47,0.08,0.59,31.42,35.05,18.34,0
1746816813.831412,-2.0,-0.9,-0.05,-12.89,12.53,-1.61,-0.5,0.12,0.59,28.63,33.85,19.04,0
1746816813.846085,-2.0,-0.91,-0.05,-12.75,15.27,-3.03,-0.52,0.15,0.61,23.98,31.03,20.36,0
1746816813.862158,-2.0,-0.88,-0.04,-14.58,18.17,-4.43,-0.5,0.18,0.56,18.29,29.66,21.56,0
1746816813.876506,-2.0,-0.86,-0.01,-19.53,19.4,-7.27,-0.49,0.15,0.51,16.02,36.45,18.92,0
1746816813.892575,-2.0,-0.86,-0.03,-24.59,18.21,-9.62,-0.48,0.18,0.48,13.47,44.69,22.07,0
1746816813.906454,-2.0,-0.88,-0.03,-29.18,18.11,-14.15,-0.47,0.15,0.44,13.05,59.06,22.35,0
1746816813.922297,-2.0,-0.88,-0.01,-30.69,17.85,-17.98,-0.73,0.13,0.77,13.75,33.8,35.23,0
1746816813.936435,-2.0,-0.95,-0.06,-34.18,17.52,-20.13,-0.53,0.14,0.46,6.07,50.97,36.89,0
1746816813.952392,-2.0,-0.95,-0.08,-33.56,17.31,-20.9,-0.58,0.2,0.5,6.66,91.12,33.85,0
1746816813.966368,-2.0,-0.96,-0.1,-30.95,20.6,-16.92,-0.71,0.16,0.58,17.61,63.24,56.12,0
1746816813.981279,-2.0,-1.0,-0.14,-29.29,20.71,-16.89,-0.52,0.04,0.54,24.85,37.93,48.63,0
1746816813.997513,-2.0,-0.94,-0.1,-33.68,7.11,-22.78,-0.54,0.13,0.71,6.3,-146.41,61.21,0
1746816814.013178,-2.0,-0.96,-0.31,-35.98,5.28,-30.6,-0.22,0.15,0.35,-6.47,-153.09,30.3,0
1746816814.026453,-2.0,-1.0,-0.11,-40.39,5.71,-36.84,-0.51,0.13,0.58,5.05,-83.34,29.4,0
1746816814.042347,-2.0,-1.02,-0.21,-37.47,9.49,-41.08,-0.58,0.1,0.69,-26.07,-106.44,0.12,0
1746816814.057233,-2.0,-1.03,-0.13,-34.81,14.11,-49.56,-0.4,0.02,0.51,-6.16,-79.47,-0.36,0
1746816814.072095,-2.0,-1.0,-0.12,-34.5,-16.63,-43.76,-0.39,0.07,0.54,20.72,-50.37,4.35,0
1746816814.087455,-2.0,-0.98,-0.2,-17.59,3.17,-42.6,-0.42,0.15,0.63,35.71,-36.27,4.78,0
1746816814.101247,-2.0,-0.9,-0.09,-19.02,9.64,-42.32,-0.43,0.2,0.61,40.62,-26.41,0.79,0
1746816814.117257,-2.0,-0.9,-0.16,-26.54,-25.91,-35.98,-0.44,0.26,0.66,25.3,-42.43,-3.11,0
1746816814.131128,-2.0,-0.9,-0.17,-19.73,-21.01,-32.82,-0.43,0.22,0.67,8.13,-43.4,-8.86,0
1746816814.147201,-2.0,-0.86,-0.13,-18.68,-20.8,-33.66,-0.38,0.17,0.67,5.75,-36.69,-11.05,0
1746816814.163132,-2.0,-0.87,-0.16,-19.4,-30.73,-32.66,-0.34,0.14,0.63,13.6,-29.94,-11.91,0
1746816814.177656,-2.0,-0.85,-0.18,-13.26,-16.68,-32.24,-0.34,0.13,0.6,25.86,-12.56,-16.63,0
1746816814.192541,-2.0,-0.82,-0.18,-13.49,-4.82,-29.73,-0.35,0.17,0.64,32.93,-7.15,-19.44,0
1746816814.207645,-2.0,-0.8,-0.19,-16.53,-9.83,-25.08,-0.37,0.19,0.65,35.06,-9.37,-22.06,0
1746816814.221727,-2.0,-0.79,-0.19,-16.22,-3.77,-20.5,-0.37,0.21,0.66,33.35,-6.95,-24.32,0
1746816814.236744,-2.0,-0.75,-0.15,-18.86,-9.73,-15.15,-0.36,0.24,0.63,28.17,-8.72,-22.85,0
1746816814.252341,-2.0,-0.73,-0.14,-19.73,-18.65,-6.31,-0.33,0.25,0.59,28.94,-8.78,-23.88,0
1746816814.267365,-2.0,-0.77,-0.1,-12.45,-26.82,5.85,-0.33,0.25,0.57,32.43,0.3,-23.72,0
1746816814.282074,-2.0,-0.73,-0.07,-5.16,-39.56,25.41,-0.33,0.27,0.55,35.37,15.17,-28.73,0
1746816814.297359,-2.0,-0.67,-0.1,-1.39,-47.61,46.67,-0.32,0.27,0.55,39.02,28.66,-30.53,0
1746816814.314138,-2.0,-0.57,-0.12,-7.16,-49.04,58.07,-0.33,0.25,0.55,48.24,44.72,-31.31,0
1746816814.326643,-2.0,-0.51,-0.09,-19.12,-53.44,62.26,-0.36,0.23,0.56,59.85,51.28,-34.42,0
1746816814.357842,-2.0,-0.44,-0.1,-29.8,-53.44,59.35,-0.39,0.34,0.59,58.19,62.77,-37.87,0
1746816814.359335,-2.0,-0.48,-0.09,-41.69,-43.5,57.19,-0.4,0.42,0.63,42.3,66.21,-39.45,0
1746816814.371663,-2.0,-0.71,-0.1,-39.27,-42.79,58.9,-0.37,0.38,0.62,25.21,70.98,-49.06,0
1746816814.387093,-2.0,-0.72,-0.18,-31.76,-48.63,71.23,-0.36,0.31,0.56,26.01,88.13,-50.57,0
1746816814.402246,-2.0,-0.74,-0.26,-24.75,-37.4,89.33,-0.37,0.23,0.49,50.24,101.6,-47.76,0
1746816814.417164,-2.0,-0.69,-0.32,-27.77,-25.27,102.58,-0.53,0.35,0.29,75.1,116.39,-46.86,0
1746816814.433132,-2.0,-0.63,-0.36,-39.95,-20.6,105.02,-0.75,0.53,0.34,72.69,109.53,-38.18,0
1746816814.448133,-2.0,-0.6,-0.43,-55.95,-0.43,95.18,-0.84,0.7,0.47,24.99,61.09,-21.06,0
1746816814.463336,-2.0,-0.77,-0.41,-68.5,21.04,77.98,-0.66,0.53,0.51,-12.24,21.18,-16.1,0
1746816814.477246,-2.0,-0.87,-0.35,-69.0,8.05,55.21,-0.61,0.28,0.54,-22.56,10.41,-21.49,0
1746816814.492382,-2.0,-0.9,-0.39,-65.08,-4.18,42.85,-0.54,0.19,0.5,-9.31,24.7,-28.01,0
1746816814.507015,-2.0,-0.91,-0.39,-63.52,-23.97,37.38,-0.56,0.22,0.47,10.62,48.95,-34.01,0
1746816814.522678,-2.0,-0.82,-0.47,-67.43,-32.4,32.23,-0.63,0.32,0.5,17.34,56.73,-39.15,0
1746816814.538155,-2.0,-0.76,-0.5,-72.33,-22.47,25.23,-0.71,0.4,0.54,10.98,48.38,-34.92,0
1746816814.55217,-2.0,-0.72,-0.52,-84.37,-9.07,16.44,-0.74,0.36,0.51,6.18,26.47,-31.6,0
1746816814.567208,-2.0,-0.78,-0.61,-87.43,15.98,13.66,-0.71,0.33,0.48,1.89,5.72,-19.66,0
1746816814.582227,-2.0,-0.84,-0.54,-89.02,29.32,10.62,-0.65,0.29,0.45,4.5,1.46,-16.86,0
1746816814.597013,-2.0,-0.91,-0.59,-80.54,49.23,10.67,-0.63,0.32,0.44,2.56,5.24,-19.19,0
1746816814.611206,-2.0,-0.93,-0.57,-71.56,53.11,14.56,-0.61,0.27,0.45,3.73,15.37,-21.56,0
1746816814.626539,-2.0,-0.93,-0.6,-64.45,51.61,18.38,-0.62,0.3,0.44,6.65,28.72,-24.44,0
1746816814.641661,-2.0,-0.81,-0.53,-58.75,34.84,25.56,-0.68,0.34,0.5,7.53,33.0,-30.1,0
1746816814.6568,-2.0,-0.74,-0.46,-64.79,-15.85,29.28,-0.71,0.32,0.51,15.94,26.98,-24.59,0
1746816814.671413,-2.0,-0.72,-0.63,-67.34,11.64,32.76,-0.77,0.31,0.53,13.1,3.94,-13.24,0
1746816814.686373,-2.0,-0.77,-0.6,-70.92,-18.25,36.89,-0.73,0.32,0.48,11.71,-11.94,-8.33,0
1746816814.701251,-2.0,-0.79,-0.61,-71.11,-0.05,36.13,-0.71,0.32,0.45,10.28,-15.68,-3.85,0
1746816814.716267,-2.0,-0.83,-0.6,-66.87,-9.64,42.1,-0.67,0.34,0.42,0.17,-14.5,-5.5,0
1746816814.732121,-2.0,-0.84,-0.7,-59.78,-6.94,45.45,-0.64,0.29,0.41,-2.36,-4.43,-12.31,0
1746816814.747495,-2.0,-0.81,-0.58,-51.97,-22.51,48.01,-0.6,0.24,0.41,0.73,10.2,-16.54,0
1746816814.76229,-2.0,-0.75,-0.66,-49.09,-10.79,43.73,-0.61,0.2,0.37,13.78,25.6,-22.25,0
1746816814.777569,-2.0,-0.72,-0.62,-55.24,-27.64,40.41,-0.63,0.24,0.36,23.26,37.82,-25.8,0
1746816814.792412,-2.0,-0.74,-0.65,-57.08,-18.37,33.32,-0.67,0.25,0.35,21.71,43.42,-30.95,0
1746816814.807213,-2.0,-0.79,-0.65,-57.91,-17.79,27.79,-0.67,0.23,0.33,15.89,49.04,-33.97,0
1746816814.821034,-2.0,-0.78,-0.7,-55.4,-4.89,21.21,-0.68,0.16,0.32,14.72,53.54,-40.61,0
1746816814.837534,-2.0,-0.75,-0.67,-50.92,5.91,20.44,-0.7,0.17,0.3,16.53,62.02,-44.4,0
1746816814.852319,-2.0,-0.72,-0.68,-48.75,10.21,21.0,-0.73,0.15,0.29,19.77,65.96,-50.68,0
1746816814.866294,-2.0,-0.65,-0.67,-50.08,10.57,24.77,-0.74,0.09,0.25,27.1,74.02,-58.88,0
1746816814.882076,-2.0,-0.66,-0.7,-49.5,11.6,28.22,-0.77,0.07,0.22,39.76,85.19,-68.21,0
1746816814.897878,-2.0,-0.65,-0.69,-51.41,14.91,28.58,-0.79,0.05,0.2,58.44,96.54,-77.52,0
1746816814.912221,-2.0,-0.66,-0.7,-52.6,12.31,30.51,-0.83,-0.0,0.17,85.85,112.66,-89.17,0
1746816814.927745,-2.0,-0.69,-0.71,-47.4,17.7,30.84,-0.93,0.15,0.2,95.73,116.39,-86.61,0
1746816814.942164,-2.0,-0.68,-0.7,-42.38,13.11,28.29,-0.97,0.22,0.18,91.57,122.02,-88.47,0
1746816814.957062,-2.0,-0.66,-0.7,-40.01,4.79,26.06,-1.0,0.22,0.16,87.44,109.47,-87.43,0
1746816814.972455,-2.0,-0.63,-0.71,-43.05,-11.16,21.76,-1.06,0.19,0.17,91.99,107.43,-80.7,0
1746816814.98738,-2.0,-0.62,-0.7,-45.72,-18.77,16.6,-1.07,0.1,0.13,112.17,90.56,-75.1,0
1746816815.002243,-2.0,-0.66,-0.71,-46.19,-23.48,12.85,-1.13,0.07,0.2,141.44,84.73,-70.82,0
1746816815.01665,-2.0,-0.71,-0.72,-44.44,-22.51,6.82,-1.09,0.1,0.17,164.51,60.54,-41.18,0
1746816815.03223,-2.0,-0.73,-0.72,-38.4,-16.6,2.34,-1.14,0.22,0.17,189.56,60.52,-51.66,0
1746816815.047224,-2.0,-0.76,-0.71,-29.79,-16.84,-3.69,-1.15,0.33,0.13,200.92,48.01,-40.37,0
1746816815.06246,-2.0,-0.71,-0.69,-21.34,-14.09,-10.98,-1.12,0.34,0.08,208.0,35.07,-32.45,0
1746816815.076532,-2.0,-0.72,-0.71,-12.69,-7.71,-18.35,-1.09,0.41,0.06,203.43,23.09,-25.56,0
1746816815.092459,-2.0,-0.69,-0.7,-5.16,-0.16,-24.56,-1.08,0.46,0.05,187.56,7.5,-17.5,0
1746816815.107648,-2.0,-0.7,-0.69,1.29,2.38,-23.75,-1.03,0.46,0.0,169.83,3.08,-12.08,0
1746816815.122045,-2.0,-0.72,-0.67,12.43,8.78,-15.26,-1.01,0.49,-0.01,147.69,-2.92,-0.05,0
1746816815.137187,-2.0,-0.65,-0.66,19.53,7.66,-2.56,-0.96,0.45,-0.05,127.41,-4.87,7.56,0
1746816815.152332,-2.0,-0.58,-0.65,21.2,7.85,6.85,-0.97,0.42,-0.06,113.31,-5.48,9.07,0
1746816815.16629,-2.0,-0.53,-0.66,18.66,5.12,9.92,-0.95,0.41,-0.06,100.4,-3.62,10.77,0
1746816815.18219,-2.0,-0.48,-0.65,12.0,3.08,3.66,-0.92,0.39,-0.07,84.56,-2.68,9.76,0
1746816815.19771,-2.0,-0.51,-0.65,5.43,-3.95,-6.79,-0.93,0.37,-0.08,69.31,-4.31,8.72,0
1746816815.212118,-2.0,-0.55,-0.65,0.44,-10.16,-16.6,-0.89,0.38,-0.09,55.07,-5.05,7.15,0
1746816815.227398,-2.0,-0.59,-0.63,-2.91,-17.02,-21.15,-0.9,0.37,-0.08,41.11,-8.63,4.82,0
1746816815.242556,-2.0,-0.59,-0.62,-5.49,-22.99,-21.06,-0.88,0.37,-0.09,29.67,-8.78,2.44,0
1746816815.256315,-2.0,-0.57,-0.62,-9.85,-23.88,-20.79,-0.87,0.37,-0.12,20.18,-8.46,2.21,0
1746816815.272163,-2.0,-0.57,-0.63,-13.03,-21.5,-20.21,-0.88,0.36,-0.1,13.47,-6.73,1.15,0
1746816815.286615,-2.0,-0.58,-0.65,-14.58,-16.99,-20.08,-0.89,0.36,-0.1,8.98,-2.2,1.21,0
1746816815.301499,-2.0,-0.62,-0.66,-13.27,-10.85,-19.0,-0.91,0.36,-0.1,9.41,2.85,1.19,0
1746816815.31711,-2.0,-0.63,-0.68,-8.58,-3.04,-15.43,-0.92,0.36,-0.11,6.56,6.08,-0.8,0
1746816815.331747,-2.0,-0.64,-0.66,-0.79,1.31,-10.13,-0.92,0.37,-0.11,4.27,9.44,-0.77,0
1746816815.347523,-2.0,-0.58,-0.69,-1.0,5.85,-5.76,-0.92,0.37,-0.1,3.06,13.13,0.29,0
1746816815.362384,-2.0,-0.59,-0.64,-0.36,7.7,-3.43,-0.93,0.37,-0.09,2.16,15.02,2.18,0
1746816815.376546,-2.0,-0.54,-0.63,-2.08,7.06,-1.45,-0.94,0.36,-0.09,1.83,13.8,4.86,0
1746816815.392221,-2.0,-0.6,-0.65,-1.89,6.34,-2.26,-0.94,0.36,-0.08,1.88,12.02,8.75,0
1746816815.406391,-2.0,-0.61,-0.64,-1.56,6.53,-2.48,-0.94,0.36,-0.06,3.07,11.19,12.44,0
1746816815.42227,-2.0,-0.59,-0.65,-1.92,6.76,-2.37,-0.93,0.35,-0.05,3.08,9.37,14.41,0
1746816815.436361,-2.0,-0.6,-0.65,-1.4,7.15,1.05,-0.95,0.33,-0.07,3.74,6.23,14.99,0
1746816815.451304,-2.0,-0.59,-0.65,-0.94,9.11,5.79,-0.94,0.31,-0.06,3.7,3.15,14.64,0
1746816815.466074,-2.0,-0.57,-0.63,1.47,9.02,11.56,-0.92,0.3,-0.08,3.81,3.98,15.42,0
1746816815.481404,-2.0,-0.57,-0.65,3.61,10.16,17.16,-0.92,0.3,-0.07,5.26,4.6,16.31,0
1746816815.497046,-2.0,-0.54,-0.64,4.74,4.02,20.72,-0.91,0.29,-0.08,5.24,4.84,16.25,0
1746816815.512296,-2.0,-0.53,-0.63,4.52,1.11,18.9,-0.92,0.28,-0.07,6.85,4.95,15.14,0
1746816815.526522,-2.0,-0.54,-0.67,5.74,3.12,13.07,-0.91,0.28,-0.07,8.77,5.15,13.37,0
1746816815.541253,-2.0,-0.53,-0.64,4.0,4.47,4.63,-0.93,0.28,-0.08,8.44,7.89,12.02,0
1746816815.556335,-2.0,-0.53,-0.67,3.05,6.8,-2.19,-0.93,0.3,-0.06,5.37,6.21,10.44,0
1746816815.572354,-2.0,-0.53,-0.66,2.08,11.63,-6.14,-0.94,0.29,-0.08,1.85,5.61,7.82,0
1746816815.586542,-2.0,-0.56,-0.64,2.21,15.08,-5.69,-0.93,0.29,-0.08,0.17,5.43,6.24,0
1746816815.601174,-2.0,-0.61,-0.64,0.01,13.02,-4.56,-0.95,0.3,-0.08,-2.25,5.21,5.39,0
1746816815.616323,-2.0,-0.55,-0.65,-1.72,17.64,-3.15,-0.94,0.32,-0.08,-5.02,5.1,4.36,0
1746816815.631255,-2.0,-0.54,-0.65,-4.4,18.24,-2.94,-0.96,0.34,-0.08,-8.85,5.25,2.17,0
1746816815.64737,-2.0,-0.52,-0.61,-7.78,20.51,-1.85,-0.96,0.38,-0.09,-13.58,5.98,1.31,0
1746816815.662118,-2.0,-0.6,-0.62,-9.49,24.84,-1.03,-0.96,0.41,-0.09,-16.21,6.39,3.56,0
1746816815.677579,-2.0,-0.48,-0.6,-12.43,16.58,3.17,-0.98,0.47,-0.04,-18.28,8.4,9.98,0
1746816815.692031,-2.0,-0.49,-0.64,-12.42,17.68,6.71,-0.99,0.53,0.01,-20.3,6.35,18.97,0
1746816815.706475,-2.0,-0.55,-0.65,-10.52,8.99,8.76,-1.0,0.61,0.05,-26.11,0.0,29.79,0
1746816815.722198,-2.0,-0.52,-0.63,-8.75,12.96,8.33,-1.01,0.63,0.06,-27.71,-11.65,38.74,0
1746816815.736484,-2.0,-0.5,-0.63,-8.18,5.63,12.27,-0.99,0.65,0.04,-19.85,-14.37,46.34,0
1746816815.751297,-2.0,-0.51,-0.63,-9.56,5.38,14.69,-0.98,0.79,0.09,-14.73,-11.42,55.81,0
1746816815.766497,-2.0,-0.53,-0.62,-9.27,1.39,19.9,-1.03,0.96,0.13,-23.91,-13.85,65.92,0
1746816815.781981,-2.0,-0.5,-0.62,-12.53,2.61,22.62,-1.05,1.03,0.16,-33.34,-16.7,83.26,0
1746816815.798368,-2.0,-0.51,-0.63,-16.21,3.49,25.93,-1.09,1.0,0.21,-31.56,-30.53,108.68,0
1746816815.811605,-2.0,-0.53,-0.63,-17.66,4.83,27.47,-1.13,1.0,0.23,-11.96,-50.92,137.02,1
1746816815.82658,-2.0,-0.54,-0.64,-18.46,4.27,29.28,-1.1,1.02,0.19,9.63,-64.61,161.95,1
1746816815.841966,-2.0,-0.53,-0.65,-19.01,6.76,29.11,-1.08,1.08,0.18,18.86,-75.75,178.75,1
1746816815.856322,-2.0,-0.51,-0.64,-22.54,8.5,27.57,-1.04,1.16,0.14,8.19,-77.37,190.15,1
1746816815.872363,-2.0,-0.53,-0.65,-23.96,9.63,27.47,-1.02,1.18,0.11,-20.24,-80.69,199.46,1
1746816815.887357,-2.0,-0.57,-0.64,-23.42,10.37,28.36,-1.0,1.18,0.09,-43.5,-86.6,207.32,1
1746816815.901999,-2.0,-0.58,-0.66,-20.64,11.55,29.07,-0.95,1.14,0.11,-52.79,-93.87,217.79,1
1746816815.917231,-2.0,-0.57,-0.66,-19.22,14.11,26.27,-0.89,1.16,0.17,-50.04,-98.96,224.87,1
1746816815.932185,-2.0,-0.57,-0.66,-18.29,15.11,22.08,-0.78,1.21,0.2,-54.36,-99.84,226.4,1
1746816815.947328,-2.0,-0.56,-0.67,-18.24,14.79,18.67,-0.76,1.31,0.26,-68.82,-88.1,222.99,1
1746816815.962385,-2.0,-0.56,-0.62,-23.73,4.6,13.61,-0.79,1.31,0.38,-81.96,-86.33,218.75,1
1746816815.972192,-2.0,-0.62,-0.67,-9.98,26.5,19.07,-0.83,1.27,0.46,-89.2,-106.69,217.65,1
1746816815.992401,-2.0,-0.56,-0.63,-24.31,16.73,17.16,-0.83,1.21,0.48,-73.27,-124.05,219.63,1
1746816816.006934,-2.0,-0.61,-0.66,-15.31,-1.51,27.97,-0.69,1.18,0.46,-53.06,-128.6,231.36,1
1746816816.022352,-2.0,-0.59,-0.7,-12.4,-5.54,33.34,-0.66,1.28,0.5,-40.69,-115.84,234.01,1
1746816816.03641,-2.0,-0.56,-0.68,-21.4,11.15,26.55,-0.66,1.32,0.52,-54.82,-108.67,235.28,1
1746816816.052629,-2.0,-0.58,-0.69,-29.93,12.31,23.63,-0.63,1.23,0.51,-78.13,-109.18,229.54,1
1746816816.067395,-2.0,-0.63,-0.66,-20.96,-1.51,25.85,-0.58,1.08,0.52,-94.03,-110.48,223.95,1
1746816816.082035,-2.0,-0.62,-0.68,-16.74,9.16,19.34,-0.5,0.94,0.55,-95.54,-113.68,216.32,1
1746816816.09779,-2.0,-0.58,-0.68,-17.6,4.57,16.14,-0.43,0.83,0.55,-89.25,-109.42,208.16,1
1746816816.112394,-2.0,-0.6,-0.67,-13.98,1.56,14.72,-0.4,0.8,0.52,-84.17,-112.21,199.88,1
1746816816.127465,-2.0,-0.61,-0.68,-8.25,10.23,13.01,-0.33,0.78,0.5,-82.19,-115.4,190.12,1
1746816816.142503,-2.0,-0.59,-0.68,-6.78,6.75,13.16,-0.24,0.83,0.51,-83.39,-108.02,177.21,1
1746816816.157456,-2.0,-0.59,-0.69,-2.87,-10.54,17.42,-0.14,0.81,0.48,-88.89,-98.58,162.73,1
1746816816.17222,-2.0,-0.59,-0.71,4.18,-4.37,14.92,-0.06,0.75,0.46,-91.92,-82.59,150.97,1
1746816816.187388,-2.0,-0.6,-0.69,6.63,-4.68,9.9,-0.03,0.73,0.44,-92.24,-70.89,144.93,1
1746816816.201999,-2.0,-0.54,-0.69,6.7,-7.37,0.77,-0.04,0.73,0.48,-101.97,-75.99,144.4,1
1746816816.216921,-2.0,-0.51,-0.68,7.22,-8.9,-9.44,0.03,0.67,0.45,-111.83,-79.18,139.83,1
1746816816.232572,-2.0,-0.53,-0.7,7.89,-9.47,-15.81,0.14,0.64,0.4,-117.21,-74.18,131.23,1
1746816816.247124,-2.0,-0.51,-0.65,7.79,-19.97,-17.82,0.17,0.61,0.39,-124.76,-71.27,123.43,1
1746816816.262563,-2.0,-0.49,-0.72,8.7,-10.47,-21.86,0.17,0.57,0.4,-129.1,-68.43,114.61,1
1746816816.276992,-2.0,-0.47,-0.68,9.73,-5.57,-24.29,0.18,0.51,0.41,-126.6,-64.13,104.17,1
1746816816.29192,-2.0,-0.44,-0.65,7.92,-9.55,-24.7,0.22,0.46,0.4,-124.58,-66.46,94.11,1
1746816816.307224,-2.0,-0.56,-0.67,10.1,-14.02,-22.99,0.24,0.41,0.37,-119.78,-63.7,82.98,1
1746816816.322416,-2.0,-0.44,-0.65,4.37,-14.27,-25.02,0.31,0.37,0.35,-115.16,-58.64,72.33,1
1746816816.33736,-2.0,-0.45,-0.68,4.28,-10.6,-23.31,0.37,0.34,0.35,-113.52,-52.97,61.12,1
1746816816.351291,-2.0,-0.45,-0.68,1.44,-9.01,-22.2,0.38,0.33,0.41,-115.02,-41.89,51.56,1
1746816816.367148,-2.0,-0.45,-0.68,0.01,-10.69,-19.05,0.37,0.33,0.4,-120.14,-38.99,45.4,1
1746816816.382113,-2.0,-0.43,-0.68,-4.25,-12.73,-16.76,0.38,0.26,0.47,-125.38,-53.01,39.38,1
1746816816.397412,-2.0,-0.46,-0.67,-7.47,-12.73,-15.18,0.44,0.22,0.45,-119.27,-56.66,33.13,1
1746816816.412146,-2.0,-0.47,-0.7,-8.5,-9.67,-14.07,0.52,0.21,0.39,-112.91,-54.62,26.09,1
1746816816.427025,-2.0,-0.47,-0.68,-8.65,-7.4,-13.63,0.5,0.26,0.44,-114.43,-48.63,16.55,1
1746816816.442258,-2.0,-0.47,-0.67,-10.3,-9.21,-12.29,0.52,0.28,0.45,-123.92,-41.76,5.25,1
1746816816.457208,-2.0,-0.46,-0.68,-11.89,-12.29,-10.69,0.45,0.3,0.46,-132.7,-26.57,-5.02,1
1746816816.472236,-2.0,-0.47,-0.67,-13.08,-10.92,-9.83,0.35,0.26,0.5,-142.63,-33.48,-10.04,1
1746816816.486536,-2.0,-0.49,-0.64,-14.18,-9.26,-9.98,0.37,0.23,0.45,-137.66,-34.94,-15.48,1
1746816816.502284,-2.0,-0.49,-0.66,-14.55,-9.24,-11.24,0.35,0.2,0.46,-132.66,-57.63,-11.89,1
1746816816.517218,-2.0,-0.47,-0.64,-14.12,-7.65,-12.61,0.35,0.19,0.43,-124.53,-69.75,-11.04,1
1746816816.532598,-2.0,-0.5,-0.65,-15.06,-14.26,-12.6,0.32,0.15,0.39,-113.89,-71.04,-12.81,1
1746816816.547944,-2.0,-0.52,-0.63,-15.37,-15.15,-12.98,0.32,0.03,0.33,-95.46,-80.83,-13.13,1
1746816816.562357,-2.0,-0.51,-0.62,-17.9,-12.6,-15.22,0.31,-0.0,0.23,-71.38,-75.72,-14.73,1
1746816816.577416,-2.0,-0.49,-0.62,-17.92,-11.56,-16.25,0.41,0.02,0.12,-44.94,-64.42,-19.66,1
1746816816.59222,-2.0,-0.5,-0.63,-18.86,-11.18,-18.75,0.39,0.03,0.04,-34.48,-81.36,-17.44,1
1746816816.607228,-2.0,-0.51,-0.64,-20.41,-11.96,-20.11,0.47,0.11,-0.1,-39.28,-67.6,-17.63,1
1746816816.622498,-2.0,-0.51,-0.65,-22.32,-14.41,-21.92,0.47,0.01,-0.14,-48.33,-63.28,-14.08,1
1746816816.636571,-2.0,-0.52,-0.66,-23.05,-15.37,-23.19,0.59,-0.04,-0.21,-37.31,-60.53,-1.35,1
1746816816.652406,-2.0,-0.54,-0.68,-24.34,-12.53,-23.53,0.65,-0.12,-0.32,-40.4,-47.56,-0.31,1
1746816816.667169,-2.0,-0.55,-0.69,-24.34,-9.79,-20.32,0.49,-0.05,-0.21,-44.74,-23.02,-1.8,1
1746816816.68204,-2.0,-0.47,-0.71,-24.22,-2.46,-11.71,0.15,-0.04,0.1,-39.31,-74.95,-6.07,1
1746816816.69816,-2.0,-0.58,-0.68,-25.05,-4.85,-9.79,0.34,-0.1,0.17,-23.75,-63.44,-0.18,1
1746816816.712169,-2.0,-0.6,-0.7,-25.47,-1.47,-4.31,0.91,0.0,-0.11,-35.34,-53.72,-1.79,1
1746816816.726593,-2.0,-0.63,-0.69,-21.81,-0.14,2.27,1.14,-0.21,-0.27,-31.45,-39.89,-8.14,1
1746816816.741564,-2.0,-0.64,-0.68,-18.41,3.31,7.55,0.5,-0.08,0.09,-32.63,-75.91,-2.52,1
1746816816.766849,-2.0,-0.63,-0.68,-17.17,6.24,10.73,1.14,-0.14,-0.42,-46.64,-40.29,-1.05,1
1746816816.771619,-2.0,-0.64,-0.68,-15.65,8.7,13.44,0.95,-0.09,-0.02,-98.19,-81.29,-8.91,1
1746816816.78649,-2.0,-0.64,-0.67,-13.01,9.06,15.85,0.7,-0.1,0.17,-101.43,-54.53,-12.93,1
1746816816.802081,-2.0,-0.63,-0.67,-10.34,9.68,16.94,0.86,-0.2,-0.08,-50.14,11.11,-10.27,1
1746816816.81723,-2.0,-0.61,-0.66,-8.11,9.41,16.01,0.98,-0.25,-0.15,-57.45,1.5,-20.05,1
1746816816.832569,-2.0,-0.61,-0.65,-6.5,8.63,13.18,0.85,-0.16,0.1,-36.11,-15.22,-10.52,1
1746816816.849232,-2.0,-0.6,-0.66,-4.77,6.2,9.73,0.76,-0.12,0.2,-18.98,0.58,-12.91,1
1746816816.862469,-2.0,-0.57,-0.66,-3.37,2.77,5.98,0.94,-0.1,0.02,6.9,41.49,-7.36,1
1746816816.877318,-2.0,-0.58,-0.67,-2.89,2.37,2.22,1.03,-0.16,-0.15,30.74,34.62,1.26,1
1746816816.892501,-2.0,-0.57,-0.67,-2.61,2.93,1.5,0.82,-0.01,0.15,29.53,44.11,1.56,1
1746816816.907298,-2.0,-0.57,-0.68,-2.61,4.94,1.7,0.92,0.01,0.09,28.98,50.05,4.89,1
1746816816.922235,-2.0,-0.56,-0.67,-2.92,6.31,2.42,0.85,0.0,0.18,7.17,29.82,3.86,1
1746816816.937589,-2.0,-0.57,-0.69,-2.22,5.51,3.56,0.88,-0.07,0.12,0.65,24.36,2.76,1
1746816816.9511,-2.0,-0.58,-0.68,-0.59,3.98,6.38,0.89,-0.09,0.12,-1.13,8.04,1.55,1
1746816816.967225,-2.0,-0.56,-0.69,1.04,5.17,7.98,0.9,-0.04,0.12,5.79,8.61,1.08,1
1746816816.98223,-2.0,-0.55,-0.69,0.23,6.49,7.01,0.91,0.02,0.15,2.05,9.37,0.76,1
1746816816.998188,-2.0,-0.55,-0.68,1.66,4.11,5.47,0.92,0.06,0.13,-4.37,12.02,1.42,1
1746816817.012419,-2.0,-0.53,-0.69,2.18,1.55,2.98,0.83,0.02,0.18,-4.02,27.72,4.21,1
1746816817.027284,-2.0,-0.53,-0.68,2.85,0.48,1.36,0.8,0.0,0.17,4.21,24.76,7.05,1
1746816817.04226,-2.0,-0.52,-0.68,2.6,0.24,0.57,0.79,0.0,0.14,15.83,29.12,10.41,1
1746816817.056439,-2.0,-0.51,-0.69,2.95,1.08,-0.26,0.8,0.03,0.13,22.4,29.88,12.2,1
1746816817.072197,-2.0,-0.5,-0.67,3.02,-0.27,-1.83,0.77,0.08,0.09,24.02,35.15,12.75,1
1746816817.086438,-2.0,-0.48,-0.67,3.81,-1.27,-4.28,0.69,0.11,0.1,21.63,37.63,9.89,1
1746816817.101082,-2.0,-0.48,-0.65,3.78,-2.59,-7.69,0.69,0.13,0.05,21.61,43.64,15.34,1
1746816817.116859,-2.0,-0.45,-0.65,2.76,-6.86,-12.43,0.64,0.13,0.05,18.37,26.85,25.4,1
1746816817.131793,-2.0,-0.41,-0.66,1.36,-11.36,-18.77,0.65,0.16,0.01,31.94,59.6,34.71,1
1746816817.146634,-2.0,-0.35,-0.64,-4.37,-17.88,-27.06,0.54,0.18,-0.0,27.78,61.72,45.28,1
1746816817.161864,-2.0,-0.38,-0.67,-14.06,-20.0,-32.47,0.4,0.12,0.02,22.34,61.92,50.28,1
1746816817.176826,-2.0,-0.6,-0.65,-9.0,-11.21,-26.95,0.4,0.05,0.02,31.39,70.46,56.51,1
1746816817.191488,-2.0,-0.51,-0.67,-3.69,-5.56,-18.42,0.29,-0.03,0.09,48.1,63.31,59.12,1
1746816817.206725,-2.0,-0.48,-0.66,0.01,4.13,-11.64,0.31,-0.05,0.1,59.79,57.6,56.65,1
1746816817.222273,-2.0,-0.44,-0.7,-1.91,11.53,-6.53,0.49,-0.02,-0.01,60.37,65.55,51.24,1
1746816817.236991,-2.0,-0.41,-0.72,-5.73,13.41,-3.0,0.51,0.03,-0.01,52.79,95.26,43.8,1
1746816817.251244,-2.0,-0.42,-0.72,-10.39,11.29,0.05,0.38,0.08,0.1,39.71,124.5,41.22,1
1746816817.266479,-2.0,-0.44,-0.71,-13.92,12.85,3.53,0.36,-0.02,0.14,22.95,135.5,44.5,1
1746816817.282059,-2.0,-0.48,-0.67,-14.25,14.68,7.73,0.23,-0.14,0.29,24.81,143.72,47.27,1
1746816817.296125,-2.0,-0.49,-0.66,-11.71,18.1,9.78,0.25,-0.26,0.34,46.71,129.7,45.84,1
1746816817.312434,-2.0,-0.5,-0.69,-8.93,13.81,9.53,0.43,-0.27,0.29,75.74,110.39,46.47,1
1746816817.327585,-2.0,-0.47,-0.69,-8.73,7.43,7.38,0.53,-0.22,0.22,95.05,106.76,43.47,1
1746816817.342237,-2.0,-0.46,-0.7,-10.23,0.21,4.95,0.43,-0.15,0.24,104.14,123.94,38.53,0
1746816817.356484,-2.0,-0.47,-0.69,-12.07,-1.44,2.58,0.34,-0.21,0.34,102.98,129.02,31.26,0
1746816817.371924,-2.0,-0.48,-0.67,-13.67,-0.38,-0.07,0.41,-0.23,0.38,116.34,148.17,20.45,0
1746816817.386467,-2.0,-0.5,-0.7,-13.96,0.95,-1.53,0.49,-0.25,0.43,141.21,138.83,8.95,0
1746816817.402263,-2.0,-0.54,-0.72,-12.71,0.47,-0.32,0.56,-0.22,0.4,158.56,123.64,-2.98,0
1746816817.417555,-2.0,-0.53,-0.75,-12.43,-2.35,-0.3,0.53,-0.15,0.36,174.61,135.13,-14.42,0
1746816817.43222,-2.0,-0.52,-0.74,-12.99,-5.55,-1.83,0.43,-0.11,0.36,179.37,136.75,-26.84,0
1746816817.447227,-2.0,-0.52,-0.7,-14.53,-5.71,-4.22,0.33,-0.08,0.49,184.34,130.08,-42.36,0
1746816817.4622,-2.0,-0.53,-0.71,-15.86,-4.63,-6.13,0.37,0.03,0.51,188.03,131.92,-66.44,0
1746816817.476704,-2.0,-0.55,-0.7,-15.5,-4.11,-3.5,0.29,0.09,0.57,189.78,127.5,-93.06,0
1746816817.492292,-2.0,-0.56,-0.7,-15.4,-5.45,-2.02,0.28,0.18,0.49,193.45,133.55,-114.11,0
1746816817.507003,-2.0,-0.55,-0.7,-15.33,-6.37,-3.29,0.16,0.26,0.43,205.78,125.5,-129.69,0
1746816817.522286,-2.0,-0.54,-0.68,-15.25,-7.74,-5.76,0.06,0.44,0.39,219.66,119.37,-135.32,0
1746816817.536216,-2.0,-0.54,-0.68,-14.93,-9.99,-6.6,-0.08,0.7,0.38,233.64,91.44,-130.57,0
1746816817.552426,-2.0,-0.54,-0.69,-13.2,-11.29,-5.28,-0.31,0.99,0.44,191.19,-27.68,-140.84,0
1746816817.567282,-2.0,-0.53,-0.71,-13.63,-12.24,-3.56,-0.28,1.07,0.38,158.64,77.56,-155.19,0
1746816817.582081,-2.0,-0.53,-0.7,-15.27,-12.53,-2.68,-0.26,0.99,0.34,123.13,65.0,-157.35,0
1746816817.597383,-2.0,-0.59,-0.69,-15.86,-11.12,-1.02,-0.3,0.99,0.43,116.59,67.13,-150.56,0
1746816817.612337,-2.0,-0.57,-0.66,-13.73,-21.05,1.54,-0.28,0.96,0.46,110.77,64.52,-153.2,0
1746816817.626716,-2.0,-0.61,-0.72,-7.16,-7.9,1.47,-0.36,0.95,0.58,108.36,117.72,-161.63,0
1746816817.642318,-2.0,-0.65,-0.64,-19.86,-21.79,-2.08,-0.45,0.94,0.6,99.1,123.97,-162.53,0
1746816817.657239,-2.0,-0.54,-0.71,-6.64,-14.08,4.85,-0.63,0.88,0.67,119.93,100.05,-147.06,0
1746816817.672253,-2.0,-0.52,-0.64,-15.48,-6.98,3.58,-0.59,0.89,0.56,147.91,93.88,-141.76,0
1746816817.686983,-2.0,-0.53,-0.64,-19.29,-12.35,10.31,-0.57,0.86,0.45,159.15,68.88,-130.24,0
1746816817.701856,-2.0,-0.56,-0.62,-15.26,-6.46,14.71,-0.63,0.76,0.35,189.21,47.66,-122.13,0
1746816817.71754,-2.0,-0.54,-0.62,-16.62,-3.03,15.63,-0.66,0.78,0.27,217.99,51.33,-112.64,0
1746816817.732201,-2.0,-0.55,-0.65,-21.02,-10.14,14.27,-0.77,0.93,0.3,194.37,44.32,-114.67,0
1746816817.746693,-2.0,-0.55,-0.65,-16.23,-10.85,13.25,-0.95,1.19,0.28,147.7,31.27,-125.31,0
1746816817.762274,-2.0,-0.52,-0.7,-19.67,4.81,5.4,-0.94,1.43,0.3,87.14,33.68,-150.44,0
1746816817.776497,-2.0,-0.54,-0.67,-20.41,-4.06,5.84,-0.92,1.36,0.33,23.81,12.16,-147.15,0
1746816817.791429,-2.0,-0.58,-0.68,-15.74,-1.68,5.83,-0.87,1.17,0.31,-0.92,-4.82,-129.05,0
1746816817.807312,-2.0,-0.58,-0.68,-15.95,-1.27,5.73,-0.86,1.01,0.29,-5.63,-13.84,-115.85,0
1746816817.821364,-2.0,-0.59,-0.7,-12.5,-3.11,7.05,-0.84,0.9,0.26,8.74,-17.56,-111.07,0
1746816817.837244,-2.0,-0.58,-0.68,-13.79,-8.09,6.21,-0.87,0.94,0.33,33.45,-14.16,-104.76,0
1746816817.851068,-2.0,-0.57,-0.7,-8.18,-1.77,5.76,-0.91,0.89,0.37,50.4,-23.73,-89.36,0
1746816817.867437,-2.0,-0.55,-0.67,-7.11,0.28,3.61,-0.93,0.89,0.38,62.82,-44.74,-77.92,0
1746816817.882083,-2.0,-0.56,-0.67,-6.46,0.79,1.54,-0.84,0.92,0.35,67.53,-42.7,-74.31,0
1746816817.897258,-2.0,-0.54,-0.68,-3.96,6.7,0.89,-0.77,0.89,0.32,58.46,-28.59,-84.81,0
1746816817.91242,-2.0,-0.55,-0.66,-1.13,10.76,2.31,-0.75,0.77,0.28,61.69,-15.4,-104.51,0
1746816817.926261,-2.0,-0.52,-0.67,-1.06,7.4,5.45,-0.77,0.69,0.2,80.62,2.6,-122.47,0
1746816817.941381,-2.0,-0.5,-0.67,-0.46,2.23,10.23,-0.86,0.75,0.23,107.27,7.44,-129.92,0
1746816817.956863,-2.0,-0.5,-0.67,-2.76,1.33,11.72,-0.88,0.88,0.14,123.31,26.74,-130.95,0
1746816817.972037,-2.0,-0.49,-0.68,-3.95,-0.66,11.26,-0.91,1.14,0.13,99.53,13.06,-122.95,0
1746816817.986319,-2.0,-0.48,-0.68,-3.34,-1.5,7.39,-0.95,1.25,0.12,60.25,37.5,-114.43,0
1746816818.001229,-2.0,-0.48,-0.73,-3.85,-3.51,1.6,-0.98,1.18,0.06,6.18,24.43,-112.46,0
1746816818.016862,-2.0,-0.47,-0.73,-3.24,-1.34,-4.11,-0.97,1.02,0.04,-50.21,15.26,-113.99,0
1746816818.032325,-2.0,-0.46,-0.74,-6.62,-1.01,-9.66,-0.91,0.88,-0.03,-56.89,29.81,-115.5,0
1746816818.047334,-2.0,-0.47,-0.72,-9.13,-3.02,-10.68,-0.91,0.86,0.0,-48.69,47.79,-111.44,0
1746816818.062106,-2.0,-0.5,-0.7,-7.34,1.47,-6.84,-0.9,0.8,0.02,-44.83,60.21,-110.07,0
1746816818.076792,-2.0,-0.51,-0.71,-3.34,5.94,1.19,-0.92,0.82,0.07,-33.2,68.1,-106.53,0
1746816818.092373,-2.0,-0.5,-0.67,-2.48,10.99,7.49,-0.95,0.85,0.12,-49.46,54.2,-87.92,0
1746816818.10675,-2.0,-0.5,-0.68,-1.93,11.57,13.34,-0.96,0.84,0.12,-63.64,45.31,-85.3,0
1746816818.122233,-2.0,-0.51,-0.68,-0.48,16.95,14.91,-0.93,0.82,0.11,-64.52,43.56,-73.59,0
1746816818.137132,-2.0,-0.5,-0.65,0.2,14.1,16.29,-0.89,0.73,0.07,-51.44,40.87,-53.69,0
1746816818.151367,-2.0,-0.5,-0.67,0.52,9.57,16.28,-0.86,0.66,0.04,-32.76,50.42,-32.78,0
1746816818.167354,-2.0,-0.49,-0.71,0.37,12.85,13.47,-0.89,0.59,0.07,-16.47,39.31,-19.87,0
1746816818.182187,-2.0,-0.5,-0.69,0.2,10.42,10.13,-0.88,0.53,0.02,-7.27,35.62,-17.87,0
1746816818.19714,-2.0,-0.5,-0.71,1.37,7.37,6.81,-0.87,0.49,-0.0,-0.06,25.73,-19.04,0
1746816818.212084,-2.0,-0.49,-0.72,2.9,11.37,2.33,-0.91,0.47,0.01,11.62,30.45,-16.44,0
1746816818.227481,-2.0,-0.5,-0.7,4.15,7.82,1.04,-0.87,0.45,-0.08,15.56,43.09,-12.43,0
1746816818.242205,-2.0,-0.49,-0.71,5.83,8.5,0.9,-0.89,0.43,-0.1,25.55,62.39,-3.71,0
1746816818.256499,-2.0,-0.48,-0.71,5.36,8.78,0.2,-0.9,0.42,-0.12,40.11,60.24,9.15,0
1746816818.271687,-2.0,-0.47,-0.7,4.4,8.4,0.4,-0.97,0.41,-0.1,53.76,55.73,16.55,0
1746816818.286665,-2.0,-0.47,-0.7,3.69,10.59,-0.17,-1.0,0.4,-0.08,50.61,-2.11,12.3,0
1746816818.301339,-2.0,-0.46,-0.7,3.27,12.49,0.5,-0.88,0.41,-0.21,50.85,7.67,18.25,0
1746816818.3166,-2.0,-0.47,-0.7,3.56,9.96,3.08,-0.91,0.41,-0.19,49.94,-1.31,18.36,0
1746816818.33203,-2.0,-0.46,-0.7,3.56,8.69,4.6,-0.87,0.4,-0.22,49.63,-15.46,17.77,0
1746816818.347285,-2.0,-0.44,-0.69,3.16,7.24,5.41,-0.85,0.4,-0.26,44.84,-6.87,15.79,0
1746816818.362,-2.0,-0.44,-0.68,-1.21,4.81,5.07,-0.87,0.41,-0.24,32.23,-10.05,9.58,0
1746816818.376684,-2.0,-0.47,-0.69,-5.73,4.47,5.66,-0.86,0.43,-0.23,17.91,-5.13,3.14,0
1746816818.392507,-2.0,-0.51,-0.68,-8.23,4.93,6.37,-0.86,0.44,-0.23,5.33,-12.96,-2.5,0
1746816818.40131,-2.0,-0.59,-0.67,-6.92,8.53,7.74,-0.87,0.44,-0.2,-7.8,-19.67,-5.55,0
1746816818.422208,-2.0,-0.64,-0.69,-1.04,10.4,10.15,-0.84,0.44,-0.24,-21.83,-9.94,-4.15,0
1746816818.437037,-2.0,-0.68,-0.72,7.76,15.04,10.96,-0.83,0.4,-0.23,-30.36,11.33,-2.73,0
1746816818.451332,-2.0,-0.64,-0.7,14.63,11.67,8.18,-0.84,0.39,-0.22,-38.18,29.22,-2.0,0
1746816818.467394,-2.0,-0.7,-0.75,16.89,5.97,1.38,-0.82,0.36,-0.25,-35.88,70.88,0.07,0
1746816818.481853,-2.0,-0.55,-0.71,17.78,1.21,-5.05,-0.98,0.37,-0.09,-11.82,49.9,-4.15,0
1746816818.505373,-2.0,-0.58,-0.68,-0.08,3.02,-20.83,-0.96,0.35,-0.13,14.95,-22.44,-2.97,0
1746816818.523982,-2.0,-0.6,-0.67,12.78,-12.05,-9.82,-0.89,0.37,-0.18,38.55,-44.6,6.71,0
1746816818.526505,-2.0,-0.57,-0.68,10.72,3.5,-9.12,-0.85,0.39,-0.24,31.25,-28.11,13.23,0
1746816818.541365,-2.0,-0.54,-0.68,4.87,1.31,-4.26,-0.87,0.4,-0.22,22.8,-4.15,14.4,1
1746816818.555652,-2.0,-0.55,-0.66,8.34,-0.41,5.08,-0.87,0.43,-0.21,8.56,13.67,9.09,1
1746816818.571021,-2.0,-0.49,-0.65,0.68,4.96,6.85,-0.79,0.43,-0.33,13.06,22.73,10.66,1
1746816818.587265,-2.0,-0.47,-0.65,-11.56,4.46,6.65,-0.96,0.54,-0.1,17.71,12.24,9.52,1
1746816818.601985,-2.0,-0.51,-0.64,-13.34,4.54,9.38,-0.91,0.53,-0.16,-14.38,9.37,5.49,1
1746816818.618219,-2.0,-0.55,-0.66,-13.6,12.44,11.81,-0.93,0.57,-0.13,-26.29,9.99,1.45,1
1746816818.633362,-2.0,-0.54,-0.65,-13.1,5.75,17.5,-0.91,0.6,-0.11,-33.63,2.84,11.72,1
1746816818.647353,-2.0,-0.53,-0.66,-5.64,-0.27,22.44,-0.95,0.59,-0.09,-20.95,-2.76,20.19,1
1746816818.661962,-2.0,-0.5,-0.68,-9.35,-2.24,20.98,-0.99,0.65,-0.03,-11.12,-11.5,27.26,1
1746816818.677113,-2.0,-0.52,-0.69,-13.13,-3.95,18.58,-0.93,0.79,-0.0,-13.12,-8.11,36.29,1
1746816818.692231,-2.0,-0.53,-0.67,-15.68,-0.87,14.88,-0.95,0.78,-0.02,-15.68,-19.95,42.76,1
1746816818.707134,-2.0,-0.56,-0.67,-14.3,-0.44,14.97,-1.06,0.82,0.15,-17.4,-39.15,46.25,1
1746816818.722,-2.0,-0.57,-0.65,-13.57,0.98,15.76,-0.93,0.75,0.0,-16.93,-35.25,55.24,1
1746816818.737654,-2.0,-0.56,-0.66,-12.69,-0.2,17.13,-0.92,0.78,0.05,-27.21,-28.82,61.53,1
1746816818.751353,-2.0,-0.55,-0.66,-10.64,0.21,18.96,-0.91,0.82,0.09,-34.84,-20.15,72.95,1
1746816818.765742,-2.0,-0.53,-0.65,-10.55,0.15,20.17,-0.94,0.81,0.16,-29.77,-10.81,79.31,1
1746816818.782114,-2.0,-0.51,-0.66,-10.56,0.88,20.06,-0.91,0.87,0.19,-28.24,-28.76,86.46,1
1746816818.797273,-2.0,-0.5,-0.66,-11.47,0.69,19.64,-0.95,0.88,0.23,-12.4,-40.23,99.79,1
1746816818.812102,-2.0,-0.51,-0.68,-12.54,0.34,19.73,-1.0,0.96,0.28,-1.92,-79.5,106.85,1
1746816818.827167,-2.0,-0.51,-0.67,-14.62,1.64,20.35,-0.99,1.02,0.29,5.96,-79.66,114.44,1
1746816818.842777,-2.0,-0.53,-0.68,-14.21,1.45,23.11,-0.91,1.09,0.25,2.79,-85.04,122.34,1
1746816818.857036,-2.0,-0.52,-0.69,-13.82,2.02,26.05,-0.95,1.19,0.29,-5.5,-79.45,131.64,1
1746816818.872128,-2.0,-0.52,-0.69,-14.26,2.74,28.34,-0.93,1.24,0.21,-13.16,-52.64,145.22,1
1746816818.886892,-2.0,-0.52,-0.7,-15.43,2.34,29.25,-1.1,1.35,0.37,-9.55,-70.41,157.21,1
1746816818.900985,-2.0,-0.52,-0.68,-15.89,1.99,28.0,-1.03,1.39,0.33,-25.0,-101.01,167.3,1
1746816818.916948,-2.0,-0.51,-0.63,-17.69,-0.75,24.9,-1.02,1.4,0.34,-23.72,-78.66,181.82,1
1746816818.932086,-2.0,-0.52,-0.69,-15.79,5.41,23.72,-1.16,1.44,0.46,-14.24,-90.27,196.87,1
1746816818.941354,-2.0,-0.53,-0.69,-15.77,6.98,23.22,-1.19,1.45,0.42,5.08,-134.8,210.32,1
1746816818.962067,-2.0,-0.55,-0.68,-13.31,6.59,24.63,-1.23,1.52,0.46,23.13,-215.47,222.79,1
1746816818.977348,-2.0,-0.54,-0.69,-11.14,4.46,25.58,-0.51,1.55,-0.24,1.46,-144.96,246.18,1
1746816818.99234,-2.0,-0.52,-0.69,-9.94,3.47,24.3,-1.18,1.61,0.4,-42.02,-131.82,250.13,1
1746816819.006594,-2.0,-0.53,-0.68,-10.72,6.1,20.93,-1.06,1.44,0.31,-48.05,-125.27,250.13,1
1746816819.021278,-2.0,-0.52,-0.79,-9.9,5.19,19.39,-1.0,1.37,0.31,-57.8,-132.34,250.13,1
1746816819.037102,-2.0,-0.51,-0.76,-9.87,7.02,16.31,-0.93,1.29,0.28,-73.75,-146.59,250.13,1
1746816819.052116,-2.0,-0.53,-0.67,-7.08,6.84,14.6,-0.77,1.2,0.26,-90.56,-144.69,250.13,1
1746816819.06781,-2.0,-0.52,-0.68,-5.05,6.31,13.21,-0.7,1.13,0.28,-98.53,-142.21,250.13,1
1746816819.0823,-2.0,-0.52,-0.67,-3.67,6.76,11.64,-0.65,1.05,0.25,-98.11,-129.3,243.66,1
1746816819.096589,-2.0,-0.53,-0.67,-2.33,7.15,10.5,-0.62,0.98,0.27,-87.65,-131.92,232.57,1
1746816819.1113,-2.0,-0.53,-0.67,-1.88,8.56,8.21,-0.52,0.93,0.22,-74.92,-139.17,231.16,1
1746816819.126677,-2.0,-0.51,-0.67,-2.14,6.78,5.71,-0.39,0.93,0.23,-85.5,-143.92,236.71,1
1746816819.141366,-2.0,-0.53,-0.67,-1.73,5.91,2.54,-0.27,0.86,0.18,-99.98,-143.87,234.11,1
1746816819.157414,-2.0,-0.54,-0.67,-0.28,4.04,0.05,0.09,0.99,-0.08,-87.8,-145.56,237.04,1
1746816819.172252,-2.0,-0.52,-0.69,1.71,2.67,-2.54,-1.19,0.04,0.63,-117.1,-198.38,219.45,1
1746816819.187112,-2.0,-0.5,-0.69,2.91,0.01,-5.0,0.09,0.6,0.13,-61.33,-46.85,155.36,1
1746816819.217562,-2.0,-0.49,-0.7,3.3,-0.21,-7.58,0.14,0.7,-0.11,-185.52,-118.85,183.73,1
1746816819.219574,-2.0,-0.5,-0.7,3.74,-0.66,-9.3,-0.11,0.56,0.3,-133.69,-113.51,174.08,1
1746816819.231306,-2.0,-0.48,-0.69,4.08,-0.81,-10.54,0.03,0.29,0.23,-149.14,-160.74,180.03,1
1746816819.246633,-2.0,-0.47,-0.69,2.79,-0.11,-10.91,-0.17,0.22,0.59,-74.18,-155.86,169.47,1
1746816819.262229,-2.0,-0.45,-0.68,0.56,2.5,-11.73,0.14,-0.02,0.06,-26.67,-35.95,123.86,1
1746816819.277152,-2.0,-0.47,-0.67,-0.36,3.08,-12.6,-0.01,0.39,0.41,-69.03,-106.44,139.96,1
1746816819.292308,-2.0,-0.47,-0.68,-0.93,0.49,-12.53,0.73,0.4,-0.01,-52.4,23.34,112.44,1
1746816819.307075,-2.0,-0.46,-0.67,-2.48,-2.21,-11.99,0.56,0.41,-0.34,-74.08,-83.32,140.65,1
1746816819.322537,-2.0,-0.46,-0.66,-4.24,-4.34,-11.89,0.87,0.34,-0.54,-134.6,1.36,106.78,1
1746816819.33753,-2.0,-0.46,-0.66,-6.08,-6.27,-12.3,0.19,0.4,0.33,-159.9,-57.6,85.53,1
1746816819.35242,-2.0,-0.46,-0.69,-7.66,-8.21,-14.24,0.62,0.32,0.06,-150.55,-25.44,90.41,1
1746816819.368091,-2.0,-0.47,-0.7,-9.34,-9.89,-15.33,0.73,0.17,-0.16,-138.11,-7.48,98.56,1
1746816819.383222,-2.0,-0.47,-0.72,-12.1,-9.34,-14.97,0.92,0.1,-0.29,-138.53,-20.56,93.18,1
1746816819.397306,-2.0,-0.49,-0.71,-13.14,-8.29,-11.66,0.89,0.0,-0.27,-138.12,57.76,70.14,1
1746816819.413605,-2.0,-0.49,-0.71,-13.66,-9.17,-6.69,0.64,-0.08,-0.02,-117.8,19.92,61.34,1
1746816819.427619,-2.0,-0.49,-0.72,-14.58,-10.27,-3.39,0.65,-0.01,0.08,-141.46,29.14,28.03,1
1746816819.443284,-2.0,-0.49,-0.71,-16.59,-12.44,-3.49,0.34,-0.12,0.22,-121.38,-64.76,29.29,1
1746816819.457171,-2.0,-0.48,-0.69,-18.75,-13.45,-5.37,0.67,0.03,0.08,-132.71,1.83,9.58,1
1746816819.472422,-2.0,-0.48,-0.66,-21.07,-13.18,-6.53,0.45,-0.03,0.16,-122.77,31.4,7.77,1
1746816819.487048,-2.0,-0.49,-0.63,-22.52,-13.53,-5.18,0.45,-0.08,0.18,-126.76,60.89,-8.85,1
1746816819.501273,-2.0,-0.5,-0.62,-23.63,-13.82,-3.63,0.27,-0.08,0.3,-138.23,30.93,-24.7,1
1746816819.51833,-2.0,-0.51,-0.61,-23.83,-14.34,-2.21,0.19,-0.16,0.28,-121.14,-41.15,-30.76,1
1746816819.533389,-2.0,-0.51,-0.61,-24.31,-15.72,-1.8,0.28,-0.16,0.18,-85.68,-72.02,-22.54,1
1746816819.547026,-2.0,-0.51,-0.65,-24.98,-16.99,-3.08,0.45,-0.11,0.02,-66.34,-82.55,-19.42,1
1746816819.562057,-2.0,-0.53,-0.66,-25.21,-17.13,-5.21,0.63,-0.06,-0.18,-43.83,-41.21,-2.85,1
1746816819.57714,-2.0,-0.54,-0.69,-25.49,-15.21,-7.66,0.56,-0.05,-0.11,-37.97,19.73,-3.8,1
1746816819.591327,-2.0,-0.55,-0.71,-26.28,-10.37,-9.18,0.39,-0.1,-0.03,-19.45,-85.06,3.23,1
1746816819.607489,-2.0,-0.58,-0.72,-26.15,-4.98,-8.7,0.51,-0.1,-0.18,-30.38,-177.65,2.85,1
1746816819.622254,-2.0,-0.61,-0.71,-24.6,-1.06,-5.16,0.66,0.01,-0.16,-51.17,60.97,-0.63,1
1746816819.636445,-2.0,-0.63,-0.7,-21.47,2.06,0.12,0.61,-0.21,-0.16,-68.5,16.69,3.27,1
1746816819.652153,-2.0,-0.62,-0.7,-18.23,4.4,5.47,0.9,-0.23,-0.35,-45.22,97.3,16.35,1
1746816819.667602,-2.0,-0.61,-0.68,-15.82,6.87,8.82,0.71,-0.31,-0.08,-45.07,87.94,13.14,1
1746816819.682301,-2.0,-0.6,-0.67,-13.33,8.98,10.5,0.66,-0.29,0.02,-60.02,57.11,-5.87,1
1746816819.697151,-2.0,-0.6,-0.66,-10.21,9.41,11.34,0.81,-0.38,-0.05,-36.05,36.24,4.37,1
1746816819.712112,-2.0,-0.57,-0.65,-7.85,8.27,10.69,0.69,-0.4,0.07,-22.88,6.49,3.76,1
1746816819.726576,-2.0,-0.56,-0.65,-6.25,7.1,9.59,0.88,-0.41,-0.04,-5.24,19.47,13.34,1
1746816819.742684,-2.0,-0.56,-0.64,-4.65,4.31,8.41,0.8,-0.4,0.06,3.83,-17.07,8.72,1
1746816819.75661,-2.0,-0.55,-0.66,-3.94,2.21,6.8,0.69,-0.4,0.16,19.89,-108.19,11.95,1
1746816819.772253,-2.0,-0.55,-0.66,-3.34,0.67,5.18,0.63,-0.32,0.16,48.97,-227.27,21.44,1
1746816819.786302,-2.0,-0.55,-0.67,-2.73,0.36,3.91,0.32,-0.26,0.04,-23.05,-227.68,30.41,1
1746816819.80234,-2.0,-0.56,-0.68,-1.65,1.77,3.69,0.74,-0.19,0.12,3.35,78.02,-9.8,1
1746816819.817339,-2.0,-0.56,-0.67,-0.46,2.51,4.4,0.98,-0.18,-0.1,-4.02,10.66,-2.79,1
1746816819.833357,-2.0,-0.57,-0.7,1.65,3.35,5.76,0.83,-0.18,0.13,-16.15,-8.27,-1.76,1
1746816819.847534,-2.0,-0.55,-0.71,2.81,3.98,5.26,0.82,-0.21,0.13,-30.47,-17.44,-11.16,1
1746816819.862138,-2.0,-0.56,-0.72,4.42,5.52,4.63,0.97,-0.23,0.03,-19.09,-1.36,-10.53,1
1746816819.877078,-2.0,-0.55,-0.73,6.01,5.77,4.25,0.91,-0.17,0.1,-13.32,19.19,-20.09,1
1746816819.892343,-2.0,-0.53,-0.74,6.88,5.73,3.53,1.01,-0.18,0.05,-5.46,38.45,-24.79,1
1746816819.901307,-2.0,-0.52,-0.74,7.19,5.89,3.79,0.96,-0.11,0.14,-5.83,41.07,-27.42,1
1746816819.922206,-2.0,-0.51,-0.71,7.22,6.3,5.99,0.91,-0.09,0.19,-11.5,39.98,-32.89,1
1746816819.936282,-2.0,-0.5,-0.68,7.25,7.09,8.69,0.88,-0.11,0.2,-2.4,27.47,-30.15,1
1746816819.951788,-2.0,-0.49,-0.67,6.82,8.73,10.42,0.92,-0.12,0.13,16.1,43.6,-26.79,1
1746816819.967595,-2.0,-0.5,-0.66,7.14,7.07,13.73,0.9,-0.08,0.11,28.08,32.79,-23.95,1
1746816819.982161,-2.0,-0.49,-0.65,7.34,6.45,16.15,0.88,0.01,0.12,24.59,29.02,-22.64,1
1746816819.996577,-2.0,-0.47,-0.67,6.81,5.47,16.34,0.78,-0.02,0.13,19.36,21.46,-23.42,1
1746816820.01112,-2.0,-0.47,-0.68,7.57,5.04,14.42,0.81,0.02,0.08,38.05,30.89,-15.95,1
1746816820.026137,-2.0,-0.47,-0.68,7.55,4.21,9.73,0.76,0.04,0.08,43.72,29.44,-10.15,1
1746816820.041436,-2.0,-0.47,-0.69,7.89,3.34,4.95,0.77,0.03,0.06,57.75,29.55,-2.95,1
1746816820.056557,-2.0,-0.48,-0.69,8.36,2.17,1.43,0.69,0.05,0.1,65.92,26.45,0.34,1
1746816820.071053,-2.0,-0.48,-0.69,9.27,0.42,0.74,0.76,0.04,0.08,73.63,26.5,4.98,1
1746816820.08628,-2.0,-0.51,-0.69,12.05,-1.5,2.05,0.73,0.04,0.07,77.53,31.23,5.74,1
1746816820.102107,-2.0,-0.51,-0.69,13.77,-4.69,4.11,0.7,0.04,0.06,78.02,36.92,3.86,1
1746816820.117672,-2.0,-0.51,-0.69,14.08,-9.73,4.98,0.68,0.02,0.06,83.52,39.13,-0.72,1
1746816820.132379,-2.0,-0.5,-0.69,14.67,-8.47,3.92,0.7,-0.03,-0.01,86.92,42.39,-15.99,1
1746816820.141088,-2.0,-0.48,-0.68,14.81,-7.4,-0.59,0.8,0.03,-0.09,85.12,58.9,-40.63,1
1746816820.162088,-2.0,-0.43,-0.69,14.6,-5.02,-5.81,0.79,0.08,-0.13,67.38,87.24,-71.33,1
1746816820.176393,-2.0,-0.48,-0.68,8.05,-1.92,-10.22,0.81,0.18,-0.2,50.93,122.05,-81.15,1
1746816820.192387,-2.0,-0.48,-0.67,3.11,-0.69,-8.07,0.23,0.04,-0.09,70.91,142.07,-55.29,1
1746816820.206383,-2.0,-0.51,-0.65,-1.7,2.79,-2.02,0.89,0.1,-0.41,15.76,164.2,-56.34,1
1746816820.222419,-2.0,-0.55,-0.63,-3.87,5.61,9.24,0.48,0.12,-0.01,75.34,205.34,-10.11,1
1746816820.236246,-2.0,-0.56,-0.62,-2.73,4.97,20.21,0.28,0.12,0.28,45.73,120.37,0.02,1
1746816820.251959,-2.0,-0.52,-0.64,-1.62,4.75,22.63,0.54,0.08,0.12,34.52,114.45,-6.55,1
1746816820.267917,-2.0,-0.49,-0.66,-2.51,5.98,17.13,0.39,0.01,0.23,40.6,119.13,-12.72,1
1746816820.282064,-2.0,-0.49,-0.66,-3.61,7.93,9.08,0.36,0.04,0.29,62.77,87.98,-5.32,1
1746816820.296518,-2.0,-0.51,-0.66,-3.44,8.78,4.24,0.4,0.03,0.16,93.65,123.79,1.37,1
1746816820.311984,-2.0,-0.52,-0.65,-3.11,7.47,3.61,0.26,0.08,0.26,73.8,115.33,-11.68,1
1746816820.327361,-2.0,-0.51,-0.65,-4.31,3.86,3.57,0.17,0.09,0.29,76.37,114.86,-17.15,0
1746816820.342003,-2.0,-0.57,-0.66,2.77,-10.24,10.82,0.22,0.12,0.23,89.34,121.47,-21.08,0
1746816820.357376,-2.0,-0.59,-0.63,2.55,-0.92,3.97,0.21,0.26,0.21,98.64,126.7,-31.16,0
1746816820.372199,-2.0,-0.49,-0.63,-15.64,0.63,-7.09,0.07,0.39,0.34,96.99,119.33,-37.46,0
1746816820.386612,-2.0,-0.52,-0.68,-12.07,-6.75,-4.38,0.11,0.44,0.29,87.48,129.22,-41.4,0
1746816820.402566,-2.0,-0.51,-0.69,-12.05,-4.96,-3.59,0.13,0.42,0.35,81.79,155.8,-44.32,0
1746816820.417515,-2.0,-0.51,-0.69,-16.24,1.22,-5.53,0.1,0.33,0.42,91.87,147.47,-47.34,0
1746816820.432,-2.0,-0.53,-0.66,-12.97,-0.55,-2.95,0.06,0.26,0.42,112.82,83.74,-46.15,0
1746816820.447082,-2.0,-0.51,-0.66,-16.62,0.58,-4.69,0.26,0.32,0.21,120.52,74.76,-58.06,0
1746816820.462032,-2.0,-0.5,-0.7,-19.71,-3.98,-6.81,0.25,0.44,0.26,135.81,102.79,-64.4,0
1746816820.477098,-2.0,-0.5,-0.7,-20.47,-8.82,-8.29,0.38,0.62,0.29,115.03,145.64,-82.6,0
1746816820.491378,-2.0,-0.5,-0.69,-23.93,-7.05,-12.4,-0.16,0.56,0.82,82.56,9.26,-86.7,0
1746816820.507244,-2.0,-0.53,-0.67,-23.54,-3.46,-13.42,0.34,0.33,-0.01,85.73,149.62,-120.46,0
1746816820.521944,-2.0,-0.55,-0.67,-22.21,1.98,-12.08,-0.24,0.32,0.66,90.1,166.29,-129.06,0
1746816820.537104,-2.0,-0.54,-0.66,-26.39,-4.0,-10.43,-0.35,0.37,0.63,130.46,130.52,-131.07,0
1746816820.551943,-2.0,-0.57,-0.68,-21.72,-7.71,-6.26,-0.36,0.51,0.56,154.27,84.24,-131.82,0
1746816820.567456,-2.0,-0.52,-0.66,-22.07,-9.08,-6.01,-0.66,0.77,0.57,127.02,71.4,-155.57,0
1746816820.582266,-2.0,-0.5,-0.65,-20.98,-12.63,-4.63,-0.23,0.83,0.03,119.37,147.21,-176.85,0
1746816820.597546,-2.0,-0.49,-0.64,-22.65,-11.72,-5.62,-0.58,0.96,0.59,38.34,82.05,-169.58,0
1746816820.612208,-2.0,-0.52,-0.64,-23.3,-12.15,-5.02,-1.0,0.47,0.52,173.44,216.37,-127.43,0
1746816820.627766,-2.0,-0.52,-0.63,-22.89,-12.38,-2.54,-0.32,0.96,-0.07,12.07,142.2,-187.34,0
1746816820.641313,-2.0,-0.53,-0.64,-25.23,-10.82,-2.04,-0.47,0.75,0.18,4.16,134.76,-176.84,0
1746816820.656516,-2.0,-0.53,-0.66,-26.51,-10.84,-1.43,-0.73,0.73,0.45,79.13,83.94,-168.51,0
1746816820.67221,-2.0,-0.54,-0.66,-27.27,-11.37,-2.29,-0.79,0.65,0.45,107.46,75.26,-159.91,0
1746816820.68691,-2.0,-0.53,-0.66,-29.76,-12.11,-4.5,-0.87,0.73,0.41,76.29,90.8,-156.19,0
1746816820.725019,-2.0,-0.54,-0.65,-31.21,-13.39,-6.58,0.61,0.73,-1.25,-23.44,141.72,-180.44,0
1746816820.739152,-2.0,-0.57,-0.66,-27.66,-3.95,-2.76,-1.11,0.87,0.52,-31.82,250.13,-167.12,0
1746816820.754216,-2.0,-0.57,-0.66,-26.17,-1.66,1.78,-1.15,0.53,0.27,-3.02,250.13,-166.2,0
1746816820.769186,-2.0,-0.58,-0.65,-23.63,-3.04,5.08,-1.72,0.52,0.77,83.15,145.66,-139.73,0
1746816820.784605,-2.0,-0.57,-0.67,-22.31,-4.37,5.79,-1.5,0.52,0.48,154.79,-83.82,-114.54,0
1746816820.798512,-2.0,-0.57,-0.64,-21.93,-7.91,4.13,-1.76,0.63,0.76,182.8,-250.14,-112.07,0
1746816820.814254,-2.0,-0.58,-0.69,-18.31,-0.56,2.48,-0.52,0.65,-1.39,228.36,221.09,-114.22,0
1746816820.829128,-2.0,-0.58,-0.69,-16.49,-0.1,1.31,-1.7,0.96,0.74,108.15,63.79,-118.9,0
1746816820.841062,-2.0,-0.57,-0.69,-13.98,0.0,1.15,-1.28,0.88,0.05,96.37,79.76,-143.15,0
1746816820.858562,-2.0,-0.57,-0.69,-12.75,0.37,0.42,-1.32,0.83,0.03,59.41,69.66,-155.89,0
1746816820.873294,-2.0,-0.56,-0.7,-9.44,-3.21,1.51,-1.26,0.67,-0.06,84.83,81.15,-139.36,0
1746816820.888302,-2.0,-0.55,-0.69,-8.95,-4.53,0.06,-1.4,0.81,0.13,113.52,69.69,-122.44,0
1746816820.903586,-2.0,-0.55,-0.72,-8.68,0.89,-1.62,-1.31,0.84,-0.05,136.92,80.52,-117.05,0
1746816820.918358,-2.0,-0.54,-0.69,-8.47,2.6,-0.67,-1.31,1.05,-0.05,135.15,64.67,-116.47,0
1746816820.934362,-2.0,-0.54,-0.7,-8.11,8.24,1.72,-1.3,1.15,-0.1,116.44,53.47,-111.32,0
1746816820.949473,-2.0,-0.54,-0.68,-6.63,10.92,5.32,-1.23,1.2,-0.13,97.19,31.78,-72.76,0
1746816820.964175,-2.0,-0.54,-0.71,-4.56,14.56,8.53,-1.22,1.2,-0.07,64.68,9.48,-47.26,0
1746816820.978542,-2.0,-0.52,-0.7,-5.7,19.21,8.1,-1.09,1.13,-0.11,30.63,-0.81,-19.11,0
1746816820.994245,-2.0,-0.51,-0.69,-6.02,13.02,8.62,-1.02,0.99,-0.09,8.65,-17.16,-0.18,0
1746816821.008575,-2.0,-0.52,-0.7,-6.25,12.43,7.92,-0.95,0.83,-0.1,-5.31,-11.57,-2.49,0
1746816821.023438,-2.0,-0.53,-0.7,-4.82,11.04,8.42,-1.05,0.81,0.17,-74.17,-48.2,-16.06,0
1746816821.038463,-2.0,-0.53,-0.7,-4.0,7.73,9.21,-0.76,0.72,-0.15,-65.26,-35.45,9.44,0
1746816821.053472,-2.0,-0.52,-0.72,-3.18,9.54,9.56,-0.89,0.69,-0.0,24.69,13.24,17.62,0
1746816821.069393,-2.0,-0.52,-0.69,-2.66,10.33,11.67,-1.0,0.66,0.18,6.13,-33.27,0.84,0
1746816821.084311,-2.0,-0.52,-0.69,-2.37,9.05,15.16,-0.8,0.55,-0.04,22.56,-7.02,12.63,0
1746816821.099627,-2.0,-0.52,-0.71,-2.53,9.37,18.84,-0.89,0.44,0.04,62.08,-2.25,1.17,0
1746816821.113896,-2.0,-0.51,-0.7,-2.11,9.27,22.45,-0.8,0.69,-0.01,33.36,-15.64,4.19,0
1746816821.128555,-2.0,-0.46,-0.68,-1.41,9.56,24.9,-0.74,0.66,-0.07,56.61,-9.18,0.36,0
1746816821.143194,-2.0,-0.5,-0.97,-11.34,31.0,19.73,-0.62,0.95,-0.08,11.39,-42.82,4.19,0
1746816821.158452,-2.0,-0.44,-0.55,2.37,18.03,26.03,-1.3,-0.01,-0.01,52.38,-71.08,1.03,0
1746816821.173436,-2.0,-0.53,-0.65,-0.68,21.18,25.47,-0.29,0.42,-0.87,-1.24,161.46,12.59,0
1746816821.189158,-2.0,-0.56,-0.77,-0.82,22.17,26.08,-1.35,0.66,0.51,-14.37,50.41,-5.28,0
1746816821.204025,-2.0,-0.5,-0.7,-4.85,5.02,24.47,-0.27,0.65,-0.35,-12.69,144.45,21.14,0
1746816821.220003,-2.0,-0.55,-0.73,1.28,0.34,28.7,-2.0,1.53,1.19,66.25,250.13,-47.44,0
1746816821.233679,-2.0,-0.58,-0.68,8.27,12.85,27.24,-0.82,0.3,-0.45,93.13,-250.14,2.79,0
1746816821.249127,-2.0,-0.49,-0.69,-0.7,4.79,22.79,-1.69,0.57,0.48,168.95,-225.53,-7.82,0
1746816821.263239,-2.0,-0.49,-0.73,1.96,13.44,19.47,0.78,0.59,-1.64,22.72,6.46,1.45,0
1746816821.27857,-2.0,-0.48,-0.72,1.34,18.51,14.85,-1.09,0.4,0.0,-5.82,89.49,-7.27,0
1746816821.294353,-2.0,-0.5,-0.7,5.14,18.08,16.08,-1.09,0.46,-0.06,19.56,16.6,-23.43,0
1746816821.301566,-2.0,-0.5,-0.7,6.89,1.65,19.09,-0.24,0.59,-0.96,-34.76,-11.18,14.92,0
1746816821.323302,-2.0,-0.49,-0.7,6.96,5.37,18.27,-1.35,0.32,0.11,12.48,-7.86,15.77,0
1746816821.338243,-2.0,-0.47,-0.68,2.76,-0.76,17.85,-1.16,0.2,-0.35,52.62,25.27,1.53,0
1746816821.353246,-2.0,-0.48,-0.7,2.95,1.73,16.22,-0.77,0.53,-0.46,-51.82,-28.6,16.23,0
1746816821.369416,-2.0,-0.47,-0.76,1.16,2.76,14.02,-0.94,0.38,-0.17,-62.61,-64.15,37.69,0
1746816821.384231,-2.0,-0.48,-0.73,5.2,7.71,12.19,-0.79,0.36,-0.2,-67.56,1.27,12.88,0
1746816821.399185,-2.0,-0.46,-0.71,3.61,3.5,10.79,-0.68,0.3,-0.39,-63.54,106.86,11.13,0
1746816821.414503,-2.0,-0.46,-0.7,7.2,0.1,11.39,-1.2,0.22,0.01,-20.85,121.72,-16.47,0
1746816821.429267,-2.0,-0.46,-0.7,4.7,6.79,9.46,-0.64,0.3,-0.62,-0.11,12.13,-5.8,0
1746816821.443965,-2.0,-0.47,-0.69,2.26,5.66,10.47,-0.99,0.33,-0.19,84.31,34.95,24.08,0
1746816821.458325,-2.0,-0.47,-0.7,3.32,9.27,11.98,-1.16,0.4,0.14,92.56,-229.98,16.05,0
1746816821.474265,-2.0,-0.46,-0.69,2.32,8.44,13.37,0.21,0.39,-1.47,31.6,98.82,4.38,0
1746816821.489416,-2.0,-0.45,-0.7,-3.64,8.66,10.21,-1.11,0.51,0.18,-21.86,-36.02,-8.41,0
1746816821.502465,-2.0,-0.46,-0.7,-0.57,2.88,9.58,-0.99,0.36,-0.11,15.64,14.82,-6.11,0
1746816821.519571,-2.0,-0.45,-0.69,-2.52,6.41,3.03,-0.8,0.42,-0.32,-15.62,4.86,-0.94,0
1746816821.534331,-2.0,-0.45,-0.69,-3.49,-0.39,-0.24,-0.97,0.41,-0.13,-48.1,-38.84,5.54,0
1746816821.548579,-2.0,-0.47,-0.68,-2.21,0.35,-3.3,-0.8,0.42,-0.25,-78.86,-14.35,10.33,0
1746816821.563982,-2.0,-0.48,-0.68,-3.92,-4.33,-3.54,-0.81,0.43,-0.28,-66.33,92.29,14.61,0
1746816821.578438,-2.0,-0.48,-0.69,-3.04,-3.5,-0.86,-1.26,0.45,0.27,-39.74,-29.38,-0.04,0
1746816821.59322,-2.0,-0.49,-0.68,-2.28,-3.81,2.6,-0.51,0.45,-0.59,-41.0,23.73,13.37,0
1746816821.608569,-2.0,-0.47,-0.69,-2.39,1.18,3.44,-1.0,0.45,-0.0,-39.38,87.86,4.21,0
1746816821.624218,-2.0,-0.47,-0.68,-4.32,3.08,2.37,-0.92,0.51,-0.13,-5.18,40.69,6.92,0
1746816821.638134,-2.0,-0.48,-0.69,-7.24,5.73,1.71,-1.03,0.53,-0.03,30.16,-4.05,15.27,0
1746816821.653274,-2.0,-0.5,-0.69,-8.7,5.31,2.79,-0.9,0.55,-0.17,50.77,-50.24,31.21,0
1746816821.669402,-2.0,-0.51,-0.71,-10.09,6.93,3.85,-0.86,0.59,-0.17,19.46,14.97,29.63,0
1746816821.683249,-2.0,-0.52,-0.66,-7.89,6.27,7.69,-1.47,0.51,0.18,-5.8,-7.2,14.21,0
1746816821.698404,-2.0,-0.5,-0.7,-8.55,6.96,10.69,-1.54,-0.29,-0.06,100.15,20.58,50.02,0
1746816821.713722,-2.0,-0.5,-0.69,-8.02,7.21,9.44,-0.09,0.74,-1.14,4.39,250.13,42.56,0
1746816821.740412,-2.0,-0.5,-0.67,-9.32,4.91,5.77,-1.19,0.71,0.27,68.2,-88.59,70.26,0
1746816821.741511,-2.0,-0.5,-0.67,-9.92,2.93,1.56,-0.77,0.79,-0.29,70.49,-38.9,65.44,0
1746816821.759006,-2.0,-0.52,-0.71,-10.52,4.31,-2.04,-0.86,1.14,-0.05,10.1,-47.35,53.31,0
1746816821.773202,-2.0,-0.53,-0.68,-10.69,5.7,-2.07,-0.6,1.15,-0.26,-22.52,12.07,54.96,0
1746816821.787899,-2.0,-0.52,-0.68,-10.81,5.56,-0.24,-0.85,1.0,-0.08,1.05,-50.34,64.08,0
1746816821.801687,-2.0,-0.52,-0.67,-10.52,3.56,2.63,-1.38,0.92,0.38,58.31,-201.03,62.4,0
1746816821.818855,-2.0,-0.53,-0.67,-10.18,4.03,4.92,-0.08,1.13,-0.85,12.45,-79.31,93.13,1
1746816821.834173,-2.0,-0.53,-0.67,-9.57,3.89,7.32,-1.08,1.3,0.38,-2.76,11.59,103.69,1
1746816821.848343,-2.0,-0.52,-0.67,-9.58,3.7,8.27,-0.69,1.4,-0.09,-49.73,-48.32,106.65,1
1746816821.863568,-2.0,-0.52,-0.67,-9.74,4.59,8.7,-1.18,1.36,0.45,-74.87,-67.57,104.82,1
1746816821.878094,-2.0,-0.54,-0.67,-9.92,5.34,9.24,-1.01,1.22,0.15,-65.88,2.76,108.2,1
1746816821.893091,-2.0,-0.56,-0.68,-7.92,5.15,11.38,-0.98,1.26,0.12,-45.24,-72.73,126.76,1
1746816821.909098,-2.0,-0.56,-0.67,-7.26,6.37,12.07,-0.84,1.48,0.03,-26.71,-31.57,148.69,1
1746816821.92409,-2.0,-0.55,-0.69,-7.17,7.47,11.95,-1.31,1.73,0.43,-64.27,-182.63,151.61,1
1746816821.939264,-2.0,-0.55,-0.7,-7.7,9.3,10.83,-0.73,1.77,-0.26,-160.54,-104.35,151.05,1
1746816821.954403,-2.0,-0.56,-0.69,-7.36,5.45,10.65,-1.2,1.49,0.25,-200.39,-75.79,160.54,1
1746816821.970331,-2.0,-0.58,-0.7,-5.31,4.69,9.35,-1.1,1.27,0.17,-187.64,-79.05,172.47,1
1746816821.984223,-2.0,-0.57,-0.69,-4.19,4.79,6.52,-1.3,1.09,0.45,-119.94,-134.19,183.2,1
1746816821.999098,-2.0,-0.58,-0.69,-3.2,6.18,4.79,-1.06,1.16,0.23,-60.16,-101.92,196.34,1
1746816822.013159,-2.0,-0.57,-0.69,-2.53,8.11,4.34,-1.14,1.29,0.31,-61.47,-118.53,179.02,1
1746816822.02811,-2.0,-0.57,-0.68,-0.32,6.58,6.71,-1.19,1.34,0.39,-55.15,-149.95,193.69,1
1746816822.044302,-2.0,-0.57,-0.67,1.92,5.7,7.66,-1.06,1.33,0.29,-80.77,-145.53,200.42,1
1746816822.059502,-2.0,-0.55,-0.67,3.79,3.45,7.07,-1.0,1.24,0.29,-94.4,-140.62,197.31,1
1746816822.074237,-2.0,-0.55,-0.67,4.73,3.62,3.34,-0.93,1.17,0.25,-110.55,-127.21,195.31,1
1746816822.089032,-2.0,-0.55,-0.66,6.44,4.11,-0.47,-0.95,1.07,0.31,-104.7,-121.78,194.32,1
1746816822.104234,-2.0,-0.54,-0.65,7.2,4.37,-4.42,-0.94,1.0,0.31,-105.47,-129.61,191.18,1
1746816822.119127,-2.0,-0.53,-0.64,7.89,3.6,-7.51,-0.9,0.91,0.31,-98.8,-144.82,193.23,1
1746816822.134225,-2.0,-0.53,-0.66,9.22,1.6,-10.06,-0.82,0.79,0.3,-102.28,-155.22,194.38,1
1746816822.149506,-2.0,-0.51,-0.68,10.22,-1.95,-12.53,-0.62,0.82,0.21,-106.16,-147.54,186.69,1
1746816822.164246,-2.0,-0.5,-0.7,10.5,-3.83,-15.98,-0.45,0.77,0.19,-95.3,-115.83,174.53,1
1746816822.179205,-2.0,-0.48,-0.7,9.53,-6.38,-19.46,-0.33,0.77,0.29,-103.4,-85.63,155.76,1
1746816822.194161,-2.0,-0.49,-0.7,7.93,-6.55,-22.79,-0.67,0.54,0.58,-152.56,-73.69,137.03,1
1746816822.208366,-2.0,-0.49,-0.69,6.53,-4.65,-23.94,0.05,1.37,0.55,-209.6,-88.05,133.42,1
1746816822.224213,-2.0,-0.5,-0.68,4.75,-1.44,-23.0,-0.89,0.42,1.09,-176.47,-234.06,133.75,1
1746816822.238997,-2.0,-0.5,-0.66,5.55,-0.7,-18.94,1.1,0.15,-1.04,-140.05,250.13,58.85,1
1746816822.253551,-2.0,-0.48,-0.67,5.83,-2.33,-16.11,-0.76,0.5,0.98,-70.84,-215.93,85.05,1
1746816822.269519,-2.0,-0.43,-0.68,4.29,-7.25,-15.45,-1.59,0.84,1.52,-169.42,-250.14,151.31,1
1746816822.284245,-2.0,-0.41,-0.68,-0.24,-10.37,-17.05,-0.38,0.82,1.04,-117.27,126.8,47.56,1
1746816822.299462,-2.0,-0.41,-0.67,-5.47,-10.97,-19.63,0.69,0.6,-0.5,-137.36,138.99,39.98,1
1746816822.314376,-2.0,-0.43,-0.65,-9.11,-10.22,-20.4,-1.05,0.59,1.07,-125.66,-124.0,60.67,1
1746816822.328548,-2.0,-0.46,-0.64,-12.21,-9.03,-20.21,0.04,0.47,0.25,-109.85,-39.11,55.69,1
1746816822.343415,-2.0,-0.61,-0.64,-13.47,-10.02,-20.79,0.26,0.55,0.11,-111.2,-96.63,65.08,1
1746816822.35925,-2.0,-0.51,-0.64,-15.39,-11.27,-16.89,0.16,0.53,0.25,-146.96,-161.47,51.17,1
1746816822.374477,-2.0,-0.51,-0.66,-16.58,-14.25,-14.96,-0.36,0.55,0.74,-145.22,-236.14,78.66,1
1746816822.389233,-2.0,-0.51,-0.66,-17.65,-15.31,-14.34,-0.28,0.54,0.72,-110.96,-99.78,55.96,1
1746816822.404072,-2.0,-0.51,-0.67,-18.91,-14.45,-15.48,0.24,0.25,0.21,-148.95,-117.66,45.97,1
1746816822.420085,-2.0,-0.54,-0.67,-20.53,-12.44,-16.66,-0.01,0.27,0.3,-150.3,-163.08,41.95,1
1746816822.434241,-2.0,-0.55,-0.68,-20.84,-11.73,-16.48,0.54,0.19,-0.05,-143.87,-22.77,29.68,1
1746816822.449146,-2.0,-0.56,-0.68,-20.83,-11.85,-14.56,0.27,0.21,0.25,-104.95,44.37,50.81,1
1746816822.464294,-2.0,-0.57,-0.68,-21.28,-9.95,-12.5,0.23,0.15,0.23,-91.27,-9.18,24.62,1
1746816822.470941,-2.0,-0.57,-0.67,-20.73,-10.18,-10.4,0.11,0.11,0.2,-110.6,-250.14,35.32,1
1746816822.494348,-2.0,-0.57,-0.66,-20.54,-10.33,-10.25,-0.12,0.15,0.46,-90.35,-116.92,42.89,1
1746816822.509428,-2.0,-0.57,-0.66,-20.46,-10.53,-10.63,0.12,-0.02,0.36,-97.97,-75.52,34.43,1
1746816822.524227,-2.0,-0.56,-0.66,-20.72,-10.41,-10.98,0.32,-0.07,0.1,-64.02,-82.25,37.36,1
1746816822.539153,-2.0,-0.57,-0.66,-21.55,-9.56,-11.26,0.38,-0.11,0.0,-56.04,-142.2,32.57,1
1746816822.554096,-2.0,-0.57,-0.66,-21.57,-9.39,-10.32,0.55,-0.06,-0.15,-33.77,-62.63,35.63,1
1746816822.569098,-2.0,-0.57,-0.66,-20.67,-10.42,-8.71,0.53,-0.07,-0.14,-39.54,-70.15,28.01,1
1746816822.584196,-2.0,-0.58,-0.66,-20.44,-9.76,-7.46,0.61,-0.05,-0.21,-53.19,-94.53,22.86,1
1746816822.598584,-2.0,-0.59,-0.66,-19.61,-9.53,-4.54,0.71,-0.06,-0.29,-70.92,-104.05,21.86,1
1746816822.614235,-2.0,-0.6,-0.67,-18.93,-8.2,-1.42,0.48,-0.09,-0.14,-83.76,-190.17,22.52,1
1746816822.628538,-2.0,-0.6,-0.66,-18.85,-6.06,1.39,0.93,-0.19,-0.53,-86.33,-206.17,30.78,1
1746816822.643997,-2.0,-0.61,-0.67,-19.2,-2.74,3.81,0.75,-0.18,-0.28,-83.85,-104.74,22.95,1
1746816822.660448,-2.0,-0.63,-0.68,-18.95,-0.33,6.47,0.96,-0.27,-0.48,-61.37,-7.24,13.83,1
1746816822.673405,-2.0,-0.64,-0.68,-16.48,0.89,9.04,0.9,-0.29,-0.3,-49.45,23.27,13.74,1
1746816822.688446,-2.0,-0.64,-0.67,-13.63,1.39,10.36,0.81,-0.31,-0.14,7.47,43.2,14.73,1
1746816822.704352,-2.0,-0.64,-0.68,-10.79,1.94,11.0,0.95,-0.28,-0.19,16.46,23.01,-7.09,1
1746816822.720032,-2.0,-0.63,-0.7,-7.65,2.6,10.94,1.06,-0.23,-0.14,23.31,-30.7,32.06,1
1746816822.73328,-2.0,-0.63,-0.7,-5.29,3.03,10.05,0.76,-0.12,0.15,-10.44,3.94,13.52,1
1746816822.749333,-2.0,-0.62,-0.71,-3.23,3.42,10.17,0.64,-0.12,0.28,-51.92,-93.05,8.45,1
1746816822.763264,-2.0,-0.62,-0.72,-2.52,3.92,9.82,1.19,-0.21,-0.34,65.13,35.73,42.7,1
1746816822.778463,-2.0,-0.63,-0.72,-0.59,3.83,10.22,1.69,-0.13,-0.79,8.38,51.37,11.02,1
1746816822.794132,-2.0,-0.62,-0.71,2.05,3.44,10.58,1.02,-0.09,0.02,-4.76,9.66,2.3,1
1746816822.808384,-2.0,-0.6,-0.68,4.27,2.59,9.77,0.85,-0.11,0.2,-7.47,10.15,3.55,1
1746816822.823349,-2.0,-0.58,-0.65,6.02,1.53,7.99,0.86,-0.14,0.11,-8.78,-3.05,1.93,1
1746816822.838129,-2.0,-0.55,-0.63,7.43,0.27,6.12,0.92,-0.16,0.05,-0.4,-9.68,3.23,1
1746816822.854157,-2.0,-0.53,-0.62,8.18,0.41,5.01,0.92,-0.08,0.09,4.23,2.21,7.25,1
1746816822.870162,-2.0,-0.51,-0.61,9.02,-0.12,6.15,0.89,-0.07,0.11,4.11,11.1,12.18,1
1746816822.883247,-2.0,-0.49,-0.63,8.82,-0.08,7.4,0.87,-0.13,0.06,-4.66,4.97,8.98,1
1746816822.898216,-2.0,-0.46,-0.65,7.15,0.94,8.01,0.88,-0.17,0.08,-3.89,1.88,8.55,1
1746816822.913121,-2.0,-0.46,-0.66,4.42,1.38,8.34,0.89,-0.18,0.06,4.85,9.84,11.33,1
1746816822.928994,-2.0,-0.46,-0.69,1.51,1.67,8.24,0.89,-0.2,0.08,3.44,8.37,9.88,1
1746816822.943029,-2.0,-0.49,-0.7,-0.52,1.66,7.98,0.92,-0.19,0.06,0.76,15.02,7.46,1
1746816822.958303,-2.0,-0.5,-0.7,-1.67,1.8,8.08,0.92,-0.2,0.04,-2.74,13.56,4.8,1
1746816822.973403,-2.0,-0.51,-0.72,-2.81,1.9,7.2,0.94,-0.17,0.05,-5.22,22.02,1.3,1
1746816822.988672,-2.0,-0.51,-0.71,-3.29,3.25,6.69,0.88,-0.17,0.09,-10.26,9.12,5.05,1
1746816823.004677,-2.0,-0.52,-0.7,-3.47,3.88,5.95,0.89,-0.17,0.11,-19.98,20.48,-3.73,1
1746816823.019201,-2.0,-0.52,-0.69,-2.69,5.31,5.76,0.95,-0.21,0.06,-15.24,16.15,-1.62,1
1746816823.034162,-2.0,-0.52,-0.68,-1.21,4.89,7.4,0.94,-0.21,0.1,-22.24,37.83,-11.78,1
1746816823.049291,-2.0,-0.5,-0.66,0.01,3.91,8.51,0.87,-0.18,0.13,-15.89,35.27,-16.37,1
1746816823.064521,-2.0,-0.49,-0.66,-0.44,2.89,8.44,0.83,-0.16,0.15,5.89,30.59,-7.25,1
1746816823.079324,-2.0,-0.48,-0.65,-0.89,3.4,7.66,0.8,-0.15,0.15,16.64,33.02,-6.56,1
1746816823.093669,-2.0,-0.48,-0.64,-1.67,3.76,6.15,0.82,-0.17,0.09,33.28,40.78,-3.73,1
1746816823.108493,-2.0,-0.47,-0.65,-2.76,4.33,3.87,0.73,-0.15,0.14,50.17,36.32,0.48,1
1746816823.123028,-2.0,-0.46,-0.66,-4.56,2.64,1.59,0.74,-0.13,0.01,59.73,31.6,2.32,1
1746816823.138283,-2.0,-0.48,-0.65,-5.77,-0.08,0.21,0.72,-0.07,-0.06,61.65,30.21,1.67,1
1746816823.154172,-2.0,-0.49,-0.63,-6.15,-4.56,1.83,0.68,-0.01,-0.08,63.25,45.99,1.31,1
1746816823.169159,-2.0,-0.43,-0.61,-6.48,-12.4,4.04,0.73,0.09,-0.06,56.66,49.61,1.31,1
1746816823.183443,-2.0,-0.45,-0.7,-10.93,-13.53,0.44,0.62,0.12,0.02,54.67,50.92,4.0,1
1746816823.198488,-2.0,-0.48,-0.68,-16.67,-7.82,-2.64,0.5,0.06,0.08,64.38,41.79,15.6,1
1746816823.213269,-2.0,-0.53,-0.67,-15.42,-1.69,0.11,0.49,-0.17,0.15,97.82,46.59,30.82,1
1746816823.228216,-2.0,-0.57,-0.67,-13.82,4.71,7.52,0.6,-0.26,0.21,140.92,35.14,46.53,1
1746816823.243139,-2.0,-0.52,-0.7,-14.06,5.6,16.03,0.61,-0.09,0.28,157.56,57.87,40.34,1
1746816823.258401,-2.0,-0.52,-0.72,-16.15,3.79,22.6,0.76,0.01,0.13,129.95,60.44,17.48,1
1746816823.273124,-2.0,-0.51,-0.72,-21.21,7.44,23.24,0.64,0.09,0.19,85.77,73.79,-11.5,1
1746816823.289186,-2.0,-0.55,-0.7,-22.49,12.56,23.24,0.55,0.03,0.19,78.36,58.04,-19.39,1
1746816823.304338,-2.0,-0.58,-0.68,-20.69,16.07,22.95,0.61,0.03,0.03,75.38,75.54,-25.89,1
1746816823.319191,-2.0,-0.56,-0.68,-20.27,20.06,19.37,0.41,0.07,0.21,93.35,98.29,-15.69,1
1746816823.3336,-2.0,-0.55,-0.69,-20.95,23.08,14.54,0.58,0.11,0.05,100.14,77.09,1.37,1
1746816823.348931,-2.0,-0.56,-0.7,-21.23,22.18,10.95,0.57,0.24,0.14,93.69,76.48,7.02,1
1746816823.363036,-2.0,-0.54,-0.69,-19.87,18.71,8.05,0.46,0.25,0.25,75.32,91.26,4.39,1
1746816823.378866,-2.0,-0.5,-0.66,-20.65,16.82,4.81,0.42,0.19,0.28,55.02,119.42,-9.35,1
1746816823.393719,-2.0,-0.46,-0.66,-23.31,16.43,1.16,0.33,0.09,0.47,50.71,103.82,-20.21,1
1746816823.40878,-2.0,-0.42,-0.69,-27.74,17.05,-2.3,0.45,0.06,0.39,54.09,103.73,-23.97,1
1746816823.423317,-2.0,-0.41,-0.74,-35.0,18.56,-5.29,0.43,0.09,0.37,64.76,89.07,-22.24,0
1746816823.43857,-2.0,-0.59,-0.74,-34.35,27.85,-3.0,0.46,0.15,0.28,64.95,99.59,-24.38,0
1746816823.45331,-2.0,-0.6,-0.71,-24.27,25.86,5.44,0.4,0.13,0.39,69.32,121.75,-31.74,0
1746816823.469787,-2.0,-0.59,-0.7,-14.77,19.85,13.63,0.28,0.12,0.54,65.98,115.39,-45.46,0
1746816823.483091,-2.0,-0.5,-0.7,-12.73,11.53,17.49,0.27,0.1,0.56,65.63,116.47,-62.46,0
1746816823.498498,-2.0,-0.47,-0.71,-13.7,2.27,16.04,0.24,0.08,0.45,83.76,110.11,-65.22,0
1746816823.513977,-2.0,-0.47,-0.72,-14.9,-4.24,8.85,0.1,0.18,0.48,110.51,83.05,-57.08,0
1746816823.529334,-2.0,-0.47,-0.73,-14.23,-7.09,-2.47,0.22,0.33,0.58,98.36,23.56,-54.57,0
1746816823.545356,-2.0,-0.47,-0.73,-14.42,-6.29,-13.89,0.42,0.37,0.29,88.19,101.68,-83.19,0
1746816823.559277,-2.0,-0.48,-0.71,-15.76,-6.21,-17.68,0.14,0.35,0.52,102.52,85.29,-82.92,0
1746816823.573608,-2.0,-0.48,-0.71,-18.16,-6.08,-15.23,0.15,0.39,0.49,118.02,85.31,-90.51,0
1746816823.588918,-2.0,-0.49,-0.73,-19.02,-4.98,-9.74,0.12,0.52,0.42,122.6,98.37,-97.88,0
1746816823.605037,-2.0,-0.47,-0.72,-19.6,-5.53,-4.79,0.44,0.63,0.09,123.25,97.31,-82.97,0
1746816823.619952,-2.0,-0.48,-0.73,-18.95,-5.83,-2.78,-1.3,0.32,0.36,193.5,69.98,-75.58,0
1746816823.635093,-2.0,-0.47,-0.71,-17.63,-5.38,-3.64,-1.14,0.71,1.31,92.56,-110.58,-68.59,0
1746816823.649279,-2.0,-0.46,-0.71,-15.85,-4.76,-5.51,0.31,0.55,0.09,75.13,142.8,-126.58,0
1746816823.664334,-2.0,-0.45,-0.71,-16.76,-3.93,-8.35,-0.4,0.43,0.54,133.95,88.95,-102.59,0
1746816823.679186,-2.0,-0.46,-0.72,-17.97,-5.02,-10.0,-0.12,0.72,0.44,66.08,128.01,-154.22,0
1746816823.693485,-2.0,-0.45,-0.71,-18.15,-7.63,-10.42,-0.26,0.82,0.57,99.74,109.69,-156.24,0
1746816823.708888,-2.0,-0.47,-0.7,-17.43,-8.86,-8.74,0.61,1.41,-0.22,42.37,176.6,-152.86,0
1746816823.723205,-2.0,-0.46,-0.71,-17.82,-9.2,-5.99,0.52,1.38,-0.15,2.04,92.31,-155.2,0
1746816823.738876,-2.0,-0.44,-0.72,-20.21,-7.37,-3.33,-0.69,1.01,1.06,53.11,25.25,-126.56,0
1746816823.753992,-2.0,-0.43,-0.72,-23.93,-4.31,-0.69,-0.05,0.76,0.18,21.31,184.95,-109.57,0
1746816823.768793,-2.0,-0.46,-0.71,-26.82,-0.99,2.65,-0.68,0.72,0.71,52.18,132.5,-141.7,0
1746816823.783196,-2.0,-0.49,-0.7,-27.73,1.25,5.34,-0.9,0.91,0.97,68.85,146.36,-144.23,0
1746816823.798377,-2.0,-0.52,-0.71,-24.37,1.08,9.79,-1.11,0.56,0.6,127.15,150.81,-129.38,0
1746816823.814115,-2.0,-0.51,-0.72,-20.12,-2.5,13.71,0.9,1.05,-1.19,26.88,50.05,-102.06,0
1746816823.829198,-2.0,-0.48,-0.73,-19.79,-4.37,14.69,-0.9,1.31,0.94,93.85,250.13,-103.98,0
1746816823.843619,-2.0,-0.47,-0.72,-20.48,-3.52,12.68,0.09,1.14,-0.15,-58.29,-11.73,-154.93,0
1746816823.858372,-2.0,-0.49,-0.7,-20.55,-1.51,9.69,-0.84,0.86,0.63,53.66,250.13,-118.75,0
1746816823.873727,-2.0,-0.53,-0.71,-17.97,2.27,9.27,-0.63,0.88,0.33,61.37,106.08,-117.92,0
1746816823.888214,-2.0,-0.53,-0.73,-14.73,4.91,12.4,-0.72,0.8,0.2,116.27,170.77,-94.2,0
1746816823.904254,-2.0,-0.52,-0.74,-13.36,5.31,18.3,-0.72,0.96,0.21,109.82,187.66,-100.26,0
1746816823.918134,-2.0,-0.52,-0.73,-11.37,6.2,22.63,-1.5,0.95,0.89,84.3,-34.47,-134.52,0
1746816823.933252,-2.0,-0.52,-0.72,-9.91,5.98,23.02,-0.52,0.81,-0.21,126.46,30.4,-89.14,0
1746816823.948962,-2.0,-0.52,-0.71,-7.98,5.44,20.06,-1.09,0.96,0.44,139.63,87.95,-87.2,0
1746816823.964169,-2.0,-0.52,-0.7,-5.26,6.85,15.07,-1.0,0.91,0.3,115.18,-81.56,-102.24,0
1746816823.978541,-2.0,-0.52,-0.73,-2.07,6.95,11.08,-0.53,0.92,-0.27,108.92,20.63,-91.61,0
1746816823.99313,-2.0,-0.49,-0.75,-0.4,5.65,9.52,-0.82,0.99,0.18,63.85,-10.27,-112.87,0
1746816824.004135,-2.0,-0.48,-0.75,-0.5,5.85,8.98,-0.86,0.85,0.07,82.53,63.6,-91.85,0
1746816824.0229,-2.0,-0.49,-0.74,0.56,4.94,9.37,-0.95,0.9,0.21,84.37,51.73,-92.59,0
1746816824.03912,-2.0,-0.48,-0.72,2.18,5.18,8.72,-1.03,0.9,0.24,63.46,-2.95,-111.47,0
1746816824.055076,-2.0,-0.48,-0.72,3.53,6.6,8.08,-0.75,1.01,0.03,24.61,45.97,-116.21,0
1746816824.068636,-2.0,-0.47,-0.71,4.24,8.49,9.24,-1.09,0.92,0.36,16.01,89.24,-108.89,0
1746816824.092199,-2.0,-0.46,-0.72,5.11,9.95,11.94,-0.95,0.91,0.21,17.31,93.89,-102.44,0
1746816824.09849,-2.0,-0.44,-0.72,5.57,10.54,14.03,-0.98,0.88,0.19,-7.45,82.49,-99.86,0
1746816824.113144,-2.0,-0.43,-0.73,5.76,11.81,14.55,-0.94,0.81,0.16,1.24,74.25,-86.35,0
1746816824.128691,-2.0,-0.43,-0.72,5.72,11.4,14.77,-0.93,0.84,0.13,-14.01,61.51,-80.93,0
1746816824.143706,-2.0,-0.42,-0.75,5.38,10.37,14.25,-1.01,0.67,0.12,27.11,57.59,-75.7,0
1746816824.15929,-2.0,-0.41,-0.75,4.02,8.18,13.16,-1.02,0.79,0.16,7.9,35.64,-62.83,0
1746816824.174188,-2.0,-0.42,-0.76,3.46,7.69,12.08,-1.0,0.76,0.16,-1.66,17.74,-51.48,0
1746816824.189489,-2.0,-0.42,-0.77,3.33,8.27,11.69,-1.02,0.75,0.1,-10.15,6.51,-48.08,0
1746816824.206182,-2.0,-0.43,-0.77,3.67,9.45,12.03,-0.95,0.77,0.02,-27.56,6.67,-47.82,0
1746816824.221411,-2.0,-0.42,-0.77,3.56,9.59,12.63,-1.19,0.42,0.06,37.12,38.15,-41.5,0
1746816824.234707,-2.0,-0.42,-0.77,4.31,9.65,14.23,-0.9,0.65,-0.16,38.38,18.77,-35.97,0
1746816824.249321,-2.0,-0.42,-0.74,5.32,8.5,15.06,-0.98,0.75,0.04,1.59,-2.99,-34.28,0
1746816824.264199,-2.0,-0.41,-0.74,4.79,7.02,14.13,-0.95,0.72,0.06,-29.54,-18.27,-33.79,0
1746816824.279318,-2.0,-0.39,-0.73,3.69,6.49,11.89,-0.86,0.8,0.0,-25.24,30.36,-33.79,0
1746816824.29355,-2.0,-0.38,-0.73,1.42,5.98,9.76,-0.82,0.71,-0.05,-28.11,19.04,-13.54,0
1746816824.308882,-2.0,-0.39,-0.72,-0.41,6.54,9.58,-0.79,0.69,-0.17,-34.09,80.41,-10.46,0
1746816824.323394,-2.0,-0.39,-0.72,-0.74,5.53,11.41,-1.18,0.76,0.46,-18.13,-15.98,-15.05,0
1746816824.339866,-2.0,-0.39,-0.73,-1.98,4.29,12.97,-0.72,0.71,-0.13,-1.53,8.5,0.82,0
1746816824.35438,-2.0,-0.38,-0.72,-4.3,3.96,13.4,-1.0,0.63,0.08,12.68,30.8,2.97,0
1746816824.368339,-2.0,-0.38,-0.72,-6.24,3.17,12.98,-1.1,0.57,0.18,29.65,-72.97,4.92,0
1746816824.383192,-2.0,-0.4,-0.72,-7.36,1.21,12.56,-0.47,0.53,-0.59,25.85,93.43,17.7,0
1746816824.399445,-2.0,-0.41,-0.73,-8.24,0.17,11.58,-1.23,0.44,0.36,79.56,-50.77,17.11,0
1746816824.41386,-2.0,-0.42,-0.72,-8.16,-0.77,9.98,-0.7,0.7,-0.62,25.07,57.3,12.94,0
1746816824.429366,-2.0,-0.42,-0.73,-8.68,-1.4,7.83,-1.09,0.55,0.08,40.05,53.76,5.75,0
1746816824.443472,-2.0,-0.42,-0.73,-9.4,-1.93,6.44,-0.83,0.63,-0.15,1.22,26.89,-5.03,0
1746816824.457798,-2.0,-0.42,-0.74,-9.59,-1.7,5.71,-0.84,0.33,-0.45,-44.92,-16.21,15.63,0
1746816824.47323,-2.0,-0.43,-0.74,-9.76,-0.99,6.34,-1.04,0.6,0.08,-70.44,-57.75,-0.19,0
1746816824.489342,-2.0,-0.44,-0.74,-9.61,-0.73,7.36,-0.89,0.49,-0.22,-86.98,-44.09,15.86,0
1746816824.505352,-2.0,-0.43,-0.73,-9.5,-1.19,7.1,-0.77,0.38,-0.24,-138.65,14.82,10.6,0
1746816824.515828,-2.0,-0.44,-0.74,-10.11,-1.04,5.5,-1.15,0.42,0.05,-103.06,101.58,-10.47,0
1746816824.534217,-2.0,-0.44,-0.73,-9.89,-1.12,3.62,-0.85,0.32,-0.14,-22.94,16.01,4.73,0
1746816824.549213,-2.0,-0.44,-0.72,-10.18,-2.43,1.83,-0.94,0.4,-0.07,-13.5,6.53,-3.64,0
1746816824.563779,-2.0,-0.45,-0.72,-10.2,-2.65,1.47,-0.82,0.31,-0.19,12.66,-19.28,-1.34,0
1746816824.579401,-2.0,-0.46,-0.72,-10.26,-2.93,2.77,-0.76,0.41,-0.25,-15.91,-8.67,-7.44,0
1746816824.59318,-2.0,-0.47,-0.73,-9.23,-3.74,4.83,-0.94,0.46,-0.04,-25.58,1.63,-15.79,0
1746816824.608431,-2.0,-0.46,-0.72,-8.02,-3.44,4.76,-0.8,0.42,-0.29,20.92,98.82,10.82,0
1746816824.623171,-2.0,-0.45,-0.73,-7.09,-1.79,1.01,-1.05,0.42,0.02,60.36,70.53,13.27,0
1746816824.638621,-2.0,-0.45,-0.72,-7.47,-0.59,-2.86,-0.79,0.4,-0.31,82.87,44.24,19.27,0
1746816824.654208,-2.0,-0.46,-0.72,-8.25,-1.89,-4.68,-1.08,0.41,0.01,90.79,1.04,7.92,0
1746816824.669592,-2.0,-0.47,-0.73,-8.11,-3.48,-3.47,-0.8,0.56,-0.25,28.56,-43.85,-1.25,0
1746816824.683169,-2.0,-0.46,-0.72,-7.93,-5.24,-1.16,-0.91,0.48,-0.18,10.47,-21.96,-8.02,0
1746816824.698427,-2.0,-0.48,-0.72,-7.16,-6.33,1.05,-0.92,0.38,-0.17,27.14,-30.38,1.62,0
1746816824.713254,-2.0,-0.47,-0.72,-5.8,-8.6,2.34,-0.59,0.49,-0.39,-32.35,-57.7,1.34,0
1746816824.728571,-2.0,-0.46,-0.73,-5.65,-6.33,0.61,-1.06,0.56,0.13,-48.42,-61.35,3.79,0
1746816824.743872,-2.0,-0.47,-0.72,-4.62,-3.32,-2.05,-0.66,0.41,-0.44,-70.18,65.51,4.83,0
1746816824.758401,-2.0,-0.5,-0.72,-2.4,-1.48,-3.99,-1.06,0.4,0.03,-54.71,53.44,-5.26,0
1746816824.771223,-2.0,-0.51,-0.71,2.11,-1.37,-4.82,-0.83,0.39,-0.25,-19.15,31.32,-2.0,0
1746816824.788963,-2.0,-0.47,-0.73,3.64,-2.05,-5.87,-0.96,0.42,-0.08,15.03,-14.29,6.95,0
1746816824.804435,-2.0,-0.42,-0.69,4.15,-4.5,-5.48,-0.88,0.45,-0.15,19.37,-11.35,9.93,0
1746816824.819539,-2.0,-0.44,-0.73,2.65,-1.5,-7.85,-0.82,0.49,-0.22,9.47,52.06,11.08,0
1746816824.833289,-2.0,-0.45,-0.71,1.78,-0.06,-10.63,-0.97,0.53,-0.05,33.35,20.97,21.55,0
1746816824.848457,-2.0,-0.43,-0.71,1.81,2.73,-12.53,-0.95,0.52,-0.11,79.31,3.37,33.75,0
1746816824.8641,-2.0,-0.42,-0.7,0.44,2.06,-14.34,-1.09,0.58,0.07,90.41,-122.28,29.06,0
1746816824.879462,-2.0,-0.42,-0.71,-1.4,1.05,-13.45,-0.68,0.77,-0.32,56.4,-80.39,32.53,0
1746816824.893201,-2.0,-0.43,-0.71,-2.76,0.85,-9.89,-1.09,0.73,0.16,26.82,-32.7,28.34,0
1746816824.908435,-2.0,-0.41,-0.71,-6.28,0.04,-5.98,-0.83,0.79,-0.09,4.14,-5.08,29.71,0
1746816824.923488,-2.0,-0.41,-0.71,-10.72,4.07,-3.3,-1.04,0.76,0.13,34.6,-42.92,50.63,0
1746816824.938876,-2.0,-0.44,-0.71,-13.76,6.99,0.05,-0.92,0.82,-0.0,37.74,-118.25,66.35,1
1746816824.953186,-2.0,-0.46,-0.71,-14.6,8.92,4.64,-0.69,0.96,-0.19,11.44,-30.29,75.96,1
1746816824.968354,-2.0,-0.45,-0.71,-15.41,8.65,7.69,-0.82,1.06,-0.01,-23.76,50.24,79.34,1
1746816824.984453,-2.0,-0.44,-0.71,-17.67,8.29,8.25,-0.78,1.11,-0.05,-51.92,111.57,73.11,1
1746816824.998186,-2.0,-0.46,-0.71,-18.34,7.51,9.18,-0.94,1.02,0.12,-12.44,107.76,84.31,1
1746816825.013288,-2.0,-0.47,-0.7,-17.83,7.3,11.78,-0.94,1.01,0.08,55.76,5.17,116.85,1
1746816825.029089,-2.0,-0.46,-0.71,-18.12,6.82,14.78,-0.98,1.07,0.17,106.15,-128.39,133.79,1
1746816825.04369,-2.0,-0.47,-0.72,-18.71,7.31,17.31,-0.81,1.24,0.09,57.86,-197.95,115.51,1
1746816825.058873,-2.0,-0.46,-0.73,-20.03,8.21,18.78,-0.62,1.23,-0.04,27.92,-78.11,104.94,1
1746816825.074118,-2.0,-0.48,-0.75,-21.88,10.04,20.04,-0.73,1.24,0.07,-7.78,-64.74,108.34,1
1746816825.089834,-2.0,-0.52,-0.77,-21.7,12.01,22.05,-0.85,1.21,0.11,-7.94,-51.71,116.89,1
1746816825.104894,-2.0,-0.53,-0.79,-20.32,10.84,23.54,-0.99,1.26,0.24,7.31,-114.3,119.36,1
1746816825.119492,-2.0,-0.55,-0.78,-18.58,11.45,23.27,-0.88,1.36,0.14,5.92,-151.43,132.68,1
1746816825.134179,-2.0,-0.56,-0.77,-16.56,12.59,21.95,-0.97,1.4,0.18,1.31,-157.29,145.21,1
1746816825.149549,-2.0,-0.57,-0.76,-13.6,13.68,19.5,-0.89,1.55,0.09,-31.69,-158.79,155.75,1
1746816825.164398,-2.0,-0.57,-0.74,-9.98,14.5,17.18,-0.87,1.46,0.07,-52.38,-61.6,163.49,1
1746816825.179372,-2.0,-0.56,-0.72,-5.09,12.91,14.77,-1.06,1.41,0.22,-55.24,-61.08,169.1,1
1746816825.194187,-2.0,-0.53,-0.72,-1.15,10.92,12.12,-1.2,1.33,0.31,-40.82,-127.27,175.24,1
1746816825.208353,-2.0,-0.5,-0.7,0.61,9.02,9.76,-0.97,1.37,0.16,-35.73,-79.3,190.86,1
1746816825.223351,-2.0,-0.48,-0.69,1.6,6.43,7.15,-0.97,1.29,0.19,-22.08,-91.66,213.39,1
1746816825.239146,-2.0,-0.48,-0.7,2.73,5.25,4.44,-0.91,1.3,0.14,-31.5,-85.54,222.71,1
1746816825.254199,-2.0,-0.47,-0.71,4.37,3.47,3.14,-0.91,1.25,0.18,-47.63,-84.98,218.21,1
1746816825.268433,-2.0,-0.44,-0.71,4.43,2.39,1.89,-0.68,1.25,0.06,-48.51,-69.1,192.89,1
1746816825.283178,-2.0,-0.44,-0.71,3.5,2.65,0.73,-1.02,1.0,0.17,-75.68,-130.38,225.25,1
1746816825.298517,-2.0,-0.42,-0.7,3.92,1.19,0.86,-0.82,1.2,0.36,-86.5,-99.31,203.86,1
1746816825.313513,-2.0,-0.41,-0.71,3.58,0.04,0.08,-0.62,1.23,0.17,-102.85,-88.79,176.8,1
1746816825.329398,-2.0,-0.39,-0.71,1.92,-0.66,-2.37,-0.43,1.01,-0.03,-131.71,-75.67,171.97,1
1746816825.344924,-2.0,-0.41,-0.73,0.76,-1.4,-4.03,-0.62,0.89,0.28,-122.15,-90.92,152.53,1
1746816825.35817,-2.0,-0.42,-0.72,0.94,-1.85,-3.96,-0.32,0.83,0.16,-76.55,-131.86,172.48,1
1746816825.374363,-2.0,-0.41,-0.72,-0.27,-0.93,-4.87,-0.6,0.76,0.37,-109.18,-136.47,156.87,1
1746816825.389767,-2.0,-0.41,-0.73,-0.5,-1.68,-6.34,-0.41,0.72,0.5,-72.54,-95.51,125.69,1
1746816825.404447,-2.0,-0.39,-0.73,-1.2,-1.6,-8.87,-0.18,1.43,0.52,-152.41,-16.02,116.45,1
1746816825.418466,-2.0,-0.37,-0.74,-2.63,-1.38,-11.81,-1.88,0.62,2.0,-87.34,-250.14,143.66,1
1746816825.434122,-2.0,-0.38,-0.72,-5.04,-0.28,-14.21,0.01,0.8,-0.23,-12.41,30.31,135.18,1
1746816825.448877,-2.0,-0.39,-0.74,-7.05,0.67,-15.6,0.43,0.66,-0.36,-53.54,-39.75,126.04,1
1746816825.463525,-2.0,-0.41,-0.74,-8.73,1.42,-15.37,-0.13,0.67,0.29,44.75,21.21,101.68,1
1746816825.478463,-2.0,-0.43,-0.74,-9.31,1.94,-14.76,0.25,1.2,-0.17,-175.72,-27.05,75.61,1
1746816825.494081,-2.0,-0.42,-0.75,-9.67,2.23,-14.11,-0.0,0.77,0.48,-189.67,-114.6,75.65,1
1746816825.509021,-2.0,-0.41,-0.74,-10.73,2.3,-14.04,-0.38,0.78,0.76,-146.28,18.13,60.3,1
1746816825.524167,-2.0,-0.39,-0.72,-11.89,2.69,-13.73,0.45,0.55,-0.3,-133.9,27.79,66.53,1
1746816825.539041,-2.0,-0.39,-0.72,-13.21,2.11,-13.17,-0.95,0.59,0.95,-104.83,-100.47,81.58,1
1746816825.554399,-2.0,-0.39,-0.72,-14.23,0.18,-11.34,0.02,0.61,0.24,-145.0,-39.87,49.2,1
1746816825.568857,-2.0,-0.39,-0.73,-16.16,-1.68,-9.5,-0.34,0.66,0.48,-147.47,-246.84,71.72,1
1746816825.58446,-2.0,-0.4,-0.73,-17.44,-2.49,-7.96,0.84,0.58,-0.38,-199.47,-216.69,71.98,1
1746816825.598281,-2.0,-0.41,-0.74,-18.93,-2.27,-6.9,-0.07,0.52,0.59,-160.98,91.05,30.79,1
1746816825.613729,-2.0,-0.41,-0.73,-20.43,-3.12,-5.68,-0.55,0.66,0.82,-209.02,-250.14,70.18,1
1746816825.629621,-2.0,-0.44,-0.74,-22.11,-2.29,-3.76,0.04,0.43,0.63,-219.29,-5.86,24.95,1
1746816825.644159,-2.0,-0.44,-0.74,-22.81,-1.83,-1.56,0.69,0.87,0.33,-214.87,-110.21,68.66,1
1746816825.658625,-2.0,-0.45,-0.75,-24.11,-1.9,-0.16,-0.17,0.93,0.77,-250.14,-250.14,28.92,1
1746816825.67351,-2.0,-0.46,-0.77,-25.28,-0.93,-0.11,-1.11,0.31,2.0,-250.14,-86.42,-5.11,1
1746816825.690284,-2.0,-0.49,-0.78,-25.37,-0.76,-0.11,0.04,0.2,0.62,-206.83,-30.81,11.02,1
1746816825.704306,-2.0,-0.5,-0.78,-24.96,-0.75,-0.44,-0.32,0.95,1.53,-250.14,-78.61,-24.11,1
1746816825.718408,-2.0,-0.52,-0.76,-23.36,-0.37,-0.23,0.4,0.22,0.33,-209.18,-52.47,-21.36,1
1746816825.733906,-2.0,-0.52,-0.73,-20.98,-0.34,-0.05,0.33,-0.09,0.38,-160.09,-47.56,-12.22,1
1746816825.749263,-2.0,-0.52,-0.71,-18.35,-0.92,-0.86,-0.1,-0.09,0.72,-130.51,-135.45,-7.81,1
1746816825.763836,-2.0,-0.51,-0.69,-15.36,-2.07,-3.06,0.26,-0.02,0.34,-60.63,-110.97,6.7,1
1746816825.778898,-2.0,-0.49,-0.67,-11.8,-4.08,-5.55,0.2,-0.15,0.21,-9.27,-201.83,4.77,1
1746816825.793886,-2.0,-0.47,-0.67,-9.49,-5.83,-8.11,0.56,-0.26,-0.3,69.98,-121.75,17.96,1
1746816825.808384,-2.0,-0.44,-0.7,-8.4,-6.34,-10.24,0.24,0.22,0.05,109.85,-97.51,34.56,1
1746816825.823224,-2.0,-0.41,-0.73,-9.02,-5.66,-11.41,0.74,0.19,-0.48,82.61,-207.13,47.11,1
1746816825.839431,-2.0,-0.41,-0.75,-11.47,-4.53,-10.6,0.88,0.35,-0.49,8.29,-29.83,11.26,1
1746816825.854189,-2.0,-0.43,-0.74,-14.66,-1.17,-6.92,0.72,0.13,-0.36,-55.47,-94.68,1.89,1
1746816825.868459,-2.0,-0.43,-0.71,-15.68,2.31,1.74,0.84,-0.04,-0.38,-59.52,-48.52,2.53,1
1746816825.883225,-2.0,-0.44,-0.68,-16.41,4.66,9.58,0.86,-0.02,-0.3,-66.46,15.98,1.27,1
1746816825.898509,-2.0,-0.49,-0.67,-17.82,8.06,13.27,0.64,-0.07,-0.04,-62.73,-78.29,13.63,1
1746816825.913234,-2.0,-0.52,-0.66,-15.22,10.14,14.65,1.16,-0.05,-0.5,-60.46,-12.82,9.66,1
1746816825.928394,-2.0,-0.52,-0.67,-12.5,11.89,14.53,0.32,-0.04,0.46,-137.7,-230.4,4.1,1
1746816825.944165,-2.0,-0.53,-0.69,-8.91,11.55,12.76,1.05,-0.22,-0.27,-125.74,-240.76,15.74,1
1746816825.958266,-2.0,-0.5,-0.69,-5.53,10.21,8.28,1.2,-0.16,-0.45,-72.36,66.19,-3.85,1
1746816825.973873,-2.0,-0.49,-0.71,-2.36,8.57,1.28,0.82,-0.22,-0.01,-38.06,185.98,-31.27,1
1746816825.989029,-2.0,-0.48,-0.73,0.48,8.37,-5.78,0.4,-0.02,0.48,-1.74,200.27,-31.32,1
1746816826.003169,-2.0,-0.47,-0.74,3.65,8.02,-10.61,0.7,0.08,0.42,-13.78,2.66,-7.67,1
1746816826.01842,-2.0,-0.46,-0.77,5.88,7.76,-13.63,0.76,0.01,0.37,-23.44,9.51,-16.66,1
1746816826.033186,-2.0,-0.45,-0.78,6.82,8.35,-14.18,0.97,-0.01,0.2,-32.58,-10.46,-18.87,1
1746816826.048143,-2.0,-0.43,-0.79,7.79,7.66,-12.36,0.86,0.01,0.28,-21.87,5.85,-18.59,1
1746816826.064209,-2.0,-0.39,-0.8,6.5,8.24,-10.78,0.93,0.02,0.27,-32.27,-15.33,-21.9,1
1746816826.078299,-2.0,-0.38,-0.8,4.48,9.57,-9.92,0.95,0.07,0.26,-39.86,-25.46,-15.98,1
1746816826.093114,-2.0,-0.37,-0.78,3.13,10.66,-8.38,0.87,-0.03,0.29,-41.75,-35.13,-15.12,1
1746816826.108157,-2.0,-0.37,-0.78,2.42,13.27,-5.93,0.89,-0.06,0.21,-39.0,-45.53,-12.41,1
1746816826.12341,-2.0,-0.35,-0.78,1.36,16.25,-2.81,0.89,-0.08,0.23,-20.12,-4.99,-14.56,1
1746816826.139362,-2.0,-0.33,-0.78,-1.42,16.4,-0.36,0.81,-0.01,0.33,-23.58,-14.34,-22.01,1
1746816826.153115,-2.0,-0.33,-0.79,-4.54,15.05,1.95,0.89,-0.04,0.25,-21.05,5.08,-23.61,1
1746816826.169418,-2.0,-0.33,-0.79,-6.86,11.35,3.44,0.76,-0.01,0.32,2.41,-35.05,-13.11,1
1746816826.183186,-2.0,-0.33,-0.81,-9.76,8.09,3.27,0.9,0.01,0.16,31.66,-20.6,-1.13,1
1746816826.198438,-2.0,-0.33,-0.81,-12.44,6.82,1.79,0.91,0.08,0.15,48.93,17.53,2.42,1
1746816826.213271,-2.0,-0.35,-0.8,-14.95,7.71,0.19,0.96,0.14,0.18,15.38,3.52,-15.91,1
1746816826.228166,-2.0,-0.36,-0.8,-17.07,8.3,0.25,0.88,0.2,0.17,3.04,-29.29,-7.98,1
1746816826.243013,-2.0,-0.37,-0.79,-17.53,8.11,1.05,0.86,0.12,0.16,6.39,-19.95,-5.68,1
1746816826.258216,-2.0,-0.36,-0.79,-18.76,7.47,1.76,0.85,0.13,0.09,11.6,-4.98,-2.24,1
1746816826.274423,-2.0,-0.34,-0.78,-22.36,5.11,2.2,0.82,0.11,0.08,13.89,-8.11,-1.14,1
1746816826.290229,-2.0,-0.33,-0.76,-27.55,3.64,6.41,0.84,0.1,0.09,9.79,-20.74,5.48,1
1746816826.3042,-2.0,-0.42,-0.76,-27.3,5.61,16.6,0.87,0.01,0.06,34.14,1.72,12.91,1
1746816826.319362,-2.0,-0.36,-0.8,-28.51,4.43,22.74,0.88,0.03,0.07,48.38,21.05,14.76,1
1746816826.334041,-2.0,-0.42,-0.76,-22.02,1.78,26.81,0.81,0.05,0.13,39.89,22.91,9.18,1
1746816826.34939,-2.0,-0.39,-0.62,-15.53,-14.84,28.63,0.77,0.07,0.12,19.73,20.49,6.31,1
1746816826.363407,-2.0,-0.38,-0.73,-14.9,2.67,23.19,0.83,0.14,0.04,11.43,25.6,7.93,0
1746816826.378072,-2.0,-0.37,-0.83,-28.08,15.23,11.09,0.8,0.21,-0.01,9.81,48.41,11.68,0
1746816826.393117,-2.0,-0.39,-0.8,-21.83,7.67,14.23,0.7,0.1,0.06,14.49,55.31,25.59,0
1746816826.407894,-2.0,-0.38,-0.8,-24.36,14.34,11.53,0.67,0.11,0.06,28.29,42.95,43.72,0
1746816826.423432,-2.0,-0.43,-0.79,-14.59,2.89,19.09,0.64,0.1,-0.0,31.68,54.19,45.25,0
1746816826.439504,-2.0,-0.42,-0.78,-19.93,14.08,12.23,0.57,0.12,-0.04,31.8,59.91,46.05,0
1746816826.451658,-2.0,-0.4,-0.77,-18.58,7.53,12.11,0.42,0.17,-0.04,34.82,71.79,46.11,0
1746816826.468027,-2.0,-0.4,-0.76,-20.5,13.47,8.15,0.28,0.16,-0.03,43.79,67.69,49.24,0
1746816826.483106,-2.0,-0.39,-0.72,-22.52,15.31,6.18,0.1,0.12,-0.0,73.53,45.56,57.39,0
1746816826.498875,-2.0,-0.4,-0.71,-18.05,16.35,7.39,0.03,0.12,-0.04,102.41,56.46,69.76,0
1746816826.513097,-2.0,-0.38,-0.72,-17.11,17.94,6.86,0.0,0.11,-0.07,114.63,62.65,85.47,0
1746816826.528165,-2.0,-0.37,-0.76,-14.93,15.24,7.17,0.18,0.06,-0.18,134.42,95.28,98.83,0
1746816826.543531,-2.0,-0.36,-0.77,-12.32,7.95,8.68,0.15,0.15,0.03,133.55,87.53,113.27,0
1746816826.558258,-2.0,-0.34,-0.8,-14.19,5.73,10.34,0.22,0.2,0.03,117.05,69.61,117.93,0
1746816826.574261,-2.0,-0.38,-0.82,-16.65,4.61,11.73,0.32,0.17,0.02,87.95,42.44,114.56,0
1746816826.590139,-2.0,-0.41,-0.83,-14.22,8.47,15.02,0.45,0.14,0.01,54.83,37.32,104.79,0
1746816826.604218,-2.0,-0.42,-0.84,-14.98,10.75,16.5,0.52,0.04,-0.01,31.47,65.34,91.99,0
1746816826.61941,-2.0,-0.45,-0.83,-12.25,6.85,20.02,0.51,-0.03,0.12,17.02,87.42,75.92,0
1746816826.633219,-2.0,-0.47,-0.83,-8.22,6.5,22.14,0.61,-0.13,0.17,8.27,97.11,62.56,0
1746816826.648205,-2.0,-0.47,-0.82,-5.13,6.08,23.56,0.67,-0.19,0.22,14.92,99.03,53.98,0
1746816826.663932,-2.0,-0.46,-0.83,-0.31,6.09,22.37,0.75,-0.26,0.2,36.87,95.49,49.02,0
1746816826.690114,-2.0,-0.41,-0.83,2.02,6.77,17.91,0.8,-0.28,0.28,69.71,108.74,47.06,0
1746816826.693659,-2.0,-0.39,-0.81,1.72,3.75,12.63,0.76,-0.28,0.41,91.53,120.4,38.65,0
1746816826.708225,-2.0,-0.36,-0.8,2.4,0.52,6.31,0.75,-0.29,0.51,93.24,115.08,15.44,0
1746816826.723949,-2.0,-0.36,-0.79,4.89,-1.63,-0.05,0.79,-0.32,0.52,92.47,112.27,-10.71,0
1746816826.739325,-2.0,-0.35,-0.79,7.69,-7.0,-3.75,0.76,-0.35,0.52,106.37,122.95,-32.27,0
1746816826.754138,-2.0,-0.34,-0.83,9.66,-4.24,-6.47,0.68,-0.36,0.5,133.27,136.59,-51.82,0
1746816826.769261,-2.0,-0.3,-0.82,5.62,1.61,-11.23,0.55,-0.26,0.59,150.49,140.28,-72.92,0
1746816826.784444,-2.0,-0.34,-0.83,7.01,-7.76,-8.23,0.41,-0.05,0.72,150.57,139.82,-99.19,0
1746816826.799934,-2.0,-0.32,-0.76,9.23,-11.28,-7.93,0.33,0.14,0.7,141.85,130.36,-129.55,0
1746816826.814486,-2.0,-0.29,-0.79,8.12,-15.82,-10.08,0.23,0.31,0.62,130.59,116.44,-148.14,0
1746816826.829717,-2.0,-0.29,-0.79,8.05,-18.34,-10.76,0.16,0.41,0.48,118.54,114.89,-156.59,0
1746816826.844793,-2.0,-0.27,-0.77,4.06,-20.07,-13.34,0.05,0.5,0.33,117.81,111.89,-149.59,0
1746816826.859612,-2.0,-0.27,-0.77,1.57,-18.95,-15.47,-0.53,0.7,1.05,110.87,-10.87,-146.75,0
1746816826.87456,-2.0,-0.28,-0.76,-0.85,-21.98,-14.8,0.3,0.78,0.34,97.98,-1.63,-139.28,0
1746816826.890192,-2.0,-0.28,-0.81,-5.8,-21.66,-15.66,0.25,0.27,0.52,159.21,220.09,-171.58,0
1746816826.904275,-2.0,-0.29,-0.79,-5.0,-15.68,-13.01,-0.22,0.58,0.65,139.15,190.3,-175.69,0
1746816826.918972,-2.0,-0.28,-0.73,-8.82,-13.22,-10.92,-0.43,0.58,0.68,210.67,146.41,-155.56,0
1746816826.934228,-2.0,-0.31,-0.75,-9.72,-13.79,-6.57,-0.38,0.82,0.51,236.44,105.17,-133.94,0
1746816826.948919,-2.0,-0.31,-0.76,-9.79,-13.81,-2.36,-0.39,0.98,0.63,207.62,94.05,-138.81,0
1746816826.964081,-2.0,-0.3,-0.77,-11.92,-8.79,-0.48,-0.39,1.1,0.74,156.28,101.5,-153.82,0
1746816826.979173,-2.0,-0.29,-0.77,-15.5,-13.41,1.03,-0.45,1.01,0.79,119.05,109.44,-165.84,0
1746816826.993148,-2.0,-0.31,-0.75,-17.83,-9.46,0.16,-0.5,0.92,0.82,82.99,88.27,-165.06,0
1746816827.008848,-2.0,-0.32,-0.75,-22.15,-5.36,-1.38,-0.47,0.8,0.73,81.88,61.17,-144.6,0
1746816827.024161,-2.0,-0.35,-0.75,-23.67,-8.84,0.3,-0.47,0.71,0.55,133.34,49.85,-130.19,0
1746816827.03916,-2.0,-0.36,-0.76,-24.63,-9.49,4.15,-0.53,1.02,0.48,170.92,47.25,-137.19,0
1746816827.053812,-2.0,-0.38,-0.77,-26.07,-8.5,10.0,-0.54,1.35,0.42,150.53,55.08,-136.83,0
1746816827.068422,-2.0,-0.39,-0.76,-25.89,-8.21,16.81,-0.53,1.29,0.36,94.82,73.45,-133.14,0
1746816827.084,-2.0,-0.4,-0.76,-26.7,-6.99,20.84,-0.49,1.12,0.31,48.4,84.5,-118.43,0
1746816827.099025,-2.0,-0.42,-0.78,-25.18,-7.37,24.17,-0.47,1.07,0.34,12.52,88.47,-114.73,0
1746816827.113211,-2.0,-0.43,-0.78,-23.69,-5.43,24.89,-0.58,0.89,0.36,1.52,84.14,-119.9,0
1746816827.128241,-2.0,-0.43,-0.78,-23.09,-2.75,23.69,-0.74,0.59,0.28,34.77,73.21,-113.81,0
1746816827.143298,-2.0,-0.44,-0.77,-21.04,-2.38,22.72,-0.8,0.65,0.29,60.55,71.56,-103.76,0
1746816827.15884,-2.0,-0.45,-0.77,-19.5,-0.89,21.43,-0.85,0.8,0.28,54.92,73.73,-138.61,0
1746816827.17418,-2.0,-0.47,-0.77,-18.49,-0.56,19.82,-0.85,0.96,0.29,43.19,76.02,-148.52,0
1746816827.189088,-2.0,-0.49,-0.77,-15.73,-1.39,18.63,-0.9,1.02,0.3,41.08,81.18,-142.24,0
1746816827.204186,-2.0,-0.49,-0.78,-12.01,-0.61,17.23,-0.85,0.99,0.21,25.32,91.25,-127.67,0
1746816827.219139,-2.0,-0.48,-0.8,-8.21,0.02,15.28,-0.97,0.93,0.29,2.52,81.56,-119.39,0
1746816827.234071,-2.0,-0.48,-0.8,-5.47,0.5,13.03,-1.01,0.78,0.25,-51.45,43.4,-128.48,0
1746816827.249095,-2.0,-0.49,-0.81,-2.44,1.16,11.27,-1.01,0.68,0.25,-65.89,28.82,-137.38,0
1746816827.263588,-2.0,-0.48,-0.78,1.87,0.21,9.47,-0.9,0.65,0.12,-25.17,68.51,-139.66,0
1746816827.27824,-2.0,-0.47,-0.78,6.53,0.2,7.87,-1.18,0.7,0.33,-10.77,52.39,-132.31,0
1746816827.2934,-2.0,-0.46,-0.77,10.86,-0.02,6.72,-1.01,0.65,0.07,11.03,63.47,-157.38,0
1746816827.309107,-2.0,-0.43,-0.78,13.87,-0.18,5.69,-1.1,0.75,0.23,23.57,60.87,-158.89,0
1746816827.324318,-2.0,-0.41,-0.79,15.39,-0.61,4.64,-1.11,0.8,0.2,16.3,48.56,-161.05,0
1746816827.340326,-2.0,-0.39,-0.8,16.02,-0.72,3.53,-1.1,0.9,0.18,6.86,31.27,-142.64,0
1746816827.354077,-2.0,-0.38,-0.82,17.08,-0.83,3.49,-1.08,1.0,0.12,-8.44,22.84,-114.73,0
1746816827.368421,-2.0,-0.37,-0.82,17.34,-0.94,4.14,-1.19,0.92,0.23,-14.68,20.78,-97.4,0
1746816827.384176,-2.0,-0.36,-0.83,16.15,-0.95,5.07,-0.97,0.96,0.04,-48.44,54.48,-71.69,0
1746816827.398329,-2.0,-0.36,-0.8,14.37,0.0,6.12,-1.06,0.8,0.11,-31.83,126.07,-43.4,0
1746816827.413113,-2.0,-0.36,-0.78,13.63,-0.13,7.17,-1.17,0.75,0.27,-20.12,39.45,-33.64,0
1746816827.42823,-2.0,-0.36,-0.77,13.27,-0.44,7.68,-0.92,0.72,0.03,-25.63,47.51,-28.11,0
1746816827.442705,-2.0,-0.34,-0.75,13.34,-2.17,7.98,-1.03,0.64,0.13,-13.38,23.72,-15.46,0
1746816827.458236,-2.0,-0.32,-0.73,12.93,-3.47,7.85,-0.96,0.6,0.04,-1.89,53.71,-2.59,0
1746816827.473528,-2.0,-0.3,-0.73,11.35,-4.1,7.59,-0.94,0.55,0.09,-2.87,23.34,3.47,0
1746816827.489375,-2.0,-0.29,-0.74,9.82,-5.32,8.24,-0.86,0.46,0.01,-4.13,62.18,11.37,0
1746816827.503763,-2.0,-0.28,-0.73,6.98,-4.98,9.05,-0.92,0.3,0.07,19.49,89.82,15.92,0
1746816827.518363,-2.0,-0.28,-0.73,4.15,-3.56,10.44,-0.9,0.29,0.1,37.17,9.95,10.95,0
1746816827.533239,-2.0,-0.27,-0.73,1.02,-2.63,12.4,-0.85,0.27,-0.07,73.65,47.15,10.71,0
1746816827.5485,-2.0,-0.27,-0.72,-1.18,-4.56,14.36,-0.85,0.35,-0.04,60.48,-14.47,0.12,0
1746816827.563433,-2.0,-0.29,-0.73,-4.49,-3.01,15.59,-0.61,0.42,-0.39,58.05,121.04,7.98,0
1746816827.578366,-2.0,-0.29,-0.75,-8.3,-2.95,14.59,-0.94,0.43,-0.07,80.2,140.47,9.31,0
1746816827.593335,-2.0,-0.29,-0.75,-12.24,-2.34,12.79,-0.95,0.59,0.04,40.61,-42.35,-15.05,0
1746816827.609257,-2.0,-0.33,-0.77,-14.47,-1.08,11.89,-1.09,0.46,0.03,70.19,-84.01,-12.81,0
1746816827.624676,-2.0,-0.34,-0.75,-15.46,-2.25,12.39,-0.86,0.5,-0.22,18.38,-45.56,-23.25,0
1746816827.638476,-2.0,-0.34,-0.76,-16.69,-1.76,12.29,-0.65,0.45,-0.43,-10.76,28.34,-13.31,0
1746816827.653896,-2.0,-0.36,-0.77,-17.0,-0.96,11.43,-1.09,0.43,0.06,-0.98,-16.9,-2.73,0
1746816827.668888,-2.0,-0.36,-0.75,-16.66,-0.58,11.05,-0.81,0.41,-0.3,-14.66,61.66,-1.02,0
1746816827.681322,-2.0,-0.38,-0.75,-15.89,0.87,10.11,-1.0,0.39,-0.13,0.4,65.02,3.72,0
1746816827.698542,-2.0,-0.39,-0.74,-14.24,1.7,10.3,-0.98,0.4,-0.18,-2.07,62.2,-1.92,0
1746816827.713043,-2.0,-0.38,-0.74,-13.26,1.7,9.87,-1.1,0.38,-0.05,33.01,12.08,4.4,0
1746816827.72823,-2.0,-0.37,-0.73,-14.36,2.33,9.85,-0.97,0.38,-0.15,53.41,-60.91,11.5,0
1746816827.743305,-2.0,-0.38,-0.74,-15.74,3.47,10.18,-0.88,0.4,-0.24,50.15,-19.76,19.08,0
1746816827.758309,-2.0,-0.39,-0.75,-15.27,3.39,11.58,-1.03,0.42,-0.04,39.09,-59.98,22.34,0
1746816827.774183,-2.0,-0.39,-0.74,-14.97,4.24,11.36,-0.56,0.28,-0.63,13.53,50.21,31.11,0
1746816827.789312,-2.0,-0.41,-0.75,-13.59,4.76,10.45,-0.98,0.49,0.08,5.19,-9.86,19.79,0
1746816827.804131,-2.0,-0.44,-0.75,-10.34,4.76,9.75,-1.02,0.41,-0.01,6.52,-11.85,13.34,0
1746816827.819505,-2.0,-0.45,-0.75,-6.81,6.17,7.95,-1.0,0.44,-0.01,-8.57,-16.01,16.81,0
1746816827.833833,-2.0,-0.42,-0.75,-4.99,8.43,4.55,-0.96,0.33,-0.08,-16.86,-15.89,12.4,0
1746816827.841227,-2.0,-0.44,-0.75,-5.85,11.16,0.53,-0.81,0.39,-0.24,-40.12,2.85,11.56,0
1746816827.863378,-2.0,-0.46,-0.76,-3.36,11.44,1.56,-0.91,0.38,-0.16,-26.8,52.02,13.26,0
1746816827.878399,-2.0,-0.48,-0.75,-2.42,10.56,2.25,-1.01,0.39,-0.09,-0.5,6.91,10.08,0
1746816827.893092,-2.0,-0.48,-0.74,1.09,3.04,4.22,-0.89,0.42,-0.15,11.73,-25.05,9.78,0
1746816827.909017,-2.0,-0.46,-0.75,2.83,1.15,3.04,-0.89,0.45,-0.1,19.21,-37.15,15.42,0
1746816827.924894,-2.0,-0.45,-0.74,2.77,0.45,-0.54,-0.82,0.46,-0.18,20.47,22.28,26.2,0
1746816827.938165,-2.0,-0.44,-0.74,2.0,-0.75,-3.86,-0.81,0.48,-0.06,37.93,-27.09,25.44,0
1746816827.953043,-2.0,-0.44,-0.74,1.78,2.23,-4.98,-1.03,0.51,0.07,10.39,-27.02,26.58,1
1746816827.968566,-2.0,-0.43,-0.75,0.54,4.89,-2.87,-1.0,0.49,-0.02,22.66,-38.38,27.5,1
1746816827.983271,-2.0,-0.44,-0.74,0.53,6.69,2.16,-0.79,0.58,-0.21,-4.85,-36.06,24.44,1
1746816827.998331,-2.0,-0.44,-0.75,1.37,8.05,7.28,-0.83,0.66,-0.13,-4.33,23.4,37.67,1
1746816828.013267,-2.0,-0.42,-0.74,0.8,8.29,9.51,-0.97,0.7,0.09,23.43,-42.04,56.89,1
1746816828.028097,-2.0,-0.41,-0.75,-0.93,8.39,9.09,-0.96,0.68,0.03,29.05,-59.4,60.21,1
1746816828.044314,-2.0,-0.42,-0.75,-0.84,8.2,7.82,-0.81,0.69,-0.11,11.24,-45.29,58.21,1
1746816828.058892,-2.0,-0.44,-0.75,-0.31,8.57,7.02,-0.84,0.7,-0.01,17.64,4.79,58.58,1
1746816828.074604,-2.0,-0.44,-0.74,0.41,8.32,7.57,-0.97,0.79,0.17,44.41,-35.62,58.37,1
1746816828.088402,-2.0,-0.43,-0.75,1.07,8.31,8.6,-0.88,0.93,0.18,46.26,-78.53,60.26,1
1746816828.103562,-2.0,-0.45,-0.75,2.27,7.25,10.93,-0.92,1.06,0.29,28.42,-96.22,53.37,1
1746816828.115732,-2.0,-0.43,-0.76,2.42,6.03,13.65,-0.85,1.09,0.24,11.54,-103.68,56.17,1
1746816828.13314,-2.0,-0.43,-0.76,1.54,4.5,15.4,-0.83,1.16,0.33,1.7,-93.44,74.12,1
1746816828.148457,-2.0,-0.44,-0.76,0.72,3.76,16.94,-0.82,1.3,0.46,8.79,-74.27,92.4,1
1746816828.163385,-2.0,-0.43,-0.77,-0.4,5.6,17.37,-0.87,1.41,0.5,4.18,-76.87,105.15,1
1746816828.178491,-2.0,-0.43,-0.76,-1.81,8.55,17.66,-1.03,1.41,0.61,28.21,-80.8,119.56,1
1746816828.194126,-2.0,-0.43,-0.76,-3.21,10.18,18.5,-1.08,1.43,0.54,63.38,-140.49,142.41,1
1746816828.208993,-2.0,-0.43,-0.76,-4.2,12.57,19.37,-1.13,1.55,0.5,73.66,-163.5,167.07,1
1746816828.224085,-2.0,-0.44,-0.75,-4.03,12.95,22.15,-1.09,1.64,0.39,61.99,-132.46,188.27,1
1746816828.239051,-2.0,-0.43,-0.73,-3.82,11.74,24.15,-1.15,1.71,0.37,42.51,-122.85,204.92,1
1746816828.253426,-2.0,-0.42,-0.72,-2.83,11.16,25.67,-1.29,1.62,0.39,43.8,-161.66,219.74,1
1746816828.268304,-2.0,-0.41,-0.73,-2.62,9.98,26.85,-0.91,1.57,-0.1,41.05,-100.05,231.76,1
1746816828.283899,-2.0,-0.41,-0.74,-3.27,8.99,27.45,-1.15,1.51,0.2,12.04,-106.77,235.57,1
1746816828.298499,-2.0,-0.43,-0.74,-3.2,8.85,27.91,-1.16,1.43,0.26,7.95,-100.19,240.27,1
1746816828.313752,-2.0,-0.44,-0.74,-2.69,7.04,28.79,-1.13,1.38,0.27,-10.47,-100.79,241.93,1
1746816828.328402,-2.0,-0.43,-0.75,-3.21,4.63,28.05,-1.12,1.35,0.26,-29.97,-106.89,241.51,1
1746816828.34398,-2.0,-0.44,-0.74,-3.68,3.47,26.32,-1.06,1.24,0.22,-46.89,-115.66,242.1,1
1746816828.358865,-2.0,-0.47,-0.74,-2.27,1.76,24.76,-0.97,1.16,0.19,-59.39,-124.58,242.35,1
1746816828.374588,-2.0,-0.46,-0.74,-0.56,0.79,20.92,-0.83,1.13,0.17,-65.57,-114.07,237.54,1
1746816828.388423,-2.0,-0.45,-0.75,1.4,0.09,15.4,-0.75,1.08,0.17,-78.47,-98.33,226.4,1
1746816828.403181,-2.0,-0.44,-0.74,2.54,-0.23,8.46,-0.69,1.04,0.19,-84.56,-81.75,214.43,1
1746816828.418058,-2.0,-0.44,-0.74,3.51,-0.82,2.88,-0.74,0.95,0.28,-75.08,-91.59,218.07,1
1746816828.434085,-2.0,-0.43,-0.73,4.86,-0.91,-0.39,-0.57,0.82,0.69,-104.44,-114.34,195.56,1
1746816828.441394,-2.0,-0.42,-0.74,5.78,-1.35,-2.34,-0.89,1.58,1.0,-129.66,-232.14,202.98,1
1746816828.46312,-2.0,-0.4,-0.73,6.07,-0.53,-4.4,-0.32,0.87,0.34,-73.29,26.45,159.37,1
1746816828.478354,-2.0,-0.4,-0.73,5.91,0.31,-6.33,-0.06,1.59,0.16,-72.78,-61.18,187.72,1
1746816828.491436,-2.0,-0.38,-0.73,5.6,-0.37,-7.94,-0.56,0.26,0.24,-44.5,-69.15,166.76,1
1746816828.508677,-2.0,-0.35,-0.74,4.15,-1.27,-9.93,-0.67,0.7,0.4,-84.24,-47.04,87.53,1
1746816828.524538,-2.0,-0.32,-0.72,0.21,-1.95,-12.41,0.05,0.78,-0.19,-148.6,-44.4,118.76,1
1746816828.538356,-2.0,-0.34,-0.73,-3.4,-2.35,-13.53,-0.49,0.69,0.53,-168.57,-86.95,90.1,1
1746816828.554284,-2.0,-0.37,-0.72,-4.09,-2.95,-10.89,-1.18,0.64,1.03,-127.41,-102.5,117.8,1
1746816828.568099,-2.0,-0.38,-0.71,-4.02,-4.23,-7.18,1.22,0.18,-1.56,-106.9,4.42,80.61,1
1746816828.584109,-2.0,-0.38,-0.71,-4.57,-5.69,-5.7,0.3,0.51,-0.32,-250.14,-112.41,65.02,1
1746816828.591667,-2.0,-0.38,-0.72,-4.48,-7.53,-6.65,-0.39,0.43,0.57,-36.49,142.27,58.58,1
1746816828.614053,-2.0,-0.38,-0.72,-5.06,-8.82,-8.82,0.68,0.44,-0.32,-168.86,-249.5,90.84,1
1746816828.628353,-2.0,-0.39,-0.72,-6.52,-8.82,-11.06,0.15,0.01,-0.18,-45.95,81.4,42.95,1
1746816828.644164,-2.0,-0.38,-0.74,-7.86,-8.56,-12.66,0.48,0.65,0.23,-229.39,-196.98,50.66,1
1746816828.659701,-2.0,-0.39,-0.74,-10.3,-7.18,-13.76,-1.26,0.7,2.0,-141.02,-250.14,68.05,1
1746816828.67425,-2.0,-0.4,-0.74,-12.13,-5.89,-14.08,0.61,0.09,-0.94,-4.89,83.7,48.76,1
1746816828.689387,-2.0,-0.4,-0.75,-14.58,-3.78,-14.27,0.85,0.3,-0.35,-174.5,61.31,20.1,1
1746816828.703362,-2.0,-0.43,-0.76,-15.56,-1.66,-12.92,-0.53,0.65,1.2,-171.36,-14.42,26.84,1
1746816828.719002,-2.0,-0.43,-0.76,-16.17,-0.11,-9.76,1.49,-0.02,-1.0,-115.73,15.47,40.2,1
1746816828.733891,-2.0,-0.43,-0.75,-16.83,1.09,-7.15,0.34,0.37,0.32,-215.89,-131.17,30.5,1
1746816828.748432,-2.0,-0.43,-0.74,-18.0,0.95,-5.37,-0.2,0.34,0.94,-126.86,-171.97,51.82,1
1746816828.763797,-2.0,-0.44,-0.75,-19.11,0.35,-4.31,0.98,0.36,-0.02,-148.42,-24.31,16.37,1
1746816828.778826,-2.0,-0.44,-0.74,-19.81,0.29,-3.23,0.64,0.07,0.19,-103.66,189.01,-35.24,1
1746816828.793967,-2.0,-0.46,-0.74,-19.76,0.77,-2.21,0.33,0.18,0.36,-137.38,-83.66,-23.4,1
1746816828.809503,-2.0,-0.46,-0.74,-19.18,0.5,-0.73,0.15,0.11,0.4,-82.56,-15.67,19.4,1
1746816828.825514,-2.0,-0.46,-0.72,-19.29,0.79,0.12,-0.03,0.22,0.62,-81.06,-200.76,7.44,1
1746816828.840102,-2.0,-0.48,-0.71,-19.59,1.05,1.5,0.6,0.16,0.04,-105.92,-250.14,26.37,1
1746816828.853864,-2.0,-0.48,-0.72,-18.99,0.9,3.11,0.78,0.07,-0.13,-40.82,-92.85,39.5,1
1746816828.868352,-2.0,-0.48,-0.71,-18.68,1.45,4.31,0.13,0.22,0.58,-80.44,-246.43,8.11,1
1746816828.883167,-2.0,-0.48,-0.72,-18.04,2.2,4.92,0.12,0.03,0.07,-31.98,-250.14,84.91,1
1746816828.891905,-2.0,-0.49,-0.71,-17.56,3.47,4.87,1.59,0.62,-1.69,-41.83,1.44,16.22,1
1746816828.913703,-2.0,-0.5,-0.72,-16.18,3.63,4.93,0.73,-0.09,-0.3,-11.35,225.39,-1.24,1
1746816828.928311,-2.0,-0.5,-0.74,-15.05,3.63,4.4,0.12,0.26,0.41,-91.47,61.27,-21.83,1
1746816828.943234,-2.0,-0.5,-0.74,-13.77,3.87,3.09,1.07,0.01,-0.46,-69.12,107.41,19.42,1
1746816828.958972,-2.0,-0.5,-0.75,-12.11,3.89,2.24,0.29,-0.05,0.42,-63.04,-102.04,57.65,1
1746816828.975103,-2.0,-0.49,-0.78,-11.44,4.1,2.12,1.64,-0.08,-0.61,-82.38,-1.9,28.57,1
1746816828.98801,-2.0,-0.49,-0.78,-10.95,5.34,3.72,0.32,-0.13,0.56,-41.97,80.31,-8.27,1
1746816829.001545,-2.0,-0.5,-0.76,-9.35,6.93,7.39,0.65,-0.24,0.16,-28.68,-124.52,-9.89,1
1746816829.018496,-2.0,-0.5,-0.76,-7.89,7.47,10.91,1.85,-1.02,-1.32,134.31,250.13,25.47,1
1746816829.033109,-2.0,-0.49,-0.75,-6.91,8.02,13.74,0.52,-0.29,0.3,38.69,-3.91,24.54,1
1746816829.048894,-2.0,-0.49,-0.75,-4.84,7.13,15.67,0.9,-0.2,0.11,22.66,34.37,9.72,1
1746816829.06326,-2.0,-0.48,-0.75,-3.53,6.04,15.36,0.89,-0.06,0.18,-8.22,-3.98,-0.56,1
1746816829.078687,-2.0,-0.48,-0.75,-3.86,5.89,14.0,0.88,-0.01,0.21,-29.05,-7.22,-11.42,1
1746816829.092925,-2.0,-0.48,-0.75,-2.08,5.69,13.76,0.88,-0.02,0.16,-39.42,-11.19,-9.97,1
1746816829.108675,-2.0,-0.48,-0.73,-0.13,4.89,13.73,0.87,-0.0,0.2,-22.64,24.53,-6.74,1
1746816829.12313,-2.0,-0.47,-0.74,1.2,4.1,13.5,0.79,-0.01,0.28,-15.23,24.36,-5.11,1
1746816829.138307,-2.0,-0.46,-0.72,2.16,3.6,11.79,0.86,0.02,0.23,-25.89,10.02,-6.97,1
1746816829.153235,-2.0,-0.46,-0.73,3.81,3.22,10.32,0.83,0.02,0.28,-27.86,2.1,-5.96,1
1746816829.168218,-2.0,-0.44,-0.74,4.96,2.19,8.82,0.83,-0.03,0.27,-9.33,-1.19,0.86,1
1746816829.193046,-2.0,-0.43,-0.74,5.33,0.56,7.3,0.88,-0.0,0.24,-1.2,-7.63,1.76,1
1746816829.198197,-2.0,-0.42,-0.74,5.61,-1.43,4.27,0.76,0.03,0.33,-6.85,-14.38,3.29,1
1746816829.213122,-2.0,-0.4,-0.75,5.44,-3.43,-0.1,0.86,0.03,0.29,-6.73,13.78,-1.92,1
1746816829.228258,-2.0,-0.39,-0.76,4.46,-4.5,-5.82,0.83,0.02,0.28,-8.78,8.34,-2.31,1
1746816829.24323,-2.0,-0.4,-0.75,3.19,-3.24,-9.6,0.86,0.03,0.27,-1.47,15.18,0.18,1
1746816829.259157,-2.0,-0.41,-0.75,2.34,-1.05,-9.53,0.8,0.01,0.31,-1.44,8.51,1.84,1
1746816829.274157,-2.0,-0.41,-0.75,1.32,0.45,-6.16,0.82,-0.02,0.29,5.0,16.31,1.74,1
1746816829.289155,-2.0,-0.42,-0.74,0.76,1.35,-1.57,0.82,0.01,0.28,9.24,16.07,1.33,1
1746816829.303821,-2.0,-0.42,-0.73,1.51,2.09,3.05,0.75,0.01,0.35,12.63,14.72,-0.41,1
1746816829.318995,-2.0,-0.41,-0.74,3.03,1.96,6.05,0.82,0.05,0.24,21.91,16.91,5.34,1
1746816829.333452,-2.0,-0.38,-0.74,3.61,1.05,6.83,0.8,0.07,0.23,27.27,27.95,6.83,1
1746816829.348549,-2.0,-0.36,-0.74,1.98,1.67,5.21,0.67,0.14,0.33,17.79,16.66,6.48,1
1746816829.363185,-2.0,-0.34,-0.73,-1.37,3.21,2.84,0.69,0.07,0.25,14.94,10.03,6.4,1
1746816829.378952,-2.0,-0.35,-0.72,-4.27,4.04,2.3,0.71,0.04,0.19,27.16,6.35,13.84,1
1746816829.391529,-2.0,-0.37,-0.72,-6.24,4.02,3.78,0.74,0.04,0.08,48.36,38.07,12.62,1
1746816829.409963,-2.0,-0.38,-0.71,-6.35,4.36,6.99,0.68,0.07,0.17,61.33,36.14,20.32,1
1746816829.424598,-2.0,-0.37,-0.73,-7.18,3.61,10.03,0.78,0.19,0.08,66.81,51.9,26.27,1
1746816829.439231,-2.0,-0.39,-0.73,-7.37,2.82,12.63,0.59,0.24,0.23,54.05,29.91,28.13,1
1746816829.453777,-2.0,-0.37,-0.74,-8.22,2.47,12.86,0.69,0.23,0.13,49.85,29.95,31.51,1
1746816829.46849,-2.0,-0.35,-0.74,-10.89,4.5,9.85,0.54,0.2,0.23,38.53,17.76,32.76,1
1746816829.484195,-2.0,-0.38,-0.72,-13.21,6.19,7.03,0.58,0.13,0.14,52.25,50.53,40.54,1
1746816829.491827,-2.0,-0.41,-0.72,-13.45,6.76,7.53,0.46,0.09,0.23,65.22,43.47,49.85,1
1746816829.513126,-2.0,-0.41,-0.73,-11.69,6.45,8.72,0.52,0.09,0.16,86.34,40.14,61.4,1
1746816829.528064,-2.0,-0.4,-0.74,-12.37,6.29,7.41,0.51,0.13,0.15,100.02,33.91,68.42,1
1746816829.543305,-2.0,-0.39,-0.74,-15.03,6.32,5.34,0.47,0.16,0.15,101.66,41.99,68.63,1
1746816829.559302,-2.0,-0.43,-0.74,-16.54,6.68,4.87,0.32,0.2,0.22,90.89,51.73,65.78,1
1746816829.573034,-2.0,-0.45,-0.73,-15.46,10.89,7.61,0.38,0.15,0.2,76.54,41.47,63.47,1
1746816829.58847,-2.0,-0.5,-0.74,-11.24,11.37,9.58,0.49,0.2,0.16,60.16,48.76,60.79,1
1746816829.602863,-2.0,-0.45,-0.78,-8.09,8.63,9.76,0.43,0.28,0.22,35.31,43.62,67.43,1
1746816829.618037,-2.0,-0.43,-0.78,-6.34,4.4,6.34,0.43,0.21,0.15,32.31,77.65,87.16,1
1746816829.633571,-2.0,-0.43,-0.78,-7.53,1.7,-1.95,0.17,0.09,0.31,49.08,72.66,107.93,1
1746816829.648405,-2.0,-0.43,-0.75,-8.5,0.87,-10.38,0.24,0.06,0.46,25.69,43.73,98.08,0
1746816829.663581,-2.0,-0.46,-0.72,-7.24,0.69,-15.89,0.11,-0.03,0.65,28.79,64.28,78.27,0
1746816829.678015,-2.0,-0.43,-0.72,-5.44,0.72,-17.86,0.26,-0.11,0.57,36.58,55.82,53.99,0
1746816829.691785,-2.0,-0.43,-0.74,-3.7,-0.13,-16.32,0.42,-0.21,0.46,45.82,44.86,34.1,0
1746816829.709579,-2.0,-0.4,-0.76,-4.38,-2.66,-14.98,0.55,-0.24,0.38,71.27,47.11,21.08,0
1746816829.724171,-2.0,-0.38,-0.78,-6.38,-5.32,-14.6,0.61,-0.19,0.35,85.46,50.67,9.17,0
1746816829.739019,-2.0,-0.37,-0.79,-9.24,-5.82,-13.72,0.58,-0.13,0.45,85.81,59.82,-2.71,0
1746816829.75313,-2.0,-0.39,-0.8,-11.61,-4.83,-11.08,0.55,-0.06,0.57,57.23,39.02,-21.64,0
1746816829.769377,-2.0,-0.41,-0.81,-14.37,-2.21,-8.31,0.62,-0.07,0.57,21.63,24.2,-45.05,0
1746816829.783079,-2.0,-0.44,-0.78,-15.36,-0.88,-5.27,0.59,-0.15,0.57,22.02,28.65,-60.25,0
1746816829.791713,-2.0,-0.45,-0.77,-15.33,-0.31,-2.74,0.66,-0.25,0.44,60.31,57.78,-64.15,0
1746816829.813442,-2.0,-0.45,-0.77,-14.79,0.31,-1.34,0.69,-0.18,0.54,100.76,86.26,-63.77,0
1746816829.828836,-2.0,-0.44,-0.78,-13.6,-2.26,0.19,0.47,-0.12,0.96,120.62,80.48,-79.95,0
1746816829.843343,-2.0,-0.43,-0.8,-13.15,-5.69,0.83,1.02,0.1,0.34,117.89,178.95,-98.48,0
1746816829.859809,-2.0,-0.42,-0.77,-14.74,-6.98,-1.18,1.47,0.0,-0.19,81.24,148.34,-130.37,0
1746816829.874186,-2.0,-0.43,-0.74,-15.64,-8.08,-3.48,-0.3,0.47,1.75,60.65,-108.39,-124.49,0
1746816829.889091,-2.0,-0.43,-0.72,-15.72,-8.43,-5.42,0.57,0.24,0.37,131.58,109.79,-151.65,0
1746816829.904375,-2.0,-0.44,-0.73,-14.52,-7.83,-5.11,0.19,0.4,0.71,113.27,52.47,-156.8,0
1746816829.919056,-2.0,-0.43,-0.75,-13.81,-8.88,-3.46,0.18,0.48,0.56,124.98,88.01,-164.47,0
1746816829.933613,-2.0,-0.41,-0.76,-15.4,-10.79,-3.21,0.55,0.62,0.16,91.63,123.06,-169.53,0
1746816829.949245,-2.0,-0.42,-0.74,-16.27,-12.2,-3.24,0.71,0.6,-0.12,58.23,133.48,-177.98,0
1746816829.964679,-2.0,-0.42,-0.72,-17.0,-13.69,-1.79,-1.12,0.78,2.0,18.24,-250.14,-137.34,0
1746816829.978501,-2.0,-0.43,-0.72,-17.02,-12.19,0.96,0.77,0.97,-0.95,86.25,118.74,-185.55,0
1746816829.992312,-2.0,-0.43,-0.75,-16.65,-10.64,3.93,-0.29,0.77,0.83,5.25,47.3,-200.72,0
1746816830.009797,-2.0,-0.42,-0.76,-16.79,-11.5,6.47,0.12,0.56,0.06,98.24,223.18,-165.66,0
1746816830.024024,-2.0,-0.43,-0.76,-17.6,-11.47,6.76,-0.14,0.72,0.6,36.59,0.43,-180.96,0
1746816830.038977,-2.0,-0.43,-0.75,-17.54,-10.68,6.29,-0.45,0.59,0.82,97.02,-23.89,-163.95,0
1746816830.053987,-2.0,-0.44,-0.74,-18.43,-8.41,6.05,0.25,0.57,-0.38,103.85,103.19,-176.48,0
1746816830.068499,-2.0,-0.45,-0.72,-17.99,-6.01,7.99,-0.31,0.74,0.41,78.91,48.94,-181.69,0
1746816830.084008,-2.0,-0.45,-0.73,-17.7,-4.4,10.63,-0.22,0.96,0.25,78.27,110.47,-178.5,0
1746816830.091865,-2.0,-0.45,-0.72,-17.07,-4.37,12.85,-0.36,1.01,0.31,46.02,48.5,-179.0,0
1746816830.113889,-2.0,-0.43,-0.73,-16.91,-5.56,14.25,-0.29,1.05,0.09,30.67,105.39,-167.95,0
1746816830.128304,-2.0,-0.43,-0.72,-16.53,-4.51,15.05,-0.39,0.96,0.13,33.49,109.55,-146.32,0
1746816830.143738,-2.0,-0.44,-0.72,-16.34,-2.76,16.23,-0.32,0.89,-0.01,55.2,133.26,-126.43,0
1746816830.159175,-2.0,-0.45,-0.72,-16.11,0.97,17.53,-0.58,0.84,0.25,102.66,95.31,-109.93,0
1746816830.172355,-2.0,-0.44,-0.74,-15.96,1.56,19.18,-0.63,1.02,0.28,90.83,122.4,-119.38,0
1746816830.189118,-2.0,-0.46,-0.77,-14.29,3.62,20.33,-0.74,1.02,0.32,88.28,132.56,-105.69,0
1746816830.201567,-2.0,-0.46,-0.77,-12.85,4.17,21.7,-0.78,1.07,0.3,51.18,142.11,-129.24,0
1746816830.218938,-2.0,-0.47,-0.78,-11.53,4.66,22.27,-0.85,1.06,0.35,-3.68,139.99,-152.93,0
1746816830.233107,-2.0,-0.46,-0.76,-10.3,4.66,21.43,-0.84,0.77,0.32,2.5,126.6,-152.5,0
1746816830.248365,-2.0,-0.49,-0.76,-8.12,6.9,19.13,-0.83,0.84,0.3,7.21,116.05,-136.38,0
1746816830.264098,-2.0,-0.49,-0.75,-4.73,6.66,16.16,-0.82,0.77,0.33,42.68,115.47,-118.85,0
1746816830.278772,-2.0,-0.48,-0.75,-0.82,6.36,12.24,-0.91,0.83,0.39,64.76,116.17,-115.34,0
1746816830.29307,-2.0,-0.46,-0.77,1.9,6.41,8.47,-0.96,0.88,0.37,59.28,105.4,-120.89,0
1746816830.309707,-2.0,-0.45,-0.78,3.53,6.63,6.98,-1.01,0.9,0.4,45.52,86.11,-122.97,0
1746816830.324154,-2.0,-0.44,-0.77,5.01,7.41,7.11,-0.96,0.85,0.3,45.62,76.9,-119.71,0
1746816830.33796,-2.0,-0.44,-0.76,6.26,7.03,8.31,-1.01,0.82,0.29,38.92,63.9,-110.9,0
1746816830.353041,-2.0,-0.43,-0.75,7.89,7.15,8.5,-0.98,0.78,0.16,44.53,71.74,-127.6,0
1746816830.369333,-2.0,-0.41,-0.75,9.0,8.69,7.85,-1.01,0.83,0.14,48.87,64.54,-127.72,0
1746816830.383191,-2.0,-0.4,-0.76,9.5,9.76,7.38,-1.06,0.88,0.17,49.74,65.79,-122.03,0
1746816830.392363,-2.0,-0.38,-0.77,9.76,9.81,7.74,-1.1,1.04,0.21,12.69,54.76,-117.47,0
1746816830.414089,-2.0,-0.38,-0.77,9.88,11.56,8.87,-1.06,1.12,0.16,-30.26,46.35,-106.02,0
1746816830.428073,-2.0,-0.38,-0.77,10.27,9.52,10.73,-1.1,1.04,0.29,-56.76,29.9,-86.5,0
