timestamp,ax1,ay1,az1,gx1,gy1,gz1,ax2,ay2,az2,gx2,gy2,gz2,em_movimento
1746818603.824212,-2.0,0.07,-0.16,-9.6,-1.53,-5.68,-0.71,0.23,0.05,3.24,5.11,12.07,0
1746818603.839055,-2.0,0.08,-0.16,-7.69,-1.01,-5.85,-0.71,0.22,0.05,3.76,5.05,7.2,0
1746818603.854422,-2.0,0.09,-0.14,-6.63,-0.79,-6.05,-0.72,0.22,0.03,4.56,5.05,2.66,0
1746818603.869179,-2.0,0.09,-0.14,-5.89,-0.08,-5.64,-0.73,0.24,0.02,4.69,4.61,-1.79,0
1746818603.88425,-2.0,0.09,-0.11,-4.89,-0.04,-5.21,-0.75,0.25,0.02,3.9,4.56,-5.41,0
1746818603.900323,-2.0,0.11,-0.11,-3.66,0.16,-3.95,-0.78,0.25,0.01,3.44,4.82,-8.68,0
1746818603.914087,-2.0,0.13,-0.11,-2.44,-2.77,-1.98,-0.82,0.27,0.01,1.28,4.74,-10.27,0
1746818603.927848,-2.0,0.14,-0.14,-2.34,-4.21,0.13,-0.88,0.32,0.05,-5.22,4.0,-9.76,0
1746818603.944247,-2.0,0.14,-0.16,-1.56,-5.24,1.86,-0.93,0.33,0.07,-14.81,2.5,-9.77,0
1746818603.95924,-2.0,0.13,-0.19,-1.32,-5.09,2.37,-0.95,0.34,0.08,-24.01,1.27,-11.35,0
1746818603.973914,-2.0,0.13,-0.2,-1.95,-2.31,2.16,-0.95,0.36,0.1,-31.54,1.89,-11.47,0
1746818603.98862,-2.0,0.1,-0.18,-1.8,-0.18,1.08,-0.96,0.36,0.11,-35.56,4.16,-9.55,0
1746818604.003777,-2.0,0.11,-0.13,-3.02,0.18,-0.05,-0.97,0.36,0.13,-36.3,6.38,-7.74,0
1746818604.018446,-2.0,0.12,-0.12,-3.53,-1.93,-1.02,-0.99,0.35,0.14,-34.71,7.15,-5.7,0
1746818604.034639,-2.0,0.14,-0.13,-6.44,-3.44,-1.15,-1.02,0.35,0.16,-31.02,7.27,-3.49,0
1746818604.053923,-2.0,0.16,-0.15,-10.56,-4.27,-1.44,-1.04,0.34,0.17,-26.6,5.95,-1.32,0
1746818604.063253,-2.0,0.17,-0.18,-15.27,-1.58,-1.34,-1.05,0.33,0.17,-20.55,4.4,-0.49,0
1746818604.077822,-2.0,0.15,-0.2,-17.74,1.47,-0.95,-1.05,0.31,0.17,-12.24,3.33,0.62,0
1746818604.090629,-2.0,0.13,-0.18,-17.68,2.62,0.58,-1.04,0.31,0.16,-2.03,1.08,3.05,0
1746818604.107517,-2.0,0.1,-0.16,-16.02,2.02,3.23,-1.01,0.31,0.15,9.6,-0.77,5.65,0
1746818604.123532,-2.0,0.1,-0.15,-13.75,0.18,5.11,-0.98,0.32,0.14,19.83,-1.79,7.55,0
1746818604.138425,-2.0,0.1,-0.16,-13.27,-0.8,5.77,-0.95,0.33,0.11,26.3,-2.0,9.42,0
1746818604.153013,-2.0,0.11,-0.15,-16.29,-0.53,5.49,-0.92,0.33,0.09,29.07,-1.06,11.08,0
1746818604.168407,-2.0,0.11,-0.18,-19.84,1.22,4.78,-0.88,0.34,0.07,28.61,0.02,12.74,0
1746818604.184323,-2.0,0.08,-0.19,-22.02,3.46,4.48,-0.85,0.34,0.06,25.1,1.67,14.14,0
1746818604.198715,-2.0,0.06,-0.18,-21.56,6.09,4.34,-0.82,0.36,0.07,18.71,2.93,14.92,0
1746818604.212587,-2.0,0.04,-0.16,-19.42,7.05,5.33,-0.8,0.35,0.06,9.69,3.64,15.69,0
1746818604.227867,-2.0,0.04,-0.14,-16.03,6.21,6.85,-0.79,0.34,0.07,-0.01,3.34,16.37,0
1746818604.240834,-2.0,0.04,-0.13,-12.02,3.29,8.31,-0.78,0.31,0.09,-6.85,2.63,15.83,0
1746818604.259179,-2.0,0.05,-0.13,-9.52,1.01,9.82,-0.76,0.28,0.08,-9.26,2.76,14.1,0
1746818604.27427,-2.0,0.06,-0.14,-8.72,0.5,11.15,-0.74,0.28,0.09,-9.87,3.35,12.4,0
1746818604.289141,-2.0,0.05,-0.14,-8.0,0.65,12.21,-0.74,0.27,0.11,-10.21,3.73,10.42,0
1746818604.303519,-2.0,0.05,-0.13,-7.27,3.08,13.28,-0.74,0.26,0.12,-9.04,2.69,8.48,0
1746818604.318573,-2.0,0.04,-0.12,-5.7,5.13,14.67,-0.74,0.25,0.1,-6.05,0.56,7.41,0
1746818604.334028,-2.0,0.04,-0.09,-3.37,4.33,16.12,-0.75,0.24,0.11,-1.9,-1.66,6.31,0
1746818604.348347,-2.0,0.04,-0.1,-1.39,1.74,17.07,-0.78,0.24,0.1,1.15,-4.21,5.21,0
1746818604.363823,-2.0,0.06,-0.11,-0.77,-1.15,16.66,-0.82,0.24,0.1,1.44,-6.38,2.52,0
1746818604.378994,-2.0,0.1,-0.17,-2.66,-2.19,15.27,-0.88,0.24,0.08,-0.37,-6.66,-1.73,0
1746818604.393561,-2.0,0.15,-0.23,-7.65,-0.45,12.85,-0.94,0.24,0.08,-2.98,-6.35,-6.54,0
1746818604.409206,-2.0,0.22,-0.33,-21.04,15.12,9.35,-1.01,0.24,0.09,-4.37,-4.53,-11.72,0
1746818604.423955,-2.0,0.16,-0.33,-18.85,6.08,9.89,-1.03,0.25,0.08,-5.63,-2.87,-15.98,0
1746818604.438542,-2.0,0.13,-0.32,-16.21,9.03,8.47,-1.06,0.29,0.08,-5.91,-1.54,-18.89,0
1746818604.453219,-2.0,0.08,-0.28,-9.98,8.55,7.97,-1.05,0.3,0.08,-5.98,-0.67,-19.08,0
1746818604.469354,-2.0,0.08,-0.27,-2.12,8.23,8.33,-1.04,0.32,0.08,-4.78,-0.11,-16.35,0
1746818604.484729,-2.0,0.06,-0.22,4.34,6.25,8.66,-1.02,0.34,0.07,-2.33,1.08,-12.63,0
1746818604.499411,-2.0,0.07,-0.15,9.74,2.64,7.43,-0.99,0.34,0.07,0.55,3.22,-8.6,0
1746818604.514528,-2.0,0.06,-0.11,12.04,-1.37,5.38,-0.96,0.35,0.08,3.3,4.79,-4.03,0
1746818604.528944,-2.0,0.07,-0.11,10.7,-3.68,3.85,-0.93,0.34,0.07,5.82,5.28,0.13,0
1746818604.543849,-2.0,0.08,-0.09,8.84,-5.19,0.74,-0.89,0.32,0.07,7.63,5.52,2.44,0
1746818604.558938,-2.0,0.09,-0.09,3.68,-3.01,-1.8,-0.86,0.29,0.05,8.82,5.86,3.03,0
1746818604.574151,-2.0,0.11,-0.11,-4.77,3.18,-3.74,-0.83,0.28,0.06,9.13,6.57,2.6,0
1746818604.588699,-2.0,0.09,-0.1,-12.56,7.7,-3.89,-0.82,0.27,0.06,8.8,6.98,2.01,0
1746818604.603482,-2.0,0.04,-0.08,-14.18,8.29,-3.97,-0.79,0.27,0.06,8.53,7.41,0.5,0
1746818604.618236,-2.0,0.01,-0.06,-10.09,3.5,-3.76,-0.78,0.28,0.07,7.38,7.48,-1.13,0
1746818604.633366,-2.0,0.02,-0.08,-7.53,1.25,-2.47,-0.76,0.29,0.07,5.95,6.57,-2.06,0
1746818604.649341,-2.0,0.03,-0.09,-3.47,-3.73,-2.26,-0.74,0.3,0.06,4.24,5.5,-2.94,0
1746818604.663663,-2.0,0.05,-0.12,-2.85,-3.93,-2.76,-0.74,0.31,0.07,2.4,4.8,-3.4,0
1746818604.678569,-2.0,0.08,-0.15,-5.89,0.55,-3.11,-0.75,0.31,0.06,-0.1,4.4,-4.22,0
1746818604.692725,-2.0,0.06,-0.15,-7.68,2.37,-3.96,-0.79,0.31,0.07,-3.16,4.24,-5.13,0
1746818604.709168,-2.0,0.08,-0.17,-7.11,1.64,-4.67,-0.84,0.31,0.08,-6.77,3.53,-6.56,0
1746818604.723243,-2.0,0.1,-0.2,-6.37,0.17,-4.57,-0.89,0.3,0.1,-9.84,3.12,-8.54,0
1746818604.739141,-2.0,0.11,-0.22,-6.05,-0.73,-4.25,-0.93,0.29,0.1,-11.43,3.15,-10.87,0
1746818604.753483,-2.0,0.09,-0.25,-5.43,-0.26,-3.82,-0.94,0.3,0.09,-9.99,3.6,-13.31,0
1746818604.769196,-2.0,0.07,-0.24,-3.1,3.32,-5.9,-0.93,0.32,0.08,-7.21,4.99,-13.31,0
1746818604.784825,-2.0,0.04,-0.23,2.82,6.29,-10.29,-0.94,0.36,0.09,-4.81,5.56,-11.1,0
1746818604.799073,-2.0,0.05,-0.22,6.5,8.69,-14.49,-0.96,0.37,0.08,-4.94,5.22,-7.95,0
1746818604.812686,-2.0,0.08,-0.21,8.82,9.21,-19.88,-0.99,0.38,0.09,-7.31,4.5,-4.59,0
1746818604.828698,-2.0,0.1,-0.22,6.45,11.05,-24.37,-1.0,0.37,0.09,-10.36,3.83,-1.96,0
1746818604.843351,-2.0,0.09,-0.21,0.89,13.4,-26.27,-1.0,0.35,0.09,-12.75,3.85,-0.45,0
1746818604.858261,-2.0,0.07,-0.21,-3.81,16.31,-25.24,-0.98,0.34,0.08,-12.89,5.26,0.28,0
1746818604.873476,-2.0,0.06,-0.19,-4.4,16.26,-24.01,-0.97,0.33,0.08,-10.29,7.67,1.98,0
1746818604.888492,-2.0,0.01,-0.17,-5.24,15.4,-22.4,-0.94,0.33,0.07,-6.73,9.98,4.46,0
1746818604.903634,-2.0,0.03,-0.15,-2.27,12.85,-22.08,-0.91,0.32,0.07,-1.86,11.63,8.06,0
1746818604.919249,-2.0,0.06,-0.14,-1.98,11.89,-21.38,-0.9,0.32,0.07,1.15,11.69,11.83,0
1746818604.935405,-2.0,0.08,-0.13,-6.11,12.26,-21.15,-0.89,0.31,0.08,1.61,9.79,14.52,0
1746818604.95043,-2.0,0.07,-0.12,-11.31,11.29,-20.18,-0.89,0.3,0.06,0.84,6.82,17.07,0
1746818604.964952,-2.0,0.07,-0.13,-13.79,8.34,-19.82,-0.88,0.28,0.05,-0.22,3.95,19.05,0
1746818604.979184,-2.0,0.07,-0.16,-19.34,9.05,-16.73,-0.86,0.26,0.05,-0.16,2.15,20.33,0
1746818604.99391,-2.0,0.06,-0.17,-22.69,8.7,-11.13,-0.86,0.24,0.03,0.38,1.5,20.04,0
1746818605.008919,-2.0,0.01,-0.17,-15.44,2.98,-7.06,-0.86,0.23,0.03,0.78,1.53,18.66,0
1746818605.024086,-2.0,0.04,-0.19,-9.29,0.54,-2.35,-0.85,0.22,0.02,0.08,1.73,16.1,0
1746818605.037746,-2.0,0.05,-0.21,-4.38,-0.44,1.43,-0.85,0.22,0.03,-1.51,2.21,12.61,0
1746818605.053338,-2.0,0.07,-0.21,-2.67,0.31,3.71,-0.86,0.22,0.02,-4.45,2.78,8.25,0
1746818605.069367,-2.0,0.03,-0.17,-3.18,-0.87,5.27,-0.87,0.22,0.03,-8.02,2.81,3.34,0
1746818605.08506,-2.0,-0.02,-0.15,2.53,-9.24,2.6,-0.88,0.22,0.02,-11.02,2.31,-1.21,0
1746818605.093444,-2.0,0.02,-0.16,1.22,-11.06,-0.08,-0.89,0.22,0.02,-12.26,2.07,-4.8,0
1746818605.112695,-2.0,0.05,-0.19,-2.02,-11.28,-2.08,-0.9,0.22,0.02,-11.91,3.61,-7.71,0
1746818605.128379,-2.0,0.06,-0.19,-11.62,-5.64,-1.06,-0.89,0.24,0.02,-11.11,5.31,-9.6,0
1746818605.142617,-2.0,0.05,-0.21,-13.88,-0.84,-1.16,-0.9,0.27,0.02,-11.33,7.09,-10.61,0
1746818605.159175,-2.0,0.01,-0.18,-15.8,2.09,0.66,-0.89,0.28,0.03,-12.17,8.34,-10.35,0
1746818605.174161,-2.0,0.01,-0.17,-13.92,2.42,4.69,-0.9,0.29,0.03,-13.5,8.85,-9.5,0
1746818605.188424,-2.0,-0.04,-0.15,-11.17,1.47,8.43,-0.9,0.29,0.03,-14.53,8.16,-8.05,0
1746818605.20345,-2.0,-0.03,-0.12,-5.03,-3.27,10.46,-0.9,0.29,0.04,-15.05,7.38,-6.45,0
1746818605.218336,-2.0,0.02,-0.14,-4.58,-5.21,12.49,-0.9,0.28,0.05,-14.79,7.29,-5.08,0
1746818605.234489,-2.0,0.03,-0.17,-9.64,-2.72,15.09,-0.9,0.26,0.05,-13.65,7.13,-5.15,0
1746818605.248463,-2.0,-0.0,-0.16,-11.6,-2.34,15.53,-0.91,0.26,0.06,-11.92,6.95,-5.47,0
1746818605.263761,-2.0,-0.04,-0.14,-10.0,-4.21,14.4,-0.91,0.26,0.05,-10.02,6.5,-5.98,0
1746818605.278519,-2.0,-0.04,-0.15,-5.92,-7.7,12.98,-0.9,0.27,0.05,-8.04,6.48,-6.14,0
1746818605.293221,-2.0,0.0,-0.17,-6.0,-7.7,13.22,-0.89,0.27,0.05,-6.7,6.47,-5.68,0
1746818605.309257,-2.0,0.02,-0.19,-10.18,-3.6,13.97,-0.89,0.27,0.05,-5.19,6.19,-4.63,0
1746818605.324217,-2.0,0.02,-0.19,-11.52,-0.44,14.63,-0.9,0.26,0.05,-4.21,4.99,-3.92,0
1746818605.33773,-2.0,0.03,-0.21,-12.63,1.62,16.75,-0.91,0.26,0.04,-4.75,4.02,-4.1,0
1746818605.353412,-2.0,0.02,-0.2,-10.46,0.89,19.25,-0.94,0.25,0.06,-6.85,2.4,-4.86,0
1746818605.369183,-2.0,0.02,-0.21,-7.91,-0.56,21.63,-0.96,0.25,0.06,-9.02,1.27,-6.21,0
1746818605.385607,-2.0,-0.01,-0.2,-5.39,-1.38,22.6,-0.96,0.25,0.06,-8.69,0.96,-7.21,0
1746818605.398662,-2.0,0.01,-0.2,-1.53,-3.9,22.13,-0.96,0.26,0.05,-6.97,2.73,-7.52,0
1746818605.41263,-2.0,0.01,-0.21,-0.33,-3.85,21.84,-0.97,0.27,0.06,-6.37,4.07,-7.07,0
1746818605.427806,-2.0,0.04,-0.22,-2.22,-2.12,22.31,-0.97,0.28,0.05,-7.44,5.27,-5.85,0
1746818605.44394,-2.0,0.02,-0.22,-4.05,-0.88,22.37,-0.97,0.31,0.07,-9.86,5.44,-4.12,0
1746818605.458671,-2.0,0.02,-0.22,-6.03,0.61,22.02,-0.96,0.32,0.09,-14.69,4.53,-2.05,0
1746818605.473295,-2.0,0.0,-0.21,-8.05,2.66,22.18,-0.93,0.31,0.09,-19.08,3.15,0.97,0
1746818605.487748,-2.0,-0.01,-0.2,-7.77,3.59,22.96,-0.9,0.28,0.1,-19.86,1.66,3.95,0
1746818605.502842,-2.0,-0.03,-0.19,-4.12,3.08,23.89,-0.87,0.26,0.08,-17.34,1.43,6.47,0
1746818605.518897,-2.0,-0.06,-0.16,1.61,1.39,23.06,-0.86,0.25,0.08,-12.48,1.47,7.67,0
1746818605.534591,-2.0,-0.06,-0.14,6.11,-2.01,20.62,-0.86,0.24,0.09,-7.77,1.19,7.74,0
1746818605.548678,-2.0,-0.01,-0.16,6.6,-3.27,18.89,-0.88,0.25,0.07,-5.23,0.31,6.7,0
1746818605.563712,-2.0,0.01,-0.17,2.7,-1.85,16.07,-0.9,0.25,0.08,-5.97,-0.31,5.47,0
1746818605.579048,-2.0,0.03,-0.2,-2.57,0.41,13.58,-0.9,0.24,0.08,-7.48,-0.91,3.79,0
1746818605.593872,-2.0,0.02,-0.22,-5.8,2.21,11.27,-0.91,0.23,0.07,-7.15,-1.02,2.04,0
1746818605.60882,-2.0,0.02,-0.23,-8.2,5.31,11.07,-0.91,0.23,0.06,-5.23,-0.7,0.73,0
1746818605.624202,-2.0,-0.03,-0.22,-5.69,5.7,9.8,-0.92,0.24,0.05,-1.97,-0.94,0.6,0
1746818605.638878,-2.0,-0.04,-0.17,0.18,3.27,8.13,-0.92,0.24,0.04,1.53,-0.76,0.91,0
1746818605.653801,-2.0,-0.03,-0.14,4.66,-0.32,5.01,-0.92,0.26,0.02,4.05,-0.62,1.52,0
1746818605.669022,-2.0,0.02,-0.17,4.88,-1.69,1.96,-0.91,0.27,0.02,4.14,-0.5,1.92,0
1746818605.683986,-2.0,0.04,-0.19,-0.79,2.79,-1.72,-0.91,0.28,0.01,0.5,0.08,2.03,0
1746818605.699251,-2.0,0.02,-0.18,-4.99,5.65,-5.25,-0.91,0.29,0.01,-5.16,0.65,2.89,0
1746818605.71384,-2.0,0.03,-0.16,-6.11,5.02,-6.51,-0.91,0.29,0.02,-10.94,2.12,3.83,0
1746818605.728917,-2.0,0.02,-0.16,-6.67,4.36,-6.41,-0.91,0.28,0.02,-15.42,3.4,4.35,0
1746818605.744275,-2.0,0.01,-0.09,-4.2,0.63,-4.65,-0.9,0.27,0.04,-16.92,4.9,5.12,0
1746818605.758036,-2.0,-0.03,-0.15,-0.66,-0.93,-3.77,-0.9,0.27,0.04,-16.68,6.79,6.88,0
1746818605.769442,-2.0,0.02,-0.18,2.18,-1.63,-3.08,-0.9,0.27,0.05,-15.52,7.95,7.22,0
1746818605.788451,-2.0,0.02,-0.18,2.42,-1.38,-3.14,-0.91,0.27,0.05,-15.11,7.97,7.44,0
1746818605.803367,-2.0,-0.01,-0.19,1.13,1.01,-4.4,-0.92,0.27,0.06,-15.12,7.68,8.07,0
1746818605.818884,-2.0,0.01,-0.17,4.11,-0.64,-5.54,-0.91,0.26,0.05,-14.31,7.19,9.29,0
1746818605.833874,-2.0,0.01,-0.19,2.4,0.23,-5.8,-0.91,0.25,0.05,-11.27,7.18,10.29,0
1746818605.848436,-2.0,0.01,-0.18,-0.28,2.65,-4.62,-0.91,0.25,0.05,-8.01,6.66,10.02,0
1746818605.863481,-2.0,0.03,-0.21,0.31,3.22,-2.62,-0.91,0.26,0.04,-6.48,4.91,8.7,0
1746818605.878708,-2.0,-0.02,-0.2,3.98,1.15,0.21,-0.92,0.26,0.05,-6.67,2.97,6.85,0
1746818605.893545,-2.0,-0.04,-0.19,9.72,-1.8,2.37,-0.91,0.27,0.04,-9.68,1.95,5.66,0
1746818605.911533,-2.0,0.03,-0.17,15.82,-3.73,2.6,-0.91,0.28,0.03,-14.37,2.34,5.54,1
1746818605.923726,-2.0,0.01,-0.17,20.2,-7.14,1.06,-0.91,0.29,0.01,-19.21,4.25,6.29,1
1746818605.938028,-2.0,-0.01,-0.18,18.95,-2.79,1.61,-0.91,0.29,0.02,-22.28,6.27,6.66,1
1746818605.953483,-2.0,-0.05,-0.19,23.15,-4.44,1.69,-0.92,0.3,0.02,-25.29,8.15,7.76,1
1746818605.968893,-2.0,-0.04,-0.19,25.18,-3.89,1.71,-0.92,0.29,0.04,-28.11,9.39,9.24,1
1746818605.98509,-2.0,-0.04,-0.17,25.05,-2.09,1.87,-0.92,0.28,0.05,-29.67,9.7,10.38,1
1746818605.999213,-2.0,-0.09,-0.15,28.29,-3.66,1.24,-0.92,0.29,0.04,-30.21,9.68,11.65,1
1746818606.013963,-2.0,-0.1,-0.12,36.63,-10.7,-0.6,-0.92,0.27,0.04,-30.26,8.85,12.63,1
1746818606.027745,-2.0,-0.05,-0.11,39.66,-16.63,-0.08,-0.93,0.29,0.01,-30.91,9.46,14.31,1
1746818606.042672,-2.0,-0.02,-0.13,37.64,-18.5,0.37,-0.92,0.33,0.02,-34.76,13.56,14.82,1
1746818606.057889,-2.0,-0.05,-0.15,36.17,-19.09,0.85,-0.95,0.4,-0.01,-41.39,17.9,15.6,1
1746818606.073221,-2.0,-0.14,-0.19,37.88,-18.25,1.13,-0.99,0.49,-0.04,-49.98,26.02,18.43,1
1746818606.088081,-2.0,-0.25,-0.29,49.15,-18.45,4.21,-1.09,0.81,-0.08,-73.91,41.05,22.08,1
1746818606.10352,-2.0,-0.37,-0.33,67.56,-17.22,4.69,-1.23,1.25,-0.11,-131.56,77.62,34.63,1
1746818606.119023,-2.0,-0.43,-0.33,94.82,-20.91,1.37,-1.39,1.31,-0.22,-204.78,102.72,65.52,1
1746818606.135245,-2.0,-0.44,-0.35,120.03,-28.8,0.33,-1.57,1.49,-0.21,-250.14,116.15,118.2,1
1746818606.149046,-2.0,-0.5,-0.34,147.85,-39.28,-4.94,-1.78,1.31,-0.21,-250.14,117.76,164.31,1
1746818606.164027,-2.0,-0.48,-0.36,172.47,-50.24,-11.73,-1.89,0.99,-0.19,-250.14,114.11,189.31,1
1746818606.178578,-2.0,-0.42,-0.41,189.46,-53.62,-17.42,-1.87,0.83,-0.01,-233.31,100.15,199.53,1
1746818606.192899,-2.0,-0.36,-0.44,196.89,-51.19,-21.75,-1.8,0.75,0.03,-185.66,79.8,201.96,1
1746818606.208702,-2.0,-0.39,-0.38,208.79,-52.13,-27.18,-1.74,0.76,0.14,-152.56,47.8,209.79,1
1746818606.22293,-2.0,-0.4,-0.29,222.79,-56.28,-29.56,-1.69,0.85,0.25,-143.63,15.89,224.18,1
1746818606.238876,-2.0,-0.49,-0.22,244.14,-70.47,-23.37,-1.6,0.74,0.35,-134.5,-13.62,241.16,1
1746818606.253727,-2.0,-0.58,-0.08,250.13,-106.08,-6.08,-1.5,0.65,0.31,-118.79,-37.73,250.13,1
1746818606.268694,-2.0,-0.54,-0.16,250.13,-146.28,19.92,-1.24,0.51,0.33,-100.44,-47.85,250.13,1
1746818606.284759,-2.0,-0.49,-0.3,250.13,-172.82,37.98,-1.03,0.41,0.33,-96.42,-56.89,250.13,1
1746818606.292129,-2.0,-0.24,-0.4,250.13,-176.11,40.19,-0.97,0.51,0.43,-110.79,-74.62,250.13,1
1746818606.314073,-2.0,-0.11,-0.41,250.13,-145.92,21.0,-1.29,0.13,0.44,-131.8,-115.18,250.13,1
1746818606.328569,-2.0,-0.11,-0.35,250.13,-94.89,-19.36,-0.77,-0.05,0.3,-99.22,-116.52,224.74,1
1746818606.343628,-2.0,-0.11,-0.15,213.37,-56.97,-73.44,-0.69,0.18,0.3,-65.44,-107.81,223.74,1
1746818606.358007,-2.0,-0.22,-0.04,158.69,-26.1,-112.27,-0.55,0.13,0.33,-20.11,-105.43,224.09,1
1746818606.37365,-2.0,-0.36,0.07,151.11,-26.9,-129.84,-0.43,0.02,0.33,-3.93,-108.36,230.93,1
1746818606.388306,-2.0,-0.57,0.14,173.09,-44.25,-129.6,-0.34,-0.1,0.32,14.63,-109.81,217.64,1
1746818606.402975,-2.0,-0.57,0.13,215.23,-76.84,-124.34,-0.25,-0.11,0.31,29.34,-115.9,192.69,1
1746818606.418653,-2.0,-0.43,0.04,237.21,-91.56,-119.05,-0.18,-0.04,0.26,26.86,-129.99,164.67,1
1746818606.433972,-2.0,-0.18,0.06,222.32,-88.55,-129.67,-0.13,-0.03,0.21,20.26,-146.37,135.52,1
1746818606.448409,-2.0,-0.1,0.15,190.01,-74.25,-149.98,-0.01,-0.04,0.08,14.24,-166.49,111.79,1
1746818606.47136,-2.0,-0.06,0.22,150.24,-57.02,-169.09,0.02,-0.04,-0.09,8.9,-176.95,90.97,1
1746818606.478089,-2.0,0.01,0.3,120.63,-42.76,-183.73,0.11,0.05,-0.23,-12.14,-154.15,69.99,1
1746818606.493162,-2.0,-0.1,0.4,105.01,-31.03,-197.22,0.19,-0.03,-0.37,-33.01,-114.11,41.11,1
1746818606.508474,-2.0,0.05,0.51,100.61,-41.29,-200.69,0.23,-0.2,-0.45,-34.08,-77.73,-1.31,1
1746818606.522839,-2.0,0.21,0.68,95.09,-50.85,-205.06,0.21,-0.17,-0.57,-23.84,-43.88,-47.98,1
1746818606.537743,-2.0,0.4,0.75,78.95,-55.91,-201.9,0.08,0.11,-0.71,-27.07,-9.17,-89.31,1
1746818606.553229,-2.0,0.51,0.83,55.77,-57.61,-191.27,-0.11,0.63,-0.82,-63.56,28.19,-114.05,1
1746818606.568953,-2.0,0.5,0.91,41.53,-61.5,-176.31,-0.22,0.98,-0.93,-118.92,64.81,-124.34,1
1746818606.583904,-2.0,0.51,0.97,39.24,-80.04,-155.11,-0.38,1.22,-0.89,-158.17,115.76,-125.92,1
1746818606.598738,-2.0,0.48,0.97,39.27,-97.56,-125.7,-0.57,1.38,-0.72,-175.34,162.59,-117.31,1
1746818606.613925,-2.0,0.46,0.96,39.18,-117.26,-92.92,-0.76,1.49,-0.51,-174.5,196.62,-93.14,1
1746818606.62865,-2.0,0.41,0.93,43.16,-135.53,-59.95,-0.8,1.39,-0.27,-154.44,218.8,-58.08,1
1746818606.64309,-2.0,0.43,0.84,40.37,-148.37,-29.7,-0.82,1.27,-0.0,-122.05,236.51,-25.46,1
1746818606.658236,-2.0,0.41,0.75,27.7,-150.92,-5.06,-0.85,1.22,0.26,-82.4,246.2,-5.53,1
1746818606.672476,-2.0,0.34,0.65,10.06,-145.85,14.14,-0.95,1.42,0.52,-73.69,238.03,4.05,1
1746818606.68791,-2.0,0.23,0.55,-8.39,-134.21,28.08,-1.03,1.7,0.7,-104.75,223.73,11.56,1
1746818606.702457,-2.0,0.14,0.44,-20.07,-125.65,38.89,-1.1,1.88,0.86,-166.55,200.11,20.85,0
1746818606.718783,-2.0,-0.03,0.29,-20.11,-121.49,55.75,-1.14,1.68,1.06,-233.21,170.51,38.02,0
1746818606.732972,-2.0,-0.32,0.1,-0.11,-120.66,86.99,-1.11,1.3,1.23,-250.14,136.89,68.39,0
1746818606.748119,-2.0,-0.57,-0.08,47.64,-123.75,123.39,-1.08,0.65,1.42,-207.56,96.27,112.18,0
1746818606.763997,-2.0,-0.71,-0.32,100.06,-114.53,154.89,-1.1,0.23,1.66,-98.21,47.8,163.96,0
1746818606.777966,-2.0,-0.53,-0.48,129.31,-71.44,149.01,-1.08,0.03,1.82,13.44,-13.09,201.31,0
1746818606.794902,-2.0,-0.44,-0.46,107.5,14.41,120.53,-1.01,0.07,1.8,85.3,-68.73,226.21,0
1746818606.807902,-2.0,-0.5,-0.3,63.54,94.67,80.24,-0.93,0.07,1.67,110.89,-118.03,236.31,0
1746818606.82276,-2.0,-0.71,-0.08,35.95,142.52,46.72,-0.87,0.07,1.47,96.95,-165.23,229.64,0
1746818606.838192,-2.0,-0.9,0.15,32.49,161.18,25.21,-0.78,-0.02,1.26,61.38,-208.89,210.54,0
1746818606.854398,-2.0,-0.93,0.32,45.23,164.63,12.28,-0.72,-0.17,1.12,24.61,-241.6,184.99,0
1746818606.869249,-2.0,-0.94,0.58,60.37,165.46,2.36,-0.58,-0.51,0.83,3.94,-250.14,163.29,0
1746818606.883066,-2.0,-0.86,0.84,70.77,161.27,-10.35,-0.36,-0.67,0.63,0.31,-250.14,134.3,0
1746818606.89763,-2.0,-0.68,1.14,73.36,147.65,-30.74,-0.16,-0.83,0.36,8.87,-250.14,100.34,0
1746818606.913836,-2.0,-0.57,1.39,61.24,131.89,-52.99,-0.08,-0.71,0.06,-1.48,-250.14,59.16,0
1746818606.92802,-2.0,-0.47,1.57,40.04,114.1,-73.99,0.03,-0.64,-0.31,-26.24,-250.14,16.28,0
1746818606.942871,-2.0,-0.43,1.71,23.49,89.78,-89.37,0.24,-0.68,-0.57,-47.4,-250.14,-35.77,0
1746818606.958261,-2.0,-0.39,1.77,11.13,64.31,-99.72,0.41,-0.69,-0.74,-51.74,-197.47,-96.44,0
1746818606.974356,-2.0,-0.32,1.76,5.63,38.47,-104.16,0.42,-0.6,-0.82,-43.49,-114.05,-157.84,0
1746818606.988543,-2.0,-0.27,1.72,3.3,16.73,-102.96,0.31,-0.42,-0.9,-27.47,-43.55,-208.32,0
1746818607.002992,-2.0,-0.26,1.71,6.31,-13.79,-103.76,0.07,-0.07,-0.97,-13.01,-4.75,-230.96,0
1746818607.018789,-2.0,-0.22,1.65,6.67,-46.54,-105.07,-0.1,0.37,-1.02,-12.01,18.85,-227.6,0
1746818607.03354,-2.0,-0.05,1.53,5.68,-77.79,-104.19,-0.25,0.83,-1.03,-15.66,46.4,-227.52,0
1746818607.047998,-2.0,0.06,1.39,2.15,-97.59,-97.64,-0.48,1.56,-1.0,-43.76,95.66,-222.13,0
1746818607.062934,-2.0,0.07,1.31,0.6,-112.31,-81.6,-0.62,2.0,-0.88,-96.44,144.62,-187.29,0
1746818607.078161,-2.0,0.02,1.25,16.54,-137.31,-58.43,-0.66,2.0,-0.7,-151.95,170.58,-134.66,0
1746818607.093409,-2.0,-0.0,1.2,41.92,-172.95,-28.0,-0.56,2.0,-0.5,-164.59,200.55,-74.66,0
1746818607.108472,-2.0,0.09,1.03,73.22,-210.61,6.2,-0.54,1.66,-0.12,-106.62,242.63,-34.18,0
1746818607.122472,-2.0,0.14,0.88,90.0,-227.72,38.56,-0.64,1.62,0.3,-39.18,250.13,-4.2,0
1746818607.137835,-2.0,0.18,0.77,106.9,-231.75,78.02,-0.71,1.79,0.61,-2.72,250.13,18.31,0
1746818607.153324,-2.0,0.35,0.59,109.1,-221.08,110.59,-0.78,1.92,0.89,-2.94,250.13,40.77,0
1746818607.168106,-2.0,0.45,0.5,96.15,-196.66,129.66,-0.86,1.97,1.2,-20.7,245.61,66.55,0
1746818607.182837,-2.0,0.37,0.3,74.02,-154.52,135.4,-0.88,1.77,1.43,-32.76,221.31,99.89,0
1746818607.19796,-2.0,0.27,0.4,48.74,-122.89,135.75,-0.94,1.52,1.68,-25.82,182.68,133.28,0
1746818607.212814,-2.0,0.2,0.14,33.92,-80.01,133.79,-1.02,1.45,1.83,-0.53,142.73,156.58,0
1746818607.228099,-2.0,0.12,0.09,19.84,-35.32,125.75,-1.0,1.14,1.92,20.66,96.21,181.56,0
1746818607.242647,-2.0,-0.1,0.01,-0.31,12.78,112.79,-1.02,0.94,1.96,39.47,41.76,198.16,0
1746818607.257992,-2.0,-0.28,-0.05,-12.32,52.97,95.96,-1.01,0.74,1.88,41.34,-22.09,199.31,0
1746818607.272868,-2.0,-0.5,-0.05,-15.08,84.99,81.13,-0.89,0.54,1.68,35.85,-76.76,205.69,0
1746818607.287739,-2.0,-0.8,-0.03,-3.36,107.89,70.81,-0.82,0.49,1.51,10.94,-122.05,199.76,0
1746818607.303565,-2.0,-0.95,0.12,27.57,113.02,61.89,-0.7,0.16,1.26,-18.45,-168.17,191.43,0
1746818607.318624,-2.0,-0.98,0.28,53.43,120.71,48.58,-0.57,-0.09,0.99,-38.26,-197.27,181.18,0
1746818607.326176,-2.0,-0.9,0.49,53.46,134.67,23.63,-0.47,-0.33,0.82,-34.39,-216.2,164.92,0
1746818607.348691,-2.0,-0.84,0.73,32.9,153.53,-13.36,-0.37,-0.36,0.67,-3.86,-224.53,137.33,0
1746818607.363287,-2.0,-0.71,0.96,8.11,164.82,-52.75,-0.27,-0.47,0.46,21.73,-234.27,111.44,0
1746818607.37775,-2.0,-0.65,1.2,-15.45,165.82,-81.95,-0.17,-0.45,0.27,28.08,-227.22,90.52,0
1746818607.392843,-2.0,-0.5,1.43,-18.75,150.89,-98.47,-0.1,-0.5,0.17,17.66,-230.73,60.92,0
1746818607.408422,-2.0,-0.27,1.59,-17.72,131.62,-99.15,0.0,-0.49,0.02,6.83,-219.91,27.83,0
1746818607.422785,-2.0,-0.11,1.72,-16.89,100.36,-90.69,0.03,-0.51,-0.1,-0.11,-201.23,-29.92,0
1746818607.438183,-2.0,0.05,1.74,-16.21,72.44,-76.88,0.11,-0.47,-0.26,0.66,-170.27,-83.0,0
1746818607.452511,-2.0,0.09,1.77,-18.12,39.15,-65.6,0.01,-0.27,-0.2,6.47,-145.17,-123.7,0
1746818607.467991,-2.0,0.21,1.71,-28.31,17.95,-62.19,0.09,-0.25,-0.35,20.84,-122.79,-160.97,0
1746818607.482989,-2.0,0.26,1.62,-45.33,3.92,-62.42,-0.13,0.11,-0.5,21.23,-107.08,-181.57,0
1746818607.498233,-2.0,0.25,1.49,-69.93,0.93,-64.15,0.02,0.06,-0.55,29.24,-96.0,-191.29,0
1746818607.513421,-2.0,0.26,1.38,-91.53,-4.2,-60.82,-0.1,0.27,-0.64,50.6,-61.31,-211.41,0
1746818607.528421,-2.0,0.21,1.27,-109.43,0.39,-55.83,-0.28,0.46,-0.63,57.63,-28.5,-240.44,0
1746818607.543949,-2.0,0.17,1.15,-123.52,-3.58,-46.58,-0.34,0.81,-0.6,64.77,-7.15,-245.34,0
1746818607.557984,-2.0,0.1,1.01,-135.95,-5.06,-39.62,-0.48,1.29,-0.52,28.22,-0.02,-216.12,0
1746818607.573116,-2.0,0.01,0.89,-136.43,-5.18,-25.5,-0.49,1.22,-0.4,-5.53,-12.49,-198.04,0
1746818607.588233,-2.0,-0.14,0.78,-121.52,-10.49,-7.94,-0.31,0.99,-0.4,-14.47,-14.76,-177.65,0
1746818607.603221,-2.0,-0.1,0.62,-101.21,-5.38,12.93,-0.34,0.82,-0.37,6.61,7.97,-173.48,0
1746818607.618588,-2.0,-0.01,0.62,-84.82,-22.35,33.97,-0.34,0.77,-0.36,57.97,31.82,-179.54,0
1746818607.633021,-2.0,0.06,0.55,-82.12,-11.8,49.18,-0.37,0.97,-0.33,110.32,51.76,-189.35,0
1746818607.648417,-2.0,0.16,0.52,-91.88,-4.97,56.91,-0.39,1.08,-0.29,137.01,65.24,-184.18,0
1746818607.662667,-2.0,0.18,0.44,-118.77,23.95,63.34,-0.52,1.24,-0.18,126.35,67.47,-166.5,0
1746818607.677666,-2.0,0.19,0.43,-139.46,41.65,74.68,-0.56,1.32,-0.1,82.36,46.05,-158.62,0
1746818607.692964,-2.0,0.14,0.34,-155.0,54.8,79.79,-0.47,1.21,-0.1,48.92,28.93,-154.88,0
1746818607.707962,-2.0,0.17,0.16,-174.09,72.58,87.4,-0.52,1.04,0.07,14.14,4.63,-152.02,0
1746818607.723331,-2.0,0.09,0.19,-188.86,64.81,95.79,-0.44,0.98,0.06,8.42,-19.56,-165.58,0
1746818607.737562,-2.0,0.05,0.13,-203.71,91.27,108.92,-0.41,0.79,0.01,36.33,3.15,-165.95,0
1746818607.753538,-2.0,0.14,-0.25,-243.02,140.95,108.9,-0.55,0.84,0.26,50.31,5.72,-169.09,0
1746818607.768412,-2.0,0.0,-0.37,-250.14,196.57,98.86,-0.64,0.73,0.31,77.42,-3.48,-174.98,0
1746818607.783591,-2.0,-0.16,-0.11,-250.14,200.26,66.44,-0.63,0.64,0.19,94.27,-33.87,-181.88,0
1746818607.798119,-2.0,-0.24,0.02,-250.14,169.09,41.73,-0.86,0.58,0.05,124.74,-75.82,-189.24,0
1746818607.813209,-2.0,-0.36,0.05,-250.14,117.47,55.02,-0.93,0.73,-0.05,160.89,-90.09,-192.71,0
1746818607.827894,-2.0,-0.5,-0.08,-250.14,81.08,101.37,-0.95,0.94,-0.28,170.66,-91.12,-181.37,0
1746818607.84366,-2.0,-0.86,-0.09,-212.9,47.14,146.38,-1.08,1.15,-0.18,144.86,-79.99,-164.64,0
1746818607.858226,-2.0,-0.75,0.05,-144.57,17.05,180.88,-0.97,1.2,-0.22,101.05,-76.7,-152.31,0
1746818607.873621,-2.0,-0.67,0.12,-77.63,-15.44,189.03,-1.38,0.86,-0.17,63.28,-85.1,-151.27,0
1746818607.888269,-2.0,-0.59,-0.12,-79.32,-17.27,187.66,-1.12,0.74,-0.11,38.83,-60.98,-142.12,0
1746818607.902926,-2.0,-0.45,-0.11,-95.05,-14.41,192.06,-1.17,0.7,-0.01,39.5,-60.26,-147.4,0
1746818607.918055,-2.0,-0.43,-0.06,-105.75,-18.27,173.27,-1.16,0.58,-0.05,44.63,-77.69,-156.07,0
1746818607.933669,-2.0,-0.36,-0.16,-127.44,20.59,166.63,-1.1,0.53,-0.16,57.46,-55.95,-149.41,0
1746818607.948058,-2.0,-0.6,-0.06,-133.77,64.28,150.49,-1.31,0.57,-0.06,76.05,-57.53,-148.11,0
1746818607.963662,-2.0,-0.52,0.06,-111.08,58.17,126.76,-1.19,0.63,-0.12,58.01,-46.11,-136.43,0
1746818607.977836,-2.0,-0.44,0.22,-92.18,32.65,109.81,-1.18,0.63,-0.14,60.02,-13.63,-131.41,0
1746818607.992689,-2.0,-0.28,0.24,-94.31,10.65,105.95,-1.16,0.77,-0.04,42.84,1.84,-129.76,0
1746818608.008015,-2.0,-0.1,0.18,-114.92,16.24,115.52,-1.14,0.86,0.02,3.6,5.8,-125.19,0
1746818608.02331,-2.0,-0.11,0.29,-129.18,11.8,111.44,-0.98,0.89,-0.06,-51.39,11.73,-110.17,0
1746818608.037995,-2.0,-0.11,0.1,-130.74,32.8,109.85,-1.17,0.88,0.18,-91.44,12.87,-96.2,0
1746818608.05451,-2.0,-0.29,-0.21,-117.92,38.51,103.18,-1.08,0.7,0.13,-115.2,3.22,-77.58,0
1746818608.067988,-2.0,-0.33,-0.17,-112.16,2.65,87.85,-1.05,0.51,0.11,-101.41,5.1,-58.34,0
1746818608.083247,-2.0,-0.29,-0.11,-103.21,13.85,82.29,-1.01,0.42,0.14,-69.71,-0.08,-47.28,0
1746818608.090393,-2.0,-0.27,-0.08,-99.41,9.44,78.89,-0.98,0.41,0.12,-25.15,5.08,-38.81,0
1746818608.112675,-2.0,-0.21,-0.12,-100.76,11.12,74.8,-0.97,0.43,0.14,9.69,6.22,-34.98,0
1746818608.127787,-2.0,-0.22,-0.06,-98.79,3.92,66.73,-0.95,0.46,0.1,29.3,1.89,-31.15,0
1746818608.143183,-2.0,-0.15,-0.02,-98.53,14.43,62.42,-0.96,0.48,0.06,42.63,6.31,-26.05,0
1746818608.157424,-2.0,-0.29,-0.08,-85.08,25.72,48.5,-0.94,0.5,0.02,44.58,8.25,-19.34,0
1746818608.17292,-2.0,-0.22,-0.07,-74.72,10.74,37.89,-0.93,0.57,-0.03,35.27,10.45,-13.96,0
1746818608.188236,-2.0,-0.21,-0.06,-70.83,14.34,30.53,-0.94,0.56,-0.02,20.19,5.86,-5.63,0
1746818608.20286,-2.0,-0.14,0.07,-67.82,2.83,24.79,-0.92,0.52,-0.05,7.08,7.05,3.94,0
1746818608.217949,-2.0,-0.1,0.03,-66.19,13.26,19.55,-0.96,0.47,-0.03,-0.13,9.63,11.15,0
1746818608.232344,-2.0,-0.06,0.02,-64.89,16.9,14.44,-0.95,0.38,-0.04,2.53,12.37,15.59,0
1746818608.248124,-2.0,-0.1,0.07,-69.18,7.18,7.5,-0.93,0.32,-0.06,14.35,14.93,15.47,0
1746818608.262909,-2.0,-0.11,0.05,-72.38,2.69,-2.99,-0.96,0.31,-0.08,24.54,24.15,13.28,0
1746818608.278459,-2.0,-0.11,0.07,-70.3,13.41,-10.71,-0.97,0.36,-0.04,28.12,14.27,7.11,0
1746818608.293236,-2.0,-0.16,-0.0,-62.06,9.77,-15.74,-0.97,0.42,-0.08,19.05,0.08,4.05,0
1746818608.307638,-2.0,-0.09,0.01,-46.82,1.11,-15.44,-0.96,0.46,-0.06,9.1,-21.85,0.76,0
1746818608.322956,-2.0,-0.02,-0.03,-38.26,1.11,-9.63,-0.93,0.44,-0.11,-4.44,-12.05,5.85,0
1746818608.33815,-2.0,0.12,-0.15,-39.75,14.89,3.3,-0.86,0.38,-0.14,-15.47,-2.93,10.12,0
1746818608.353156,-2.0,0.0,-0.08,-55.99,32.37,12.7,-0.84,0.31,-0.12,-16.39,0.36,13.37,0
1746818608.368464,-2.0,-0.02,-0.07,-29.6,13.21,-2.18,-0.83,0.24,-0.15,-7.63,5.34,12.77,0
1746818608.382473,-2.0,0.06,0.01,-28.37,22.4,-7.18,-0.9,0.24,-0.1,0.56,6.95,9.37,0
1746818608.397601,-2.0,0.09,-0.01,-32.63,21.15,-14.48,-0.9,0.27,-0.09,4.1,13.56,8.85,0
1746818608.412817,-2.0,0.14,-0.05,-41.52,30.31,-12.1,-0.97,0.27,0.02,2.53,16.85,7.68,0
1746818608.427957,-2.0,0.13,-0.01,-45.82,22.08,-11.19,-0.91,0.26,-0.08,-2.92,19.27,10.48,1
1746818608.442658,-2.0,0.09,-0.02,-44.95,21.16,-5.25,-1.02,0.27,-0.01,-5.37,16.01,18.33,1
1746818608.457667,-2.0,0.05,0.0,-39.35,19.61,-2.55,-0.98,0.28,-0.05,-14.44,7.03,7.7,1
1746818608.472863,-2.0,0.04,-0.0,-28.17,11.66,1.44,-0.93,0.24,-0.1,-15.65,5.95,5.76,1
1746818608.487977,-2.0,0.04,-0.02,-14.05,2.28,5.33,-0.95,0.25,-0.08,-16.23,5.97,5.92,1
1746818608.502979,-2.0,0.06,-0.04,-5.23,-6.21,10.36,-0.96,0.25,-0.07,-17.58,3.9,5.95,1
1746818608.517977,-2.0,0.09,-0.1,-1.59,-4.82,14.38,-0.96,0.26,-0.07,-16.64,5.8,7.32,1
1746818608.532979,-2.0,0.1,-0.13,0.65,0.77,15.11,-0.96,0.25,-0.07,-18.18,0.06,8.66,1
1746818608.548316,-2.0,0.12,-0.11,3.29,0.6,13.5,-0.97,0.25,-0.06,-15.43,-4.24,7.98,1
1746818608.574317,-2.0,0.11,-0.1,1.61,5.15,11.05,-1.0,0.24,-0.02,-17.47,-18.27,3.95,1
1746818608.577316,-2.0,0.13,-0.06,-2.69,7.17,7.68,-0.93,0.22,-0.1,-14.63,-7.63,4.15,1
1746818608.592885,-2.0,0.16,-0.06,-5.97,7.88,6.27,-0.95,0.21,-0.04,-13.28,-3.89,8.48,1
1746818608.607418,-2.0,0.14,-0.05,-9.13,6.96,5.21,-0.96,0.22,-0.05,-10.55,1.85,9.23,1
1746818608.623323,-2.0,0.14,-0.04,-13.2,8.83,4.69,-0.95,0.22,-0.04,-6.56,6.46,9.42,1
1746818608.637585,-2.0,0.15,-0.06,-17.05,8.76,3.13,-0.95,0.24,-0.03,-4.63,5.98,8.47,1
1746818608.653302,-2.0,0.15,-0.03,-20.27,7.12,-0.53,-0.93,0.24,-0.01,-5.56,3.35,6.96,1
1746818608.668305,-2.0,0.16,-0.03,-26.32,8.85,-5.96,-0.93,0.27,0.0,-10.76,-0.34,5.04,1
1746818608.682734,-2.0,0.14,-0.02,-36.79,13.78,-13.09,-0.91,0.24,-0.05,-12.31,-3.18,3.19,1
1746818608.697679,-2.0,0.13,-0.03,-45.3,16.03,-19.69,-0.92,0.23,-0.01,-4.06,0.91,3.42,1
1746818608.713103,-2.0,0.12,-0.03,-52.87,20.97,-20.91,-0.93,0.22,0.03,3.85,-5.22,3.14,1
1746818608.727472,-2.0,0.08,-0.02,-54.89,21.18,-19.46,-0.93,0.22,-0.01,14.6,-8.84,2.66,1
1746818608.74323,-2.0,0.06,-0.03,-50.07,21.27,-15.82,-0.92,0.26,-0.05,19.54,-12.76,-1.07,1
1746818608.758225,-2.0,0.02,-0.02,-38.95,15.85,-12.45,-0.93,0.25,-0.07,19.86,-12.04,-5.22,1
1746818608.772339,-2.0,0.05,-0.02,-27.59,10.54,-7.77,-0.93,0.32,-0.09,11.97,-6.73,-0.47,1
1746818608.788197,-2.0,0.05,-0.03,-20.08,6.53,-3.6,-0.92,0.32,-0.07,2.79,-4.87,2.19,1
1746818608.803718,-2.0,0.04,-0.02,-13.98,5.07,-0.92,-0.93,0.31,-0.06,-5.25,-3.94,3.88,1
1746818608.818857,-2.0,0.1,-0.09,-13.43,9.66,1.24,-0.93,0.28,-0.06,-9.73,-3.88,4.03,1
1746818608.83258,-2.0,0.05,0.01,-9.63,1.3,3.15,-0.91,0.27,-0.06,-11.79,-3.09,4.5,1
1746818608.847902,-2.0,0.05,-0.03,-8.15,4.35,4.9,-0.91,0.26,-0.05,-11.35,-2.09,5.11,1
1746818608.86301,-2.0,0.06,-0.01,-7.03,2.57,5.7,-0.92,0.23,-0.04,-6.97,-1.46,4.78,1
1746818608.877602,-2.0,0.08,-0.04,-5.5,0.69,6.19,-0.91,0.22,-0.04,1.44,-1.6,3.9,1
1746818608.892789,-2.0,0.12,-0.04,-7.84,2.32,6.5,-0.91,0.24,-0.04,8.45,-2.29,2.96,1
1746818608.90781,-2.0,0.11,-0.04,-12.77,1.59,6.23,-0.9,0.28,-0.05,10.41,-2.16,2.25,1
1746818608.922773,-2.0,0.16,-0.05,-22.77,9.23,4.05,-0.92,0.31,-0.04,6.55,0.02,2.92,1
1746818608.938944,-2.0,0.17,-0.04,-33.53,9.5,-0.9,-0.92,0.3,-0.02,1.85,1.79,3.84,1
1746818608.953963,-2.0,0.18,-0.06,-50.52,23.46,-5.31,-0.86,0.32,-0.12,1.46,9.71,4.44,1
1746818608.967949,-2.0,0.11,-0.08,-64.22,31.15,-10.74,-0.91,0.26,-0.07,3.96,5.34,2.18,1
1746818608.983005,-2.0,0.07,-0.07,-67.25,30.56,-14.54,-0.95,0.29,-0.02,4.31,4.5,1.46,1
1746818608.998402,-2.0,0.03,-0.06,-63.97,26.61,-15.08,-0.96,0.3,-0.02,0.4,-3.65,0.05,1
1746818609.013431,-2.0,-0.02,-0.11,-52.21,16.92,-14.18,-0.94,0.31,-0.04,-2.82,-3.58,1.0,1
1746818609.027617,-2.0,-0.05,-0.07,-35.52,9.3,-9.53,-0.94,0.33,-0.03,-9.31,-4.4,1.58,1
1746818609.043123,-2.0,-0.09,-0.1,-12.93,-5.83,-9.47,-0.93,0.34,-0.04,-13.86,-4.92,2.23,1
1746818609.058121,-2.0,-0.02,-0.1,-0.4,-6.88,-6.38,-0.91,0.32,-0.05,-14.01,-3.34,3.6,1
1746818609.072383,-2.0,0.03,-0.15,5.73,-8.74,-4.34,-0.91,0.33,-0.04,-14.03,-2.34,3.76,1
1746818609.088637,-2.0,0.05,-0.17,6.22,-2.71,0.4,-0.92,0.34,-0.03,-12.62,-2.45,4.37,1
1746818609.103566,-2.0,-0.03,-0.13,8.69,5.44,0.67,-0.92,0.34,-0.04,-10.18,-1.19,6.37,1
1746818609.117565,-2.0,-0.02,-0.09,7.57,7.4,-0.75,-0.91,0.35,-0.06,-7.49,-0.4,8.77,0
1746818609.1244,-2.0,-0.09,-0.05,8.4,4.32,-8.03,-0.92,0.42,-0.06,-8.4,1.55,10.56,0
1746818609.14835,-2.0,-0.13,-0.05,8.68,-0.05,-18.95,-0.99,0.59,-0.07,-20.33,-0.53,11.95,0
1746818609.162551,-2.0,-0.18,-0.03,7.21,-3.96,-28.97,-1.0,0.69,-0.15,-35.75,1.81,17.48,0
1746818609.178553,-2.0,-0.25,-0.07,7.87,-6.82,-39.08,-1.05,0.83,-0.23,-41.62,14.73,23.34,0
1746818609.192776,-2.0,-0.3,-0.1,8.7,-4.63,-44.21,-1.13,1.08,-0.33,-59.14,41.33,34.44,0
1746818609.207771,-2.0,-0.44,-0.14,15.98,-2.7,-47.98,-1.25,1.46,-0.41,-113.41,70.54,56.35,0
1746818609.222763,-2.0,-0.56,-0.16,33.69,-10.93,-52.66,-1.32,1.5,-0.51,-184.42,88.17,84.05,0
1746818609.238027,-2.0,-0.68,-0.22,55.4,-16.79,-60.5,-1.46,1.5,-0.62,-240.87,108.38,108.71,0
1746818609.253029,-2.0,-0.71,-0.2,80.88,-28.83,-70.19,-1.65,1.55,-0.71,-250.14,145.69,128.73,0
1746818609.269101,-2.0,-0.7,-0.19,105.47,-39.28,-78.71,-1.83,1.5,-0.75,-250.14,177.56,154.22,0
1746818609.28311,-2.0,-0.66,-0.18,127.73,-47.76,-83.54,-1.97,1.48,-0.64,-250.14,174.29,195.17,0
1746818609.298358,-2.0,-0.62,-0.14,148.14,-55.79,-86.61,-2.0,1.19,-0.57,-250.14,141.52,236.32,0
1746818609.313585,-2.0,-0.54,-0.11,159.13,-61.15,-85.52,-1.81,1.08,-0.5,-250.14,106.56,250.13,0
1746818609.328622,-2.0,-0.52,-0.06,165.51,-64.87,-80.44,-1.7,0.95,-0.42,-236.63,101.07,250.13,0
1746818609.343789,-2.0,-0.52,-0.05,168.55,-67.98,-75.71,-1.57,0.8,-0.22,-226.52,105.53,250.13,0
1746818609.35874,-2.0,-0.55,-0.02,172.92,-69.48,-73.5,-1.5,0.77,0.01,-218.19,93.7,250.13,0
1746818609.372982,-2.0,-0.47,-0.03,179.85,-75.41,-69.84,-1.5,0.59,0.24,-228.04,58.59,250.13,0
1746818609.388162,-2.0,-0.45,-0.1,182.9,-78.3,-63.21,-1.35,0.4,0.26,-221.62,20.98,250.13,0
1746818609.403697,-2.0,-0.49,-0.17,186.5,-76.3,-58.33,-1.78,0.43,0.33,-202.02,-14.95,250.13,0
1746818609.418045,-2.0,-0.56,-0.31,193.48,-72.92,-54.79,-1.28,0.23,0.58,-172.65,-39.68,250.13,0
1746818609.433127,-2.0,-0.64,-0.46,214.31,-71.07,-52.27,-1.25,0.11,0.76,-150.46,-74.4,250.13,0
1746818609.44877,-2.0,-0.61,-0.52,240.31,-72.89,-51.32,-1.13,-0.05,0.81,-112.52,-96.64,250.13,0
1746818609.463915,-2.0,-0.67,-0.56,250.13,-70.5,-59.47,-1.03,-0.23,0.86,-67.67,-118.55,250.13,0
1746818609.478914,-2.0,-0.45,-0.54,250.13,-57.86,-74.97,-0.95,-0.26,0.8,-22.37,-145.16,232.93,0
1746818609.493518,-2.0,-0.36,-0.51,248.36,-37.32,-92.5,-0.84,-0.25,0.71,8.51,-177.03,212.03,0
1746818609.508502,-2.0,-0.29,-0.41,227.67,-19.5,-114.42,-0.75,-0.28,0.59,23.53,-212.64,193.51,0
1746818609.523255,-2.0,-0.26,-0.32,208.99,-5.75,-134.73,-0.57,-0.34,0.36,25.53,-249.15,176.18,0
1746818609.538398,-2.0,-0.18,-0.22,189.02,8.73,-150.01,-0.35,-0.51,0.09,27.93,-250.14,154.66,0
1746818609.553429,-2.0,-0.28,-0.05,178.76,14.92,-165.23,-0.29,-0.58,-0.13,25.78,-250.14,119.81,0
1746818609.568784,-2.0,-0.23,0.12,177.36,2.05,-180.62,-0.01,-0.46,-0.53,-5.5,-250.14,80.48,0
1746818609.583785,-2.0,-0.33,0.42,174.09,-19.45,-211.22,0.27,-0.46,-0.85,-48.14,-187.24,9.73,0
1746818609.598483,-2.0,-0.05,0.71,161.73,-54.47,-247.95,0.29,-0.48,-1.09,-81.5,-100.31,-71.49,0
1746818609.613717,-2.0,0.45,0.81,102.53,-54.51,-250.14,0.23,-0.38,-1.16,-105.07,-26.6,-146.57,0
1746818609.628654,-2.0,0.55,0.87,7.65,-24.61,-250.14,0.03,-0.05,-1.19,-126.34,16.73,-188.04,0
1746818609.643042,-2.0,0.55,1.04,-79.63,15.51,-250.14,-0.15,0.28,-1.21,-160.47,31.68,-196.49,0
1746818609.658031,-2.0,0.14,1.14,-116.34,26.63,-250.14,-0.29,0.54,-1.19,-186.22,55.85,-194.36,0
1746818609.673206,-2.0,-0.0,1.19,-94.57,1.32,-250.14,-0.44,0.87,-1.18,-202.78,107.53,-193.24,0
1746818609.688705,-2.0,-0.03,1.14,-52.18,-43.85,-216.47,-0.59,1.3,-0.99,-219.72,175.43,-184.89,0
1746818609.703642,-2.0,0.07,0.98,-14.95,-83.09,-164.86,-0.73,1.55,-0.73,-241.98,224.21,-162.29,0
1746818609.718847,-2.0,0.14,0.81,11.56,-111.26,-114.15,-0.82,1.65,-0.39,-248.71,250.13,-125.16,0
1746818609.732846,-2.0,0.19,0.65,37.21,-136.23,-72.18,-0.87,1.58,-0.05,-233.01,250.13,-76.62,0
1746818609.748033,-2.0,0.06,0.53,58.44,-152.02,-42.37,-0.97,1.51,0.35,-192.98,250.13,-26.5,0
1746818609.763461,-2.0,0.11,0.35,70.42,-162.53,-14.93,-1.04,1.54,0.67,-143.79,250.13,12.27,0
1746818609.777484,-2.0,0.27,0.13,58.88,-153.45,9.69,-1.12,1.61,0.94,-121.23,247.02,44.4,0
1746818609.792891,-2.0,0.31,-0.06,22.01,-107.31,29.42,-1.19,1.54,1.16,-111.37,225.78,76.04,0
1746818609.807853,-2.0,0.06,-0.21,-19.81,-45.68,35.14,-1.28,1.39,1.35,-104.61,191.58,109.21,0
1746818609.822953,-2.0,-0.19,-0.24,-34.84,4.39,34.92,-1.32,1.15,1.5,-96.94,149.51,140.03,0
1746818609.83796,-2.0,-0.39,-0.23,-40.73,38.29,41.67,-1.29,0.85,1.64,-73.79,105.82,167.56,0
1746818609.853215,-2.0,-0.53,-0.23,-36.6,59.62,56.88,-1.22,0.55,1.71,-35.23,58.05,188.85,0
1746818609.868374,-2.0,-0.62,-0.18,-21.53,66.8,71.53,-1.21,0.43,1.65,0.11,3.1,206.47,0
1746818609.883375,-2.0,-0.68,-0.17,-4.72,73.66,85.77,-1.16,0.32,1.55,23.62,-48.79,221.3,0
1746818609.898303,-2.0,-0.74,-0.15,11.48,82.58,97.85,-1.08,0.2,1.41,37.63,-97.53,227.91,0
1746818609.91334,-2.0,-0.87,-0.09,31.93,93.17,101.96,-0.97,0.08,1.26,36.94,-138.85,225.79,0
1746818609.927492,-2.0,-0.97,-0.0,56.54,97.87,98.39,-0.87,-0.06,1.14,30.03,-169.99,214.04,0
1746818609.943389,-2.0,-0.95,0.08,73.45,104.62,91.31,-0.81,-0.2,1.06,20.07,-196.6,195.18,0
1746818609.95841,-2.0,-0.96,0.18,76.87,116.93,82.92,-0.74,-0.38,0.96,13.73,-219.92,173.49,0
1746818609.973481,-2.0,-1.07,0.34,82.53,128.2,74.4,-0.71,-0.52,0.97,12.28,-236.18,146.67,0
1746818609.988695,-2.0,-1.14,0.54,98.63,128.05,62.73,-0.59,-0.71,0.83,11.98,-250.14,117.31,0
1746818610.002774,-2.0,-0.39,0.71,53.07,147.93,52.73,-1.26,-0.21,0.54,78.01,-233.63,75.93,0
1746818610.017879,-2.0,-1.39,0.86,111.71,104.53,23.62,-0.38,-0.82,0.54,40.1,-250.14,61.19,0
1746818610.032879,-2.0,-0.97,0.9,109.24,108.95,9.4,-0.24,-1.11,0.02,15.73,-250.14,13.17,0
1746818610.048264,-2.0,-1.06,1.12,91.91,103.21,-5.44,-0.23,-0.61,-0.38,-23.3,-250.14,-41.06,0
1746818610.063682,-2.0,-1.07,1.34,83.21,90.22,-30.34,0.19,-0.65,-1.04,-94.27,-250.14,-97.71,0
1746818610.07795,-2.0,-0.89,1.45,66.4,76.62,-56.73,0.65,-0.82,-1.33,-122.02,-223.56,-169.79,0
1746818610.093306,-2.0,-0.78,1.45,37.21,65.41,-78.86,0.47,-0.62,-1.33,-102.48,-67.05,-250.14,0
1746818610.10836,-2.0,-0.76,1.49,21.01,40.63,-90.91,0.16,-0.26,-1.55,-66.99,33.97,-250.14,0
1746818610.123453,-2.0,-0.76,1.54,27.05,-1.87,-96.4,-0.37,1.08,-1.65,-90.1,92.18,-250.14,0
1746818610.138353,-2.0,-0.58,1.51,44.45,-49.69,-94.49,-0.71,1.86,-1.32,-183.62,122.18,-250.14,0
1746818610.153881,-2.0,-0.32,1.38,46.89,-81.08,-89.35,-0.8,2.0,-1.18,-219.05,167.49,-212.11,0
1746818610.168365,-2.0,-0.12,1.31,34.6,-100.91,-85.18,-0.83,2.0,-0.89,-197.03,238.0,-169.2,0
1746818610.183365,-2.0,-0.02,1.25,19.98,-122.17,-80.05,-0.78,2.0,-0.53,-147.27,250.13,-107.43,0
1746818610.198365,-2.0,0.04,1.14,8.22,-142.37,-71.44,-0.84,2.0,0.0,-85.69,250.13,-41.31,0
1746818610.213579,-2.0,0.07,1.06,3.32,-163.25,-55.43,-0.94,2.0,0.54,-55.75,250.13,15.91,0
1746818610.22759,-2.0,0.12,0.9,7.11,-177.18,-31.84,-1.17,2.0,0.97,-56.95,250.13,45.47,0
1746818610.243061,-2.0,0.16,0.72,12.33,-185.2,-0.32,-1.21,1.93,1.27,-87.11,250.13,66.02,0
1746818610.258054,-2.0,0.16,0.58,17.53,-189.15,35.24,-1.16,1.7,1.49,-96.8,250.13,99.66,0
1746818610.273211,-2.0,0.06,0.48,28.72,-191.18,69.08,-1.26,1.41,1.7,-89.94,227.13,128.15,0
1746818610.288343,-2.0,-0.01,0.34,43.15,-189.43,96.76,-1.36,1.17,1.92,-79.97,179.12,155.4,0
1746818610.303343,-2.0,-0.04,0.2,53.9,-177.78,116.69,-1.4,0.91,2.0,-64.56,120.1,169.93,0
1746818610.318617,-2.0,-0.06,-0.01,43.86,-135.53,128.87,-1.39,0.68,2.0,-54.79,51.31,176.56,0
1746818610.333608,-2.0,-0.07,-0.16,17.92,-73.44,132.18,-1.33,0.53,2.0,-46.62,-20.37,182.81,0
1746818610.348614,-2.0,-0.2,-0.29,-11.3,-8.3,130.92,-1.14,0.29,1.81,-36.31,-93.82,187.53,0
1746818610.363599,-2.0,-0.47,-0.31,-19.44,48.24,125.99,-1.08,0.07,1.64,-26.08,-163.17,195.75,0
1746818610.378545,-2.0,-0.81,-0.28,-6.6,83.37,125.89,-0.89,-0.13,1.42,0.47,-199.4,196.3,0
1746818610.393462,-2.0,-1.14,-0.18,34.76,90.01,129.31,-0.67,-0.26,1.18,31.56,-214.63,197.53,1
1746818610.408447,-2.0,-1.44,0.03,94.66,87.24,133.28,-0.58,-0.28,0.99,62.39,-217.29,188.85,1
1746818610.423577,-2.0,-1.31,0.11,135.59,96.27,121.48,-0.59,-0.23,0.84,68.68,-223.18,182.18,1
1746818610.43857,-2.0,-1.1,0.21,134.98,124.67,90.42,-0.49,-0.22,0.72,39.49,-230.7,150.65,1
1746818610.453583,-2.0,-0.99,0.44,102.34,156.87,41.73,-0.58,-0.34,0.77,0.53,-250.14,114.91,1
1746818610.468592,-2.0,-0.96,0.73,66.73,176.01,-10.47,-0.34,-0.62,0.56,-11.65,-250.14,90.95,1
1746818610.483573,-2.0,-0.94,1.03,42.46,181.1,-49.5,-0.26,-0.82,0.38,-17.38,-250.14,62.02,1
1746818610.498229,-2.0,-0.88,1.28,33.17,170.56,-70.46,-0.0,-0.8,0.08,-17.61,-250.14,44.89,1
1746818610.513322,-2.0,-0.7,1.49,29.47,150.05,-82.57,0.01,-0.74,-0.32,-40.47,-250.14,-7.0,1
1746818610.52844,-2.0,-0.56,1.6,20.32,123.21,-95.64,0.2,-0.77,-0.78,-58.25,-250.14,-62.31,1
1746818610.543504,-2.0,-0.47,1.77,0.86,95.69,-111.52,0.51,-0.75,-1.05,-50.02,-177.07,-138.59,1
1746818610.558791,-2.0,-0.38,1.83,-12.54,62.55,-123.32,0.43,-0.71,-1.04,-32.09,-78.6,-206.95,1
1746818610.573034,-2.0,-0.26,1.81,-26.2,28.29,-125.29,0.24,-0.49,-1.11,11.21,1.61,-250.14,1
1746818610.588027,-2.0,-0.18,1.73,-31.54,-14.16,-122.26,-0.12,0.06,-1.16,29.25,51.69,-250.14,1
1746818610.604029,-2.0,-0.08,1.58,-32.31,-56.21,-115.14,-0.29,0.64,-1.03,16.95,86.4,-250.14,1
1746818610.618289,-2.0,0.05,1.32,-37.88,-82.1,-103.11,-0.54,0.92,-0.83,-10.73,90.53,-250.14,1
1746818610.63329,-2.0,0.13,1.06,-48.32,-88.5,-92.54,-0.63,1.03,-0.74,-8.38,104.25,-238.18,1
1746818610.648524,-2.0,0.18,0.88,-60.03,-100.75,-82.69,-0.7,0.96,-0.57,15.2,124.46,-227.7,1
1746818610.662808,-2.0,0.24,0.69,-76.33,-92.95,-69.15,-0.58,0.95,-0.39,44.15,150.89,-215.4,1
1746818610.677864,-2.0,0.27,0.58,-90.42,-89.22,-56.73,-0.64,0.92,-0.23,57.92,168.46,-212.27,1
1746818610.693274,-2.0,0.21,0.42,-103.56,-86.5,-45.37,-0.7,1.03,-0.07,49.64,171.31,-190.0,1
1746818610.708292,-2.0,0.17,0.3,-115.66,-81.49,-35.87,-0.77,0.9,-0.04,53.15,151.96,-173.34,1
1746818610.723522,-2.0,0.08,0.18,-124.17,-69.52,-23.43,-0.77,0.82,0.0,84.11,134.94,-158.14,1
1746818610.738808,-2.0,-0.0,0.05,-123.23,-53.85,-9.52,-0.8,0.8,0.04,124.69,129.19,-151.45,1
1746818610.753162,-2.0,-0.07,-0.08,-118.15,-41.37,10.24,-0.78,0.77,0.06,160.82,125.63,-148.5,1
1746818610.773163,-2.0,-0.11,-0.11,-107.04,-26.05,34.53,-0.83,0.85,0.07,175.46,124.24,-154.05,1
1746818610.783504,-2.0,-0.12,-0.1,-95.7,-4.99,57.94,-0.87,0.86,0.07,175.8,121.08,-164.82,1
1746818610.79785,-2.0,-0.16,0.01,-89.24,13.19,80.02,-0.93,1.01,0.04,163.6,117.76,-174.88,1
1746818610.813216,-2.0,-0.19,0.15,-87.71,26.85,99.21,-1.0,1.17,0.06,140.57,99.58,-171.79,1
1746818610.828425,-2.0,-0.22,0.25,-86.34,33.85,112.21,-1.02,1.16,0.07,118.67,74.81,-152.31,1
1746818610.842683,-2.0,-0.25,0.3,-86.61,29.77,119.34,-1.04,1.13,0.13,101.34,50.03,-143.4,1
1746818610.857683,-2.0,-0.05,0.5,-83.44,22.07,138.27,-1.18,0.88,0.11,85.82,25.41,-143.31,1
1746818610.872688,-2.0,0.02,0.46,-106.42,40.68,145.15,-1.05,0.95,0.16,67.35,9.74,-141.44,1
1746818610.889328,-2.0,-0.03,0.28,-131.48,50.55,148.08,-1.11,0.71,0.01,75.58,0.9,-144.07,1
1746818610.903334,-2.0,-0.08,0.28,-153.08,57.89,154.63,-1.04,0.84,0.08,88.72,-0.81,-140.18,1
1746818610.918455,-2.0,-0.22,0.26,-170.06,60.3,158.53,-1.11,0.83,-0.0,111.67,0.47,-137.76,1
1746818610.921394,-2.0,-0.42,0.27,-166.91,63.66,157.37,-1.19,0.79,-0.01,117.09,-16.46,-129.88,1
1746818610.948011,-2.0,-0.37,0.36,-159.3,55.88,155.21,-1.28,0.85,0.07,93.52,-53.4,-129.57,1
1746818610.963324,-2.0,-0.28,0.26,-167.18,60.58,160.39,-1.22,0.71,0.07,81.43,-89.76,-127.67,1
1746818610.978345,-2.0,-0.34,0.22,-186.69,53.19,167.21,-1.08,0.63,-0.04,77.93,-122.19,-117.24,1
1746818610.993738,-2.0,-0.55,0.19,-193.34,55.22,164.11,-0.98,0.47,-0.15,89.11,-126.92,-111.29,1
1746818611.008693,-2.0,-0.64,0.13,-182.58,39.19,175.05,-1.32,0.66,0.02,72.13,-143.91,-126.84,1
1746818611.023937,-2.0,-0.77,-0.0,-162.37,52.05,182.57,-1.04,0.66,0.01,55.59,-160.7,-135.4,1
1746818611.038624,-2.0,-0.61,0.09,-128.99,43.6,186.89,-1.3,0.58,-0.08,42.09,-77.47,-123.64,1
1746818611.053686,-2.0,-0.42,0.02,-121.55,47.21,184.56,-1.21,0.52,-0.12,29.44,-81.33,-120.26,1
1746818611.068913,-2.0,-0.43,-0.09,-153.22,62.12,179.92,-1.15,0.45,-0.17,35.69,-75.05,-114.27,1
1746818611.083993,-2.0,-0.56,-0.12,-179.41,71.07,161.98,-1.2,0.42,-0.14,48.89,-70.56,-113.83,1
1746818611.098251,-2.0,-0.51,-0.08,-182.11,60.64,155.27,-1.15,0.58,-0.04,72.94,-52.76,-115.76,1
1746818611.11315,-2.0,-0.53,-0.05,-181.05,70.14,144.03,-1.18,0.55,-0.16,82.6,-25.05,-112.62,1
1746818611.128585,-2.0,-0.5,-0.08,-143.85,43.41,151.76,-1.19,0.78,0.03,65.22,-12.42,-98.98,1
1746818611.142708,-2.0,-0.55,0.11,-79.27,-9.82,161.43,-1.18,0.85,0.05,41.61,-5.18,-82.49,1
1746818611.158376,-2.0,-0.43,0.17,-26.37,-95.28,171.32,-1.12,0.76,0.03,25.69,4.69,-60.94,1
1746818611.173189,-2.0,-0.14,0.1,-9.6,-123.25,181.55,-1.05,0.76,0.03,7.03,-0.94,-41.73,1
1746818611.188244,-2.0,0.13,-0.04,-20.81,-104.86,181.15,-1.03,0.79,0.05,-14.32,-3.63,-21.56,1
1746818611.203564,-2.0,0.48,-0.01,-73.78,-65.75,190.81,-1.03,0.66,-0.01,-44.06,-10.8,-4.6,1
1746818611.217955,-2.0,0.4,-0.22,-115.53,3.91,180.73,-0.99,0.59,-0.01,-65.75,-1.88,9.16,1
1746818611.233338,-2.0,0.38,-0.24,-149.3,31.9,170.82,-0.99,0.47,0.02,-80.93,8.63,16.62,1
1746818611.24794,-2.0,0.13,-0.23,-175.78,54.45,155.01,-0.89,0.31,0.03,-66.76,5.4,17.68,1
1746818611.263293,-2.0,0.06,-0.19,-180.68,51.64,143.8,-0.86,0.14,0.0,-35.82,12.15,15.79,1
1746818611.278295,-2.0,-0.04,-0.29,-168.26,47.13,123.11,-0.83,0.05,-0.01,4.57,27.69,10.89,1
1746818611.29373,-2.0,-0.1,-0.06,-155.63,53.05,110.31,-0.86,0.1,0.0,31.98,43.37,4.95,1
1746818611.307731,-2.0,-0.16,0.11,-140.16,19.11,102.17,-0.92,0.2,0.09,43.03,34.48,-7.9,1
1746818611.322733,-2.0,-0.18,-0.03,-112.74,38.08,90.16,-0.9,0.34,0.06,32.15,23.35,-17.08,1
1746818611.337732,-2.0,-0.32,-0.2,-72.33,18.5,69.19,-0.91,0.4,0.05,8.7,8.21,-20.89,0
1746818611.353032,-2.0,-0.29,0.03,-50.02,8.44,49.37,-0.87,0.37,-0.04,-6.54,8.04,-18.07,0
1746818611.367717,-2.0,-0.19,-0.06,-32.44,8.53,28.21,-0.9,0.34,-0.03,-10.63,4.82,-15.53,0
1746818611.382716,-2.0,0.01,0.06,-28.87,15.39,11.02,-0.89,0.24,-0.06,9.46,-9.03,-16.37,0
1746818611.39785,-2.0,0.08,0.01,-30.55,26.87,-1.98,-0.92,0.28,-0.01,14.98,-3.58,-8.01,0
1746818611.412988,-2.0,0.07,0.03,-31.62,29.47,-13.68,-0.91,0.27,-0.04,21.53,8.34,0.7,0
1746818611.428086,-2.0,0.15,0.11,-41.93,36.0,-21.28,-0.95,0.26,-0.03,30.69,8.44,3.35,0
1746818611.440394,-2.0,0.17,0.15,-48.73,35.6,-22.34,-0.94,0.33,0.01,24.11,4.98,4.54,0
1746818611.457717,-2.0,0.14,0.16,-55.5,32.32,-18.57,-0.96,0.33,-0.03,11.11,-0.56,3.13,0
1746818611.473106,-2.0,0.13,0.15,-55.59,23.15,-15.24,-0.98,0.27,-0.07,-0.48,-2.94,3.2,0
1746818611.488106,-2.0,0.08,0.09,-52.18,10.76,-15.45,-0.91,0.23,-0.03,-9.11,-3.82,1.47,0
1746818611.503451,-2.0,0.15,0.09,-48.46,4.42,-11.92,-0.82,0.24,-0.07,-13.67,6.66,0.48,0
1746818611.518723,-2.0,0.1,-0.03,-44.43,9.84,-9.76,-0.95,0.24,-0.05,-13.62,13.75,-1.65,0
1746818611.532723,-2.0,0.14,-0.05,-41.56,6.92,-11.79,-0.94,0.21,-0.01,-12.25,7.91,-4.63,0
1746818611.548162,-2.0,0.08,-0.02,-35.95,17.42,-7.89,-0.97,0.19,-0.0,-10.84,4.63,-5.95,0
1746818611.562534,-2.0,0.08,-0.0,-29.06,17.5,-11.76,-0.98,0.2,0.05,-7.74,16.79,-2.94,0
1746818611.577545,-2.0,0.1,-0.01,-23.24,21.01,-13.63,-0.99,0.24,0.0,-8.53,28.08,3.24,0
1746818611.593155,-2.0,0.11,0.05,-20.6,10.47,-17.24,-1.0,0.28,-0.04,-15.09,16.85,6.96,0
1746818611.60813,-2.0,0.13,0.02,-19.08,8.71,-18.45,-0.95,0.21,0.07,-15.27,4.73,9.75,0
1746818611.623297,-2.0,0.11,0.07,-17.04,4.63,-16.79,-0.9,0.16,0.04,-8.79,4.34,10.73,0
1746818611.638569,-2.0,0.15,0.09,-15.79,-0.27,-18.13,-0.98,0.08,0.07,-1.08,14.04,10.11,0
1746818611.652671,-2.0,0.13,-0.02,-14.66,2.98,-22.06,-0.88,0.09,-0.1,14.83,21.76,10.95,0
1746818611.668183,-2.0,0.26,0.1,-23.02,0.73,-21.15,-0.92,0.14,-0.14,25.57,23.67,7.03,0
1746818611.683182,-2.0,0.19,0.01,-22.44,7.72,-26.67,-0.97,0.18,-0.02,20.85,2.93,5.5,0
1746818611.698365,-2.0,0.15,0.04,-17.76,0.91,-24.38,-1.11,0.21,0.06,8.24,-14.27,2.44,0
1746818611.71357,-2.0,0.17,0.06,-14.4,13.74,-23.78,-0.98,0.26,0.03,-2.63,-1.02,3.54,0
1746818611.728571,-2.0,0.17,0.06,-9.19,10.14,-22.47,-0.99,0.2,-0.01,-11.23,-5.98,4.15,0
1746818611.743529,-2.0,0.16,0.07,-2.11,5.09,-17.63,-0.94,0.18,-0.05,-13.34,-0.76,3.69,0
1746818611.758519,-2.0,0.18,0.06,1.03,6.09,-15.59,-0.93,0.14,-0.1,-10.65,0.97,3.23,0
1746818611.772461,-2.0,0.19,0.06,3.73,-2.79,-17.92,-0.93,0.17,-0.05,-8.73,2.5,2.92,0
1746818611.788792,-2.0,0.2,0.1,5.91,-0.92,-13.77,-0.95,0.15,-0.07,-2.46,4.22,1.84,0
1746818611.803142,-2.0,0.22,0.09,6.69,-5.12,-14.48,-0.96,0.2,-0.05,-1.09,3.09,2.5,0
1746818611.818326,-2.0,0.24,0.04,2.67,1.59,-13.92,-0.96,0.2,-0.06,-1.52,0.56,4.18,0
1746818611.833323,-2.0,0.25,0.02,0.69,2.04,-14.72,-0.95,0.2,-0.06,-1.23,-0.04,6.45,0
1746818611.847482,-2.0,0.26,0.09,-9.19,6.15,-6.79,-0.96,0.2,-0.07,2.45,-0.23,6.75,0
1746818611.863468,-2.0,0.18,0.11,-6.58,6.27,-4.18,-0.95,0.21,-0.06,4.11,-0.63,7.72,0
1746818611.877463,-2.0,0.22,0.06,-6.93,9.55,-0.76,-0.94,0.21,-0.08,5.25,-0.25,8.94,0
1746818611.892871,-2.0,0.19,0.03,-5.07,7.7,2.09,-0.94,0.2,-0.07,8.57,0.26,9.73,0
1746818611.908109,-2.0,0.18,0.07,-1.56,3.32,0.81,-0.96,0.19,-0.09,13.16,1.57,9.29,0
1746818611.923414,-2.0,0.22,0.06,-1.95,3.63,1.88,-0.95,0.21,-0.07,15.45,2.17,8.5,0
1746818611.937461,-2.0,0.22,0.07,-3.42,2.34,4.36,-0.95,0.22,-0.06,15.27,0.5,9.32,0
1746818611.95347,-2.0,0.18,0.08,-4.34,0.18,5.63,-0.94,0.21,-0.07,15.69,-0.33,8.88,0
1746818611.965605,-2.0,0.18,0.07,-4.92,-0.93,5.76,-0.94,0.21,-0.08,16.63,0.56,7.52,0
1746818611.982917,-2.0,0.19,0.04,-3.79,-0.91,3.66,-0.93,0.23,-0.06,16.11,-0.27,6.08,0
1746818611.998143,-2.0,0.18,0.03,-7.08,1.61,5.37,-0.93,0.23,-0.07,14.0,-3.79,6.78,0
1746818612.013312,-2.0,0.16,0.04,-8.92,3.66,7.39,-0.93,0.22,-0.09,15.62,-1.74,5.99,0
1746818612.028293,-2.0,0.16,0.03,-10.11,3.66,7.47,-0.93,0.23,-0.09,15.1,0.04,4.75,0
1746818612.04269,-2.0,0.13,0.03,-9.3,4.47,6.52,-0.94,0.25,-0.08,11.95,1.13,5.15,0
1746818612.05769,-2.0,0.13,0.05,-6.05,3.0,6.01,-0.95,0.26,-0.09,6.53,0.4,6.89,0
1746818612.07297,-2.0,0.14,0.05,-5.78,3.47,5.54,-0.95,0.26,-0.06,2.47,-2.3,6.76,0
1746818612.087331,-2.0,0.14,0.06,-7.1,3.14,6.94,-0.93,0.25,-0.12,2.01,-3.37,5.7,0
1746818612.102593,-2.0,0.13,0.05,-4.91,-2.06,6.47,-0.91,0.24,-0.11,1.39,0.39,6.86,0
1746818612.118093,-2.0,0.13,0.09,-4.28,-6.54,6.22,-0.89,0.27,-0.09,-0.67,2.37,5.94,0
1746818612.133108,-2.0,0.16,-0.06,-6.47,2.18,4.17,-0.88,0.32,-0.0,-3.53,0.66,8.37,0
1746818612.14816,-2.0,0.14,-0.05,-5.96,7.3,5.42,-0.9,0.26,-0.1,-2.66,0.66,6.5,0
1746818612.162337,-2.0,0.15,0.01,-6.25,-3.93,3.05,-0.88,0.27,-0.09,-3.82,4.66,5.88,0
1746818612.177348,-2.0,0.15,0.06,-8.89,3.5,2.94,-0.94,0.22,-0.14,-4.24,6.85,3.76,0
1746818612.192534,-2.0,0.12,0.03,-9.18,1.83,-0.81,-0.95,0.26,-0.09,-5.6,5.46,3.58,0
1746818612.207525,-2.0,0.14,0.04,-9.3,2.47,-1.76,-0.94,0.26,-0.1,-8.08,2.76,3.4,0
1746818612.223552,-2.0,0.14,0.02,-12.85,2.53,-2.34,-0.95,0.29,-0.09,-11.51,3.21,4.31,0
1746818612.238329,-2.0,0.16,0.06,-13.4,5.19,2.58,-0.95,0.27,-0.12,-14.67,5.23,6.0,0
1746818612.252474,-2.0,0.1,0.04,-10.32,4.73,1.87,-0.94,0.29,-0.1,-19.05,4.82,8.1,0
1746818612.267851,-2.0,0.12,0.03,-8.15,1.03,-0.23,-0.95,0.28,-0.06,-19.83,5.24,8.58,0
1746818612.282851,-2.0,0.09,0.03,-5.69,1.39,-0.96,-0.95,0.26,-0.09,-19.83,5.92,7.57,0
1746818612.297972,-2.0,0.09,0.05,-3.59,-0.85,-5.34,-0.93,0.27,-0.07,-19.66,4.4,8.2,0
1746818612.312185,-2.0,0.22,-0.01,-7.18,6.28,-4.92,-0.95,0.27,-0.07,-16.83,4.98,7.9,0
1746818612.327195,-2.0,0.11,0.04,-10.27,5.37,-6.05,-0.95,0.29,-0.07,-14.56,4.04,7.95,0
1746818612.342459,-2.0,0.11,0.01,-12.95,5.98,-6.85,-0.95,0.31,-0.08,-14.37,5.24,9.69,0
1746818612.35745,-2.0,0.11,0.05,-11.45,11.89,-4.95,-0.94,0.32,-0.09,-15.65,5.82,10.92,0
1746818612.37363,-2.0,0.06,0.06,-8.85,9.82,-6.6,-0.94,0.34,-0.09,-17.34,7.49,11.92,0
1746818612.387977,-2.0,0.04,0.03,-0.93,12.09,-8.03,-0.94,0.36,-0.1,-17.97,9.21,12.98,1
1746818612.402226,-2.0,-0.01,0.07,4.73,11.52,-9.43,-0.98,0.45,-0.09,-21.31,10.78,17.02,1
1746818612.417651,-2.0,0.0,0.09,11.13,2.55,-13.63,-1.02,0.54,-0.09,-29.88,9.47,24.57,1
1746818612.43231,-2.0,-0.04,0.09,14.69,-2.31,-15.33,-1.04,0.64,-0.08,-43.02,6.58,34.31,1
1746818612.448062,-2.0,-0.08,0.12,14.86,-13.98,-16.06,-1.07,0.68,-0.06,-56.44,7.61,46.57,1
1746818612.462618,-2.0,-0.13,0.1,13.18,-10.88,-16.36,-1.09,0.72,-0.05,-60.24,6.85,60.11,1
1746818612.477729,-2.0,-0.18,0.02,18.63,-16.17,-24.79,-1.14,0.76,-0.08,-50.86,9.69,74.49,1
1746818612.493253,-2.0,-0.21,0.02,20.34,-10.66,-33.55,-1.2,0.94,-0.07,-47.02,12.89,93.02,1
1746818612.508228,-2.0,-0.26,0.03,18.45,-7.68,-43.79,-1.29,1.14,-0.03,-65.24,16.77,117.45,1
1746818612.523392,-2.0,-0.25,0.02,15.76,-1.18,-54.2,-1.32,1.23,-0.04,-96.69,18.85,143.87,1
1746818612.538387,-2.0,-0.29,0.03,12.76,4.61,-63.25,-1.33,1.17,-0.08,-118.37,19.5,165.22,1
1746818612.5534,-2.0,-0.34,0.07,18.5,-5.39,-70.41,-1.36,1.08,-0.07,-122.33,20.15,181.29,1
1746818612.567983,-2.0,-0.34,0.04,28.29,-11.46,-71.47,-1.31,1.05,-0.12,-117.73,30.01,194.46,1
1746818612.583629,-2.0,-0.39,0.03,42.01,-16.88,-71.0,-1.34,1.19,-0.08,-127.19,47.71,210.67,1
1746818612.598771,-2.0,-0.43,-0.02,57.8,-18.02,-74.34,-1.39,1.2,-0.04,-149.74,54.85,221.23,1
1746818612.613542,-2.0,-0.41,-0.01,77.14,-31.09,-77.34,-1.37,1.25,0.0,-174.95,60.02,231.43,1
1746818612.628602,-2.0,-0.38,-0.02,89.21,-37.12,-77.27,-1.37,1.21,0.0,-188.27,52.23,234.27,1
1746818612.643115,-2.0,-0.36,-0.03,101.41,-44.49,-75.24,-1.4,1.09,0.09,-191.58,32.29,236.25,1
1746818612.658603,-2.0,-0.4,-0.06,116.08,-50.91,-73.23,-1.36,0.95,0.15,-190.31,11.65,242.15,1
1746818612.673686,-2.0,-0.44,-0.09,136.47,-58.34,-71.29,-1.26,0.88,0.14,-170.44,0.05,246.39,1
1746818612.688686,-2.0,-0.46,-0.14,159.71,-68.43,-67.58,-1.24,0.88,0.23,-147.4,-4.24,250.13,1
1746818612.702951,-2.0,-0.55,-0.23,190.38,-83.96,-60.57,-1.26,0.97,0.24,-133.37,-8.32,250.13,1
1746818612.718272,-2.0,-0.69,-0.34,239.24,-106.88,-50.53,-1.15,0.81,0.32,-116.97,-16.0,250.13,1
1746818612.73325,-2.0,-0.78,-0.49,250.13,-142.89,-39.85,-1.03,0.56,0.32,-101.03,-23.71,250.13,1
1746818612.748877,-2.0,-0.69,-0.67,250.13,-173.44,-33.47,-0.96,0.49,0.44,-93.7,-39.5,250.13,1
1746818612.763766,-2.0,-0.5,-0.81,250.13,-173.08,-36.82,-0.84,0.23,0.51,-90.95,-63.56,250.13,1
1746818612.778076,-2.0,-0.23,-0.72,250.13,-150.52,-63.21,-0.71,0.02,0.55,-81.4,-90.37,243.4,1
1746818612.793425,-2.0,0.05,-0.44,250.13,-112.2,-98.17,-0.6,-0.15,0.53,-75.44,-117.7,223.21,1
1746818612.808092,-2.0,0.31,-0.16,250.13,-66.5,-136.44,-0.44,-0.4,0.49,-64.82,-152.31,197.62,1
1746818612.823756,-2.0,0.22,0.09,188.78,-17.59,-172.4,-0.34,-0.67,0.45,-35.27,-180.57,170.38,1
1746818612.837932,-2.0,0.14,0.34,118.5,6.87,-202.08,-0.2,-0.86,0.28,6.93,-203.21,142.98,1
1746818612.853274,-2.0,-0.06,0.46,77.81,20.09,-220.21,-0.1,-0.87,0.06,43.3,-218.24,109.99,1
1746818612.868476,-2.0,-0.1,0.56,69.27,24.44,-227.82,0.04,-0.66,-0.31,35.4,-215.76,66.4,1
1746818612.883101,-2.0,-0.18,0.71,74.74,9.11,-227.78,0.16,-0.52,-0.63,-7.21,-173.09,7.48,1
1746818612.898621,-2.0,-0.04,0.79,84.42,-6.18,-224.82,0.29,-0.44,-0.83,-57.44,-100.42,-53.21,1
1746818612.913291,-2.0,-0.01,0.9,88.5,-24.53,-217.4,0.3,-0.21,-0.91,-125.18,-21.68,-116.71,1
1746818612.928424,-2.0,0.15,0.95,82.0,-44.43,-208.12,0.23,-0.02,-1.05,-203.15,33.93,-164.56,1
1746818612.943122,-2.0,0.26,0.99,60.57,-60.57,-209.05,-0.01,0.13,-1.17,-250.14,82.89,-198.88,1
1746818612.958127,-2.0,0.46,1.06,30.47,-74.56,-210.18,-0.17,0.46,-1.14,-250.14,127.28,-200.3,1
1746818612.979398,-2.0,0.49,1.06,-8.19,-76.02,-204.63,-0.45,0.9,-0.93,-239.25,171.24,-183.99,1
1746818612.987912,-2.0,0.46,1.03,-27.43,-87.53,-192.05,-0.82,1.65,-0.67,-208.8,231.37,-159.05,1
1746818613.003967,-2.0,0.38,1.01,-32.95,-109.08,-167.6,-1.08,2.0,-0.3,-210.99,250.13,-114.53,1
1746818613.015246,-2.0,0.3,0.92,-20.26,-131.88,-136.07,-1.11,2.0,-0.0,-213.37,250.13,-49.55,1
1746818613.033076,-2.0,0.19,0.78,13.28,-175.77,-96.34,-1.03,2.0,0.27,-190.94,250.13,14.99,1
1746818613.047613,-2.0,0.19,0.57,59.73,-216.6,-44.14,-1.02,1.79,0.64,-147.53,250.13,65.87,1
1746818613.063073,-2.0,0.28,0.37,94.15,-238.33,8.15,-1.07,1.65,1.01,-130.18,250.13,101.93,1
1746818613.078547,-2.0,0.37,0.12,96.27,-226.36,51.47,-1.13,1.45,1.39,-122.13,226.92,131.19,1
1746818613.093041,-2.0,0.43,-0.07,77.95,-192.29,77.27,-1.23,1.2,1.68,-115.68,181.84,155.3,1
1746818613.108079,-2.0,0.38,-0.19,44.31,-142.82,91.11,-1.26,0.9,1.89,-98.18,133.4,178.43,1
1746818613.123069,-2.0,0.17,-0.32,9.72,-77.57,99.75,-1.23,0.48,2.0,-69.41,78.76,199.08,1
1746818613.137909,-2.0,-0.08,-0.34,-2.73,-18.36,92.98,-1.16,0.06,2.0,-11.68,28.54,208.75,1
1746818613.152715,-2.0,-0.08,-0.33,-5.5,28.5,87.97,-1.1,-0.17,2.0,79.38,-12.11,220.09,1
1746818613.165224,-2.0,-0.26,-0.34,-6.05,70.84,88.15,-1.03,-0.17,1.82,154.18,-59.44,240.73,1
1746818613.183459,-2.0,-0.39,-0.39,-11.85,118.55,95.04,-1.02,0.01,1.68,190.97,-111.18,250.13,1
1746818613.198307,-2.0,-0.79,-0.38,-4.41,155.86,95.89,-0.98,0.0,1.42,184.78,-152.44,250.13,1
1746818613.213462,-2.0,-1.04,-0.18,25.08,176.24,88.95,-0.93,-0.05,1.28,141.79,-187.27,250.13,1
1746818613.228564,-2.0,-1.37,-0.02,64.69,174.69,73.05,-0.91,-0.17,1.22,67.36,-219.55,220.33,1
1746818613.243041,-2.0,-1.56,0.23,98.11,168.52,56.42,-0.8,-0.39,1.06,-17.28,-250.14,175.39,1
1746818613.258231,-2.0,-1.54,0.5,130.16,149.8,42.08,-0.75,-0.65,0.81,-95.62,-250.14,119.86,1
1746818613.273282,-2.0,-1.46,0.81,152.14,132.52,21.23,-0.54,-0.9,0.43,-142.35,-250.14,66.41,1
1746818613.288654,-2.0,-1.11,1.2,160.13,116.08,-2.34,-0.29,-1.11,-0.1,-139.56,-250.14,16.33,1
1746818613.303622,-2.0,-0.77,1.55,138.11,105.58,-30.84,-0.06,-1.16,-0.54,-108.58,-250.14,-29.97,1
1746818613.317943,-2.0,-0.51,1.82,99.38,89.47,-63.46,0.21,-1.05,-0.89,-71.47,-250.14,-82.93,1
1746818613.332944,-2.0,-0.41,1.96,57.85,62.83,-98.51,0.34,-0.92,-1.04,-32.16,-208.14,-139.53,1
1746818613.347916,-2.0,-0.3,1.98,15.99,38.93,-127.74,0.33,-0.64,-1.08,-3.99,-95.44,-198.01,1
1746818613.36349,-2.0,-0.26,1.96,-14.03,14.77,-142.95,0.22,-0.41,-1.21,15.36,-6.6,-250.14,1
1746818613.378654,-2.0,-0.21,1.86,-23.7,-10.05,-146.43,-0.08,0.18,-1.28,-6.09,55.32,-250.14,1
1746818613.393171,-2.0,-0.13,1.75,-20.53,-40.02,-138.38,-0.29,0.92,-1.2,-96.59,79.37,-250.14,1
1746818613.40825,-2.0,-0.04,1.6,-15.34,-67.5,-126.55,-0.49,1.31,-1.15,-178.04,112.32,-250.14,1
1746818613.423441,-2.0,0.08,1.46,-11.27,-93.8,-114.32,-0.68,1.65,-0.97,-213.5,138.44,-250.14,1
1746818613.438669,-2.0,0.18,1.3,-15.28,-118.49,-104.11,-0.81,1.89,-0.75,-202.7,161.34,-218.4,1
1746818613.453239,-2.0,0.3,1.14,-25.21,-131.35,-91.34,-0.85,2.0,-0.46,-178.51,189.5,-163.51,1
1746818613.46537,-2.0,0.39,0.95,-41.76,-136.4,-77.89,-0.9,2.0,-0.07,-144.37,222.85,-95.11,1
1746818613.483053,-2.0,0.39,0.8,-58.02,-134.62,-58.09,-0.89,2.0,0.36,-94.09,250.13,-15.75,1
1746818613.498009,-2.0,0.32,0.67,-55.76,-139.39,-33.33,-0.88,1.94,0.92,-35.24,250.13,46.4,1
1746818613.513227,-2.0,0.25,0.54,-40.03,-143.81,-1.18,-0.96,1.95,1.42,-4.0,250.13,82.66,1
1746818613.528296,-2.0,0.23,0.35,-19.82,-147.82,36.77,-1.06,1.9,1.73,-11.52,250.13,104.71,1
1746818613.542558,-2.0,0.21,0.14,-2.67,-132.85,70.69,-1.16,1.72,2.0,-36.74,220.66,125.89,1
1746818613.558625,-2.0,0.2,-0.03,9.05,-107.33,97.04,-1.24,1.47,2.0,-57.37,145.39,147.54,1
1746818613.57379,-2.0,0.15,-0.16,7.07,-65.7,114.47,-1.19,1.02,2.0,-49.31,78.89,171.66,1
1746818613.588031,-2.0,0.1,-0.18,-1.56,-21.17,125.62,-1.18,0.84,2.0,-7.4,32.13,188.59,1
1746818613.603195,-2.0,-0.03,-0.23,-16.69,26.24,129.27,-1.13,0.64,2.0,46.18,-7.76,206.71,1
1746818613.618312,-2.0,-0.19,-0.26,-31.01,75.31,127.06,-1.12,0.63,2.0,81.23,-57.08,230.84,1
1746818613.633242,-2.0,-0.45,-0.26,-34.54,109.71,122.32,-1.06,0.48,1.71,104.54,-100.47,250.02,1
1746818613.648242,-2.0,-0.75,-0.2,-23.31,127.52,118.05,-0.93,0.27,1.38,102.11,-153.1,250.13,1
1746818613.66324,-2.0,-1.04,-0.02,-4.83,142.96,118.15,-0.7,0.19,1.11,84.79,-182.09,249.44,1
1746818613.677939,-2.0,-1.29,0.18,27.34,150.07,109.25,-0.67,0.03,0.94,47.11,-201.57,231.19,1
1746818613.692958,-2.0,-1.46,0.38,59.49,148.81,92.05,-0.56,-0.16,0.72,12.21,-202.06,210.55,0
1746818613.707882,-2.0,-1.54,0.69,79.22,144.2,69.06,-0.34,-0.43,0.61,-27.06,-200.15,190.71,0
1746818613.723256,-2.0,-1.48,0.88,83.24,140.78,29.8,-0.45,-0.57,0.54,-56.15,-226.51,133.6,0
1746818613.738253,-2.0,-1.27,1.16,75.23,136.94,-5.57,-0.21,-0.71,0.43,-84.79,-250.14,90.6,0
1746818613.753194,-2.0,-1.15,1.31,59.74,124.95,-40.07,-0.21,-0.79,0.24,-95.36,-250.14,43.67,1
1746818613.76785,-2.0,-0.98,1.47,41.99,114.64,-70.28,-0.01,-0.9,-0.09,-90.15,-250.14,1.51,1
1746818613.783788,-2.0,-0.77,1.63,23.47,96.61,-94.56,-0.02,-0.93,-0.36,-59.37,-250.14,-29.99,1
1746818613.798288,-2.0,-0.67,1.72,10.94,67.41,-116.04,0.14,-0.94,-0.63,-34.04,-240.66,-79.85,1
1746818613.812962,-2.0,-0.45,1.79,4.85,48.01,-120.18,0.27,-0.73,-0.77,-3.89,-176.95,-116.15,1
1746818613.828006,-2.0,-0.49,1.57,4.71,27.25,-126.53,0.26,-0.56,-0.99,30.82,-89.47,-183.22,1
1746818613.843373,-2.0,-0.35,1.59,-1.08,-10.27,-123.91,0.21,-0.22,-1.05,51.22,-26.56,-224.73,1
1746818613.858357,-2.0,-0.31,1.47,3.56,-39.63,-122.63,0.12,0.36,-1.11,70.42,65.15,-250.14,1
1746818613.873497,-2.0,-0.11,1.31,-1.4,-58.51,-118.64,-0.12,0.69,-1.05,38.47,95.31,-250.14,1
1746818613.888251,-2.0,0.09,1.24,-18.47,-80.13,-113.52,-0.51,1.01,-0.94,10.07,117.54,-250.14,1
1746818613.903261,-2.0,0.24,1.06,-43.47,-72.79,-110.2,-0.73,1.43,-0.94,-21.99,125.81,-250.14,1
1746818613.918671,-2.0,0.24,0.88,-60.76,-57.21,-102.65,-0.62,1.47,-0.85,-26.12,143.69,-212.49,1
1746818613.932671,-2.0,0.31,0.83,-76.89,-78.96,-91.56,-0.57,1.35,-0.67,-3.04,178.44,-175.79,1
1746818613.947813,-2.0,0.32,0.66,-85.66,-63.93,-69.39,-0.56,1.22,-0.39,40.61,216.41,-156.03,1
1746818613.962788,-2.0,0.31,0.59,-90.28,-73.13,-45.31,-0.58,1.18,-0.15,67.63,237.88,-151.84,1
1746818613.977968,-2.0,0.36,0.55,-91.04,-75.95,-20.59,-0.65,1.19,0.11,65.82,232.47,-146.82,1
1746818613.993098,-2.0,0.35,0.47,-89.4,-76.81,1.22,-0.78,1.17,0.32,58.55,210.6,-131.62,1
1746818614.0081,-2.0,0.37,0.37,-96.91,-77.03,21.15,-0.77,1.08,0.32,58.69,176.65,-114.33,1
1746818614.023404,-2.0,0.36,0.29,-111.78,-59.31,35.97,-0.7,1.01,0.42,69.02,146.41,-117.34,1
1746818614.037616,-2.0,0.31,0.17,-133.02,-46.22,48.45,-0.8,1.0,0.51,91.98,112.21,-98.92,1
1746818614.052617,-2.0,0.26,0.12,-155.48,-30.02,58.0,-0.77,1.08,0.6,94.0,85.97,-83.15,1
1746818614.067829,-2.0,0.21,0.05,-179.54,-9.66,67.44,-0.75,1.1,0.59,86.72,71.65,-86.52,1
1746818614.082835,-2.0,0.11,0.03,-204.79,15.15,80.39,-0.78,1.16,0.64,64.79,49.39,-90.99,1
1746818614.097839,-2.0,-0.03,0.07,-211.37,27.07,91.31,-0.75,1.07,0.62,49.32,23.92,-94.04,1
1746818614.113079,-2.0,-0.16,0.07,-212.31,35.69,103.42,-0.71,0.98,0.54,48.51,11.72,-89.36,1
1746818614.12806,-2.0,-0.13,0.06,-209.44,27.79,116.21,-0.68,0.95,0.5,56.61,-8.75,-83.83,1
1746818614.143018,-2.0,-0.12,-0.09,-220.47,34.53,131.66,-0.69,0.83,0.42,76.81,-27.73,-72.01,1
1746818614.158451,-2.0,-0.18,-0.24,-225.37,45.47,160.82,-0.74,0.75,0.43,106.48,-50.6,-73.88,1
1746818614.172764,-2.0,-0.36,-0.32,-235.38,57.63,183.59,-0.68,0.79,0.42,128.92,-68.44,-65.68,1
1746818614.188403,-2.0,-0.75,-0.3,-235.99,66.95,190.97,-0.75,0.74,0.26,153.58,-70.82,-68.21,1
1746818614.20348,-2.0,-0.7,-0.33,-196.31,57.83,163.31,-0.57,0.74,0.13,153.59,-77.41,-63.78,1
1746818614.218478,-2.0,-0.44,-0.34,-198.9,64.72,146.79,-0.63,0.67,0.01,160.21,-89.58,-70.48,1
1746818614.233276,-2.0,-0.26,-0.63,-244.87,101.0,145.95,-0.58,0.65,-0.15,165.49,-94.65,-81.36,1
1746818614.248115,-2.0,-0.3,-0.85,-250.14,155.56,154.15,-0.62,0.61,-0.3,169.38,-84.34,-79.76,1
1746818614.263114,-2.0,-0.85,-0.74,-250.14,206.05,140.63,-0.72,0.68,-0.18,148.55,-83.15,-83.44,1
1746818614.278065,-2.0,-1.29,-0.42,-250.14,162.81,95.53,-0.75,0.69,-0.15,112.63,-94.75,-90.83,1
1746818614.293464,-2.0,-1.3,-0.1,-244.94,77.0,90.56,-0.7,0.67,-0.13,91.81,-97.5,-105.1,1
1746818614.308434,-2.0,-1.21,-0.08,-174.79,-1.64,80.02,-0.6,0.52,-0.28,80.4,-91.03,-119.36,1
1746818614.323462,-2.0,-0.79,-0.46,-148.44,-34.4,95.87,-0.8,0.39,-0.26,83.15,-85.66,-132.75,1
1746818614.338817,-2.0,-0.69,-0.6,-149.95,-24.56,105.79,-0.82,0.38,-0.35,93.36,-66.12,-142.37,1
1746818614.353798,-2.0,-0.57,-0.6,-152.58,-11.49,100.99,-0.85,0.44,-0.42,90.43,-62.74,-152.62,1
1746818614.368474,-2.0,-0.53,-0.49,-158.05,6.44,93.11,-1.06,0.45,-0.26,85.18,-61.4,-170.44,1
1746818614.383575,-2.0,-0.43,-0.48,-152.02,12.45,84.5,-1.1,0.61,-0.26,45.74,-46.78,-178.01,1
1746818614.397612,-2.0,-0.46,-0.4,-151.65,6.06,82.74,-1.22,0.57,-0.26,9.0,-23.45,-184.06,1
1746818614.413715,-2.0,-0.46,-0.4,-142.96,-6.85,77.58,-1.3,0.59,-0.24,-25.56,-34.32,-188.51,1
1746818614.428247,-2.0,-0.33,-0.4,-129.48,-29.53,75.92,-1.34,0.63,-0.18,-62.92,-33.64,-181.31,0
1746818614.443692,-2.0,-0.32,-0.44,-116.97,-49.3,77.62,-1.42,0.61,-0.12,-80.31,-34.4,-167.85,0
1746818614.458466,-2.0,-0.17,-0.44,-106.25,-58.83,88.69,-1.33,0.61,-0.16,-78.27,-17.6,-151.24,0
1746818614.467269,-2.0,-0.07,-0.38,-91.07,-77.63,98.45,-1.36,0.67,-0.06,-72.85,-3.87,-135.34,0
1746818614.488061,-2.0,-0.04,-0.5,-83.41,-55.27,101.22,-1.29,0.67,-0.04,-63.83,8.76,-116.44,0
1746818614.50267,-2.0,-0.11,-0.59,-81.18,-41.87,100.53,-1.26,0.72,-0.04,-51.15,24.08,-89.72,0
1746818614.518121,-2.0,-0.03,-0.49,-82.26,-35.15,100.72,-1.25,0.69,0.05,-42.45,27.44,-59.9,0
1746818614.532859,-2.0,-0.09,-0.42,-80.08,-33.69,93.64,-1.19,0.61,0.06,-20.32,30.41,-30.05,0
1746818614.547549,-2.0,-0.07,-0.36,-76.89,-37.16,90.27,-1.15,0.48,0.08,5.73,26.79,-8.26,0
1746818614.562937,-2.0,-0.06,-0.43,-74.96,-35.0,79.02,-1.12,0.41,0.1,32.5,20.85,6.12,0
1746818614.577514,-2.0,-0.02,-0.47,-83.4,-23.25,67.25,-1.08,0.36,0.09,52.26,10.13,15.66,0
1746818614.593245,-2.0,-0.04,-0.49,-90.85,-2.25,56.94,-1.02,0.34,0.05,67.92,6.38,22.04,0
1746818614.608546,-2.0,-0.11,-0.46,-90.12,14.19,46.56,-0.99,0.33,0.05,75.43,0.4,24.21,0
1746818614.622819,-2.0,-0.2,-0.4,-83.61,22.47,34.29,-0.93,0.29,-0.01,83.15,2.09,25.14,0
1746818614.637754,-2.0,-0.17,-0.33,-70.86,22.26,21.71,-0.87,0.3,-0.02,83.32,7.27,24.06,0
1746818614.653124,-2.0,-0.18,-0.29,-58.47,15.42,10.11,-0.88,0.29,-0.03,82.64,-2.03,22.57,0
1746818614.668608,-2.0,-0.08,-0.28,-56.58,12.05,-0.54,-0.86,0.29,-0.06,81.8,-9.66,16.6,0
1746818614.682722,-2.0,-0.04,-0.28,-63.05,13.5,-6.56,-0.84,0.31,-0.1,80.95,-3.66,9.1,0
1746818614.697687,-2.0,-0.02,-0.3,-72.67,23.59,-12.74,-0.87,0.3,-0.09,70.53,-25.5,-3.55,0
1746818614.713161,-2.0,-0.02,-0.28,-76.97,23.53,-19.52,-0.78,0.41,-0.16,60.36,-37.22,-10.02,0
1746818614.727819,-2.0,-0.05,-0.31,-77.41,26.79,-21.76,-0.82,0.49,-0.22,40.89,-12.69,-7.69,0
1746818614.743157,-2.0,-0.03,-0.31,-74.92,25.15,-24.12,-0.87,0.54,-0.18,17.25,-0.99,-4.66,0
1746818614.758698,-2.0,-0.07,-0.34,-72.85,27.59,-25.66,-0.84,0.56,-0.19,-1.16,5.99,-5.15,0
1746818614.773129,-2.0,-0.08,-0.4,-67.49,37.79,-26.39,-0.92,0.57,-0.18,-10.68,9.31,-0.45,0
1746818614.787569,-2.0,-0.08,-0.38,-62.31,34.74,-26.78,-0.95,0.59,-0.17,-19.27,8.26,4.24,0
1746818614.802399,-2.0,-0.05,-0.36,-55.73,29.66,-29.46,-0.96,0.68,-0.22,-32.2,4.9,10.76,0
1746818614.81817,-2.0,-0.06,-0.38,-47.45,24.42,-32.31,-1.0,0.74,-0.23,-45.87,17.85,21.19,0
1746818614.832709,-2.0,-0.09,-0.42,-46.03,30.09,-35.71,-1.06,0.77,-0.18,-75.68,7.13,34.99,0
1746818614.848466,-2.0,-0.07,-0.47,-43.54,35.92,-40.41,-0.84,0.78,-0.4,-107.05,27.46,54.27,0
1746818614.863148,-2.0,-0.1,-0.49,-37.13,41.17,-42.48,-1.01,0.59,-0.39,-71.1,82.2,74.55,0
1746818614.877813,-2.0,-0.06,-0.53,-30.43,46.3,-44.84,-1.09,0.67,-0.14,-64.54,24.31,72.37,0
1746818614.892846,-2.0,-0.12,-0.54,-23.13,57.37,-45.58,-1.01,0.69,-0.29,-63.76,13.1,75.36,0
1746818614.908303,-2.0,-0.11,-0.53,-16.74,64.83,-48.19,-1.02,0.73,-0.27,-71.58,16.27,83.47,0
1746818614.922662,-2.0,-0.06,-0.55,-6.46,63.95,-48.31,-1.04,0.74,-0.23,-80.6,9.38,87.88,0
1746818614.937357,-2.0,-0.13,-0.56,0.89,66.73,-55.68,-1.0,0.73,-0.28,-92.94,19.2,96.73,0
1746818614.953184,-2.0,-0.11,-0.6,6.63,67.79,-55.63,-0.93,0.71,-0.25,-107.15,22.24,107.62,0
1746818614.968048,-2.0,-0.05,-0.59,12.2,74.27,-54.48,-0.95,0.59,-0.3,-110.06,15.2,112.89,0
1746818614.982965,-2.0,-0.04,-0.58,21.64,68.4,-51.33,-0.98,0.56,-0.17,-110.26,-0.34,112.59,0
1746818614.997871,-2.0,-0.05,-0.6,23.13,79.14,-43.71,-0.83,0.41,-0.33,-96.31,15.19,114.28,0
1746818615.013459,-2.0,-0.05,-0.56,19.17,82.96,-45.82,-0.9,0.55,-0.17,-97.55,19.01,120.08,0
1746818615.028303,-2.0,-0.09,-0.5,21.93,81.63,-41.37,-0.88,0.6,-0.14,-102.66,19.28,121.6,0
1746818615.043156,-2.0,-0.1,-0.44,27.87,75.53,-36.7,-0.89,0.65,-0.15,-116.22,30.98,123.7,0
1746818615.058574,-2.0,-0.08,-0.49,36.22,63.39,-34.23,-0.91,0.65,-0.08,-149.6,20.23,124.37,0
1746818615.072568,-2.0,-0.07,-0.51,44.14,49.73,-32.61,-0.86,0.43,-0.08,-158.41,16.06,118.27,0
1746818615.088124,-2.0,-0.01,-0.58,42.82,53.08,-25.02,-0.84,0.43,-0.06,-153.17,7.95,113.56,0
1746818615.102609,-2.0,-0.05,-0.59,42.9,57.48,-18.77,-0.82,0.4,-0.03,-141.94,6.86,109.59,0
1746818615.118249,-2.0,-0.05,-0.52,43.63,61.7,-12.91,-0.83,0.44,0.02,-136.66,3.58,105.34,0
1746818615.132954,-2.0,-0.04,-0.53,50.27,56.12,-8.1,-0.76,0.51,0.13,-142.27,-8.47,93.39,0
1746818615.147274,-2.0,-0.1,-0.48,52.6,55.71,-8.92,-0.78,0.41,0.01,-131.04,1.53,87.29,0
1746818615.163019,-2.0,0.0,-0.47,46.82,51.31,-4.06,-0.81,0.46,0.05,-130.84,2.67,84.23,0
1746818615.177716,-2.0,-0.09,-0.5,46.5,53.18,1.75,-0.82,0.46,0.09,-126.8,0.91,79.36,0
1746818615.193263,-2.0,-0.07,-0.51,46.0,46.5,6.18,-0.83,0.45,0.12,-123.49,-3.98,74.14,0
1746818615.208987,-2.0,-0.03,-0.54,42.24,45.32,14.18,-0.8,0.4,0.14,-106.08,-7.12,71.27,0
1746818615.223003,-2.0,-0.06,-0.47,40.58,41.92,20.09,-0.77,0.42,0.13,-91.7,-6.45,68.74,0
1746818615.238427,-2.0,-0.14,-0.47,42.28,39.79,21.36,-0.77,0.5,0.14,-97.99,-8.79,63.28,0
1746818615.252715,-2.0,-0.1,-0.47,46.36,41.05,21.15,-0.75,0.51,0.13,-120.13,-10.44,55.6,0
1746818615.267913,-2.0,-0.1,-0.47,47.1,37.5,26.54,-0.71,0.43,0.12,-132.98,-8.82,45.74,0
1746818615.28264,-2.0,-0.07,-0.52,41.37,30.15,22.29,-0.66,0.34,0.1,-130.34,-3.56,37.05,0
1746818615.297423,-2.0,-0.11,-0.49,35.36,35.3,24.27,-0.64,0.32,0.09,-110.15,8.84,31.58,0
1746818615.312445,-2.0,-0.14,-0.52,33.14,36.82,26.52,-0.66,0.38,0.11,-96.47,14.74,29.69,0
1746818615.327284,-2.0,-0.1,-0.52,29.33,41.56,24.95,-0.67,0.42,0.14,-88.1,15.73,29.38,0
1746818615.343064,-2.0,-0.13,-0.49,26.55,39.22,22.92,-0.68,0.5,0.13,-96.75,14.82,28.66,0
1746818615.358613,-2.0,-0.16,-0.41,23.87,30.0,19.44,-0.66,0.49,0.16,-102.3,16.86,24.78,0
1746818615.3732,-2.0,-0.17,-0.43,15.15,22.34,13.57,-0.6,0.41,0.12,-100.41,23.68,24.41,0
1746818615.388001,-2.0,-0.14,-0.58,14.34,20.26,9.3,-0.58,0.34,0.25,-90.38,18.68,19.43,0
1746818615.402618,-2.0,-0.07,-0.61,14.17,21.89,17.76,-0.61,0.24,0.31,-59.5,17.53,12.36,0
1746818615.417415,-2.0,-0.1,-0.48,5.93,23.56,20.05,-0.67,0.29,0.37,-36.75,8.22,11.04,0
1746818615.432604,-2.0,-0.17,-0.47,0.92,21.91,16.37,-0.62,0.37,0.32,-26.53,3.26,13.8,0
1746818615.447581,-2.0,-0.23,-0.48,-4.39,19.86,9.22,-0.61,0.44,0.32,-26.82,-4.77,11.82,0
1746818615.462759,-2.0,-0.23,-0.53,-6.94,12.26,-0.18,-0.6,0.45,0.31,-25.69,-8.35,9.56,0
1746818615.477508,-2.0,-0.22,-0.59,-9.3,11.2,1.96,-0.58,0.45,0.36,-17.19,-12.5,8.16,0
1746818615.493084,-2.0,-0.2,-0.62,-2.08,10.7,4.96,-0.58,0.45,0.37,2.01,-13.69,7.2,0
1746818615.507468,-2.0,-0.2,-0.6,4.19,2.73,12.18,-0.51,0.47,0.37,25.69,-13.98,8.12,0
1746818615.522726,-2.0,-0.14,-0.62,-1.24,10.86,13.72,-0.51,0.56,0.39,47.79,-17.28,8.13,0
1746818615.537285,-2.0,-0.24,-0.58,-5.01,9.33,12.14,-0.56,0.65,0.41,49.28,-20.56,6.76,0
1746818615.552482,-2.0,-0.24,-0.58,-6.11,6.08,12.23,-0.5,0.79,0.35,23.24,-19.36,3.98,0
1746818615.56726,-2.0,-0.26,-0.55,1.91,-1.48,20.17,-0.54,0.62,0.28,2.36,-19.0,2.93,0
1746818615.582168,-2.0,-0.34,-0.64,8.96,-4.25,21.23,-0.52,0.57,0.33,1.24,-22.6,1.15,0
1746818615.59704,-2.0,-0.3,-0.66,14.54,-5.04,19.89,-0.46,0.6,0.2,-5.78,-13.25,3.79,0
1746818615.612415,-2.0,-0.26,-0.57,2.59,1.16,15.1,-0.5,0.44,0.28,1.68,-0.53,-0.85,0
1746818615.628059,-2.0,-0.23,-0.55,-2.36,0.73,10.71,-0.49,0.4,0.31,16.42,3.91,-8.33,0
1746818615.643666,-2.0,-0.19,-0.56,-9.73,1.76,9.14,-0.52,0.44,0.35,30.93,6.64,-12.01,0
1746818615.657388,-2.0,-0.24,-0.52,-10.62,0.48,7.82,-0.56,0.54,0.36,37.51,5.34,-9.23,0
1746818615.67269,-2.0,-0.21,-0.55,-6.64,-3.27,11.5,-0.57,0.64,0.37,28.5,-2.73,-4.73,0
1746818615.688053,-2.0,-0.24,-0.53,-1.81,-7.72,20.44,-0.57,0.61,0.36,15.49,-5.62,-3.73,0
1746818615.702356,-2.0,-0.32,-0.53,8.38,-19.46,19.56,-0.57,0.69,0.34,-2.97,-5.76,-5.08,0
1746818615.71719,-2.0,-0.28,-0.57,9.86,-21.39,16.46,-0.53,0.61,0.32,-11.47,-4.63,-5.11,0
1746818615.733073,-2.0,-0.24,-0.58,10.49,-26.22,19.85,-0.49,0.54,0.31,-4.38,2.68,-9.02,0
1746818615.748087,-2.0,-0.32,-0.64,24.97,-31.34,28.58,-0.47,0.54,0.32,9.37,10.91,-8.05,0
1746818615.763133,-2.0,-0.31,-0.66,36.45,-33.15,31.56,-0.58,0.53,0.26,17.58,18.07,-5.27,0
1746818615.777312,-2.0,-0.31,-0.6,29.34,-23.38,29.05,-0.59,0.63,0.36,11.82,15.67,-5.45,0
1746818615.793493,-2.0,-0.34,-0.51,32.23,-28.85,25.44,-0.57,0.64,0.36,6.58,8.54,-4.74,0
1746818615.807615,-2.0,-0.37,-0.43,34.24,-34.59,19.27,-0.59,0.71,0.36,-2.06,5.97,-1.98,0
1746818615.823165,-2.0,-0.31,-0.4,44.66,-50.22,14.85,-0.57,0.67,0.4,-17.44,0.6,-1.4,0
1746818615.837378,-2.0,-0.25,-0.44,50.24,-60.53,20.33,-0.56,0.61,0.4,-21.04,1.64,-1.56,0
1746818615.852551,-2.0,-0.27,-0.49,63.89,-74.48,32.47,-0.56,0.56,0.37,-19.02,3.95,-1.35,0
1746818615.868012,-2.0,-0.22,-0.58,72.02,-72.34,45.32,-0.56,0.58,0.42,-17.09,3.53,-0.09,0
1746818615.88308,-2.0,-0.23,-0.56,61.27,-58.26,52.03,-0.57,0.62,0.39,-19.79,2.99,2.02,0
1746818615.897997,-2.0,-0.31,-0.47,53.29,-48.05,50.5,-0.56,0.59,0.38,-20.63,3.17,3.11,0
1746818615.913214,-2.0,-0.4,-0.35,49.79,-51.77,39.9,-0.57,0.59,0.38,-18.73,2.44,3.18,0
1746818615.927255,-2.0,-0.31,-0.38,47.64,-60.19,29.56,-0.56,0.55,0.38,-18.01,-0.73,3.95,0
1746818615.943201,-2.0,-0.26,-0.45,30.37,-50.28,15.37,-0.56,0.55,0.37,-15.15,-3.6,3.9,0
1746818615.958431,-2.0,-0.24,-0.47,12.82,-31.53,13.94,-0.54,0.52,0.4,-12.23,-3.95,2.5,0
1746818615.972239,-2.0,-0.28,-0.5,3.6,-19.57,8.73,-0.54,0.53,0.38,-6.36,-1.4,1.76,0
1746818615.987279,-2.0,-0.26,-0.44,-6.29,-6.11,9.04,-0.55,0.55,0.38,-1.5,-0.06,2.08,0
1746818616.002913,-2.0,-0.32,-0.4,-6.38,-5.39,11.5,-0.56,0.58,0.36,-0.5,0.05,2.06,0
1746818616.017977,-2.0,-0.31,-0.41,-1.19,-11.48,13.46,-0.56,0.62,0.36,-2.76,-1.16,3.08,0
1746818616.032327,-2.0,-0.32,-0.4,0.19,-10.97,18.08,-0.58,0.66,0.43,-8.35,-5.78,6.11,0
1746818616.047253,-2.0,-0.32,-0.41,4.73,-6.33,18.32,-0.56,0.57,0.38,-9.79,-5.82,7.55,0
1746818616.063063,-2.0,-0.24,-0.4,4.72,-11.9,19.37,-0.58,0.57,0.41,-11.54,-5.75,7.22,0
1746818616.078023,-2.0,-0.27,-0.44,-3.2,-6.98,22.75,-0.57,0.54,0.4,-8.82,-4.64,7.39,0
1746818616.09322,-2.0,-0.24,-0.42,2.15,-2.14,22.98,-0.56,0.56,0.39,-3.42,-2.32,8.24,0
1746818616.107663,-2.0,-0.26,-0.35,-0.42,-2.08,24.08,-0.55,0.55,0.39,0.11,-1.81,10.05,0
1746818616.12214,-2.0,-0.25,-0.37,2.36,-4.05,23.82,-0.56,0.6,0.39,3.07,-1.35,11.04,0
1746818616.13819,-2.0,-0.22,-0.33,-3.94,-4.18,26.83,-0.58,0.63,0.4,-3.51,-5.79,12.63,0
1746818616.153166,-2.0,-0.26,-0.28,-0.15,-11.51,27.47,-0.55,0.59,0.4,-7.1,-8.44,13.18,0
1746818616.167643,-2.0,-0.24,-0.27,-2.03,-16.98,32.32,-0.54,0.59,0.39,-9.66,-9.09,13.23,0
1746818616.182707,-2.0,-0.21,-0.27,9.76,-30.02,37.8,-0.51,0.53,0.37,-7.66,-7.3,11.85,0
1746818616.197944,-2.0,-0.23,-0.26,16.45,-38.73,46.18,-0.51,0.55,0.37,-3.95,-4.11,10.3,0
1746818616.212233,-2.0,-0.11,-0.3,12.67,-44.83,58.05,-0.52,0.58,0.34,-4.1,-4.16,10.19,0
1746818616.228234,-2.0,-0.2,-0.35,8.38,-43.64,64.27,-0.51,0.61,0.34,-8.74,-4.98,10.4,0
1746818616.242939,-2.0,-0.15,-0.28,6.5,-41.93,72.95,-0.51,0.62,0.31,-16.01,-3.89,11.4,0
1746818616.257982,-2.0,-0.12,-0.41,10.55,-38.04,71.19,-0.51,0.64,0.3,-28.05,-1.56,11.19,0
1746818616.272962,-2.0,-0.12,-0.51,-45.18,16.98,49.31,-0.51,0.56,0.3,-39.72,-1.71,7.91,0
1746818616.288265,-2.0,-0.54,-0.35,-30.63,14.62,8.56,-0.49,0.51,0.34,-34.4,1.54,8.66,0
1746818616.302279,-2.0,-0.28,-0.51,-1.56,38.24,-13.23,-0.52,0.53,0.32,-27.5,3.92,11.62,0
1746818616.317839,-2.0,-0.06,-0.37,-15.18,57.84,2.64,-0.53,0.48,0.38,-20.07,3.12,14.2,0
1746818616.332867,-2.0,-0.11,-0.37,-34.69,52.54,12.23,-0.55,0.52,0.42,-6.16,3.4,14.93,0
1746818616.347456,-2.0,-0.35,-0.22,-14.86,29.02,10.34,-0.58,0.6,0.44,-1.33,-1.74,14.98,0
1746818616.362296,-2.0,-0.21,-0.01,9.96,-10.28,16.45,-0.59,0.6,0.47,-10.04,-8.09,14.47,0
1746818616.37745,-2.0,-0.14,-0.26,10.07,-24.76,28.44,-0.52,0.53,0.49,-6.37,-4.44,10.37,0
1746818616.39296,-2.0,-0.21,-0.31,18.18,-30.46,22.98,-0.55,0.56,0.47,1.0,-1.23,11.04,0
1746818616.40724,-2.0,-0.05,-0.4,-1.18,-8.71,11.05,-0.54,0.55,0.47,4.61,-4.34,12.68,0
1746818616.422366,-2.0,-0.04,-0.33,-20.85,3.86,4.49,-0.53,0.59,0.49,1.05,-5.82,11.47,0
1746818616.437622,-2.0,-0.31,-0.4,-27.81,19.92,-4.88,-0.53,0.57,0.49,-6.6,-6.99,9.86,0
1746818616.452617,-2.0,-0.17,-0.28,-20.98,16.39,-13.34,-0.49,0.53,0.42,-6.27,-4.25,8.23,0
1746818616.468446,-2.0,-0.22,-0.33,-22.53,17.76,-17.75,-0.48,0.52,0.46,-5.32,-4.66,7.26,0
1746818616.48254,-2.0,-0.08,-0.35,-32.07,22.21,-21.12,-0.48,0.5,0.44,-1.78,-1.16,6.44,0
1746818616.497108,-2.0,-0.18,-0.42,-46.12,38.09,-25.98,-0.49,0.53,0.48,1.66,-0.18,5.98,0
1746818616.51294,-2.0,-0.17,-0.55,-57.13,57.36,-35.7,-0.49,0.55,0.48,3.42,-0.21,7.34,0
1746818616.528129,-2.0,-0.32,-0.54,-60.76,73.34,-39.48,-0.49,0.53,0.44,3.7,0.86,7.97,0
1746818616.543395,-2.0,-0.22,-0.36,-60.55,72.63,-38.84,-0.5,0.53,0.47,4.25,4.17,7.1,0
1746818616.557261,-2.0,-0.29,-0.27,-55.47,46.76,-32.62,-0.52,0.52,0.45,7.17,8.58,3.27,0
1746818616.572377,-2.0,-0.31,-0.19,-38.92,21.12,-26.84,-0.49,0.53,0.42,7.56,10.48,0.71,0
1746818616.58726,-2.0,-0.35,-0.24,-15.8,-10.4,-23.8,-0.5,0.59,0.43,6.38,9.86,-1.62,0
1746818616.602057,-2.0,-0.3,-0.22,-1.72,-39.44,-21.33,-0.49,0.61,0.42,4.02,9.59,-0.35,0
1746818616.617502,-2.0,-0.25,-0.28,1.27,-56.72,-17.58,-0.5,0.7,0.44,-8.24,9.8,-2.09,0
1746818616.632349,-2.0,-0.18,-0.4,-1.57,-61.62,-16.67,-0.51,0.68,0.44,-21.22,10.34,-3.98,0
1746818616.647687,-2.0,-0.22,-0.45,-7.67,-55.2,-12.53,-0.52,0.63,0.45,-30.13,9.44,-5.56,0
1746818616.662873,-2.0,-0.22,-0.47,-9.5,-46.04,-20.44,-0.53,0.55,0.43,-31.94,8.41,-7.64,0
1746818616.678324,-2.0,-0.15,-0.52,-16.92,-25.66,-24.94,-0.54,0.52,0.44,-29.98,8.26,-9.4,0
1746818616.693488,-2.0,-0.14,-0.51,-20.95,1.29,-23.27,-0.54,0.48,0.45,-29.36,6.53,-11.06,0
1746818616.708149,-2.0,-0.23,-0.43,-24.89,15.76,-32.79,-0.55,0.4,0.43,-22.27,5.45,-14.46,0
1746818616.723153,-2.0,-0.21,-0.38,-31.4,23.16,-50.85,-0.55,0.37,0.41,-9.16,6.29,-17.05,0
1746818616.737943,-2.0,-0.15,-0.35,-43.28,26.95,-63.09,-0.54,0.35,0.39,8.77,7.46,-21.22,0
1746818616.752463,-2.0,-0.11,-0.33,-58.42,28.73,-70.09,-0.57,0.39,0.39,21.24,3.55,-24.63,0
1746818616.767464,-2.0,-0.11,-0.36,-74.67,24.56,-77.79,-0.56,0.44,0.41,30.18,-4.84,-30.7,0
1746818616.782683,-2.0,-0.19,-0.44,-90.63,32.34,-84.5,-0.58,0.5,0.43,27.24,-16.12,-33.18,0
1746818616.797682,-2.0,-0.26,-0.48,-93.6,37.73,-89.32,-0.55,0.49,0.45,26.61,-22.4,-31.57,0
1746818616.813344,-2.0,-0.31,-0.48,-90.35,49.06,-89.96,-0.53,0.53,0.4,35.15,-24.96,-28.53,0
1746818616.827952,-2.0,-0.42,-0.42,-80.3,53.03,-92.27,-0.51,0.54,0.34,39.4,-20.66,-29.67,0
1746818616.843029,-2.0,-0.48,-0.41,-67.73,42.14,-98.14,-0.52,0.51,0.32,45.22,-18.58,-29.06,0
1746818616.858423,-2.0,-0.42,-0.41,-63.0,33.91,-102.29,-0.55,0.5,0.34,57.13,-18.19,-30.96,0
1746818616.873218,-2.0,-0.43,-0.45,-58.91,27.58,-99.75,-0.54,0.5,0.35,63.79,-20.51,-35.4,0
1746818616.888498,-2.0,-0.38,-0.52,-57.72,24.76,-96.65,-0.57,0.52,0.37,64.05,-25.18,-42.59,0
1746818616.903545,-2.0,-0.37,-0.51,-59.24,22.34,-88.13,-0.57,0.57,0.37,51.98,-30.28,-45.65,0
1746818616.918543,-2.0,-0.44,-0.54,-59.57,21.15,-79.27,-0.57,0.55,0.37,41.28,-32.34,-45.6,0
1746818616.932508,-2.0,-0.43,-0.5,-56.07,11.57,-74.42,-0.57,0.54,0.35,41.37,-29.56,-44.54,0
1746818616.947671,-2.0,-0.48,-0.51,-47.33,11.89,-65.05,-0.58,0.55,0.35,44.54,-24.29,-42.2,0
1746818616.962835,-2.0,-0.5,-0.53,-36.1,7.23,-62.88,-0.61,0.55,0.34,51.12,-15.88,-41.38,0
1746818616.977836,-2.0,-0.54,-0.53,-27.56,4.44,-60.28,-0.71,0.64,0.38,53.11,-12.11,-44.68,0
1746818616.992836,-2.0,-0.54,-0.52,-18.39,-4.77,-58.43,-0.81,0.74,0.43,35.95,-25.33,-42.32,0
1746818617.007838,-2.0,-0.46,-0.53,-15.47,-15.31,-55.1,-0.83,0.67,0.46,25.79,-44.31,-38.95,0
1746818617.023366,-2.0,-0.46,-0.58,-15.51,-10.08,-50.65,-0.8,0.61,0.43,42.58,-55.03,-34.18,0
1746818617.037887,-2.0,-0.47,-0.6,-23.29,-5.72,-50.21,-0.78,0.57,0.41,67.39,-62.4,-28.11,0
1746818617.052807,-2.0,-0.46,-0.6,-28.62,-1.77,-45.81,-0.69,0.53,0.33,103.6,-59.34,-22.78,0
1746818617.067684,-2.0,-0.48,-0.61,-28.4,-6.43,-42.74,-0.68,0.56,0.28,137.04,-49.55,-17.95,0
1746818617.082995,-2.0,-0.55,-0.61,-24.05,-12.47,-38.9,-0.61,0.61,0.22,162.34,-41.98,-21.55,0
1746818617.098666,-2.0,-0.56,-0.64,-17.02,-19.85,-43.64,-0.54,0.59,0.13,182.93,-27.7,-22.99,0
1746818617.112983,-2.0,-0.46,-0.65,-16.6,-14.15,-46.67,-0.49,0.63,0.09,197.06,-18.37,-30.64,0
1746818617.128048,-2.0,-0.48,-0.7,-18.3,-10.27,-50.64,-0.38,0.65,-0.05,209.02,0.78,-44.34,0
1746818617.143288,-2.0,-0.48,-0.8,-22.76,-13.76,-51.61,-0.31,0.76,-0.09,200.23,33.76,-42.03,0
1746818617.157477,-2.0,-0.48,-0.66,-28.05,3.62,-57.01,-0.33,0.85,-0.06,170.06,60.74,-32.79,0
1746818617.173514,-2.0,-0.45,-0.71,-29.94,10.12,-60.72,-0.45,0.99,0.05,123.65,63.85,-20.6,0
1746818617.187561,-2.0,-0.45,-0.76,-29.0,-12.77,-54.47,-0.46,0.96,0.07,67.29,53.37,-10.85,0
1746818617.202499,-2.0,-0.48,-0.68,-29.72,26.52,-54.99,-0.49,0.87,0.11,26.21,36.58,-2.15,0
1746818617.217961,-2.0,-0.42,-0.72,-29.8,33.03,-51.81,-0.47,0.72,0.12,7.56,15.75,3.04,0
1746818617.232961,-2.0,-0.48,-0.85,-25.98,42.32,-50.53,-0.46,0.61,0.13,21.56,5.92,5.46,0
1746818617.247721,-2.0,-0.43,-0.7,-19.85,43.23,-46.46,-0.46,0.62,0.11,51.61,6.19,9.03,0
1746818617.262742,-2.0,-0.43,-0.58,-15.27,19.45,-44.39,-0.48,0.6,0.07,88.22,15.27,16.7,0
1746818617.277747,-2.0,-0.42,-0.64,-6.48,39.92,-41.35,-0.54,0.59,0.02,140.08,29.53,17.54,0
1746818617.293712,-2.0,-0.43,-0.61,-1.08,38.26,-39.0,-0.6,0.72,-0.04,184.56,40.46,15.71,0
1746818617.307636,-2.0,-0.42,-0.62,4.17,13.46,-43.13,-0.62,1.01,-0.13,193.41,54.76,15.15,0
1746818617.323149,-2.0,-0.35,-0.7,3.98,19.34,-41.77,-0.67,1.21,-0.23,142.88,66.59,20.51,0
1746818617.337466,-2.0,-0.33,-0.6,-4.44,23.37,-42.37,-0.65,1.17,-0.29,82.17,70.32,25.09,0
1746818617.352539,-2.0,-0.3,-0.6,-14.07,38.66,-45.04,-0.64,1.08,-0.33,33.35,72.24,21.69,0
1746818617.368052,-2.0,-0.41,-0.64,-27.89,51.92,-48.76,-0.6,0.87,-0.34,-8.02,69.55,6.53,0
1746818617.38303,-2.0,-0.35,-0.57,-34.17,58.5,-51.9,-0.57,0.83,-0.36,-32.47,65.18,-5.56,0
1746818617.39843,-2.0,-0.37,-0.57,-47.14,56.24,-52.45,-0.58,0.82,-0.26,-47.45,47.06,-2.66,0
1746818617.413091,-2.0,-0.41,-0.58,-55.53,66.56,-52.9,-0.6,0.75,-0.19,-51.05,28.96,3.23,0
1746818617.427484,-2.0,-0.47,-0.56,-53.84,55.22,-50.52,-0.59,0.72,-0.14,-41.37,21.28,5.04,0
1746818617.442511,-2.0,-0.47,-0.66,-47.29,55.63,-45.5,-0.58,0.68,-0.1,-30.77,17.1,5.19,0
1746818617.45837,-2.0,-0.44,-0.61,-42.4,46.38,-38.68,-0.58,0.71,-0.1,-18.25,14.34,9.22,0
1746818617.472922,-2.0,-0.5,-0.6,-34.15,38.49,-33.71,-0.35,0.8,-0.3,-0.37,14.2,5.08,0
1746818617.488301,-2.0,-0.46,-0.65,-22.69,37.81,-30.9,-0.63,0.72,-0.09,1.23,-6.62,-0.08,0
1746818617.503703,-2.0,-0.51,-0.56,-24.3,38.42,-20.27,-0.6,0.75,-0.06,2.34,-25.0,5.74,0
1746818617.517671,-2.0,-0.5,-0.61,-11.15,25.79,-16.89,-0.67,0.7,-0.03,10.27,-37.73,5.04,0
1746818617.533044,-2.0,-0.52,-0.53,-0.58,16.73,-14.09,-0.64,0.77,-0.07,21.05,-28.96,3.67,0
1746818617.548084,-2.0,-0.43,-0.63,8.01,-18.72,-17.33,-0.61,0.83,-0.07,14.79,-8.23,7.28,0
1746818617.563022,-2.0,-0.47,-0.59,6.52,-17.2,-12.11,-0.62,0.75,-0.08,10.21,0.55,4.36,0
1746818617.578764,-2.0,-0.42,-0.76,3.03,2.37,-9.78,-0.66,0.76,-0.04,12.85,-3.56,3.4,0
1746818617.593548,-2.0,-0.45,-0.6,-2.75,-12.82,-9.27,-0.65,0.8,-0.05,9.55,-20.15,1.28,0
1746818617.607319,-2.0,-0.43,-0.65,-11.21,14.49,-6.43,-0.63,0.85,-0.12,0.36,-29.01,1.95,0
1746818617.622698,-2.0,-0.46,-0.7,-17.74,20.16,-5.15,-0.65,0.89,-0.08,-13.04,-46.25,6.92,0
1746818617.6375,-2.0,-0.48,-0.56,-11.98,13.69,0.53,-0.58,0.88,-0.12,-30.83,-62.9,6.3,0
1746818617.652738,-2.0,-0.38,-0.62,-6.53,14.88,5.72,-0.63,0.96,-0.03,-47.13,-92.92,18.02,0
1746818617.668283,-2.0,-0.57,-0.58,-0.69,1.94,13.26,-0.7,1.03,-0.04,-60.15,-116.67,45.39,0
1746818617.683277,-2.0,-0.67,-0.57,14.86,-32.87,4.67,-0.6,0.95,-0.11,-78.11,-104.54,57.57,0
1746818617.697836,-2.0,-0.59,-0.51,20.24,-41.38,2.84,-0.54,0.73,-0.08,-78.76,-76.56,51.1,0
1746818617.712958,-2.0,-0.51,-0.42,20.09,-35.31,3.99,-0.54,0.61,-0.06,-66.96,-58.55,40.51,0
1746818617.727959,-2.0,-0.43,-0.57,3.87,-3.95,-0.02,-0.58,0.72,0.01,-60.4,-59.88,32.43,0
1746818617.743525,-2.0,-0.48,-0.58,-10.53,-1.09,-0.89,-0.56,0.79,0.01,-64.88,-75.39,33.21,0
1746818617.757529,-2.0,-0.5,-0.59,-14.2,-0.85,-9.3,-0.53,0.86,0.02,-68.6,-84.15,38.65,0
1746818617.773105,-2.0,-0.47,-0.65,-22.38,-4.6,-13.71,-0.48,0.76,0.04,-67.5,-89.09,40.63,0
1746818617.788694,-2.0,-0.5,-0.67,-21.31,-9.82,-14.11,-0.36,0.74,-0.01,-50.45,-67.2,31.76,0
1746818617.803506,-2.0,-0.45,-0.73,-25.87,-1.18,-10.91,-0.38,0.73,0.01,-42.05,-46.79,25.6,0
1746818617.818343,-2.0,-0.5,-0.75,-17.18,10.31,-3.2,-0.44,0.78,0.08,-31.17,-33.9,26.35,0
1746818617.833225,-2.0,-0.51,-0.7,-7.02,7.27,-0.45,-0.44,0.74,0.11,-25.28,-31.68,23.1,0
1746818617.8482,-2.0,-0.54,-0.67,-2.08,5.29,2.69,-0.42,0.85,0.11,-31.44,-25.92,19.39,0
1746818617.863443,-2.0,-0.46,-0.68,3.99,0.38,5.45,-0.39,0.82,0.18,-43.45,-24.0,17.3,0
1746818617.878369,-2.0,-0.43,-0.67,-0.22,0.24,14.78,-0.38,0.86,0.19,-57.41,-19.05,15.08,0
1746818617.89285,-2.0,-0.38,-0.71,0.15,2.05,20.89,-0.39,0.77,0.21,-59.11,-12.86,11.92,0
1746818617.907354,-2.0,-0.42,-0.74,-2.51,6.04,23.06,-0.38,0.77,0.2,-53.34,-4.47,11.98,0
1746818617.922255,-2.0,-0.46,-0.71,-0.75,3.89,22.03,-0.37,0.71,0.21,-44.64,3.06,7.69,0
1746818617.938023,-2.0,-0.54,-0.65,-4.28,12.02,21.31,-0.38,0.7,0.2,-23.63,8.44,5.97,0
1746818617.952652,-2.0,-0.63,-0.62,11.5,1.32,13.58,-0.36,0.68,0.17,-3.54,18.69,-0.89,0
1746818617.967982,-2.0,-0.53,-0.71,1.67,16.45,17.42,-0.4,0.75,0.22,8.58,28.34,-2.6,0
1746818617.982982,-2.0,-0.48,-0.75,5.9,10.86,15.08,-0.41,0.75,0.25,14.19,33.0,-6.82,0
1746818617.997421,-2.0,-0.48,-0.7,1.92,18.15,14.8,-0.45,0.83,0.28,10.83,31.12,-4.19,0
1746818618.012934,-2.0,-0.5,-0.69,-0.05,21.55,14.52,-0.44,0.87,0.24,2.82,26.73,-3.76,0
1746818618.027945,-2.0,-0.53,-0.66,3.37,13.44,13.48,-0.46,0.89,0.24,-12.03,18.7,-1.66,0
1746818618.042835,-2.0,-0.56,-0.66,4.11,15.4,13.55,-0.4,0.8,0.21,-17.57,19.56,-4.11,0
1746818618.057478,-2.0,-0.51,-0.63,7.37,8.94,10.76,-0.38,0.76,0.21,-16.27,28.31,-10.61,0
1746818618.073099,-2.0,-0.47,-0.66,0.18,12.66,9.59,-0.4,0.76,0.22,-9.68,37.35,-14.5,0
1746818618.088335,-2.0,-0.54,-0.65,-3.87,14.4,10.05,-0.89,0.72,0.65,-16.15,19.51,-8.65,0
1746818618.102449,-2.0,-0.53,-0.67,-6.02,16.08,4.85,-0.48,0.81,0.21,-23.6,12.33,-5.3,0
1746818618.11759,-2.0,-0.51,-0.64,-10.64,17.4,6.56,-0.46,0.83,0.19,-28.93,12.14,-4.14,0
1746818618.132588,-2.0,-0.58,-0.57,-6.45,7.45,2.03,-0.47,0.78,0.19,-28.98,10.15,-4.45,0
1746818618.147736,-2.0,-0.47,-0.65,-16.23,11.42,0.52,-0.44,0.75,0.15,-22.27,14.91,-6.39,0
1746818618.162729,-2.0,-0.49,-0.65,-18.08,8.73,1.47,-0.46,0.79,0.19,-14.58,18.43,-6.57,0
1746818618.178727,-2.0,-0.5,-0.68,-23.54,12.76,2.65,-0.46,0.76,0.2,-10.07,13.28,-4.68,0
1746818618.193305,-2.0,-0.48,-0.65,-26.11,10.21,5.58,-0.44,0.76,0.21,-6.74,17.45,-6.43,0
1746818618.207458,-2.0,-0.49,-0.68,-30.09,8.81,10.57,-0.47,0.78,0.23,-13.01,16.99,-6.67,0
1746818618.222889,-2.0,-0.54,-0.7,-25.6,10.07,10.19,-0.45,0.74,0.21,-15.24,13.95,-8.89,0
1746818618.237418,-2.0,-0.48,-0.69,-25.3,14.94,14.1,-0.44,0.75,0.17,-14.69,18.79,-11.13,0
1746818618.252892,-2.0,-0.59,-0.63,-17.4,10.42,10.31,-0.47,0.72,0.21,-4.94,25.6,-11.5,0
1746818618.267843,-2.0,-0.52,-0.7,-14.65,8.34,7.84,-0.5,0.71,0.26,0.92,18.19,-6.63,0
1746818618.282852,-2.0,-0.54,-0.71,-12.15,8.48,5.91,-0.47,0.69,0.24,6.64,18.02,-8.94,0
1746818618.298022,-2.0,-0.47,-0.72,-14.02,10.06,7.93,-0.48,0.7,0.24,8.73,20.87,-10.41,0
1746818618.312142,-2.0,-0.51,-0.73,-12.15,11.83,5.82,-0.5,0.67,0.22,12.14,19.42,-13.52,0
1746818618.328142,-2.0,-0.51,-0.74,-12.86,15.92,2.14,-0.49,0.77,0.15,16.5,22.31,-14.27,0
1746818618.340689,-2.0,-0.48,-0.68,-13.35,16.38,-2.36,-0.54,0.79,0.14,14.94,15.05,-6.24,0
1746818618.358057,-2.0,-0.49,-0.64,-12.31,12.38,-4.02,-0.75,0.92,0.39,11.89,-3.74,-2.13,0
1746818618.372875,-2.0,-0.47,-0.64,-12.35,11.34,-2.37,-0.56,0.83,0.09,3.91,2.11,4.15,0
1746818618.387987,-2.0,-0.46,-0.62,-12.15,5.73,2.58,-0.53,0.82,0.09,-3.88,-0.07,4.5,0
1746818618.402767,-2.0,-0.48,-0.67,-11.4,6.33,3.91,-0.54,0.74,0.14,-6.79,2.18,1.86,0
1746818618.417253,-2.0,-0.43,-0.65,-14.73,10.34,2.81,-0.54,0.73,0.16,-4.76,1.2,2.51,0
1746818618.432482,-2.0,-0.42,-0.66,-22.86,13.79,-0.11,-0.54,0.68,0.18,1.4,-0.07,4.63,0
1746818618.447271,-2.0,-0.39,-0.74,-34.73,20.51,1.66,-0.55,0.74,0.19,4.75,-1.41,3.6,0
1746818618.462239,-2.0,-0.45,-0.74,-39.03,23.91,4.44,-0.56,0.73,0.17,-2.13,-8.19,0.88,0
1746818618.478424,-2.0,-0.52,-0.69,-35.33,17.37,6.35,-0.5,0.74,0.09,-6.08,-7.22,-1.35,0
1746818618.491563,-2.0,-0.45,-0.73,-29.87,13.93,7.73,-0.46,0.71,0.04,-0.12,3.28,-1.66,0
1746818618.507393,-2.0,-0.43,-0.75,-26.83,15.08,8.27,-0.49,0.73,0.08,10.0,12.26,0.35,0
1746818618.522649,-2.0,-0.44,-0.66,-20.4,11.82,10.08,-0.53,0.78,0.12,10.78,9.82,4.31,0
1746818618.537801,-2.0,-0.39,-0.71,-14.84,9.54,10.68,-0.51,0.82,0.06,3.42,5.1,6.27,0
1746818618.552608,-2.0,-0.44,-0.65,-10.88,6.63,10.77,-0.49,0.76,0.07,0.36,4.1,5.47,0
1746818618.567422,-2.0,-0.42,-0.67,-5.79,5.53,8.35,-0.48,0.73,0.07,3.47,2.43,5.02,0
1746818618.583023,-2.0,-0.37,-0.67,-9.02,3.58,16.11,-0.47,0.72,0.1,3.95,8.82,5.31,0
1746818618.597656,-2.0,-0.39,-0.68,-12.09,2.83,21.24,-0.5,0.69,0.14,1.82,8.44,2.6,0
1746818618.612551,-2.0,-0.44,-0.71,-13.75,-2.54,22.95,-0.5,0.7,0.14,6.21,4.4,1.27,0
1746818618.628319,-2.0,-0.53,-0.74,-8.02,-8.22,22.12,-0.48,0.69,0.13,12.65,4.02,-1.35,0
1746818618.642433,-2.0,-0.47,-0.8,-2.7,-5.22,14.37,-0.49,0.67,0.14,19.05,1.52,-4.08,0
1746818618.657122,-2.0,-0.45,-0.73,-2.1,-4.53,9.69,-0.49,0.67,0.13,28.02,-0.05,-3.45,0
1746818618.672622,-2.0,-0.46,-0.7,-2.53,-6.27,8.69,-0.5,0.71,0.12,36.21,1.27,-3.26,0
1746818618.688356,-2.0,-0.45,-0.74,-1.27,-5.99,3.95,-0.52,0.73,0.15,39.38,-0.19,-3.74,0
1746818618.702686,-2.0,-0.4,-0.7,-4.85,-3.5,1.56,-0.52,0.74,0.19,40.02,-0.88,-3.18,0
1746818618.717555,-2.0,-0.48,-0.67,-3.56,0.21,4.15,-0.57,0.68,0.32,42.94,0.71,-7.02,0
1746818618.732117,-2.0,-0.54,-0.65,6.44,-8.08,1.71,-0.62,0.73,0.4,33.65,-17.31,-7.39,0
1746818618.747768,-2.0,-0.84,-0.75,41.27,21.19,22.93,-0.91,0.35,1.21,26.46,-62.87,-29.69,0
1746818618.763404,-2.0,-0.33,1.03,209.95,-223.4,2.33,-0.71,0.4,1.19,14.05,-123.53,-29.76,0
1746818618.778555,-2.0,-0.22,-1.67,112.74,-48.08,17.54,-0.54,0.09,0.63,85.51,-98.02,-38.91,0
1746818618.793257,-2.0,-0.14,-0.58,-46.42,29.11,12.08,-0.69,0.49,0.37,143.08,-80.5,-29.28,0
1746818618.808018,-2.0,-0.55,-0.22,-23.12,-27.24,-10.85,-0.81,1.15,0.13,145.54,-75.89,-14.1,0
1746818618.82285,-2.0,-0.32,-0.68,-37.53,-26.76,-7.47,-0.84,1.57,0.0,68.14,-90.76,-5.93,0
1746818618.838224,-2.0,-0.45,-0.68,-42.9,-25.5,-4.11,-0.8,1.55,-0.04,-30.26,-117.87,-4.38,0
1746818618.852766,-2.0,-0.58,-0.79,-30.94,-21.18,4.13,-0.61,1.25,-0.15,-88.19,-136.69,-1.19,0
1746818618.868166,-2.0,-0.56,-0.81,-22.6,-19.66,8.79,-0.4,0.98,-0.3,-97.34,-108.42,1.08,0
1746818618.883162,-2.0,-0.55,-0.8,-17.55,-19.63,8.58,-0.36,0.85,-0.38,-64.29,-65.63,12.99,0
1746818618.89799,-2.0,-0.46,-0.7,-27.29,-29.58,3.92,-0.36,0.84,-0.44,-19.15,-27.27,30.21,0
1746818618.91285,-2.0,-0.45,-0.8,-25.44,-34.36,7.51,-0.36,0.94,-0.48,14.29,2.16,41.32,0
1746818618.928698,-2.0,-0.49,-0.98,-13.65,-15.58,0.68,-0.39,1.06,-0.49,10.76,18.27,40.22,0
1746818618.943256,-2.0,-0.45,-0.82,-2.69,-8.32,4.83,-0.41,1.22,-0.48,-30.91,30.43,33.91,0
1746818618.966425,-2.0,-0.51,-0.8,5.22,-6.72,4.27,-0.37,1.15,-0.5,-82.53,40.97,24.95,0
1746818618.972588,-2.0,-0.36,-0.84,-2.92,-4.4,1.63,-0.35,0.97,-0.48,-123.59,53.52,16.02,0
1746818618.987935,-2.0,-0.4,-0.83,-17.15,6.17,0.69,-0.25,0.71,-0.49,-136.57,75.49,4.32,0
1746818619.002639,-2.0,-0.42,-0.78,-21.19,9.5,-3.36,-0.28,0.68,-0.32,-119.58,93.31,2.5,0
1746818619.017475,-2.0,-0.41,-0.83,-30.04,19.87,-4.69,-0.3,0.67,-0.19,-99.85,95.78,13.4,0
1746818619.033132,-2.0,-0.36,-0.81,-43.19,31.01,-6.66,-0.37,0.6,-0.06,-74.69,91.29,19.57,0
1746818619.047765,-2.0,-0.38,-0.82,-51.89,38.37,-4.98,-0.42,0.67,0.1,-58.56,84.63,25.32,0
1746818619.063351,-2.0,-0.41,-0.76,-50.55,40.97,-1.38,-0.48,0.65,0.26,-50.89,71.33,26.7,0
1746818619.078124,-2.0,-0.45,-0.73,-41.73,35.68,7.42,-0.54,0.62,0.39,-43.1,54.33,23.01,0
1746818619.092555,-2.0,-0.52,-0.73,-26.06,24.31,9.24,-0.54,0.59,0.47,-32.02,33.63,20.4,0
1746818619.107555,-2.0,-0.5,-0.7,-12.63,14.83,12.19,-0.58,0.54,0.57,-6.63,9.08,23.47,0
1746818619.122877,-2.0,-0.48,-0.69,-1.69,8.18,13.71,-0.57,0.51,0.62,30.92,-9.54,28.78,0
1746818619.137877,-2.0,-0.43,-0.68,5.08,2.71,15.25,-0.56,0.51,0.6,80.74,-23.72,31.95,0
1746818619.152875,-2.0,-0.38,-0.66,2.47,1.26,18.34,-0.54,0.59,0.59,131.84,-38.3,33.53,0
1746818619.167409,-2.0,-0.4,-0.66,-2.08,2.79,21.44,-0.54,0.67,0.51,164.08,-45.64,35.27,0
1746818619.183278,-2.0,-0.49,-0.62,0.46,-0.49,22.28,-0.55,0.84,0.5,173.63,-58.72,32.98,0
1746818619.197998,-2.0,-0.47,-0.63,-5.51,1.92,18.59,-0.6,1.17,0.53,137.78,-76.18,45.49,0
1746818619.212601,-2.0,-0.67,-0.67,-13.76,-2.8,5.67,-0.5,1.03,0.16,41.71,-89.72,26.23,0
1746818619.228599,-2.0,-0.63,-0.64,-24.37,7.05,-14.5,-0.51,0.98,0.3,-58.56,-81.33,23.08,0
1746818619.242595,-2.0,-0.49,-0.54,-17.01,-13.53,-6.85,-0.42,0.87,0.27,-99.02,-61.12,13.4,0
1746818619.258212,-2.0,-0.36,-0.75,-28.97,-5.93,-6.82,-0.41,0.78,0.15,-103.06,-43.1,8.7,0
1746818619.273277,-2.0,-0.35,-0.71,-38.71,0.79,-10.29,-0.47,0.75,0.2,-79.55,-38.57,15.44,0
1746818619.287236,-2.0,-0.34,-0.75,-39.25,0.98,-8.41,-0.42,0.69,0.19,-54.37,-40.17,21.13,0
1746818619.302561,-2.0,-0.39,-0.84,-37.98,6.03,-5.89,-0.38,0.77,0.25,-46.77,-39.89,21.82,0
1746818619.318298,-2.0,-0.4,-0.83,-36.57,10.75,-2.1,-0.32,0.71,0.25,-51.76,-35.85,18.59,0
1746818619.333251,-2.0,-0.42,-0.83,-27.39,7.98,-0.99,-0.15,0.82,0.2,-48.47,-23.56,13.18,0
1746818619.348385,-2.0,-0.39,-0.83,-22.6,7.95,1.09,-0.26,0.59,0.25,-28.11,-14.35,4.57,0
1746818619.363349,-2.0,-0.41,-0.84,-15.18,5.98,1.95,-0.31,0.62,0.28,-4.74,-9.17,0.21,0
1746818619.378362,-2.0,-0.38,-0.81,-8.31,3.94,1.14,-0.31,0.67,0.31,20.05,-6.76,-5.3,0
1746818619.392871,-2.0,-0.39,-0.8,-4.41,3.37,0.89,-0.3,0.8,0.3,30.78,-4.27,-7.87,0
1746818619.407858,-2.0,-0.42,-0.79,-2.82,4.61,-1.54,-0.36,0.95,0.36,16.36,-6.08,-9.01,0
1746818619.42301,-2.0,-0.43,-0.74,-1.82,5.15,-3.11,-0.37,0.93,0.36,-12.13,-14.03,-5.27,0
1746818619.437237,-2.0,-0.4,-0.74,-4.83,3.26,-4.28,-0.34,0.82,0.29,-16.66,-13.69,-7.53,0
1746818619.452345,-2.0,-0.41,-0.71,-9.05,3.66,-2.73,-0.36,0.8,0.28,-15.42,-14.64,-5.68,0
1746818619.467453,-2.0,-0.48,-0.69,-9.82,2.34,0.29,-0.37,0.77,0.28,-11.21,-12.34,-8.21,0
1746818619.48245,-2.0,-0.46,-0.74,-8.81,2.31,-0.15,-0.38,0.72,0.32,-5.6,-14.15,-10.18,0
1746818619.497765,-2.0,-0.46,-0.75,-12.69,4.78,-1.27,-0.44,0.71,0.45,-0.2,-28.85,-10.25,0
1746818619.512296,-2.0,-0.42,-0.75,-21.61,7.59,-1.48,-0.39,0.67,0.55,-2.31,-48.31,-13.84,0
1746818619.528346,-2.0,-0.49,-0.74,-30.99,12.87,-6.88,-0.39,0.57,0.67,-1.08,-61.27,-21.09,0
1746818619.542769,-2.0,-0.42,-0.56,-31.7,3.24,-20.27,-0.31,0.56,0.58,6.21,-67.64,-26.83,0
1746818619.558946,-2.0,-0.35,-0.51,-9.49,-31.21,-38.6,-0.22,0.53,0.43,22.5,-61.4,-35.56,0
1746818619.573486,-2.0,-0.16,-1.0,-25.09,-18.9,-49.37,-0.24,0.82,0.08,52.92,-29.53,-32.08,0
1746818619.587867,-2.0,-0.25,-0.8,-37.98,-0.66,-54.69,-0.36,1.1,-0.04,37.61,-9.66,-28.47,0
1746818619.602725,-2.0,-0.24,-0.92,-36.43,-1.57,-37.69,-0.43,1.27,-0.06,-3.99,-4.99,-13.67,0
1746818619.617993,-2.0,-0.37,-0.9,-16.95,11.54,-12.89,-0.41,1.14,-0.04,-32.13,2.08,1.33,0
1746818619.633,-2.0,-0.25,-0.92,-5.66,18.09,14.03,-0.41,0.92,0.15,-35.21,-5.16,9.35,0
1746818619.647381,-2.0,-0.41,-0.81,9.91,15.05,27.78,-0.33,0.82,0.3,-33.37,-10.78,9.47,0
1746818619.663761,-2.0,-0.49,-0.8,27.52,6.34,25.05,-0.3,0.72,0.46,-35.7,-15.67,5.84,0
1746818619.678269,-2.0,-0.44,-0.78,40.39,-5.63,13.29,-0.26,0.62,0.52,-34.73,-27.28,-0.32,0
1746818619.693457,-2.0,-0.42,-0.74,35.95,-20.27,0.82,-0.21,0.52,0.43,-16.46,-28.46,-15.11,0
1746818619.707754,-2.0,-0.34,-0.62,24.61,-34.81,-3.76,-0.24,0.6,0.31,2.56,-24.0,-15.05,0
1746818619.722384,-2.0,-0.39,-0.66,11.85,-45.45,-1.82,-0.31,0.73,0.26,7.61,-19.59,-17.65,0
1746818619.73764,-2.0,-0.43,-0.7,6.23,-51.68,-1.31,-0.32,0.79,0.23,1.68,-18.63,-14.66,0
1746818619.752697,-2.0,-0.51,-0.87,5.15,-29.17,-11.5,-0.4,0.83,0.29,-11.37,-21.15,-9.65,0
1746818619.768031,-2.0,-0.39,-0.7,8.15,-17.95,-19.93,-0.4,0.82,0.32,-24.63,-27.71,-4.86,0
1746818619.783015,-2.0,-0.39,-0.67,-1.13,-16.38,-18.92,-0.37,0.71,0.33,-21.44,-22.53,-3.87,0
1746818619.797971,-2.0,-0.44,-0.62,-5.74,-16.01,-20.69,-0.42,0.69,0.4,-7.37,-19.69,-2.81,0
1746818619.813192,-2.0,-0.46,-0.65,-11.11,-16.34,-25.07,-0.31,0.71,0.31,1.19,-8.92,-3.63,0
1746818619.828197,-2.0,-0.45,-0.6,-12.15,-35.47,-33.92,-0.43,0.73,0.45,-1.24,-16.29,-3.98,0
1746818619.843124,-2.0,-0.4,-0.62,-18.03,-51.41,-43.74,-0.39,0.77,0.46,-13.0,-28.59,-1.67,0
1746818619.858123,-2.0,-0.62,-0.63,-17.17,-58.8,-55.22,-0.37,0.71,0.48,-19.81,-36.05,-2.3,0
1746818619.873499,-2.0,-0.46,-0.99,-28.45,-23.27,-71.16,-0.28,0.65,0.42,-18.39,-37.36,-4.75,0
1746818619.888497,-2.0,-0.5,-0.83,-43.89,13.76,-103.67,-0.28,0.59,0.39,-7.9,-34.0,-9.21,0
1746818619.903495,-2.0,-0.25,-0.4,-68.02,54.76,-103.0,-0.23,0.66,0.4,-0.22,-33.95,-11.6,0
1746818619.918022,-2.0,-0.58,-1.24,-78.42,102.98,-126.44,-0.24,0.69,0.28,12.73,-14.27,-11.54,0
1746818619.933008,-2.0,-0.51,-0.47,-29.22,33.11,-78.56,-0.29,0.82,0.2,24.89,-0.33,-10.09,0
1746818619.948272,-2.0,-0.34,-0.83,-22.95,19.94,-26.88,-0.33,0.94,0.15,24.73,15.79,-3.37,0
1746818619.963473,-2.0,-0.31,-0.7,1.3,33.57,5.9,-0.4,0.93,0.2,12.88,24.85,-2.9,0
1746818619.977501,-2.0,-0.43,-0.73,24.46,21.13,13.72,-0.53,1.03,0.37,-16.14,2.35,6.0,0
1746818619.992903,-2.0,-0.35,-0.77,33.86,12.72,14.61,-0.39,0.82,0.33,-34.37,-12.35,8.76,0
1746818620.007887,-2.0,-0.6,-0.65,50.17,19.06,15.54,-0.38,0.69,0.34,-21.18,-11.92,5.33,0
1746818620.023333,-2.0,-0.48,-0.26,19.15,-11.34,-8.87,-0.42,0.66,0.39,-1.42,-23.34,0.27,0
1746818620.037599,-2.0,-0.43,-0.77,-54.56,44.31,0.01,-0.48,0.67,0.36,20.38,-33.56,-8.33,0
1746818620.052599,-2.0,-0.38,-0.57,-49.57,18.02,-16.01,-0.67,0.56,0.19,42.59,-48.28,-12.11,0
1746818620.067772,-2.0,0.06,-0.58,-90.13,26.02,-17.34,-1.17,-0.06,-0.21,102.87,-52.24,-46.81,0
1746818620.083065,-2.0,1.18,-0.44,-137.08,33.85,-4.02,-1.12,-1.59,-1.32,242.09,-8.26,-116.49,0
1746818620.097606,-2.0,1.85,-0.21,-166.11,68.45,63.23,0.46,-2.0,-2.0,250.13,166.95,-213.37,0
1746818620.113537,-2.0,2.0,1.04,-0.69,19.23,190.34,0.42,-2.0,-2.0,250.13,250.13,-250.14,0
1746818620.12773,-2.0,0.77,1.9,130.78,-116.53,242.49,0.98,-2.0,-2.0,250.13,250.13,-250.14,0
1746818620.140778,-2.0,-2.0,1.53,250.13,-250.14,53.4,-2.0,-2.0,-0.27,250.13,250.13,-250.14,0
1746818620.158341,-2.0,1.88,0.95,67.72,-250.14,96.92,-2.0,0.8,0.05,250.13,250.13,-250.14,0
1746818620.173701,-2.0,1.94,-0.96,-242.38,-3.9,238.0,-2.0,2.0,-2.0,250.13,250.13,-250.14,0
1746818620.187883,-2.0,-1.25,0.96,-81.71,-152.23,207.38,-2.0,2.0,-2.0,250.13,250.13,-158.44,0
1746818620.202894,-2.0,-0.41,-1.47,33.5,-196.46,163.63,0.33,1.16,-2.0,250.13,250.13,21.63,0
1746818620.21833,-2.0,-0.0,-2.0,47.85,-176.87,117.7,-0.02,2.0,-2.0,250.13,250.13,27.08,0
1746818620.233319,-2.0,-1.66,-2.0,-193.81,250.13,161.04,-1.38,2.0,1.21,67.98,60.05,-57.18,0
1746818620.248534,-2.0,-2.0,-0.05,-0.06,-72.02,10.21,-1.29,1.42,0.61,-203.83,-145.47,-106.84,0
1746818620.263526,-2.0,-0.61,0.39,-42.14,-250.14,-62.76,-1.99,1.53,-0.18,-250.14,-250.14,-167.27,0
1746818620.27853,-2.0,-0.34,-1.89,-63.06,-200.02,4.57,-2.0,2.0,-0.69,-250.14,-250.14,-137.57,0
1746818620.293747,-2.0,-1.19,-2.0,-68.58,-94.6,-52.52,-2.0,-1.5,-2.0,-124.57,-250.14,-158.8,0
1746818620.308747,-2.0,-0.74,-2.0,-108.52,-69.15,-56.65,-2.0,1.41,-0.65,44.5,-20.02,-20.31,0
1746818620.322921,-2.0,-0.45,-1.83,-68.85,-40.16,-25.98,-0.11,0.22,-1.08,38.02,-29.44,-53.52,0
1746818620.338107,-2.0,-0.13,-1.49,-19.98,-52.82,2.66,-1.32,-0.96,-1.88,109.6,99.83,-64.4,0
1746818620.353111,-2.0,-0.4,-1.17,-27.96,-50.97,18.18,-1.15,-0.52,-1.95,250.13,183.44,-94.2,0
1746818620.567727,-0.22,-0.41,0.15,-27.96,-50.97,18.18,2.0,1.47,-0.75,250.13,183.44,-94.2,0
1746818620.603942,-2.0,-0.68,-0.58,69.44,11.4,-54.81,2.0,1.47,-0.75,-57.03,-24.12,25.72,0
1746818620.619042,-2.0,-0.45,-0.79,53.52,15.05,-51.29,-1.23,0.66,-0.7,-107.86,-49.43,25.85,0
1746818620.633781,-2.0,-0.55,-0.91,52.08,11.53,-54.86,-1.35,0.45,-1.3,-205.75,-80.1,17.1,0
1746818620.649064,-2.0,-0.63,-0.84,72.27,-17.46,-57.17,-1.24,0.94,-0.82,-246.19,-135.86,-3.0,0
1746818620.664335,-2.0,-0.6,-0.88,71.15,-8.99,-66.34,-1.55,0.71,-0.64,-250.14,-161.53,7.64,0
1746818620.679202,-2.0,-0.5,-1.04,82.02,-4.63,-72.64,-1.28,0.35,-0.95,-250.14,-152.36,19.04,0
1746818620.69453,-2.0,-0.29,-1.24,66.96,11.45,-76.95,-1.12,0.23,-0.86,-190.34,-123.89,35.02,0
1746818620.709562,-2.0,-0.11,-1.16,32.44,42.33,-73.91,-1.06,0.16,-0.83,-124.27,-119.27,42.65,0
1746818620.723564,-2.0,-0.05,-0.91,18.93,57.37,-61.95,-0.98,0.27,-0.89,-54.34,-74.88,57.93,0
1746818620.738805,-2.0,-0.19,-0.74,26.13,59.15,-52.22,-0.87,0.47,-1.0,-51.03,-48.82,72.88,0
1746818620.753469,-2.0,-0.14,-0.51,47.99,27.21,-64.66,-0.83,0.48,-1.06,-54.95,-31.42,86.38,0
1746818620.769003,-2.0,0.09,-0.95,41.28,46.24,-70.77,-0.9,0.6,-1.05,-83.69,-36.58,88.37,0
1746818620.783848,-2.0,0.03,-0.71,23.39,39.68,-77.68,-0.98,0.5,-1.05,-88.26,-37.47,90.93,0
1746818620.798805,-2.0,-0.08,-0.69,31.11,36.13,-66.16,-0.84,0.55,-1.11,-105.08,-25.65,94.29,0
1746818620.813985,-2.0,-0.13,-0.46,33.49,46.8,-66.45,-0.88,0.59,-1.01,-134.66,-15.98,103.63,0
1746818620.829971,-2.0,0.0,-0.24,34.98,34.01,-50.8,-0.94,0.66,-0.87,-167.74,-20.39,111.33,0
1746818620.844306,-2.0,-0.07,-0.21,49.24,7.06,-37.31,-1.12,0.42,-0.73,-178.93,-37.84,126.04,0
1746818620.859312,-2.0,-0.37,-0.45,40.71,15.76,-47.66,-1.0,0.31,-0.68,-160.31,-52.61,141.25,0
1746818620.874471,-2.0,-0.42,-0.88,53.47,34.21,-77.44,-0.96,0.25,-0.6,-129.19,-68.92,150.09,0
1746818620.889736,-2.0,-0.44,-0.98,74.45,103.07,-71.13,-0.74,0.21,-0.66,-84.25,-63.31,150.8,0
1746818620.903961,-2.0,-0.53,-0.86,110.39,111.27,-43.67,-0.79,0.42,-0.66,-64.48,-71.09,148.33,0
1746818620.918974,-2.0,-1.01,-0.97,138.37,123.6,-47.32,-0.84,0.67,-0.65,-63.09,-92.43,149.11,0
1746818620.933974,-2.0,-0.95,-0.86,145.41,122.32,-87.18,-0.8,0.74,-0.67,-78.46,-127.56,161.31,0
1746818620.949181,-2.0,-0.89,-0.91,120.0,134.37,-124.76,-0.62,0.51,-0.67,-69.15,-122.02,182.98,0
1746818620.964497,-2.0,-0.93,-0.99,103.17,151.57,-158.79,-0.65,0.63,-0.61,-36.14,-108.47,192.08,0
1746818621.024256,0.82,1.21,-1.27,124.14,89.3,-156.28,-0.61,0.8,-0.34,32.35,-62.78,221.34,0
1746818621.041752,-2.0,-1.03,-0.85,112.58,94.39,-190.5,-0.51,0.92,-0.29,9.09,-6.82,201.53,0
1746818621.122503,-2.0,-0.75,-0.76,-250.14,-93.37,-95.24,-0.37,1.1,-0.24,43.41,2.13,160.79,0
1746818621.181497,-2.0,-0.75,-0.76,-250.14,-93.37,-95.24,-0.32,1.35,-0.09,65.47,61.27,178.21,0
1746818621.197273,-2.0,-0.89,-0.17,98.15,65.36,-88.55,-0.02,1.07,-0.19,72.01,44.36,181.76,0
1746818621.212284,-2.0,-0.75,-0.1,68.77,67.95,-111.11,-0.11,0.99,-0.16,76.38,31.23,180.83,0
1746818621.226657,-2.0,-0.71,0.01,37.92,67.02,-142.73,-0.12,0.85,-0.15,83.27,16.96,184.21,0
1746818621.241654,-2.0,-0.58,-0.03,13.35,71.99,-154.62,-0.1,0.73,-0.19,89.7,7.01,185.96,0
1746818621.256995,-2.0,-0.73,-0.09,16.45,80.12,-147.68,-0.09,0.69,-0.28,100.73,-1.11,188.92,0
1746818621.271731,-2.0,-0.88,-0.12,40.23,82.32,-145.71,0.08,0.59,-0.37,97.34,-1.86,191.65,0
1746818621.286548,-2.0,-0.53,-0.04,48.17,81.3,-153.93,0.2,0.52,-0.42,82.23,13.75,181.28,0
1746818621.301882,-2.0,-0.36,0.11,20.06,80.92,-173.43,0.34,0.46,-0.44,68.13,19.18,167.02,0
1746818621.316628,-2.0,-0.12,0.12,-28.49,90.59,-194.45,0.15,0.5,-0.21,61.66,-7.52,152.53,0
1746818621.331859,-2.0,-0.13,0.22,-78.56,86.9,-203.9,0.15,0.36,-0.32,76.92,3.24,150.82,0
1746818621.39308,-2.0,-0.34,0.15,229.91,81.6,-98.47,0.61,0.03,1.21,76.92,3.24,150.82,0
1746818621.406588,-2.0,-0.04,0.25,-34.18,63.24,-82.5,0.25,0.41,-0.46,121.37,-2.7,32.21,0
1746818621.421179,-2.0,0.37,0.22,-78.52,58.99,-89.16,0.35,0.6,-0.58,81.85,-23.56,35.47,0
1746818621.437107,-2.0,0.09,0.18,-87.6,49.15,-79.87,0.2,0.54,-0.6,40.25,-18.84,32.58,0
1746818621.452103,-2.0,-0.14,-0.17,-53.93,28.72,-45.16,0.57,0.63,-0.65,-13.05,-32.3,36.69,0
1746818621.466283,-2.0,-0.52,-0.28,-0.47,42.27,-6.79,0.41,0.91,-0.35,-43.6,-2.84,38.32,0
1746818621.481679,-2.0,-0.75,-0.14,55.24,49.85,16.64,0.41,0.88,0.19,-83.08,-53.02,51.42,0
1746818621.497262,-2.0,-0.54,0.05,75.0,48.1,27.03,0.82,0.54,-0.1,-28.43,-57.69,46.5,0
1746818621.512378,-2.0,-0.25,0.17,61.67,47.58,28.98,0.97,0.5,-0.37,18.13,-26.4,7.24,0
1746818621.526343,-2.0,-0.02,0.4,16.15,37.54,17.72,0.78,0.59,-0.46,39.92,-20.37,-23.93,0
1746818621.541814,-2.0,-0.07,0.55,-32.81,16.89,-6.47,0.77,0.77,-0.72,34.91,-14.62,-32.8,0
1746818621.594197,-0.26,0.14,-0.05,-55.66,11.01,-15.69,0.53,1.09,-0.79,65.98,136.95,-98.56,0
1746818621.614469,-2.0,-0.38,0.31,-14.28,18.44,-0.75,0.69,0.6,-0.57,-26.44,-6.91,42.98,0
1746818621.77922,-0.11,0.15,-0.01,-14.28,18.44,-0.75,-0.21,-0.06,0.34,-26.44,-6.91,42.98,0
1746818621.923083,-0.11,0.15,-0.01,-14.28,18.44,-0.75,-0.21,-0.06,0.34,-26.44,-6.91,42.98,0
1746818621.937185,-2.0,-0.39,0.31,-21.09,8.28,10.33,0.7,0.78,-0.71,3.27,-5.62,8.89,0
1746818621.95134,-2.0,-0.41,0.31,-21.09,13.43,5.69,0.75,0.78,-0.78,0.4,-2.66,12.69,0
1746818621.966457,-2.0,-0.38,0.3,-23.23,17.14,1.02,0.69,0.75,-0.74,-1.09,-3.17,16.31,0
1746818621.981474,-2.0,-0.42,0.28,-21.32,15.87,-1.11,0.68,0.74,-0.77,-1.74,0.28,19.59,0
1746818621.996539,-2.0,-0.42,0.17,-17.11,19.05,-1.85,0.67,0.72,-0.7,0.69,-2.6,20.76,0
1746818622.011476,-2.0,-0.42,0.21,-12.37,23.06,-0.16,0.67,0.72,-0.7,-2.02,-6.18,22.94,0
1746818622.026558,-2.0,-0.38,0.24,-12.12,25.79,0.04,0.65,0.7,-0.74,-3.46,-3.67,25.08,0
1746818622.041689,-2.0,-0.37,0.22,-13.44,26.47,1.11,0.64,0.73,-0.73,-7.23,-5.46,29.32,0
1746818622.059693,-2.0,-0.41,0.19,-8.19,27.73,1.02,0.62,0.7,-0.71,-10.65,-7.98,33.25,0
1746818622.309134,-0.07,0.22,0.01,-8.19,27.73,1.02,-0.09,-0.06,0.27,-10.65,-7.98,33.25,0
1746818622.421305,-0.07,0.22,0.01,-1.57,24.93,0.63,0.71,0.52,-0.63,-8.94,7.72,24.52,0
1746818622.554767,-0.01,0.2,0.01,-1.57,24.93,0.63,-0.07,0.06,0.2,-6.79,6.89,17.63,0
1746818622.570378,-2.0,-0.35,0.4,-9.84,17.04,1.56,0.7,0.45,-0.68,-5.19,9.33,14.61,0
1746818622.585279,-2.0,-0.35,0.45,-5.25,12.05,1.12,0.71,0.5,-0.66,-6.16,3.73,14.95,0
1746818622.599853,-2.0,-0.34,0.48,-6.14,11.74,1.96,0.71,0.5,-0.66,-7.75,4.42,14.1,0
1746818622.614593,-2.0,-0.33,0.4,-8.66,15.79,2.34,0.74,0.5,-0.65,-8.69,3.15,13.45,0
1746818622.629972,-2.0,-0.32,0.48,-10.3,10.93,1.15,0.75,0.53,-0.65,-11.31,2.9,12.14,0
1746818622.645057,-2.0,-0.34,0.53,-13.92,11.46,-2.47,0.77,0.52,-0.68,-11.28,7.01,12.02,0
1746818622.660571,-2.0,-0.34,0.4,-13.95,10.86,-4.77,0.82,0.53,-0.58,-12.97,4.63,10.93,0
