timestamp,ax1,ay1,az1,gx1,gy1,gz1,ax2,ay2,az2,gx2,gy2,gz2,em_movimento
1746815063.549536,2.0,-0.44,-0.86,-46.2,21.59,6.63,-1.1,0.47,-0.15,9.31,15.7,-44.23,0
1746815063.559841,-2.0,-0.53,-0.86,-38.73,30.95,10.45,-1.05,0.52,-0.09,5.54,-8.43,-44.67,0
1746815063.561386,-2.0,-0.51,-0.76,-41.36,31.45,8.29,-0.95,0.53,-0.09,3.73,3.96,-42.05,0
1746815063.563637,-2.0,-0.51,-0.69,-31.2,23.18,13.54,-0.89,0.55,-0.07,-2.31,-2.82,-37.7,0
1746815063.563637,-2.0,-0.48,-0.61,-25.69,19.76,14.02,-0.83,0.56,-0.03,-6.03,2.79,-32.18,0
1746815063.563637,-2.0,-0.45,-0.57,-14.47,13.13,15.12,-0.85,0.55,0.06,-3.72,-19.18,-24.59,0
1746815063.563637,-2.0,-0.4,-0.53,-6.62,9.27,10.78,-0.77,0.52,0.02,-8.14,-17.63,-17.81,0
1746815063.571739,-2.0,-0.36,-0.49,-0.12,4.7,5.86,-0.68,0.47,-0.04,-8.95,-10.92,-10.98,0
1746815063.573244,-2.0,-0.35,-0.48,2.59,-2.44,3.37,-0.68,0.44,-0.04,-1.6,-16.56,-5.09,0
1746815063.574602,-2.0,-0.32,-0.46,-3.78,-5.99,-4.44,-0.7,0.42,-0.05,7.76,-12.08,-2.15,0
1746815063.575997,-2.0,-0.33,-0.43,-11.52,-6.73,-10.04,-0.73,0.43,-0.05,13.4,-19.36,-4.52,0
1746815063.577,-2.0,-0.36,-0.5,-4.81,-6.89,-11.37,-0.76,0.39,-0.1,12.47,-3.73,-8.6,0
1746815063.578974,-2.0,-0.33,-0.44,-11.54,-2.78,-20.3,-0.76,0.4,-0.17,7.37,-4.56,-12.16,0
1746815063.580038,-2.0,-0.33,-0.49,-9.49,-8.5,-23.31,-0.79,0.37,-0.18,6.15,2.25,-11.43,0
1746815063.581319,-2.0,-0.33,-0.51,-10.15,-10.86,-28.52,-0.82,0.4,-0.15,3.41,-18.92,-13.47,0
1746815063.582339,-2.0,-0.3,-0.53,-11.66,-17.07,-31.86,-0.71,0.42,-0.21,-12.69,-7.23,-14.68,0
1746815063.583275,-2.0,-0.28,-0.54,-10.63,-18.92,-34.21,-0.78,0.43,-0.1,-26.94,-0.89,-16.31,0
1746815063.583842,-2.0,-0.31,-0.55,-6.68,-20.86,-34.34,-0.71,0.41,-0.14,-39.15,34.07,-13.98,0
1746815063.584844,-2.0,-0.29,-0.54,-15.53,-23.84,-40.06,-0.74,0.33,-0.09,-38.69,-2.43,-15.34,0
1746815063.586844,-2.0,-0.28,-0.6,-15.27,-27.37,-44.08,-0.76,0.32,-0.02,-41.94,24.4,-15.62,0
1746815063.587924,-2.0,-0.3,-0.6,-21.78,-31.77,-49.92,-0.71,0.3,-0.05,-41.31,18.62,-15.46,0
1746815063.589084,-2.0,-0.25,-0.63,-21.31,-22.11,-53.82,-0.73,0.39,-0.03,-42.3,15.24,-12.86,0
1746815063.589084,-2.0,-0.26,-0.59,-26.34,-23.48,-53.11,-0.78,0.37,-0.02,-41.86,13.13,-14.07,0
1746815063.59137,-2.0,-0.29,-0.65,-25.0,-22.99,-47.72,-0.88,0.36,0.01,-39.44,19.63,-13.92,0
1746815063.592414,-2.0,-0.3,-0.69,-16.41,-17.89,-38.81,-0.96,0.37,-0.02,-34.43,24.3,-14.93,0
1746815063.59344,-2.0,-0.29,-0.74,-14.32,-12.39,-31.76,-1.08,0.4,0.0,-24.48,23.74,-15.96,0
1746815063.593994,-2.0,-0.25,-0.78,-11.47,-13.89,-21.31,-1.19,0.45,-0.01,-16.37,10.29,-16.42,0
1746815063.593994,-2.0,-0.27,-0.91,-5.74,-6.24,-11.79,-1.2,0.55,-0.09,-18.34,17.67,-10.76,0
1746815063.593994,-2.0,-0.2,-0.83,-9.47,-13.73,0.53,-1.52,0.5,0.09,-3.95,-6.42,-9.02,0
1746815063.593994,-2.0,-0.21,-0.94,-14.96,6.88,0.17,-1.41,0.46,-0.02,12.43,7.61,-4.14,0
1746815063.593994,-2.0,-0.26,-0.9,-8.03,7.85,17.03,-1.23,0.53,-0.24,12.64,7.15,2.39,0
1746815063.593994,-2.0,-0.28,-0.87,-23.92,-2.15,28.45,-1.32,0.57,-0.14,14.73,-6.44,5.24,0
1746815063.598367,-2.0,-0.32,-0.86,-31.22,10.51,36.45,-1.17,0.55,-0.18,11.15,-1.34,8.1,0
1746815063.599105,-2.0,-0.37,-0.76,-32.93,9.76,45.08,-1.11,0.58,-0.16,7.68,12.05,11.56,0
1746815063.600115,-2.0,-0.41,-0.67,-28.25,18.92,51.31,-1.05,0.52,-0.11,25.76,-0.08,20.5,0
1746815063.601125,-2.0,-0.44,-0.57,-24.13,18.74,57.15,-1.02,0.52,-0.06,36.12,-14.31,26.22,0
1746815063.602125,-2.0,-0.42,-0.5,-21.14,14.73,61.76,-0.82,0.39,-0.19,31.89,10.15,30.25,0
1746815063.602125,-2.0,-0.4,-0.44,-7.21,21.44,64.09,-0.86,0.42,-0.09,18.29,-9.42,32.98,0
1746815063.603265,-2.0,-0.38,-0.35,3.2,15.03,70.08,-0.67,0.43,-0.18,8.31,10.61,39.44,0
1746815063.603265,-2.0,-0.31,-0.38,-2.78,32.55,61.6,-0.75,0.5,-0.0,4.79,-14.54,40.47,0
1746815063.603265,-2.0,-0.27,-0.34,-0.96,21.9,61.3,-0.64,0.45,-0.06,-2.56,-4.26,42.69,0
1746815063.603265,-2.0,-0.2,-0.37,-13.02,21.22,50.67,-0.71,0.39,0.02,8.35,-24.83,50.23,0
1746815063.603265,-2.0,-0.16,-0.41,-15.44,8.98,45.85,-0.66,0.34,-0.04,-0.73,-18.14,50.9,0
1746815063.607529,-2.0,-0.18,-0.5,-18.96,16.49,37.2,-0.65,0.28,-0.07,6.5,-14.11,55.86,0
1746815063.60876,-2.0,-0.17,-0.52,-20.62,11.35,39.87,-0.72,0.3,-0.07,17.69,-24.88,53.21,0
1746815063.609872,-2.0,-0.18,-0.59,-24.03,2.36,43.7,-0.69,0.31,-0.18,22.31,-21.17,50.83,0
1746815063.610917,-2.0,-0.24,-0.67,-31.24,8.9,41.08,-0.85,0.36,-0.06,33.82,-44.98,47.8,0
1746815063.61175,-2.0,-0.29,-0.75,-21.79,-11.6,48.82,-0.83,0.4,-0.15,32.73,-27.91,47.31,0
1746815063.612376,-2.0,-0.29,-0.83,-10.44,-5.62,48.75,-0.97,0.4,-0.11,47.79,-36.44,49.28,0
1746815063.613419,-2.0,-0.29,-0.9,-17.21,-3.29,43.76,-0.95,0.39,-0.22,57.27,-38.69,54.27,0
1746815063.614356,-2.0,-0.31,-0.9,-16.63,-12.76,51.44,-1.0,0.44,-0.16,61.36,-49.59,57.45,0
1746815063.614356,-2.0,-0.33,-0.87,-21.06,2.95,54.34,-0.93,0.44,-0.18,60.94,-44.96,54.14,0
1746815063.615366,-2.0,-0.38,-0.75,-17.82,9.39,63.57,-0.8,0.45,-0.22,65.51,-31.63,52.01,0
1746815063.61637,-2.0,-0.47,-0.67,-15.83,22.81,66.54,-0.66,0.45,-0.29,67.79,-25.47,46.86,0
1746815063.617384,-2.0,-0.47,-0.55,-6.6,26.24,72.98,-0.62,0.43,-0.2,67.68,-30.73,45.42,0
1746815063.617384,-2.0,-0.51,-0.51,1.89,27.95,78.43,-0.54,0.51,-0.16,48.54,-9.65,42.64,0
1746815063.617384,-2.0,-0.44,-0.41,14.24,21.89,81.8,-0.31,0.49,-0.28,28.08,16.91,40.58,0
1746815063.619885,-2.0,-0.49,-0.5,12.04,22.36,68.18,-0.41,0.46,-0.19,-3.61,14.09,35.43,0
1746815063.620917,-2.0,-0.38,-0.54,20.48,4.98,59.82,-0.49,0.44,-0.16,-21.57,16.13,28.53,0
1746815063.621948,-2.0,-0.29,-0.7,14.66,15.11,35.02,-0.82,0.31,0.05,-27.96,11.66,10.93,0
1746815063.622951,-2.0,-0.26,-0.78,15.4,-10.08,16.82,-0.67,0.26,-0.21,-32.92,18.36,6.0,0
1746815063.6245,-2.0,-0.25,-0.98,11.08,-12.87,-9.31,-0.93,0.29,-0.02,-38.54,-13.25,-14.6,0
1746815063.626313,-2.0,-0.19,-1.05,5.73,-28.47,-31.23,-0.74,0.29,-0.25,-55.52,18.79,-33.64,0
1746815063.627346,-2.0,-0.23,-1.1,-10.44,-44.73,-60.42,-0.96,0.34,-0.05,-63.34,16.61,-49.14,0
1746815063.627346,-2.0,-0.27,-1.07,-22.27,-37.27,-96.95,-0.84,0.31,-0.17,-50.16,48.05,-57.2,0
1746815063.628441,-2.0,-0.32,-1.01,-17.02,-41.13,-121.4,-0.8,0.4,-0.12,-46.31,20.04,-58.33,0
1746815063.62971,-2.0,-0.26,-0.92,-20.35,-28.89,-146.41,-0.85,0.4,-0.01,-32.0,41.48,-61.76,0
1746815063.630221,-2.0,-0.27,-0.86,-17.49,-15.8,-156.74,-0.79,0.48,-0.03,-37.79,38.15,-58.38,0
1746815063.631231,-2.0,-0.29,-0.8,-13.64,-14.21,-148.44,-0.92,0.44,0.14,-32.21,53.02,-61.56,0
1746815063.632283,-2.0,-0.31,-0.77,-11.31,-8.06,-135.03,-0.71,0.45,-0.05,-45.31,62.92,-63.77,0
1746815063.633329,-2.0,-0.3,-0.64,-2.62,7.93,-117.19,-0.75,0.4,0.01,-36.8,57.85,-61.82,0
1746815063.633329,-2.0,-0.28,-0.6,11.82,2.68,-90.69,-0.79,0.34,0.03,-18.37,27.27,-59.72,0
1746815063.634992,-2.0,-0.24,-0.62,23.37,13.59,-70.22,-0.98,0.38,0.17,-26.09,-5.03,-60.18,0
1746815063.634992,-2.0,-0.16,-0.54,22.02,-4.04,-48.27,-0.68,0.39,-0.16,-39.76,78.7,-66.6,0
1746815063.636001,-2.0,-0.08,-0.54,16.6,4.07,-42.82,-0.82,0.46,-0.09,-55.97,35.02,-77.44,0
1746815063.637026,-2.0,-0.04,-0.5,16.11,-8.72,-34.17,-1.02,0.41,0.05,-47.97,28.98,-87.52,0
1746815063.63803,-2.0,0.01,-0.5,19.67,-4.49,-31.12,-0.98,0.44,-0.06,-43.56,46.55,-91.35,0
1746815063.639049,-2.0,0.01,-0.52,15.45,-9.8,-26.61,-0.97,0.48,-0.13,-49.79,31.53,-97.05,0
1746815063.63954,-2.0,0.03,-0.52,7.89,-20.53,-26.47,-1.17,0.52,0.02,-53.76,22.91,-98.28,0
1746815063.64121,-2.0,0.0,-0.53,-5.66,-19.6,-32.95,-1.13,0.59,-0.0,-48.08,44.24,-99.47,0
1746815063.642374,-2.0,0.01,-0.52,-14.95,-27.59,-32.96,-1.16,0.62,-0.0,-37.18,23.65,-97.05,0
1746815063.643609,-2.0,-0.02,-0.54,-16.97,-27.4,-34.24,-1.14,0.66,-0.03,-28.31,29.98,-83.66,0
1746815063.644636,-2.0,-0.06,-0.57,-27.92,-33.12,-32.29,-1.03,0.71,-0.14,-24.56,38.83,-64.36,0
1746815063.645905,-2.0,-0.12,-0.62,-25.84,-35.97,-26.74,-1.09,0.75,-0.09,-18.57,31.6,-43.73,0
1746815063.646353,-2.0,-0.17,-0.68,-38.56,-31.08,-27.43,-1.09,0.74,-0.1,-18.82,28.05,-21.26,0
1746815063.647381,-2.0,-0.23,-0.7,-41.68,-27.89,-20.97,-1.04,0.69,-0.12,-28.01,32.27,-0.31,0
1746815063.648397,-2.0,-0.28,-0.69,-51.04,-20.12,-16.33,-1.05,0.61,-0.11,-40.44,27.05,18.76,0
1746815063.649079,-2.0,-0.32,-0.67,-55.05,-11.66,-8.73,-1.06,0.51,-0.06,-43.14,19.63,36.39,0
1746815063.649912,-2.0,-0.34,-0.61,-66.17,-5.37,-1.69,-0.95,0.45,-0.17,-46.05,25.29,49.83,0
1746815063.650913,-2.0,-0.36,-0.64,-58.56,-10.64,15.05,-1.07,0.39,-0.03,-32.71,0.66,58.43,0
1746815063.651928,-2.0,-0.38,-0.65,-58.33,-4.97,22.63,-0.97,0.34,-0.12,-36.63,7.2,60.17,0
1746815063.651928,-2.0,-0.4,-0.63,-53.91,-10.6,31.4,-0.97,0.28,-0.13,-31.54,17.37,63.08,0
1746815063.651928,-2.0,-0.4,-0.62,-52.76,-11.55,35.31,-0.97,0.28,-0.12,-17.43,1.83,64.73,0
1746815063.654308,-2.0,-0.41,-0.63,-47.64,-17.37,40.05,-0.99,0.29,-0.08,0.08,-0.37,68.19,0
1746815063.654308,-2.0,-0.42,-0.68,-47.02,-7.42,36.76,-1.03,0.27,-0.09,10.87,-13.2,64.14,0
1746815063.655321,-2.0,-0.46,-0.63,-41.34,-12.78,36.71,-1.0,0.28,-0.09,17.89,-17.58,65.95,0
1746815063.656324,-2.0,-0.48,-0.64,-33.94,-17.46,36.79,-0.95,0.27,-0.16,17.69,-11.2,62.11,0
1746815063.65773,-2.0,-0.47,-0.65,-38.87,-6.38,29.84,-0.98,0.27,-0.12,22.95,-31.47,63.11,0
1746815063.658937,-2.0,-0.49,-0.66,-30.99,-14.71,31.74,-0.93,0.28,-0.19,23.18,-19.32,64.38,0
1746815063.660598,-2.0,-0.54,-0.69,-25.82,-9.32,28.47,-0.93,0.21,-0.23,27.41,-29.69,60.31,0
1746815063.661606,-2.0,-0.51,-0.66,-17.21,-9.1,25.63,-0.87,0.27,-0.28,24.78,-24.05,58.49,0
1746815063.661716,-2.0,-0.52,-0.71,-30.27,1.36,12.24,-0.96,0.24,-0.21,32.13,-28.8,54.38,0
1746815063.662727,-2.0,-0.52,-0.68,-33.48,7.29,5.04,-0.85,0.26,-0.28,30.57,-24.24,51.67,0
1746815063.663731,-2.0,-0.52,-0.66,-28.11,-5.64,5.33,-0.92,0.27,-0.23,28.69,-25.69,48.05,0
1746815063.664744,-2.0,-0.51,-0.7,-31.94,2.97,-1.6,-0.89,0.23,-0.24,27.17,-20.26,42.93,0
1746815063.665082,-2.0,-0.46,-0.71,-33.92,10.81,-6.13,-0.89,0.21,-0.25,33.44,-20.0,39.33,0
1746815063.665082,-2.0,-0.43,-0.66,-37.11,4.21,-8.38,-0.84,0.23,-0.26,28.83,-18.09,30.44,0
1746815063.665082,-2.0,-0.45,-0.67,-21.57,-0.99,-2.4,-0.82,0.25,-0.29,19.05,-14.06,21.63,0
1746815063.665082,-2.0,-0.43,-0.67,-22.58,1.01,-4.0,-0.75,0.29,-0.34,5.75,-7.79,11.41,0
1746815063.665082,-2.0,-0.45,-0.63,-16.25,0.09,-2.47,-0.77,0.26,-0.34,-1.99,-3.38,-0.75,0
1746815063.665082,-2.0,-0.37,-0.63,-6.33,-1.64,2.3,-0.84,0.36,-0.23,-11.97,-9.63,-5.41,0
1746815063.665082,-2.0,-0.36,-0.65,-6.19,4.96,-0.52,-0.93,0.24,-0.15,-4.52,-9.17,-12.61,0
1746815063.665082,-2.0,-0.36,-0.61,-4.02,-2.82,-0.44,-0.77,0.3,-0.34,-1.41,13.6,-10.02,0
1746815063.670917,-2.0,-0.36,-0.64,3.47,1.4,-3.47,-0.83,0.29,-0.3,2.19,-1.86,-14.23,0
1746815063.671949,-2.0,-0.33,-0.63,8.17,1.81,-4.64,-0.84,0.31,-0.29,-1.24,4.13,-14.68,0
1746815063.672963,-2.0,-0.32,-0.67,1.82,4.4,-10.72,-0.88,0.31,-0.25,-0.86,11.18,-18.1,0
1746815063.673198,-2.0,-0.31,-0.64,3.44,2.33,-13.49,-0.85,0.34,-0.29,-0.19,11.91,-19.08,0
1746815063.674487,-2.0,-0.31,-0.66,9.37,3.67,-15.71,-0.88,0.33,-0.25,-0.08,5.81,-20.6,0
1746815063.6765,-2.0,-0.3,-0.67,16.76,1.07,-16.02,-0.92,0.34,-0.2,0.11,8.87,-22.05,0
1746815063.677127,-2.0,-0.28,-0.68,18.2,1.56,-19.65,-0.87,0.36,-0.25,-0.87,7.24,-21.8,0
1746815063.678129,-2.0,-0.26,-0.67,18.03,0.79,-22.27,-0.89,0.36,-0.22,-5.98,11.5,-24.01,0
1746815063.679312,-2.0,-0.24,-0.68,17.11,-1.66,-23.01,-0.91,0.38,-0.21,-7.11,10.92,-26.2,0
1746815063.679312,-2.0,-0.22,-0.68,13.63,-0.91,-24.89,-0.9,0.4,-0.21,-7.78,11.61,-27.73,0
1746815063.680334,-2.0,-0.22,-0.68,12.63,-1.21,-22.98,-0.9,0.41,-0.21,-12.76,14.6,-29.49,0
1746815063.681338,-2.0,-0.22,-0.66,12.69,-5.46,-17.31,-0.89,0.49,-0.2,-16.79,13.87,-26.66,0
1746815063.682038,-2.0,-0.21,-0.65,17.09,-2.44,-14.98,-0.97,0.44,-0.16,-14.27,14.9,-25.41,0
1746815063.683264,-2.0,-0.21,-0.57,12.85,-5.1,-12.87,-0.82,0.45,-0.29,-9.36,29.63,-19.41,0
1746815063.683264,-2.0,-0.19,-0.61,19.93,-0.77,-11.55,-0.82,0.53,-0.24,-4.19,24.7,-17.01,0
1746815063.684275,-2.0,-0.18,-0.61,22.56,-0.63,-11.14,-0.8,0.58,-0.25,-9.88,31.47,-16.11,0
1746815063.685278,-2.0,-0.14,-0.58,21.66,2.67,-11.44,-0.85,0.58,-0.2,-17.81,30.31,-10.95,0
1746815063.686293,-2.0,-0.15,-0.58,19.45,1.41,-9.21,-0.93,0.58,-0.13,-25.93,20.81,-10.76,0
1746815063.68732,-2.0,-0.15,-0.61,26.95,2.48,-3.15,-0.85,0.51,-0.21,-33.41,35.26,-6.97,0
1746815063.687685,-2.0,-0.16,-0.6,21.67,7.66,-0.68,-0.86,0.48,-0.18,-29.02,36.56,-2.95,0
1746815063.688584,-2.0,-0.15,-0.59,12.4,8.09,1.97,-0.81,0.46,-0.2,-22.03,19.6,0.67,0
1746815063.689584,-2.0,-0.18,-0.59,27.6,3.95,13.37,-0.89,0.43,-0.12,-15.31,11.59,2.97,0
1746815063.691013,-2.0,-0.18,-0.61,20.93,11.34,14.74,-0.89,0.44,-0.13,-10.96,11.24,6.72,0
1746815063.691903,-2.0,-0.15,-0.6,15.8,7.21,19.87,-0.93,0.39,-0.1,-2.93,18.6,9.44,0
1746815063.692463,-2.0,-0.16,-0.61,10.58,1.73,25.89,-0.91,0.42,-0.14,5.48,2.88,10.41,0
1746815063.693519,-2.0,-0.17,-0.65,12.94,4.69,33.41,-0.95,0.38,-0.13,13.66,4.37,11.25,0
1746815063.694625,-2.0,-0.21,-0.66,6.53,8.01,38.73,-0.96,0.38,-0.15,18.31,-9.06,10.48,0
1746815063.695271,-2.0,-0.25,-0.66,-0.24,7.91,43.69,-0.96,0.41,-0.17,15.69,-8.42,10.37,0
1746815063.696272,-2.0,-0.26,-0.62,-5.57,6.61,48.37,-0.92,0.3,-0.21,23.04,-1.92,9.21,0
1746815063.697284,-2.0,-0.31,-0.63,-5.39,6.59,55.82,-0.93,0.5,-0.22,24.49,-15.63,10.18,0
1746815063.699246,-2.0,-0.29,-0.57,-7.92,10.98,59.91,-0.73,0.3,-0.34,35.34,7.3,12.52,0
1746815063.715076,-2.0,-0.35,-0.58,-10.89,-2.6,71.49,-1.08,0.3,-0.17,44.08,-15.57,8.25,0
1746815063.729413,-2.0,-0.29,-0.67,-19.51,37.57,62.82,-0.76,0.4,-0.43,31.87,-5.3,18.83,0
1746815063.744631,-2.0,-0.28,-0.56,-9.2,7.15,76.66,-1.02,0.41,-0.19,44.4,-41.76,15.52,0
1746815063.760138,-2.0,-0.33,-0.58,-15.92,3.59,75.54,-0.83,0.32,-0.35,57.4,-21.69,17.45,0
1746815063.775292,-2.0,-0.27,-0.51,-15.91,4.08,72.18,-0.88,0.43,-0.26,52.1,-23.22,17.79,0
1746815063.792173,-2.0,-0.33,-0.63,-22.38,15.64,63.69,-0.78,0.35,-0.38,61.18,-33.34,14.15,0
1746815063.799661,-2.0,-0.38,-0.62,-25.27,6.64,60.22,-0.9,0.44,-0.23,43.06,-10.37,16.32,0
1746815063.816472,-2.0,-0.36,-0.55,-27.21,8.96,52.18,-0.82,0.41,-0.28,40.76,-27.91,14.44,0
1746815063.829106,-2.0,-0.45,-0.61,-24.34,1.16,50.24,-0.93,0.52,-0.22,28.95,-35.44,16.46,0
1746815063.849394,-2.0,-0.41,-0.59,-27.34,7.69,42.34,-0.6,0.39,-0.47,39.63,-7.14,14.82,0
1746815063.865354,-2.0,-0.39,-0.53,-18.79,5.17,41.96,-0.69,0.42,-0.39,41.74,-31.28,11.57,0
1746815063.879694,-2.0,-0.46,-0.56,-12.6,-1.89,42.99,-0.8,0.44,-0.27,28.71,-4.56,8.76,0
1746815063.894104,-2.0,-0.37,-0.59,-12.84,4.5,39.85,-0.74,0.35,-0.35,41.46,-18.12,3.85,0
1746815063.910684,-2.0,-0.4,-0.58,-12.62,0.72,37.76,-0.78,0.41,-0.33,29.57,-18.24,3.15,0
1746815063.926989,-2.0,-0.42,-0.6,-13.07,7.49,31.04,-0.9,0.42,-0.18,24.23,-27.58,0.89,0
1746815063.942021,-2.0,-0.42,-0.63,-0.77,7.69,29.28,-0.87,0.42,-0.26,31.09,-18.62,-0.81,0
1746815063.950569,-2.0,-0.4,-0.64,-4.01,6.2,24.34,-0.83,0.43,-0.35,29.15,-10.36,-1.36,0
1746815063.967275,-2.0,-0.37,-0.61,-0.11,13.28,19.38,-0.88,0.48,-0.29,32.85,-22.36,-1.98,0
1746815063.978827,-2.0,-0.36,-0.6,14.32,-0.69,24.53,-0.86,0.55,-0.34,22.95,-4.75,-2.02,0
1746815063.994207,-2.0,-0.37,-0.64,8.8,13.53,17.36,-0.9,0.63,-0.32,13.66,-18.48,4.65,0
1746815064.01143,-2.0,-0.34,-0.59,0.9,13.47,12.25,-0.91,0.62,-0.3,10.29,-22.85,15.49,0
1746815064.027856,-2.0,-0.35,-0.59,13.75,9.83,12.69,-0.97,0.62,-0.23,17.04,-37.25,21.96,0
1746815064.044956,-2.0,-0.35,-0.62,9.53,13.21,6.47,-0.91,0.61,-0.3,16.08,-29.21,23.67,0
1746815064.059955,-2.0,-0.32,-0.6,0.56,7.63,-1.1,-0.9,0.62,-0.29,8.18,-23.79,20.03,0
1746815064.075623,-2.0,-0.33,-0.57,6.67,4.12,-4.55,-0.84,0.63,-0.29,2.78,-17.06,15.53,0
1746815064.091859,-2.0,-0.32,-0.61,12.76,7.01,-9.94,-0.83,0.58,-0.24,-0.92,-0.01,8.69,0
1746815064.099435,-2.0,-0.29,-0.61,6.91,5.56,-22.95,-0.81,0.58,-0.24,0.26,0.68,6.21,0
1746815064.114608,-2.0,-0.27,-0.61,12.09,1.76,-29.45,-0.81,0.59,-0.21,-2.73,7.11,5.45,0
1746815064.128723,-2.0,-0.27,-0.65,21.66,-3.39,-32.62,-0.84,0.64,-0.16,-10.15,-3.03,7.16,0
1746815064.149661,-2.0,-0.25,-0.67,27.27,-0.92,-38.15,-0.87,0.66,-0.12,-25.69,-5.47,12.15,0
1746815064.165389,-2.0,-0.24,-0.68,30.64,0.54,-41.33,-0.91,0.65,-0.09,-38.71,-13.73,19.76,0
1746815064.180337,-2.0,-0.22,-0.66,32.34,1.6,-40.41,-0.92,0.65,-0.07,-49.76,-30.71,28.19,0
1746815064.195023,-2.0,-0.17,-0.65,31.53,5.89,-40.08,-0.95,0.62,-0.05,-53.46,-37.27,42.08,0
1746815064.210151,-2.0,-0.19,-0.64,31.76,4.11,-34.21,-0.87,0.57,-0.14,-42.03,-31.25,54.08,0
1746815064.225766,-2.0,-0.17,-0.61,33.61,19.14,-31.12,-0.93,0.57,-0.05,-38.27,-86.06,55.35,0
1746815064.241271,-2.0,-0.21,-0.6,41.6,15.11,-19.73,-0.86,0.57,-0.07,-39.89,-60.21,44.15,0
1746815064.249684,-2.0,-0.16,-0.59,38.16,15.14,-12.82,-0.79,0.43,-0.11,-42.82,-54.9,39.83,0
1746815064.264027,-2.0,-0.15,-0.58,41.37,15.05,-5.05,-0.77,0.43,-0.14,-20.07,-13.66,40.27,0
1746815064.280053,-2.0,-0.07,-0.54,28.87,11.21,-3.58,-0.65,0.43,-0.31,-14.0,13.93,44.2,0
1746815064.297861,-2.0,-0.05,-0.58,24.32,19.12,-2.5,-0.97,0.46,0.01,6.98,-28.47,42.08,0
1746815064.310977,-2.0,-0.09,-0.56,13.76,7.32,0.17,-0.93,0.54,-0.03,13.08,-25.6,28.55,0
1746815064.327594,-2.0,-0.22,-0.58,14.0,9.62,0.89,-0.87,0.57,-0.08,0.53,-43.43,19.92,0
1746815064.344862,-2.0,-0.37,-0.65,16.37,26.69,-8.48,-0.77,0.55,-0.17,-13.51,-20.31,14.24,0
1746815064.361454,-2.0,-0.48,-0.64,33.37,17.11,-11.58,-0.81,0.45,-0.16,-5.99,-40.73,11.82,0
1746815064.375393,-2.0,-0.6,-0.69,53.13,6.54,-21.3,-0.91,0.39,-0.08,6.63,-27.08,6.69,0
1746815064.383473,-2.0,-0.38,-0.61,61.13,-19.98,-28.61,-0.78,0.42,-0.2,18.04,-35.25,-1.31,0
1746815064.400452,-2.0,-0.31,-0.58,55.52,-52.95,-26.43,-0.79,0.39,-0.15,39.87,-45.23,-1.75,0
1746815064.412498,-2.0,-0.39,-0.63,43.73,-57.91,-21.89,-0.85,0.43,-0.07,38.21,-28.54,-15.15,0
1746815064.428847,-2.0,-0.41,-0.53,29.67,-52.83,-18.37,-0.64,0.55,-0.14,28.4,-30.76,-11.62,0
1746815064.444333,-2.0,-0.54,-0.56,28.66,-33.46,-16.99,-0.68,0.51,-0.08,24.88,-20.79,-7.76,0
1746815064.461013,-2.0,-0.64,-0.5,25.33,-12.64,-20.46,-0.6,0.59,-0.1,8.69,-25.79,-9.32,0
1746815064.478348,-2.0,-0.75,-0.44,30.55,-18.06,-13.82,-0.64,0.53,0.04,-0.14,-39.75,-2.13,0
1746815064.495104,-2.0,-0.77,-0.53,30.54,4.23,-15.88,-0.57,0.51,0.01,-6.37,-27.39,-5.31,0
1746815064.510034,-2.0,-0.75,-0.46,31.79,4.17,-11.35,-0.47,0.48,-0.09,-24.36,-14.21,-12.68,0
1746815064.526128,-2.0,-0.71,-0.48,43.62,4.05,-2.22,-0.55,0.5,-0.01,-38.54,7.05,-14.15,0
1746815064.533205,-2.0,-0.55,-0.53,45.26,17.98,-5.14,-0.6,0.54,0.01,-57.98,-8.56,-17.33,0
1746815064.550469,-2.0,-0.44,-0.54,36.1,17.74,-6.58,-0.68,0.55,0.08,-78.5,-4.15,-15.4,0
1746815064.564192,-2.0,-0.52,-0.61,29.63,25.53,-10.85,-0.84,0.5,0.18,-75.02,2.18,-15.82,0
1746815064.585445,-2.0,-0.6,-0.61,25.33,33.29,-13.34,-0.72,0.44,0.05,-64.1,-7.12,-12.07,0
1746815064.599462,-2.0,-0.71,-0.62,44.47,29.43,-5.98,-0.86,0.45,0.14,-55.21,-14.19,-17.87,0
1746815064.615157,-2.0,-0.73,-0.64,49.92,15.31,-3.57,-0.78,0.42,0.09,-36.13,14.98,-19.5,0
1746815064.630043,-2.0,-0.59,-0.6,46.57,5.44,2.05,-0.85,0.5,0.12,-27.66,-7.0,-17.57,0
1746815064.644952,-2.0,-0.56,-0.66,40.18,6.03,-0.93,-0.93,0.68,0.21,-28.08,1.79,-16.84,0
1746815064.660672,-2.0,-0.64,-0.63,29.34,10.44,-7.11,-0.91,0.48,0.09,-16.13,15.66,-18.97,0
1746815064.675517,-2.0,-0.85,-0.64,50.25,18.37,-10.53,-0.99,0.52,0.17,-11.82,-9.5,-14.45,0
1746815064.677477,-2.0,-0.8,-0.61,66.34,-7.29,-6.97,-0.73,0.56,-0.12,-37.44,24.77,-13.94,0
1746815064.705194,-2.0,-0.83,-0.6,73.18,-6.36,-8.93,-0.92,0.52,0.11,-36.66,-5.71,-11.74,0
1746815064.718675,-2.0,-0.65,-0.46,66.03,-59.93,-1.71,-0.96,0.47,0.15,-21.19,3.88,-15.64,0
1746815064.733903,-2.0,-0.71,-0.63,59.62,-45.2,-11.52,-0.92,0.52,0.17,-6.49,-8.06,-8.98,0
1746815064.745416,-2.0,-0.68,-0.48,60.15,-31.57,-21.52,-0.93,0.53,0.21,-1.73,-0.38,-15.27,0
1746815064.761409,-2.0,-0.68,-0.43,46.9,-16.49,-33.94,-0.81,0.52,0.17,4.78,-4.98,-8.72,0
1746815064.780172,-2.0,-0.63,-0.29,24.55,-13.53,-37.26,-0.78,0.53,0.19,5.18,-0.05,-5.97,0
1746815064.79546,-2.0,-0.64,-0.21,6.79,-23.52,-34.86,-0.74,0.52,0.19,8.46,19.49,-4.32,0
1746815064.81001,-2.0,-0.66,-0.22,5.2,-18.82,-29.54,-0.7,0.5,0.18,18.93,6.63,2.8,0
1746815064.825899,-2.0,-0.68,-0.18,3.24,-1.97,-27.18,-0.66,0.49,0.15,18.5,-0.25,6.86,0
1746815064.832902,-2.0,-0.7,-0.13,7.53,0.82,-22.76,-0.66,0.39,0.15,9.84,6.3,7.73,0
1746815064.851756,-2.0,-0.58,-0.16,8.15,-8.98,-14.85,-0.66,0.5,0.14,2.01,5.7,11.82,0
1746815064.862601,-2.0,-0.53,-0.05,-9.4,-38.24,-9.27,-0.7,0.47,0.17,-2.24,-3.46,13.93,0
1746815064.884652,-2.0,-0.64,-0.29,1.74,-5.98,-9.53,-0.83,0.47,0.32,-3.44,2.26,13.02,0
1746815064.900845,-2.0,-0.56,-0.07,-1.51,-6.24,-12.89,-0.55,0.39,0.01,-2.28,34.31,12.4,0
1746815064.91525,-2.0,-0.62,-0.35,16.2,32.49,-13.01,-0.62,0.47,0.13,-21.18,5.81,12.6,0
1746815064.929147,-2.0,-0.56,-0.11,7.94,-5.85,-11.56,-0.65,0.39,0.11,-22.4,9.36,10.36,0
1746815064.945252,-2.0,-0.57,-0.37,10.21,-7.95,-11.39,-0.69,0.5,0.13,-39.09,11.19,5.89,0
1746815064.962804,-2.0,-0.55,-0.32,7.82,-2.24,-7.92,-0.78,0.52,0.19,-41.37,-3.91,5.33,0
1746815064.97518,-2.0,-0.62,-0.41,-1.98,-16.72,-11.05,-0.75,0.43,0.08,-34.8,23.87,1.05,0
1746815064.97518,-2.0,-0.62,-0.5,6.26,-4.5,-12.57,-0.89,0.42,0.17,-23.54,8.69,3.89,0
1746815064.997817,-2.0,-0.65,-0.54,0.77,-2.99,-16.6,-0.95,0.47,0.14,-12.04,13.07,4.63,0
1746815065.012707,-2.0,-0.63,-0.53,-11.63,-14.28,-20.13,-1.01,0.51,0.1,-6.79,31.14,-0.03,0
1746815065.025719,-2.0,-0.58,-0.58,-26.95,-24.21,-22.31,-1.06,0.55,0.12,-0.96,4.78,0.54,0
1746815065.050384,-2.0,-0.56,-0.61,-30.76,-15.5,-19.68,-1.04,0.63,0.11,3.53,-2.32,2.94,0
1746815065.05914,-2.0,-0.57,-0.59,-37.93,3.98,-19.76,-0.97,0.59,0.08,9.26,-3.51,4.25,0
1746815065.080969,-2.0,-0.6,-0.54,-46.65,23.66,-19.6,-0.84,0.64,0.07,11.14,-12.41,13.09,0
1746815065.094267,-2.0,-0.71,-0.41,-40.34,10.43,-4.43,-0.83,0.62,0.1,13.21,-26.89,19.41,0
1746815065.109361,-2.0,-0.72,-0.4,-33.08,23.82,10.82,-0.72,0.59,0.04,11.47,-18.09,23.13,0
1746815065.125721,-2.0,-0.71,-0.32,-25.39,22.39,29.53,-0.78,0.61,0.11,5.1,-32.08,29.71,0
1746815065.134682,-2.0,-0.64,-0.26,-20.38,7.85,47.66,-0.7,0.56,0.05,-2.18,-25.14,33.03,0
1746815065.151308,-2.0,-0.63,-0.3,-15.15,14.46,56.18,-0.72,0.5,0.13,0.5,-26.45,38.33,0
1746815065.164468,-2.0,-0.6,-0.25,-13.94,10.18,57.74,-0.67,0.47,0.09,5.38,-30.22,40.69,0
1746815065.175845,-2.0,-0.6,-0.25,-16.85,17.77,53.25,-0.67,0.45,0.11,12.54,-6.71,41.29,0
1746815065.192402,-2.0,-0.64,-0.3,-13.82,34.61,48.35,-0.67,0.45,0.13,13.76,-8.79,42.67,0
1746815065.209106,-2.0,-0.64,-0.21,-13.09,34.05,45.3,-0.69,0.45,0.13,13.24,-8.38,43.18,0
1746815065.225447,-2.0,-0.69,-0.27,-17.77,25.4,42.89,-0.64,0.5,0.09,13.67,-11.57,41.95,0
1746815065.242891,-2.0,-0.65,-0.29,-15.79,19.38,43.62,-0.65,0.52,0.08,4.02,-16.42,39.56,0
1746815065.262276,-2.0,-0.61,-0.21,-25.28,-2.44,42.15,-0.67,0.53,0.08,-2.11,-20.76,35.79,0
1746815065.275924,-2.0,-0.65,-0.44,-25.98,16.44,34.93,-0.7,0.54,0.12,-1.8,-13.17,36.65,0
1746815065.284469,-2.0,-0.66,-0.2,-45.24,-10.15,27.81,-0.69,0.54,0.09,-12.67,-14.94,31.99,0
1746815065.301378,-2.0,-0.76,-0.41,-45.56,3.24,21.46,-0.7,0.52,0.09,-7.55,0.58,32.5,0
1746815065.314191,-2.0,-0.83,-0.34,-50.9,3.97,16.98,-0.68,0.53,0.09,-7.35,2.82,27.16,0
1746815065.32596,-2.0,-0.87,-0.37,-41.41,-10.11,23.79,-0.71,0.53,0.12,-4.02,6.37,23.79,0
1746815065.342727,-2.0,-0.79,-0.41,-39.41,-2.29,23.49,-0.72,0.53,0.15,-3.89,6.0,20.72,0
1746815065.358806,-2.0,-0.75,-0.39,-39.12,-13.88,28.53,-0.69,0.5,0.14,-6.99,9.46,15.48,0
1746815065.37582,-2.0,-0.74,-0.44,-40.05,-8.83,26.45,-0.67,0.5,0.11,-10.37,20.71,11.33,0
1746815065.395736,-2.0,-0.75,-0.45,-36.3,-2.82,23.81,-0.7,0.49,0.1,-9.15,31.29,7.49,0
1746815065.409497,-2.0,-0.74,-0.51,-26.77,-0.79,23.23,-0.78,0.48,0.12,3.08,35.56,2.62,0
1746815065.425607,-2.0,-0.68,-0.51,-25.68,-11.11,22.08,-0.74,0.55,0.05,0.51,47.22,-2.37,0
1746815065.434542,-2.0,-0.61,-0.56,-17.34,-13.56,29.71,-0.75,0.58,0.05,-13.3,39.43,-7.02,0
1746815065.454908,-2.0,-0.56,-0.53,-25.44,-11.67,30.56,-0.81,0.56,0.11,-33.8,43.42,-12.95,0
1746815065.458996,-2.0,-0.58,-0.51,-30.29,-6.02,27.95,-0.82,0.52,0.15,-39.25,41.31,-14.69,0
1746815065.485133,-2.0,-0.61,-0.48,-32.34,5.01,21.94,-0.8,0.46,0.14,-33.66,29.69,-15.31,0
1746815065.499519,-2.0,-0.64,-0.44,-32.96,12.51,15.6,-0.69,0.43,0.04,-25.74,40.88,-13.1,0
1746815065.515264,-2.0,-0.58,-0.41,-36.37,6.68,13.63,-0.64,0.49,0.01,-16.73,25.77,-9.86,0
1746815065.526202,-2.0,-0.58,-0.41,-31.11,0.2,17.1,-0.72,0.58,0.08,-18.61,18.72,-8.2,0
1746815065.544852,-2.0,-0.57,-0.42,-27.3,-2.26,20.83,-0.78,0.53,0.11,-17.71,33.38,-10.92,0
1746815065.559086,-2.0,-0.53,-0.46,-30.49,5.4,21.63,-0.73,0.51,0.03,-20.32,32.78,-8.54,0
1746815065.575504,-2.0,-0.56,-0.47,-31.08,4.5,24.21,-0.82,0.5,0.1,-24.72,35.96,-10.53,0
1746815065.58332,-2.0,-0.55,-0.48,-26.21,3.76,24.48,-0.82,0.5,0.06,-23.24,41.73,-12.48,0
1746815065.592739,-2.0,-0.48,-0.47,-25.49,-2.14,23.21,-0.87,0.47,0.09,-9.69,41.24,-12.72,0
1746815065.609011,-2.0,-0.44,-0.47,-35.42,-10.97,19.23,-0.87,0.48,0.07,5.55,33.2,-13.82,0
1746815065.625897,-2.0,-0.49,-0.5,-40.33,-14.19,14.74,-0.84,0.52,0.04,10.18,29.18,-14.37,0
1746815065.642613,-2.0,-0.52,-0.52,-43.18,-14.31,6.7,-0.82,0.56,0.05,4.69,21.43,-14.43,0
1746815065.659102,-2.0,-0.53,-0.53,-47.32,-8.21,-2.28,-0.83,0.53,0.08,4.63,26.43,-13.6,0
1746815065.676028,-2.0,-0.58,-0.51,-46.74,-7.99,-7.69,-0.79,0.58,0.03,5.4,28.62,-10.88,0
1746815065.692838,-2.0,-0.62,-0.51,-38.72,-12.76,-6.18,-0.8,0.59,0.04,1.75,13.46,-6.28,0
1746815065.709594,-2.0,-0.66,-0.52,-33.27,-12.26,-4.9,-0.8,0.56,0.02,-4.24,17.47,-4.75,0
1746815065.726039,-2.0,-0.67,-0.5,-24.71,-14.64,-1.21,-0.8,0.55,0.01,-7.39,4.65,-2.03,0
1746815065.72968,-2.0,-0.66,-0.5,-18.02,-7.62,0.23,-0.77,0.54,-0.02,-13.77,9.42,-0.45,0
1746815065.747991,-2.0,-0.62,-0.49,-11.93,-2.27,3.82,-0.78,0.52,-0.01,-17.03,9.31,-2.15,0
1746815065.759603,-2.0,-0.56,-0.43,-8.43,-3.86,6.97,-0.81,0.52,-0.0,-13.66,8.05,-2.44,0
1746815065.776082,-2.0,-0.48,-0.43,-10.78,0.18,7.23,-0.84,0.54,0.03,-10.77,-3.05,-1.48,0
1746815065.799387,-2.0,-0.46,-0.44,-12.06,3.68,8.66,-0.82,0.54,0.0,-11.95,8.65,-3.09,0
1746815065.80955,-2.0,-0.5,-0.45,-14.04,9.11,7.55,-0.85,0.51,0.03,-11.79,5.77,-4.81,0
1746815065.826269,-2.0,-0.51,-0.45,-18.21,5.87,4.44,-0.87,0.52,0.02,-9.23,-1.09,-4.53,0
1746815065.842958,-2.0,-0.55,-0.48,-21.64,-1.12,4.14,-0.89,0.53,0.04,-12.51,3.98,-7.88,0
1746815065.859584,-2.0,-0.53,-0.46,-26.54,-7.52,-2.52,-0.76,0.53,-0.09,-18.68,22.94,-6.32,0
1746815065.876342,-2.0,-0.54,-0.51,-25.21,-2.06,-8.33,-0.85,0.58,0.0,-19.82,0.82,-4.73,0
1746815065.884901,-2.0,-0.5,-0.52,-29.26,7.05,-15.88,-0.84,0.55,0.0,-21.82,5.37,-2.49,0
1746815065.901423,-2.0,-0.55,-0.52,-29.57,9.5,-20.02,-0.83,0.57,0.02,-19.34,4.19,-0.71,0
1746815065.917632,-2.0,-0.53,-0.5,-21.2,14.08,-19.9,-0.83,0.53,0.0,-15.27,1.37,0.5,0
1746815065.926557,-2.0,-0.58,-0.52,-18.55,21.85,-17.4,-0.83,0.51,0.01,-9.38,8.27,0.59,0
1746815065.949739,-2.0,-0.5,-0.5,-18.02,19.71,-13.3,-0.79,0.51,-0.05,-7.75,8.17,2.18,0
1746815065.959602,-2.0,-0.42,-0.49,-18.56,15.51,-11.22,-0.81,0.51,-0.03,-12.33,-2.52,2.75,0
1746815065.976002,-2.0,-0.37,-0.52,-16.31,7.39,-7.95,-0.83,0.5,-0.02,-16.9,12.3,1.33,0
1746815065.992937,-2.0,-0.36,-0.52,-25.34,12.86,-17.11,-0.84,0.5,0.0,-17.18,4.48,1.25,0
1746815066.009795,-2.0,-0.32,-0.6,-28.23,24.47,-24.12,-0.83,0.49,-0.03,-17.82,7.49,1.81,0
1746815066.017358,-2.0,-0.35,-0.74,-20.12,49.25,-24.89,-0.86,0.49,0.0,-11.4,7.98,3.33,0
1746815066.032916,-2.0,-0.23,-0.77,-40.49,90.6,-47.08,-0.82,0.49,-0.04,-16.18,-0.65,1.09,0
1746815066.043307,-2.0,-0.36,-0.74,-56.11,108.31,-58.06,-0.89,0.47,0.04,-15.64,10.08,-1.94,0
1746815066.059645,-2.0,-0.57,-0.83,-64.44,132.46,-68.64,-0.85,0.47,0.01,-9.27,8.76,-0.37,0
1746815066.076772,-2.0,-0.74,-0.73,-74.01,142.69,-78.51,-0.85,0.48,0.02,-9.95,-3.95,-1.18,0
1746815066.093178,-2.0,-0.78,-0.59,-72.25,124.99,-82.94,-0.78,0.47,-0.04,-13.95,8.33,-0.42,0
1746815066.109747,-2.0,-0.66,-0.53,-67.14,97.27,-75.82,-0.85,0.46,0.03,-10.27,5.95,-0.37,0
1746815066.126452,-2.0,-0.61,-0.53,-59.63,57.79,-68.21,-0.82,0.46,0.01,-10.66,1.66,-1.08,0
1746815066.143299,-2.0,-0.6,-0.58,-51.51,44.26,-62.5,-0.81,0.45,0.01,-8.33,8.91,-0.79,0
1746815066.160096,-2.0,-0.62,-0.66,-33.49,40.49,-54.85,-0.82,0.45,0.01,-3.56,12.02,-0.61,0
1746815066.176809,-2.0,-0.5,-0.67,-25.01,37.15,-48.73,-0.76,0.43,-0.05,-3.64,22.36,-2.24,0
1746815066.185127,-2.0,-0.45,-0.63,-25.54,18.28,-41.86,-0.79,0.43,-0.03,-2.66,15.87,-5.46,0
1746815066.200505,-2.0,-0.45,-0.7,-23.02,0.21,-32.99,-0.86,0.45,0.03,-2.63,18.37,-10.08,0
1746815066.210025,-2.0,-0.46,-0.7,-26.26,-9.34,-26.53,-0.84,0.46,0.0,1.89,17.4,-9.35,0
1746815066.226704,-2.0,-0.47,-0.72,-29.54,-5.28,-19.78,-0.84,0.47,0.02,2.18,3.99,-9.55,0
1746815066.249248,-2.0,-0.47,-0.68,-31.32,-6.06,-13.35,-0.81,0.48,-0.01,-5.52,16.53,-10.59,0
1746815066.259552,-2.0,-0.57,-0.69,-25.61,-3.89,-5.18,-0.83,0.47,0.01,-3.21,19.33,-11.64,0
1746815066.277126,-2.0,-0.55,-0.68,-19.82,1.8,-5.62,-0.82,0.47,-0.02,3.36,21.82,-8.62,0
1746815066.295798,-2.0,-0.46,-0.61,-21.27,-13.65,-1.33,-0.81,0.47,-0.02,7.86,21.59,-4.69,0
1746815066.310569,-2.0,-0.41,-0.78,-17.02,9.26,-0.34,-0.79,0.52,-0.04,6.66,21.51,-2.6,0
1746815066.326492,-2.0,-0.51,-0.68,-15.48,2.67,1.47,-0.78,0.52,-0.08,-1.63,27.11,-6.21,0
1746815066.334835,-2.0,-0.43,-0.78,-3.11,6.25,9.42,-0.87,0.51,0.02,5.85,28.44,-7.9,0
1746815066.349315,-2.0,-0.52,-0.71,2.79,34.66,1.03,-0.82,0.48,-0.09,10.62,19.08,-4.76,0
1746815066.363157,-2.0,-0.37,-0.69,4.94,-1.61,-4.89,-0.89,0.5,-0.01,8.6,11.65,-5.53,0
1746815066.37713,-2.0,-0.44,-0.76,6.92,4.89,-10.9,-0.84,0.45,-0.07,6.29,15.03,-5.17,0
1746815066.393679,-2.0,-0.41,-0.7,6.38,4.89,-25.37,-0.84,0.47,-0.07,3.6,10.82,-5.17,0
1746815066.410016,-2.0,-0.48,-0.76,8.44,24.3,-34.01,-0.86,0.47,-0.06,1.27,7.52,-5.79,0
1746815066.428916,-2.0,-0.32,-0.58,1.36,-14.79,-31.15,-0.88,0.46,-0.05,1.07,4.92,-7.02,0
1746815066.445042,-2.0,-0.28,-0.71,-2.27,-30.49,-19.03,-0.84,0.48,-0.09,-1.09,4.6,-8.63,0
1746815066.462255,-2.0,-0.29,-0.73,-9.48,-18.25,-12.46,-0.86,0.47,-0.06,-2.94,-1.61,-10.21,0
1746815066.46912,-2.0,-0.36,-0.72,-16.45,-15.13,-4.43,-0.87,0.48,-0.06,-9.34,0.08,-8.85,0
1746815066.484956,-2.0,-0.4,-0.69,-5.03,-1.05,9.11,-0.87,0.48,-0.05,-8.88,-0.03,-7.31,0
1746815066.49911,-2.0,-0.4,-0.71,-3.47,0.98,20.05,-0.82,0.48,-0.09,-12.21,5.04,-6.08,0
1746815066.514556,-2.0,-0.49,-0.68,1.08,-8.01,29.6,-0.87,0.46,-0.06,-7.44,2.55,-5.15,0
1746815066.527153,-2.0,-0.38,-0.73,-2.6,-13.68,31.94,-0.82,0.49,-0.08,-6.5,1.82,-3.87,0
1746815066.543783,-2.0,-0.29,-0.76,-15.05,-17.89,29.63,-0.8,0.52,-0.1,-10.53,2.66,-3.5,0
1746815066.560137,-2.0,-0.4,-0.77,-21.17,-1.78,26.38,-0.85,0.46,-0.06,-11.4,4.28,-5.35,0
1746815066.577319,-2.0,-0.36,-0.71,-28.34,8.5,23.68,-0.86,0.49,-0.04,-13.25,5.68,-6.7,0
1746815066.595964,-2.0,-0.47,-0.68,-24.68,8.43,26.49,-0.86,0.46,-0.05,-12.4,8.89,-3.83,0
1746815066.612493,-2.0,-0.52,-0.66,-19.41,6.22,38.09,-0.87,0.5,-0.03,-6.97,-2.19,-1.41,0
1746815066.620366,-2.0,-0.45,-0.64,-13.8,-16.55,47.47,-0.83,0.46,-0.05,-7.34,-0.18,-0.89,0
1746815066.635065,-2.0,-0.44,-0.71,-6.63,-14.4,46.7,-0.86,0.46,-0.04,-9.56,-1.15,0.6,0
1746815066.649259,-2.0,-0.41,-0.7,-4.12,-17.06,42.17,-0.84,0.45,-0.06,-11.8,-2.84,2.17,0
1746815066.663602,-2.0,-0.4,-0.71,-5.92,-9.66,33.62,-0.83,0.47,-0.09,-14.99,-5.89,4.35,0
1746815066.684721,-2.0,-0.43,-0.7,-1.66,-8.73,29.39,-0.86,0.48,-0.05,-17.73,-10.06,4.69,0
1746815066.700048,-2.0,-0.47,-0.69,5.02,-14.56,28.29,-0.84,0.46,-0.07,-22.56,-3.65,3.48,0
1746815066.710533,-2.0,-0.47,-0.69,9.3,-21.94,30.66,-0.84,0.47,-0.07,-22.66,-4.92,3.88,0
1746815066.727903,-2.0,-0.43,-0.71,9.73,-28.95,31.86,-0.84,0.46,-0.08,-21.76,2.71,3.43,0
1746815066.746144,-2.0,-0.45,-0.73,12.21,-31.76,32.82,-0.86,0.45,-0.04,-13.7,11.18,1.69,0
1746815066.760316,-2.0,-0.39,-0.74,6.82,-22.37,27.31,-0.85,0.38,-0.06,-4.92,9.27,0.4,0
1746815066.774888,-2.0,-0.4,-0.7,1.66,-24.36,25.8,-0.89,0.44,-0.01,-4.97,9.73,2.11,0
1746815066.786098,-2.0,-0.38,-0.72,-3.08,-12.26,21.75,-0.86,0.45,-0.04,-6.42,6.43,2.52,0
1746815066.794278,-2.0,-0.41,-0.7,-2.37,-10.54,22.32,-0.93,0.42,0.03,-1.81,-1.53,0.32,0
1746815066.810947,-2.0,-0.46,-0.7,-2.79,-7.12,20.45,-0.87,0.44,-0.03,-2.74,14.44,3.24,0
1746815066.827252,-2.0,-0.48,-0.67,-1.41,-3.38,20.56,-0.86,0.43,-0.05,-1.05,6.74,1.89,0
1746815066.843801,-2.0,-0.44,-0.69,-2.7,2.23,18.95,-0.98,0.33,0.03,-6.48,0.05,-0.85,0
1746815066.860186,-2.0,-0.43,-0.67,-12.24,-5.53,18.3,-0.82,0.38,-0.06,-7.4,3.85,0.47,0
1746815066.876819,-2.0,-0.42,-0.68,-14.82,2.24,14.63,-0.87,0.38,0.0,-4.26,-5.51,-1.12,0
1746815066.895005,-2.0,-0.42,-0.7,-13.1,5.67,12.14,-0.93,0.4,0.01,-9.66,9.79,-4.43,0
1746815066.909825,-2.0,-0.42,-0.68,-16.11,2.56,9.52,-0.91,0.42,0.0,-2.6,4.55,-3.74,0
1746815066.920032,-2.0,-0.42,-0.65,-18.63,-0.09,7.69,-0.85,0.43,-0.05,-5.62,10.87,-4.05,0
1746815066.926916,-2.0,-0.46,-0.67,-16.51,-0.86,6.24,-0.89,0.44,-0.02,-2.99,6.55,-2.22,0
1746815066.948923,-2.0,-0.47,-0.68,-10.89,2.17,4.77,-0.83,0.45,-0.08,2.01,7.66,-0.83,0
1746815066.960699,-2.0,-0.45,-0.64,-6.02,-12.2,8.18,-0.88,0.44,-0.05,-2.67,6.41,-0.83,0
1746815066.9774,-2.0,-0.43,-0.67,-1.43,-9.11,6.99,-0.94,0.42,0.03,5.59,-3.61,-0.53,0
1746815066.993913,-2.0,-0.43,-0.69,2.4,-10.18,8.79,-0.86,0.43,-0.07,1.76,3.44,-1.1,0
1746815067.010982,-2.0,-0.42,-0.7,-7.58,-1.06,0.83,-0.88,0.41,-0.06,-0.02,2.83,-1.6,0
1746815067.027326,-2.0,-0.42,-0.68,-10.83,-1.14,-1.05,-0.89,0.46,-0.03,-1.74,2.73,-0.79,0
1746815067.046306,-2.0,-0.44,-0.69,-15.37,0.81,-4.18,-0.84,0.41,-0.13,-0.25,7.77,-0.12,0
1746815067.060356,-2.0,-0.43,-0.65,-16.91,1.73,-5.57,-0.84,0.42,-0.13,-2.38,4.5,-1.33,0
1746815067.069432,-2.0,-0.45,-0.66,-19.1,-1.18,-5.32,-0.9,0.42,-0.05,-4.58,2.14,-1.34,0
1746815067.0863,-2.0,-0.41,-0.68,-20.66,-3.08,-7.45,-0.87,0.43,-0.06,-3.42,6.86,-1.28,0
1746815067.09934,-2.0,-0.4,-0.67,-20.84,-1.37,-9.27,-0.89,0.46,-0.05,-5.19,8.81,0.98,0
1746815067.111153,-2.0,-0.4,-0.67,-22.81,-5.12,-9.47,-0.9,0.47,-0.02,0.82,-0.22,2.54,0
1746815067.127644,-2.0,-0.38,-0.68,-20.3,0.27,-8.83,-0.96,0.44,0.04,3.03,-1.51,0.22,0
1746815067.14401,-2.0,-0.43,-0.7,-12.4,-9.59,-1.09,-0.94,0.45,0.01,5.05,0.84,2.48,0
1746815067.160683,-2.0,-0.4,-0.71,-13.69,-6.95,-0.2,-0.89,0.42,-0.06,2.98,12.71,-0.11,0
1746815067.177966,-2.0,-0.38,-0.7,-14.47,0.7,-1.29,-0.86,0.43,-0.1,-3.33,6.08,-0.84,0
1746815067.197028,-2.0,-0.38,-0.67,-16.42,-0.02,-1.76,-0.9,0.42,-0.05,-2.08,11.7,0.24,0
1746815067.211047,-2.0,-0.4,-0.7,-13.43,1.82,-1.45,-0.9,0.42,-0.05,2.44,5.68,-0.47,0
1746815067.219671,-2.0,-0.39,-0.69,-13.44,2.77,-2.69,-0.85,0.43,-0.11,-2.4,6.05,0.21,0
1746815067.23575,-2.0,-0.39,-0.68,-11.8,-2.44,-2.63,-0.87,0.41,-0.1,3.74,6.42,1.89,0
1746815067.249267,-2.0,-0.39,-0.69,-7.47,-3.44,-1.56,-0.84,0.42,-0.13,1.94,4.1,0.56,0
1746815067.260989,-2.0,-0.4,-0.69,-5.44,-2.87,-0.98,-0.88,0.42,-0.08,-2.42,3.2,0.7,0
1746815067.27765,-2.0,-0.38,-0.7,-7.13,-2.05,-1.29,-0.87,0.43,-0.09,-1.92,2.45,1.18,0
1746815067.294072,-2.0,-0.4,-0.71,-3.98,2.71,0.13,-0.89,0.43,-0.08,-1.82,-2.94,0.74,0
1746815067.311071,-2.0,-0.41,-0.71,-3.68,3.69,0.8,-0.88,0.41,-0.1,-5.37,2.4,0.74,0
1746815067.328499,-2.0,-0.41,-0.68,-6.98,-1.08,1.41,-0.9,0.4,-0.06,-3.61,0.08,0.05,0
1746815067.346503,-2.0,-0.39,-0.68,-6.92,0.27,1.82,-0.88,0.42,-0.07,-5.6,-2.98,0.24,0
1746815067.360368,-2.0,-0.39,-0.69,-9.08,4.62,1.89,-0.88,0.41,-0.05,-5.58,-1.62,1.03,0
1746815067.36856,-2.0,-0.4,-0.68,-13.64,10.37,0.55,-0.89,0.41,-0.06,-3.7,-5.5,0.98,0
1746815067.386038,-2.0,-0.4,-0.68,-14.38,2.98,2.34,-0.88,0.41,-0.08,-5.29,-8.62,0.77,0
1746815067.397943,-2.0,-0.37,-0.69,-11.37,0.14,2.56,-0.89,0.4,-0.06,-6.77,-7.87,1.17,0
1746815067.410963,-2.0,-0.38,-0.69,-14.16,-0.31,-0.96,-0.89,0.4,-0.07,-6.61,-10.22,0.48,0
1746815067.428111,-2.0,-0.36,-0.7,-15.5,-2.33,-2.83,-0.88,0.41,-0.09,-9.1,-10.02,2.17,0
1746815067.444495,-2.0,-0.42,-0.72,-10.24,2.47,-2.05,-0.95,0.42,0.01,-4.47,-6.84,-0.4,0
1746815067.465053,-2.0,-0.4,-0.74,-6.1,9.63,0.07,-0.9,0.4,-0.03,1.7,-0.76,-1.37,0
1746815067.477971,-2.0,-0.47,-0.71,-2.95,6.04,-1.37,-0.86,0.41,-0.08,0.17,4.65,1.79,0
1746815067.493676,-2.0,-0.4,-0.7,-1.25,3.41,-0.76,-0.87,0.42,-0.09,-4.21,4.3,1.6,0
1746815067.510734,-2.0,-0.42,-0.65,-2.76,-9.18,-1.25,-0.89,0.41,-0.06,0.91,-2.39,0.42,0
1746815067.519811,-2.0,-0.39,-0.69,-5.05,-7.42,-2.21,-0.86,0.43,-0.08,-2.49,0.17,0.66,0
1746815067.539339,-2.0,-0.41,-0.68,-3.44,-15.56,-2.08,-0.9,0.41,-0.04,0.02,-1.72,0.58,1
1746815067.544377,-2.0,-0.44,-0.75,0.74,-8.04,-4.27,-0.89,0.43,-0.06,2.28,-0.67,1.5,1
1746815067.560919,-2.0,-0.39,-0.68,2.24,-12.46,-2.73,-0.87,0.44,-0.09,2.91,-0.03,1.3,1
1746815067.578021,-2.0,-0.39,-0.69,4.08,-18.79,1.03,-0.86,0.45,-0.1,2.63,1.59,1.21,1
1746815067.594438,-2.0,-0.41,-0.7,8.67,-10.05,4.27,-0.87,0.44,-0.08,5.63,1.24,1.77,1
1746815067.610999,-2.0,-0.39,-0.7,10.23,-4.12,4.41,-0.88,0.47,-0.1,4.86,1.97,1.61,1
1746815067.630522,-2.0,-0.39,-0.71,10.88,8.95,3.99,-0.88,0.5,-0.08,1.36,3.95,1.79,1
1746815067.644658,-2.0,-0.39,-0.65,7.53,4.85,7.88,-0.88,0.51,-0.08,-5.49,4.95,2.79,1
1746815067.661468,-2.0,-0.4,-0.68,6.85,6.78,11.19,-0.87,0.51,-0.08,-12.74,6.6,4.75,1
1746815067.669771,-2.0,-0.4,-0.68,7.32,11.05,13.68,-0.88,0.49,-0.06,-13.77,3.45,5.78,1
1746815067.686723,-2.0,-0.42,-0.69,10.84,19.56,14.24,-0.87,0.49,-0.06,-12.23,3.16,7.54,1
1746815067.698928,-2.0,-0.36,-0.67,6.69,2.62,14.82,-0.88,0.48,-0.05,-10.34,1.44,8.42,1
1746815067.712005,-2.0,-0.39,-0.67,-0.31,3.43,12.14,-0.89,0.5,-0.06,-7.47,1.1,10.18,1
1746815067.728135,-2.0,-0.41,-0.66,-2.39,2.87,11.7,-0.88,0.56,-0.1,-4.67,3.22,12.61,1
1746815067.744637,-2.0,-0.44,-0.68,0.65,3.75,12.18,-0.91,0.72,-0.14,-12.18,2.4,16.11,1
1746815067.761529,-2.0,-0.42,-0.66,2.02,3.94,12.58,-0.94,0.86,-0.18,-33.72,8.97,27.34,1
1746815067.777953,-2.0,-0.42,-0.68,-2.92,3.86,11.55,-0.92,0.93,-0.25,-42.08,23.05,46.31,1
1746815067.79676,-2.0,-0.42,-0.7,-5.53,-1.33,12.38,-1.0,1.16,-0.23,-38.46,25.63,65.32,1
1746815067.811065,-2.0,-0.42,-0.7,-6.15,1.63,11.74,-1.13,1.43,-0.21,-52.19,29.63,94.52,1
1746815067.81988,-2.0,-0.41,-0.69,-4.02,5.35,12.99,-1.22,1.52,-0.19,-83.08,27.85,128.01,1
1746815067.83386,-2.0,-0.4,-0.67,-5.02,10.48,12.17,-1.19,1.39,-0.23,-99.18,31.69,158.84,1
1746815067.848314,-2.0,-0.38,-0.66,-8.31,8.69,12.08,-1.22,1.11,-0.2,-98.93,29.11,175.73,1
1746815067.861652,-2.0,-0.38,-0.65,-6.31,-7.11,20.57,-1.11,1.08,-0.2,-85.43,45.53,182.69,1
1746815067.87833,-2.0,-0.36,-0.65,-7.85,11.53,17.53,-1.32,1.05,-0.05,-60.22,36.59,179.62,1
1746815067.899376,-2.0,-0.35,-0.69,-0.34,-0.91,22.59,-1.19,1.09,-0.19,-44.61,74.56,181.15,1
1746815067.911284,-2.0,-0.31,-0.71,-8.54,-0.93,14.11,-1.1,1.14,-0.33,-45.74,74.4,188.91,1
1746815067.929609,-2.0,-0.29,-0.72,-15.58,1.51,3.6,-1.17,1.21,-0.29,-55.4,88.55,200.43,1
1746815067.945336,-2.0,-0.33,-0.7,-22.86,10.49,-4.81,-1.15,1.23,-0.36,-59.05,108.59,214.18,1
1746815067.961764,-2.0,-0.41,-0.67,-25.18,13.22,-3.36,-1.21,1.26,-0.32,-55.94,99.43,223.63,1
1746815067.970033,-2.0,-0.48,-0.65,-23.87,4.73,7.11,-1.14,1.21,-0.36,-52.39,86.64,236.63,1
1746815067.986281,-2.0,-0.46,-0.65,-20.89,-1.66,14.07,-1.01,1.21,-0.43,-60.77,118.24,236.85,1
1746815067.998163,-2.0,-0.47,-0.7,-14.94,-6.04,16.1,-0.99,1.16,-0.41,-78.98,120.31,235.03,1
1746815068.011663,-2.0,-0.39,-0.68,-14.66,-5.62,12.08,-0.97,1.15,-0.34,-88.52,129.61,230.24,1
1746815068.028175,-2.0,-0.39,-0.69,-19.43,-2.98,6.78,-0.91,0.94,-0.29,-103.44,122.86,228.36,1
1746815068.045053,-2.0,-0.44,-0.69,-19.7,-3.16,5.82,-0.85,0.88,-0.27,-108.74,105.76,231.63,1
1746815068.062345,-2.0,-0.46,-0.69,-19.58,1.31,2.63,-0.73,0.7,-0.24,-124.25,103.98,230.05,1
1746815068.080259,-2.0,-0.45,-0.66,-17.76,-3.8,3.58,-0.71,0.57,-0.16,-124.03,94.68,226.53,1
1746815068.097101,-2.0,-0.43,-0.66,-18.79,-5.06,1.62,-0.51,0.45,-0.18,-133.02,82.31,216.73,1
1746815068.104466,-2.0,-0.47,-0.7,-10.96,-3.2,1.7,-0.47,0.26,-0.09,-138.05,79.94,196.76,1
1746815068.119578,-2.0,-0.45,-0.68,-11.6,-5.62,-0.35,-0.52,0.27,-0.01,-138.35,49.48,168.08,1
1746815068.133724,-2.0,-0.41,-0.69,-10.22,-2.34,-3.44,-0.4,0.24,-0.02,-128.45,47.2,152.89,1
1746815068.145261,-2.0,-0.38,-0.71,-12.45,0.95,-5.61,-0.35,0.3,0.0,-130.79,45.93,143.76,1
1746815068.161721,-2.0,-0.46,-0.74,-9.96,-0.07,-4.46,-0.28,0.4,-0.14,-125.46,48.1,133.1,1
1746815068.178249,-2.0,-0.39,-0.65,-7.92,-14.48,0.86,-0.21,0.38,-0.13,-114.51,57.05,125.53,1
1746815068.195012,-2.0,-0.41,-0.82,-9.51,10.63,-6.79,-0.11,0.44,-0.11,-103.46,62.8,124.89,1
1746815068.212755,-2.0,-0.35,-0.7,-4.17,0.43,-1.17,-0.25,0.38,0.18,-110.73,14.87,111.21,1
1746815068.230778,-2.0,-0.48,-0.63,-4.91,-20.22,1.44,-0.25,0.32,0.31,-112.56,30.02,94.9,1
1746815068.245501,-2.0,-0.46,-0.77,-16.18,-8.9,-7.46,-0.03,0.23,0.03,-114.76,53.3,69.9,1
1746815068.261798,-2.0,-0.44,-0.56,-8.82,-36.1,2.78,0.08,0.25,0.21,-145.98,0.67,45.53,1
1746815068.269903,-2.0,-0.36,-0.91,-15.14,-6.31,-11.26,-0.34,0.06,0.77,-123.65,3.85,35.29,1
1746815068.284533,-2.0,-0.35,-0.59,-6.8,-13.14,-4.57,0.08,-0.19,0.48,-78.88,84.65,16.81,1
1746815068.297981,-2.0,-0.39,-0.65,-7.56,-15.7,-4.53,-0.14,-0.06,0.9,-52.3,5.24,-4.84,1
1746815068.311911,-2.0,-0.41,-0.73,1.31,-2.05,-3.24,-0.08,0.14,0.91,-59.86,24.34,-30.35,1
1746815068.328487,-2.0,-0.38,-0.67,-2.29,12.15,-7.63,-0.08,0.2,0.95,-67.02,-0.37,-44.02,1
1746815068.345167,-2.0,-0.39,-0.85,-6.44,15.8,-9.58,-0.13,0.15,1.05,-52.85,-10.31,-59.73,1
1746815068.365456,-2.0,-0.36,-0.61,-15.27,-3.39,-11.12,-0.23,0.04,1.12,-50.87,-26.25,-84.92,1
1746815068.3784,-2.0,-0.38,-0.75,-15.18,14.7,-15.93,-0.17,0.06,1.02,-46.75,-51.54,-108.55,1
1746815068.395499,-2.0,-0.36,-0.58,-11.23,1.92,-11.29,-0.22,0.16,0.98,-45.11,-86.47,-125.44,1
1746815068.41135,-2.0,-0.37,-0.73,-15.95,-0.11,-14.55,-0.25,0.23,0.9,-46.31,-98.82,-141.79,1
1746815068.419943,-2.0,-0.39,-0.71,-12.89,-13.05,-11.6,-0.37,0.34,0.91,-53.32,-115.37,-158.3,1
1746815068.434262,-2.0,-0.43,-0.63,-18.03,-28.77,-7.36,-0.34,0.44,0.82,-56.82,-114.84,-176.24,1
1746815068.448406,-2.0,-0.37,-0.67,-20.89,-43.01,-1.69,-0.36,0.35,0.72,-57.43,-107.26,-187.63,1
1746815068.462932,-2.0,-0.34,-0.51,-28.34,-40.9,-3.53,-0.31,0.47,0.62,-69.92,-121.05,-193.3,1
1746815068.478649,-2.0,-0.32,-0.71,-23.35,-30.66,-1.58,-0.49,0.49,0.65,-47.79,-131.75,-189.2,1
1746815068.499174,-2.0,-0.42,-0.76,-10.58,-30.68,-2.19,-0.5,0.71,0.64,-44.49,-105.37,-202.5,1
1746815068.511856,-2.0,-0.42,-0.52,-16.2,-35.18,-5.29,-0.49,0.77,0.65,-43.85,-115.39,-195.66,1
1746815068.530765,-2.0,-0.35,-0.57,-20.21,-59.44,-7.31,-0.42,0.7,0.65,-53.05,-101.13,-199.7,1
1746815068.545647,-2.0,-0.38,-0.84,-0.65,-20.29,-3.36,-0.39,0.6,0.65,-50.69,-99.21,-203.18,1
1746815068.561809,-2.0,-0.41,-0.54,-14.25,-1.24,-14.95,-0.39,0.49,0.62,-33.57,-93.56,-205.09,1
1746815068.570377,-2.0,-0.35,-0.66,-19.53,9.44,-21.48,-0.43,0.49,0.65,-10.02,-100.06,-204.59,1
1746815068.585033,-2.0,-0.32,-0.59,-5.56,-17.54,-11.3,-0.43,0.54,0.6,7.81,-103.37,-205.24,1
1746815068.598417,-2.0,-0.25,-0.69,-14.02,4.85,-17.22,-0.45,0.66,0.59,19.03,-111.76,-200.69,1
1746815068.612275,-2.0,-0.37,-0.47,-12.64,-23.71,-10.95,-0.36,0.68,0.49,31.78,-118.36,-196.78,1
1746815068.628775,-2.0,-0.41,-0.78,-6.57,8.06,-12.29,-0.4,0.56,0.45,46.76,-120.51,-192.76,1
1746815068.644988,-2.0,-0.21,-0.74,-19.49,63.53,-14.85,-0.4,0.83,0.4,48.13,-120.58,-183.08,1
1746815068.662502,-2.0,-0.37,-0.93,7.18,47.31,-3.79,-0.31,0.95,0.22,12.83,-104.12,-184.43,1
1746815068.680953,-2.0,-0.36,-0.58,1.25,41.6,-3.74,-0.5,0.92,0.38,-7.26,-120.98,-168.17,1
1746815068.695716,-2.0,-0.32,-0.47,22.68,6.94,15.49,-0.42,0.97,0.35,-48.51,-107.82,-158.95,1
1746815068.704258,-2.0,-0.33,-0.54,22.37,11.05,9.73,-0.46,0.76,0.36,-71.08,-110.79,-158.24,1
1746815068.720245,-2.0,-0.53,-0.75,11.53,21.42,-2.18,-0.41,0.73,0.47,-78.2,-110.84,-157.01,1
1746815068.734457,-2.0,-0.3,-0.57,-5.0,3.1,1.78,-0.47,0.56,0.5,-64.1,-103.8,-161.23,1
1746815068.748776,-2.0,-0.36,-0.85,3.21,-2.14,6.11,-0.52,0.51,0.5,-21.56,-89.25,-171.51,1
1746815068.762495,-2.0,-0.44,-0.6,7.4,-11.22,13.51,-0.58,0.62,0.56,16.27,-77.26,-168.5,1
1746815068.785731,-2.0,-0.47,-0.56,-21.41,-28.08,3.67,-0.67,0.78,0.6,27.97,-83.44,-159.89,1
1746815068.795678,-2.0,-0.4,-0.32,-25.37,-55.73,17.52,-0.67,0.86,0.58,30.15,-83.33,-143.62,1
1746815068.81223,-2.0,-0.47,-1.04,23.3,-44.89,46.21,-0.73,0.94,0.69,-7.97,-94.77,-134.24,1
1746815068.830846,-2.0,-0.69,-0.66,-21.41,9.98,3.49,-0.62,0.77,0.53,-32.95,-115.37,-118.47,1
1746815068.845317,-2.0,-0.53,-0.69,-0.32,-60.62,16.11,-0.56,0.76,0.5,-35.51,-111.89,-103.86,1
1746815068.854158,-2.0,-0.69,-1.01,40.18,76.44,-3.67,-0.44,0.69,0.48,-25.65,-82.18,-106.25,1
1746815068.870535,-2.0,-0.57,-0.78,58.62,167.68,-20.1,-0.51,0.6,0.57,-21.94,-73.13,-112.03,1
1746815068.884569,-2.0,-0.26,-0.62,24.33,68.89,-28.32,-0.49,0.55,0.54,1.28,-72.48,-105.15,1
1746815068.895846,-2.0,-0.44,-0.67,23.5,17.45,-8.68,-0.41,0.58,0.5,33.68,-61.22,-94.3,1
1746815068.912568,-2.0,-0.47,-0.68,-23.92,-16.4,-10.05,-0.41,0.71,0.56,30.37,-89.4,-80.08,1
1746815068.928924,-2.0,-0.46,-0.67,-52.69,-26.45,-16.54,-0.35,0.69,0.48,13.5,-104.31,-72.58,1
1746815068.945696,-2.0,-0.36,-0.66,-29.26,6.47,-13.93,-0.25,0.65,0.39,8.47,-78.12,-63.34,1
1746815068.962677,-2.0,-0.34,-0.65,-25.67,6.48,-9.99,-0.13,0.65,0.29,12.91,-3.26,-64.44,1
1746815068.979156,-2.0,-0.32,-0.69,-32.11,34.69,-18.01,-0.18,0.74,0.39,6.06,6.72,-79.39,1
1746815068.995895,-2.0,-0.45,-0.65,-28.89,-9.75,0.31,-0.23,0.84,0.38,13.4,14.76,-78.34,1
1746815069.004629,-2.0,-0.4,-0.69,-62.34,-36.17,1.85,-0.2,0.87,0.35,9.34,-10.2,-56.69,1
1746815069.021911,-2.0,-0.41,-0.68,-59.55,-21.97,-6.26,-0.23,0.82,0.42,8.79,-1.38,-36.79,1
1746815069.033343,-2.0,-0.38,-0.69,-32.79,23.43,-13.34,-0.39,0.74,0.6,-9.89,-57.0,-14.47,1
1746815069.045955,-2.0,-0.4,-0.69,-41.44,44.25,-29.49,-0.13,0.65,0.37,-4.92,-45.93,-0.45,1
1746815069.06261,-2.0,-0.38,-0.68,-66.67,33.52,-43.6,-0.08,0.5,0.35,-2.61,-37.76,3.16,1
1746815069.079274,-2.0,-0.33,-0.65,-50.89,5.02,-21.18,-0.08,0.52,0.38,-14.22,-74.94,1.28,1
1746815069.096015,-2.0,-0.39,-0.69,-18.71,-11.6,4.67,-0.08,0.51,0.49,-32.35,-93.4,-2.39,1
1746815069.112203,-2.0,-0.42,-0.77,-13.34,1.05,3.0,-0.03,0.43,0.49,-25.97,-50.1,-8.25,1
1746815069.131215,-2.0,-0.4,-0.77,-17.86,8.73,-0.21,0.05,0.47,0.46,-11.65,0.23,-13.44,1
1746815069.145451,-2.0,-0.45,-0.72,-8.54,1.39,3.24,0.01,0.51,0.52,-4.95,6.5,-13.24,1
1746815069.154526,-2.0,-0.43,-0.71,-1.27,0.81,3.17,-0.08,0.53,0.58,3.18,2.34,-8.63,1
1746815069.171269,-2.0,-0.44,-0.73,19.21,-4.96,12.36,-0.07,0.56,0.6,-2.32,-6.49,-6.65,1
1746815069.183687,-2.0,-0.44,-0.72,15.39,4.41,10.56,-0.02,0.6,0.58,-11.66,-8.19,-3.76,1
1746815069.196153,-2.0,-0.4,-0.69,-1.24,-4.2,13.25,-0.03,0.59,0.62,-25.17,-5.21,-3.34,1
1746815069.212668,-2.0,-0.41,-0.72,-8.11,-4.98,14.9,-0.05,0.49,0.64,-21.89,0.14,1.03,1
1746815069.229331,-2.0,-0.42,-0.7,-5.81,-11.8,19.31,-0.03,0.47,0.64,-14.56,1.89,3.25,1
1746815069.246404,-2.0,-0.45,-0.71,-1.5,-6.16,17.91,-0.05,0.49,0.66,-7.55,-5.95,0.8,1
1746815069.262984,-2.0,-0.42,-0.7,-0.31,-7.55,18.2,-0.05,0.52,0.62,-3.78,-9.46,1.3,1
1746815069.28136,-2.0,-0.39,-0.71,-15.05,5.24,6.95,-0.0,0.53,0.61,-2.85,-3.29,-2.91,1
1746815069.297354,-2.0,-0.4,-0.71,-14.97,6.3,6.42,-0.01,0.55,0.63,-3.05,0.15,2.79,1
1746815069.304444,-2.0,-0.41,-0.74,-14.89,16.87,3.22,-0.03,0.55,0.69,-7.4,3.27,6.21,1
1746815069.320937,-2.0,-0.43,-0.71,-25.64,19.65,-2.43,-0.05,0.49,0.72,-8.51,1.5,8.72,1
1746815069.333561,-2.0,-0.41,-0.7,-17.05,0.27,7.08,-0.07,0.42,0.69,-2.42,-0.31,8.24,1
1746815069.345927,-2.0,-0.43,-0.69,-5.86,-10.45,12.0,-0.04,0.44,0.67,4.18,-5.29,5.03,1
1746815069.362488,-2.0,-0.44,-0.69,3.1,-15.94,12.44,-0.03,0.46,0.65,7.31,-6.38,2.87,1
1746815069.379548,-2.0,-0.38,-0.73,-1.4,-7.88,3.27,-0.03,0.48,0.64,6.43,-3.85,2.26,1
1746815069.39634,-2.0,-0.26,-0.72,-0.6,-16.19,-1.4,-0.03,0.48,0.65,2.61,1.23,1.23,1
1746815069.412798,-2.0,-0.28,-0.68,0.16,-23.33,-6.64,-0.04,0.51,0.63,-1.99,1.08,1.45,1
1746815069.429459,-2.0,-0.2,-0.71,-2.92,-30.44,0.03,-0.04,0.48,0.64,-2.05,1.17,2.49,1
1746815069.446064,-2.0,-0.56,-0.77,-10.47,-5.15,6.65,-0.03,0.49,0.62,1.34,3.39,5.14,1
1746815069.455354,-2.0,-0.39,-0.66,-4.07,-22.96,21.78,-0.04,0.46,0.62,5.22,4.45,6.47,1
1746815069.471039,-2.0,-0.4,-0.73,1.39,-19.71,31.31,-0.04,0.47,0.64,4.18,4.55,6.7,1
1746815069.49,-2.0,-0.49,-0.69,3.01,-48.32,39.34,-0.03,0.48,0.65,1.83,6.03,6.26,0
1746815069.495761,-2.0,-0.37,-0.75,-1.11,-26.79,26.73,-0.04,0.46,0.64,3.47,9.73,6.34,0
1746815069.520065,-2.0,-0.34,-0.66,-3.53,-21.19,19.56,-0.01,0.47,0.62,4.24,14.9,5.8,0
1746815069.534514,-2.0,-0.38,-0.7,0.15,-9.53,16.35,-0.04,0.49,0.62,6.19,18.75,4.98,0
1746815069.549249,-2.0,-0.34,-0.67,-3.02,-7.4,13.34,-0.05,0.49,0.61,3.4,21.09,1.97,0
1746815069.563025,-2.0,-0.33,-0.7,-3.15,-2.74,10.63,-0.07,0.49,0.63,4.85,29.34,-0.73,0
1746815069.57977,-2.0,-0.33,-0.68,-1.97,-1.11,10.15,-0.05,0.52,0.63,1.32,14.48,3.92,0
1746815069.596348,-2.0,-0.34,-0.69,-5.88,-0.45,9.26,-0.1,0.48,0.68,-3.99,-1.12,6.22,0
1746815069.604995,-2.0,-0.36,-0.68,-3.2,4.57,8.59,-0.06,0.45,0.66,-1.27,-3.9,6.38,0
1746815069.620513,-2.0,-0.38,-0.72,4.08,13.21,9.11,-0.04,0.43,0.62,4.34,0.51,6.49,0
1746815069.63361,-2.0,-0.36,-0.69,3.24,7.84,7.56,-0.05,0.47,0.64,1.14,1.83,3.55,0
1746815069.646281,-2.0,-0.36,-0.68,2.99,0.89,8.33,-0.05,0.48,0.65,-4.55,3.73,0.95,0
1746815069.662995,-2.0,-0.34,-0.66,9.6,-1.81,10.84,-0.05,0.46,0.63,-3.66,8.98,-0.23,0
1746815069.679727,-2.0,-0.33,-0.63,17.04,-10.31,15.13,-0.09,0.46,0.67,-2.0,3.79,-0.51,0
1746815069.696166,-2.0,-0.35,-0.67,19.47,11.95,9.6,-0.1,0.46,0.68,0.31,-2.4,1.92,0
1746815069.712924,-2.0,-0.33,-0.67,-1.71,14.32,2.74,-0.09,0.47,0.66,-2.38,-16.53,2.43,0
1746815069.729672,-2.0,-0.38,-0.68,2.46,-7.16,15.73,-0.03,0.49,0.61,-5.34,-10.66,2.79,0
1746815069.745965,-2.0,-0.36,-0.63,-9.15,0.36,5.75,-0.05,0.46,0.64,-7.56,-16.32,0.39,0
1746815069.755344,-2.0,-0.41,-0.71,3.33,-7.56,13.58,-0.07,0.47,0.62,-6.08,2.86,7.37,0
1746815069.767488,-2.0,-0.38,-0.65,-11.77,-2.88,5.73,-0.07,0.48,0.62,-4.66,-6.09,2.05,0
1746815069.779854,-2.0,-0.37,-0.51,-17.18,-46.47,12.44,-0.07,0.48,0.63,3.3,-0.15,4.36,0
1746815069.796778,-2.0,-0.35,-0.63,-19.21,-60.84,15.11,-0.08,0.48,0.6,11.93,1.29,8.48,0
1746815069.812603,-2.0,-0.4,-0.67,-9.7,-66.95,18.25,-0.05,0.5,0.52,25.53,10.09,9.71,0
1746815069.829458,-2.0,-0.41,-0.63,-17.14,-56.6,13.44,-0.06,0.57,0.52,36.82,14.88,10.61,0
1746815069.84583,-2.0,-0.4,-0.7,-17.55,-36.62,8.53,-0.12,0.57,0.48,49.33,16.94,15.82,0
1746815069.862844,-2.0,-0.37,-0.56,-24.84,-42.47,5.95,-0.08,0.68,0.41,55.94,28.83,23.74,0
1746815069.879387,-2.0,-0.41,-0.57,-18.1,-36.29,7.22,-0.14,0.67,0.4,48.92,24.27,27.07,0
1746815069.885603,-2.0,-0.46,-0.82,-3.29,10.03,3.05,-0.13,0.71,0.27,44.27,34.99,34.82,0
1746815069.902727,-2.0,-0.38,-0.74,-18.84,71.19,-14.54,-0.19,0.72,0.25,39.22,24.47,40.91,0
1746815069.917651,-2.0,-0.32,-0.34,-14.84,-18.6,3.07,-0.13,0.74,0.16,44.79,47.56,52.34,0
1746815069.932776,-2.0,-0.41,-0.77,8.29,2.59,6.83,-0.21,0.76,0.23,37.93,60.65,57.96,0
1746815069.946688,-2.0,-0.38,-0.8,16.69,44.71,-1.0,-0.23,0.7,0.22,33.02,68.45,62.29,0
1746815069.963592,-2.0,-0.36,-0.66,-3.66,60.95,-11.34,-0.32,0.64,0.24,35.01,70.11,66.5,0
1746815069.979344,-2.0,-0.31,-0.53,5.18,-1.03,5.59,-0.31,0.56,0.19,52.15,74.97,75.26,0
1746815069.996756,-2.0,-0.44,-0.63,22.32,-19.69,19.58,-0.42,0.66,0.21,66.9,70.24,82.23,0
1746815070.016256,-2.0,-0.39,-0.76,11.69,30.82,6.85,-0.38,0.67,0.19,73.5,69.04,88.98,0
1746815070.031101,-2.0,-0.41,-0.8,19.79,73.21,5.09,-0.36,0.76,0.14,61.69,78.31,87.49,0
1746815070.047249,-2.0,-0.41,-0.56,-0.25,47.13,5.69,-0.36,0.75,0.13,38.85,82.22,86.01,0
1746815070.05482,-2.0,-0.44,-0.66,-13.97,15.59,3.92,-0.36,0.63,0.08,33.04,98.06,84.27,0
1746815070.06899,-2.0,-0.44,-0.65,-27.0,20.78,-3.15,-0.34,0.54,0.12,40.19,105.4,81.08,0
1746815070.084047,-2.0,-0.46,-0.65,-28.21,14.6,-3.27,-0.25,0.48,0.17,58.8,126.09,73.05,0
1746815070.096511,-2.0,-0.44,-0.68,-29.1,12.3,-7.03,-0.27,0.48,0.2,73.76,141.11,59.37,0
1746815070.113167,-2.0,-0.42,-0.66,-16.98,8.69,-2.61,-0.31,0.46,0.25,103.49,143.85,49.8,0
1746815070.129695,-2.0,-0.43,-0.69,-14.98,-4.31,0.97,-0.3,0.47,0.16,118.81,152.0,41.4,0
1746815070.146496,-2.0,-0.43,-0.7,-13.58,1.84,-1.85,-0.22,0.52,0.18,121.53,167.87,27.81,0
1746815070.165288,-2.0,-0.42,-0.63,-14.81,-6.94,0.66,-0.24,0.52,0.22,107.51,173.57,21.89,0
1746815070.18053,-2.0,-0.43,-0.69,-19.62,-4.63,-1.5,-0.22,0.46,0.22,97.85,161.5,19.34,0
1746815070.196717,-2.0,-0.43,-0.64,-20.45,-17.23,0.5,-0.29,0.47,0.2,97.28,141.95,17.21,0
1746815070.205265,-2.0,-0.43,-0.72,-12.33,-7.95,2.24,-0.29,0.54,0.19,85.79,123.73,7.89,0
1746815070.219071,-2.0,-0.4,-0.72,-13.4,9.43,0.07,-0.27,0.59,0.18,59.82,116.43,-12.66,0
1746815070.233725,-2.0,-0.4,-0.81,-14.33,38.31,-7.68,-0.28,0.57,0.2,30.27,125.37,-36.52,0
1746815070.246718,-2.0,-0.38,-0.44,-9.99,7.58,-6.95,-0.34,0.49,0.27,5.38,132.25,-60.28,0
1746815070.263155,-2.0,-0.42,-0.7,-1.58,19.67,-5.37,-0.37,0.45,0.34,-7.02,139.77,-78.39,0
1746815070.280154,-2.0,-0.41,-0.66,3.31,25.31,-5.47,-0.46,0.37,0.31,-4.05,126.9,-89.64,0
1746815070.297198,-2.0,-0.42,-0.69,11.44,24.8,-2.59,-0.52,0.42,0.28,21.49,103.14,-91.21,0
1746815070.31621,-2.0,-0.43,-0.7,13.65,33.1,-6.86,-0.6,0.56,0.26,34.75,82.18,-93.84,0
1746815070.332305,-2.0,-0.42,-0.71,18.59,31.31,-6.56,-0.63,0.75,0.21,16.53,77.9,-96.93,0
1746815070.346537,-2.0,-0.39,-0.68,21.21,29.1,-3.55,-0.64,0.89,0.21,-21.58,82.49,-102.4,0
1746815070.354969,-2.0,-0.38,-0.69,12.89,18.22,-0.69,-0.62,0.84,0.22,-57.08,96.94,-107.39,0
1746815070.368449,-2.0,-0.42,-0.69,3.27,13.35,0.77,-0.76,0.66,0.38,-71.92,101.2,-106.38,0
1746815070.383367,-2.0,-0.42,-0.7,-0.12,9.47,4.87,-0.8,0.5,0.41,-58.66,93.5,-103.6,0
1746815070.396681,-2.0,-0.46,-0.72,18.89,23.87,7.85,-0.87,0.44,0.49,-38.19,57.68,-106.21,0
1746815070.413526,-2.0,-0.46,-0.69,16.13,5.32,12.84,-0.88,0.54,0.38,-18.83,61.69,-120.63,0
1746815070.430272,-2.0,-0.42,-0.67,18.3,18.56,11.37,-0.9,0.78,0.35,-68.3,55.52,-133.12,0
1746815070.447254,-2.0,-0.39,-0.65,14.29,6.07,9.04,-0.96,0.87,0.33,-126.27,51.36,-142.35,0
1746815070.466636,-2.0,-0.39,-0.63,22.11,-2.99,12.55,-0.95,0.66,0.34,-158.13,64.47,-136.05,0
1746815070.480205,-2.0,-0.39,-0.64,16.06,2.59,5.8,-1.07,0.4,0.41,-156.95,61.54,-137.19,0
1746815070.496449,-2.0,-0.39,-0.7,16.21,-4.46,13.32,-1.2,0.14,0.5,-88.8,78.34,-139.47,0
1746815070.505256,-2.0,-0.38,-0.68,-1.03,7.19,6.8,-1.34,0.11,0.46,-7.44,73.17,-139.24,0
1746815070.518998,-2.0,-0.44,-0.69,1.48,-9.65,19.82,-1.46,0.16,0.5,88.57,90.52,-142.82,0
1746815070.533753,-2.0,-0.36,-0.59,8.83,-17.43,28.11,-1.5,0.65,0.45,99.06,69.77,-167.81,0
1746815070.554594,-2.0,-0.47,-0.58,9.18,-34.05,34.87,-1.49,0.92,0.46,102.98,48.72,-159.15,0
1746815070.569636,-2.0,-0.49,-0.76,9.16,3.28,21.41,-1.46,1.31,0.5,51.74,45.41,-155.98,0
1746815070.579713,-2.0,-0.46,-0.62,7.76,-5.4,19.72,-1.2,1.32,0.31,41.44,56.75,-114.07,0
1746815070.596729,-2.0,-0.49,-0.7,20.37,-13.13,23.24,-1.19,1.3,0.37,10.45,61.98,-69.52,0
1746815070.615791,-2.0,-0.47,-0.63,3.21,11.99,6.44,-1.25,1.19,0.46,-20.71,52.93,-23.76,0
1746815070.631431,-2.0,-0.47,-0.64,3.48,7.55,4.73,-1.23,0.93,0.39,-33.52,39.7,27.84,0
1746815070.637359,-2.0,-0.45,-0.58,-2.31,4.45,-0.55,-1.26,0.68,0.48,-26.87,20.05,57.22,0
1746815070.654684,-2.0,-0.48,-0.58,7.15,-6.85,4.03,-1.1,0.29,0.36,-10.8,-4.99,70.23,0
1746815070.667641,-2.0,-0.46,-0.62,3.85,7.63,-5.27,-0.98,0.03,0.3,24.95,-26.86,74.46,0
1746815070.680357,-2.0,-0.41,-0.56,-1.53,14.6,-11.37,-0.83,-0.02,0.21,50.91,-32.8,53.76,0
1746815070.696911,-2.0,-0.42,-0.62,2.24,2.86,-9.54,-0.78,0.06,0.15,57.53,-22.02,26.02,0
1746815070.71328,-2.0,-0.36,-0.6,1.05,-2.02,-8.35,-0.8,0.3,0.15,59.5,-5.38,-1.36,0
1746815070.729939,-2.0,-0.37,-0.64,-8.27,6.19,-14.41,-0.82,0.46,0.1,35.76,-1.89,-18.98,0
1746815070.747006,-2.0,-0.42,-0.66,-4.48,5.2,-11.8,-0.85,0.51,0.05,27.43,-3.12,-17.14,0
1746815070.765708,-2.0,-0.45,-0.66,-4.24,-3.7,-6.26,-0.89,0.49,0.05,20.15,-5.73,-9.17,0
1746815070.780558,-2.0,-0.43,-0.66,-6.42,-13.37,0.33,-0.87,0.45,0.0,34.86,-4.16,6.28,0
1746815070.789474,-2.0,-0.46,-0.7,-4.21,-11.87,7.51,-0.91,0.45,-0.01,42.58,-5.45,16.92,0
1746815070.805596,-2.0,-0.47,-0.66,-0.74,-7.77,15.78,-0.91,0.47,-0.02,44.27,-7.1,20.07,0
1746815070.818268,-2.0,-0.49,-0.63,-4.09,-20.27,23.25,-0.9,0.51,-0.07,30.95,-3.31,19.44,0
1746815070.833462,-2.0,-0.53,-0.7,-9.75,-21.85,18.39,-0.89,0.49,-0.09,18.18,-0.69,19.58,0
1746815070.847337,-2.0,-0.49,-0.61,-11.14,-17.72,13.23,-0.9,0.38,-0.11,1.74,-1.11,9.18,0
1746815070.863701,-2.0,-0.49,-0.67,-6.25,-9.56,8.48,-0.8,0.47,-0.15,-5.67,2.73,19.13,0
1746815070.880483,-2.0,-0.48,-0.61,-11.16,3.56,1.33,-0.89,0.29,-0.08,-9.94,-9.56,12.12,0
1746815070.897404,-2.0,-0.44,-0.61,-21.82,3.19,-2.93,-0.83,0.3,-0.1,-21.05,-4.31,4.66,0
1746815070.91636,-2.0,-0.44,-0.64,-26.81,8.56,-4.81,-0.84,0.31,-0.09,2.07,11.47,0.24,0
1746815070.930741,-2.0,-0.45,-0.65,-26.2,15.42,-5.84,-0.79,0.31,-0.15,21.64,3.37,1.34,0
1746815070.939845,-2.0,-0.42,-0.6,-29.27,8.28,-7.15,-0.86,0.42,-0.08,21.38,12.44,-4.08,0
1746815070.956342,-2.0,-0.47,-0.63,-20.31,-1.66,-1.98,-0.87,0.46,-0.1,-1.18,3.11,-6.05,0
1746815070.968398,-2.0,-0.4,-0.67,-14.21,-0.4,4.57,-0.87,0.43,-0.13,-26.16,-11.89,-8.55,0
1746815070.980917,-2.0,-0.42,-0.69,-13.37,1.53,5.69,-0.85,0.35,-0.16,-19.77,-11.73,-7.29,0
1746815070.997564,-2.0,-0.44,-0.57,-23.05,-18.31,5.98,-0.89,0.4,-0.09,-17.63,-16.27,-2.15,0
1746815071.01387,-2.0,-0.45,-0.79,-12.03,0.25,5.6,-0.83,0.38,-0.14,0.68,4.12,-3.19,0
1746815071.030997,-2.0,-0.44,-0.63,-8.43,15.34,4.8,-0.87,0.36,-0.11,11.5,8.89,-3.99,0
1746815071.047263,-2.0,-0.48,-0.65,-11.42,-6.21,9.23,-0.92,0.39,-0.07,11.63,7.96,-1.67,0
1746815071.064114,-2.0,-0.5,-0.62,-15.69,-36.26,11.39,-0.87,0.41,-0.08,14.15,7.23,-1.05,0
1746815071.082036,-2.0,-0.62,-0.9,-10.85,23.54,0.71,-0.91,0.42,-0.04,7.94,3.03,-3.27,0
1746815071.089313,-2.0,-0.44,-0.52,-5.95,-8.23,9.44,-0.84,0.43,-0.06,8.75,6.88,-0.12,0
1746815071.104797,-2.0,-0.42,-0.69,-13.67,22.74,-1.19,-0.87,0.43,-0.03,4.01,-2.87,-0.82,0
1746815071.11405,-2.0,-0.45,-0.73,-2.32,-11.31,8.84,-0.86,0.41,-0.07,11.46,6.27,0.13,0
1746815071.13047,-2.0,-0.43,-0.51,-12.64,-14.54,6.27,-0.85,0.39,-0.08,16.98,9.24,0.02,0
1746815071.147524,-2.0,-0.46,-0.79,-9.41,14.94,2.08,-0.88,0.42,-0.05,16.15,8.79,0.93,0
1746815071.163659,-2.0,-0.45,-0.56,-8.37,17.28,1.24,-0.87,0.4,-0.06,13.34,11.83,-4.17,0
1746815071.185113,-2.0,-0.48,-0.68,-6.66,11.93,5.28,-0.91,0.46,-0.01,10.42,4.95,0.38,0
1746815071.197532,-2.0,-0.46,-0.77,-7.27,33.85,1.58,-0.88,0.43,-0.06,10.42,8.67,-0.83,0
1746815071.214203,-2.0,-0.4,-0.53,-13.53,22.36,0.27,-0.86,0.42,-0.11,3.32,6.54,0.34,0
1746815071.230761,-2.0,-0.46,-0.78,-6.6,-6.7,3.89,-0.89,0.45,-0.05,-0.27,-2.3,5.5,0
1746815071.239683,-2.0,-0.49,-0.64,-7.56,34.36,-2.46,-0.9,0.45,-0.04,-4.35,-0.25,5.5,0
1746815071.252182,-2.0,-0.43,-0.64,-6.69,17.06,2.31,-0.9,0.44,-0.05,-7.85,-0.69,7.34,0
1746815071.264139,-2.0,-0.49,-0.73,-5.1,30.09,3.52,-0.87,0.42,-0.07,-3.9,4.16,9.85,0
1746815071.280434,-2.0,-0.44,-0.55,-10.37,7.93,4.76,-0.88,0.45,-0.04,-6.29,0.27,8.56,0
1746815071.297618,-2.0,-0.5,-0.74,-0.12,-5.04,10.13,-0.87,0.43,-0.06,-1.01,2.44,9.22,0
1746815071.31396,-2.0,-0.44,-0.67,-2.75,12.96,3.94,-0.87,0.42,-0.05,-0.15,-0.61,11.22,0
1746815071.331423,-2.0,-0.43,-0.7,-5.0,4.99,2.03,-0.88,0.43,-0.04,-13.16,-13.07,8.73,0
1746815071.347475,-2.0,-0.47,-0.66,-4.3,8.73,2.4,-0.87,0.44,-0.05,-20.34,-17.43,8.93,0
1746815071.365736,-2.0,-0.43,-0.67,-1.95,7.92,4.08,-0.86,0.43,-0.07,-10.9,-11.05,8.67,0
1746815071.380866,-2.0,-0.48,-0.67,0.27,19.42,3.98,-0.86,0.42,-0.06,-5.1,-1.98,8.53,0
1746815071.388113,-2.0,-0.45,-0.68,1.95,21.98,5.61,-0.85,0.43,-0.07,-2.89,0.63,9.27,0
1746815071.405976,-2.0,-0.48,-0.67,5.34,23.21,7.21,-0.87,0.44,-0.05,-3.94,1.92,8.8,0
1746815071.426162,-2.0,-0.41,-0.65,4.98,16.16,6.63,-0.86,0.43,-0.07,-10.3,0.36,6.44,1
1746815071.431049,-2.0,-0.46,-0.69,8.37,26.5,3.57,-0.86,0.44,-0.07,-14.82,-2.4,4.43,1
1746815071.447631,-2.0,-0.45,-0.67,4.88,26.9,0.05,-0.86,0.46,-0.08,-11.24,-0.12,4.21,1
1746815071.464297,-2.0,-0.47,-0.68,4.66,25.54,0.89,-0.89,0.49,-0.07,-2.47,2.4,6.09,1
1746815071.480719,-2.0,-0.47,-0.66,3.13,22.39,1.82,-0.9,0.59,-0.11,-2.64,5.32,11.18,1
1746815071.498187,-2.0,-0.47,-0.67,3.22,16.63,6.34,-0.9,0.76,-0.14,-27.92,5.44,18.13,1
1746815071.51449,-2.0,-0.49,-0.67,2.76,13.85,10.02,-0.9,0.81,-0.2,-57.63,12.6,26.73,1
1746815071.531341,-2.0,-0.46,-0.65,0.27,6.82,13.05,-0.91,0.82,-0.22,-73.72,20.86,34.05,1
1746815071.538609,-2.0,-0.46,-0.66,-4.95,6.47,13.24,-0.91,0.88,-0.24,-82.69,31.81,44.53,1
1746815071.552413,-2.0,-0.46,-0.66,-8.79,7.63,11.18,-0.97,0.93,-0.21,-79.13,54.02,58.81,1
1746815071.568225,-2.0,-0.47,-0.66,-9.5,5.66,10.37,-1.04,1.11,-0.15,-74.51,64.37,81.46,1
1746815071.581308,-2.0,-0.45,-0.66,-12.38,3.24,9.74,-1.13,1.22,-0.11,-65.95,74.63,110.01,1
1746815071.603796,-2.0,-0.46,-0.66,-12.38,-0.27,11.27,-1.21,1.29,-0.07,-53.89,60.64,137.53,1
1746815071.614178,-2.0,-0.46,-0.68,-9.82,0.5,12.28,-1.17,1.34,-0.18,-40.54,52.26,163.93,1
1746815071.631199,-2.0,-0.44,-0.64,-14.08,-6.04,14.0,-1.22,1.26,-0.2,-24.03,45.09,184.5,1
1746815071.647916,-2.0,-0.51,-0.7,-18.23,-4.63,12.43,-1.26,1.3,-0.14,-15.0,68.31,199.43,1
1746815071.666598,-2.0,-0.46,-0.67,-22.22,-2.25,8.25,-1.13,1.35,-0.29,-15.98,85.66,217.19,1
1746815071.680535,-2.0,-0.44,-0.67,-17.01,0.24,6.63,-1.32,1.42,-0.13,-19.42,51.26,235.8,1
1746815071.690928,-2.0,-0.46,-0.67,-15.54,7.48,3.1,-1.22,1.41,-0.17,-34.87,58.18,250.13,1
1746815071.697428,-2.0,-0.45,-0.67,-19.92,5.77,1.15,-1.29,1.42,-0.04,-54.42,46.92,250.13,1
1746815071.714294,-2.0,-0.47,-0.66,-20.83,1.1,3.53,-1.16,1.31,-0.16,-63.48,30.33,250.13,1
1746815071.73153,-2.0,-0.46,-0.67,-16.17,-3.35,6.94,-1.15,1.32,-0.21,-67.64,14.47,250.13,1
1746815071.747833,-2.0,-0.45,-0.67,-9.86,-4.59,7.63,-0.93,1.23,-0.34,-56.43,13.19,250.13,1
1746815071.770146,-2.0,-0.46,-0.68,-4.92,-5.86,7.73,-0.89,1.28,-0.26,-57.79,14.02,250.13,1
1746815071.785484,-2.0,-0.43,-0.68,-6.08,-7.91,6.47,-0.68,1.13,-0.39,-58.09,50.9,250.13,1
1746815071.799706,-2.0,-0.42,-0.69,-8.24,-6.07,5.11,-0.6,1.0,-0.35,-75.67,98.72,250.13,1
1746815071.815289,-2.0,-0.42,-0.69,-13.85,-9.55,6.26,-0.66,0.92,-0.23,-90.65,113.53,250.13,1
1746815071.826346,-2.0,-0.43,-0.7,-19.44,-2.44,2.91,-0.61,0.75,-0.22,-101.48,97.66,250.13,1
1746815071.833129,-2.0,-0.46,-0.69,-15.34,-1.95,6.73,-0.51,0.55,-0.2,-116.31,84.93,250.13,1
1746815071.850026,-2.0,-0.47,-0.7,-14.8,-1.44,8.51,-0.46,0.45,-0.16,-125.38,77.89,246.24,1
1746815071.866883,-2.0,-0.47,-0.7,-15.1,-6.18,10.38,-0.37,0.34,-0.16,-122.05,79.81,223.27,1
1746815071.882377,-2.0,-0.44,-0.7,-11.66,-1.39,8.17,-0.3,0.39,-0.15,-119.21,95.26,200.42,1
1746815071.899162,-2.0,-0.44,-0.69,-9.73,-2.75,7.12,-0.25,0.45,-0.11,-125.98,97.96,183.98,1
1746815071.916406,-2.0,-0.45,-0.69,-11.23,-4.4,3.83,-0.3,0.54,-0.02,-138.91,75.26,172.46,1
1746815071.931869,-2.0,-0.45,-0.67,-8.85,-15.69,4.57,-0.25,0.56,-0.05,-156.36,66.31,154.22,1
1746815071.949842,-2.0,-0.47,-0.65,-4.9,-19.62,4.42,-0.21,0.33,0.02,-165.07,48.38,133.88,1
1746815071.965162,-2.0,-0.45,-0.69,-1.66,-25.42,4.06,-0.13,0.15,0.01,-145.89,55.66,114.98,1
1746815071.976355,-2.0,-0.42,-0.59,-2.75,-44.08,6.32,-0.04,-0.06,0.04,-146.63,62.06,93.52,1
1746815071.98131,-2.0,-0.4,-0.76,-5.24,-29.14,2.24,-0.18,0.12,0.3,-149.89,105.89,69.46,1
1746815072.004104,-2.0,-0.41,-0.59,-10.11,-92.45,9.13,-0.09,0.02,0.3,-178.79,124.63,46.55,1
1746815072.018122,-2.0,-0.47,-0.76,-14.82,-49.75,-0.45,-0.17,-0.16,0.61,-203.3,106.5,31.25,1
1746815072.03178,-2.0,-0.39,-0.53,-7.82,-62.75,2.18,-0.12,-0.42,0.75,-158.79,86.43,13.27,1
1746815072.048411,-2.0,-0.43,-0.82,2.92,-22.09,-0.24,-0.1,-0.42,0.92,-125.02,37.27,-2.01,1
1746815072.064913,-2.0,-0.41,-0.61,-3.09,3.79,-8.91,-0.01,-0.33,0.9,-102.02,11.18,-26.62,1
1746815072.083137,-2.0,-0.41,-0.7,-2.11,23.01,-10.6,0.03,-0.4,0.92,-69.12,1.11,-47.8,1
1746815072.100149,-2.0,-0.41,-0.51,-4.26,-1.37,-9.23,0.09,-0.41,0.86,-74.32,5.99,-72.13,1
1746815072.115751,-2.0,-0.42,-0.7,3.14,17.21,-9.44,0.09,-0.46,0.88,-55.98,-9.66,-97.72,1
1746815072.120592,-2.0,-0.39,-0.6,2.57,16.07,-8.44,0.03,-0.32,0.9,-60.32,-25.73,-127.75,1
1746815072.133205,-2.0,-0.36,-0.77,-0.21,19.92,-12.62,-0.02,-0.09,0.88,-84.09,-33.47,-161.27,1
1746815072.152674,-2.0,-0.38,-0.58,-3.12,-11.05,-5.82,-0.06,0.05,0.9,-120.39,-28.15,-195.77,1
1746815072.166209,-2.0,-0.44,-0.77,-13.76,-3.7,-14.69,-0.11,-0.03,0.88,-129.91,-29.2,-214.05,1
1746815072.183507,-2.0,-0.44,-0.63,-1.61,-20.6,-3.88,-0.12,-0.07,0.82,-119.78,-16.5,-226.76,1
1746815072.199005,-2.0,-0.42,-0.53,-10.15,-33.67,0.79,-0.18,-0.01,0.81,-95.34,-14.02,-229.24,1
1746815072.220495,-2.0,-0.37,-0.55,-17.64,-51.09,4.85,-0.24,-0.01,0.82,-75.07,-26.43,-230.44,1
1746815072.232934,-2.0,-0.4,-0.76,-17.58,-38.95,2.18,-0.28,0.06,0.84,-42.77,-13.2,-234.37,1
1746815072.250073,-2.0,-0.39,-0.43,-23.23,-90.57,12.52,-0.37,0.26,0.85,-19.07,-6.9,-242.49,1
1746815072.26538,-2.0,-0.43,-0.75,-8.27,-84.61,17.97,-0.43,0.33,0.89,-4.15,-19.24,-244.37,1
1746815072.270271,-2.0,-0.51,-0.76,-18.7,-18.04,3.01,-0.47,0.41,0.89,16.02,-16.64,-235.44,1
1746815072.28874,-2.0,-0.45,-0.56,-21.73,-23.21,3.94,-0.48,0.49,0.84,20.48,-26.7,-223.65,1
1746815072.303816,-2.0,-0.46,-0.63,-27.72,-46.02,4.74,-0.53,0.56,0.86,15.44,-46.39,-215.72,1
1746815072.318689,-2.0,-0.47,-0.64,-36.7,-25.21,-1.82,-0.53,0.58,0.88,-1.39,-64.0,-218.82,1
1746815072.331618,-2.0,-0.51,-0.54,-25.08,-31.26,2.76,-0.52,0.56,0.88,-12.62,-62.73,-227.79,1
1746815072.349561,-2.0,-0.46,-0.68,-19.84,26.56,-10.73,-0.58,0.55,0.89,-15.7,-78.77,-232.31,1
1746815072.365387,-2.0,-0.37,-0.49,-31.4,1.21,-13.41,-0.53,0.6,0.86,-3.48,-71.85,-231.68,1
1746815072.381628,-2.0,-0.45,-0.71,-30.54,27.53,-21.79,-0.61,0.6,0.85,7.39,-67.94,-224.76,1
1746815072.39843,-2.0,-0.35,-0.66,-25.52,17.22,-16.14,-0.72,0.86,0.91,-9.06,-83.66,-208.35,1
1746815072.415834,-2.0,-0.43,-0.76,-20.01,17.02,-16.71,-0.63,0.92,0.8,-56.31,-79.94,-206.29,1
1746815072.431783,-2.0,-0.37,-0.5,-11.13,1.21,-13.11,-0.53,0.82,0.7,-93.69,-89.56,-201.04,1
1746815072.440115,-2.0,-0.32,-0.78,-12.67,76.35,-27.17,-0.49,0.58,0.68,-105.03,-83.92,-205.15,1
1746815072.459795,-2.0,-0.46,-0.38,-14.76,-6.19,-17.34,-0.58,0.39,0.7,-70.27,-71.08,-207.28,1
1746815072.465131,-2.0,-0.57,-0.76,-0.93,4.88,-10.24,-0.71,0.4,0.7,-18.77,-88.14,-195.77,1
1746815072.48154,-2.0,-0.62,-0.5,18.24,31.95,1.87,-0.66,0.5,0.61,21.87,-89.57,-188.56,1
1746815072.498409,-2.0,-0.53,-0.8,14.07,-12.09,1.85,-0.65,0.65,0.56,35.25,-89.82,-181.53,1
1746815072.515153,-2.0,-0.41,-0.66,1.56,64.72,-6.05,-0.65,0.73,0.53,9.61,-90.38,-172.45,1
1746815072.532439,-2.0,-0.35,-0.58,9.36,-90.86,21.05,-0.57,0.78,0.48,-21.67,-93.95,-166.5,1
1746815072.550707,-2.0,-0.49,-0.72,-15.02,18.97,-5.23,-0.49,0.57,0.42,-26.53,-90.55,-156.48,1
1746815072.565446,-2.0,-0.44,-0.86,15.4,39.63,4.56,-0.42,0.55,0.39,-5.92,-76.63,-149.16,1
1746815072.565446,-2.0,-0.47,-0.61,10.34,90.76,-10.63,-0.4,0.54,0.45,19.06,-61.96,-142.31,1
1746815072.598123,-2.0,-0.51,-0.89,22.03,116.69,-18.16,-0.41,0.63,0.43,28.85,-54.18,-137.88,1
1746815072.598123,-2.0,-0.49,-0.8,19.6,209.29,-36.52,-0.28,0.72,0.36,31.87,-51.49,-129.4,1
1746815072.614837,-2.0,-0.31,0.18,9.05,47.34,-21.83,-0.19,0.78,0.33,28.48,-53.39,-119.76,1
1746815072.635289,-2.0,-0.46,-0.54,-11.95,50.86,-20.72,-0.22,0.85,0.45,23.76,-51.62,-104.14,1
1746815072.655368,-2.0,-0.39,-0.57,-17.31,-12.16,-1.34,-0.15,0.79,0.51,25.25,-41.98,-87.03,1
1746815072.664912,-2.0,-0.45,-0.76,-48.45,2.46,-15.9,-0.19,0.83,0.59,23.99,-27.29,-69.82,1
1746815072.68538,-2.0,-0.46,-0.69,-65.34,-11.23,-16.65,-0.18,0.84,0.64,15.2,-26.8,-52.63,1
1746815072.698408,-2.0,-0.54,-0.71,-20.17,3.48,5.88,-0.13,0.69,0.59,11.45,-18.5,-33.85,1
1746815072.714975,-2.0,-0.43,-0.58,-37.16,-33.15,13.16,-0.07,0.62,0.53,2.63,-25.33,-26.66,1
1746815072.72989,-2.0,-0.45,-0.74,-7.26,1.54,16.71,-0.07,0.51,0.49,8.87,-19.56,-20.42,1
1746815072.732101,-2.0,-0.49,-0.66,-0.86,-15.94,23.33,0.02,0.49,0.41,26.4,18.73,-19.09,1
1746815072.748533,-2.0,-0.49,-0.64,-14.19,-42.18,18.31,0.05,0.46,0.43,34.43,14.53,-17.11,1
1746815072.765512,-2.0,-0.35,-0.66,-31.23,5.72,-2.71,0.03,0.4,0.42,28.11,-2.4,-17.18,1
1746815072.782034,-2.0,-0.46,-0.73,-9.37,35.98,-2.19,-0.11,0.58,0.55,17.79,10.99,-19.53,1
1746815072.79861,-2.0,-0.38,-0.69,-46.65,44.1,-23.16,-0.03,0.48,0.51,7.85,21.36,-19.27,1
1746815072.820363,-2.0,-0.54,-0.81,-47.18,66.98,-34.31,0.05,0.42,0.45,0.01,-6.89,-14.26,1
1746815072.832297,-2.0,-0.54,-0.66,-46.18,31.59,-33.0,-0.15,0.51,0.64,-9.84,-54.13,-5.72,1
1746815072.84885,-2.0,-0.42,-0.73,-22.18,28.26,-10.89,-0.06,0.51,0.65,-1.56,-26.86,-3.76,1
1746815072.865236,-2.0,-0.37,-0.71,-38.4,23.21,-14.09,0.02,0.48,0.61,0.24,-13.13,-2.06,1
1746815072.87319,-2.0,-0.43,-0.75,-50.15,42.19,-25.79,0.04,0.45,0.61,11.41,2.11,-4.86,1
1746815072.894096,-2.0,-0.38,-0.73,-49.27,24.73,-22.3,0.08,0.42,0.52,13.33,5.31,-0.76,1
1746815072.898861,-2.0,-0.49,-0.77,-20.38,14.63,0.44,0.11,0.48,0.54,0.81,-5.9,-4.46,1
1746815072.921206,-2.0,-0.49,-0.73,-5.25,-15.4,19.65,-0.05,0.48,0.66,9.35,-3.94,0.53,1
1746815072.940188,-2.0,-0.42,-0.74,1.21,0.28,16.76,-0.05,0.48,0.72,4.02,-9.13,2.32,1
1746815072.954476,-2.0,-0.36,-0.73,-12.05,3.97,8.89,0.02,0.48,0.64,-4.61,-2.21,3.73,1
1746815072.969379,-2.0,-0.38,-0.71,-6.13,0.21,8.84,-0.04,0.47,0.71,-12.04,-7.21,5.53,1
1746815072.982356,-2.0,-0.43,-0.75,11.22,11.18,8.73,-0.07,0.41,0.8,-10.07,-4.2,5.86,1
1746815073.000892,-2.0,-0.39,-0.69,9.53,-14.7,20.76,-0.01,0.38,0.73,-14.56,-17.45,6.58,1
1746815073.008479,-2.0,-0.36,-0.82,2.3,-0.64,13.61,0.02,0.43,0.74,-15.53,-33.69,7.53,1
1746815073.023715,-2.0,-0.37,-0.72,11.03,-13.61,22.44,-0.02,0.43,0.73,-3.5,-9.12,3.21,1
1746815073.038079,-2.0,-0.38,-0.69,5.91,-50.3,40.4,-0.02,0.36,0.71,4.53,5.98,4.47,1
1746815073.052208,-2.0,-0.47,-0.82,12.37,-12.15,38.54,0.0,0.42,0.68,6.76,5.98,5.44,1
1746815073.065832,-2.0,-0.44,-0.72,6.87,5.34,24.88,-0.02,0.41,0.7,11.33,9.97,5.34,1
1746815073.08232,-2.0,-0.38,-0.7,7.27,-4.29,18.73,-0.03,0.43,0.71,10.27,8.26,3.45,1
1746815073.098889,-2.0,-0.42,-0.73,5.26,-8.08,14.24,-0.01,0.45,0.69,3.11,8.46,2.14,0
1746815073.115219,-2.0,-0.37,-0.71,1.66,-6.08,7.02,-0.03,0.42,0.65,-2.6,4.49,6.56,0
1746815073.132562,-2.0,-0.43,-0.76,5.4,5.22,0.38,-0.02,0.42,0.66,-3.46,4.89,7.37,0
1746815073.149209,-2.0,-0.4,-0.71,5.71,12.55,-2.97,-0.03,0.41,0.65,1.82,8.9,7.08,0
1746815073.165857,-2.0,-0.4,-0.69,20.24,-0.29,7.62,-0.03,0.4,0.6,6.92,8.89,6.79,0
1746815073.175022,-2.0,-0.41,-0.71,24.23,-6.48,17.67,-0.02,0.42,0.57,18.97,17.21,9.04,0
1746815073.193123,-2.0,-0.35,-0.69,20.24,-6.5,22.01,-0.05,0.42,0.53,28.82,16.39,9.37,0
1746815073.199267,-2.0,-0.37,-0.68,17.31,-7.99,18.04,-0.01,0.44,0.53,30.37,20.6,11.12,0
1746815073.215677,-2.0,-0.36,-0.67,28.82,-21.46,28.34,-0.04,0.5,0.53,22.62,23.71,11.24,0
1746815073.232743,-2.0,-0.4,-0.73,17.56,-4.83,19.3,0.01,0.47,0.47,19.03,35.42,11.27,0
1746815073.249269,-2.0,-0.38,-0.64,-9.69,-16.66,9.37,-0.09,0.48,0.5,22.23,39.46,11.91,0
1746815073.265945,-2.0,-0.45,-0.7,-0.6,-17.66,14.18,-0.13,0.48,0.48,25.0,29.15,14.66,0
1746815073.282583,-2.0,-0.4,-0.65,-1.14,-12.62,16.24,-0.14,0.44,0.4,34.54,47.33,15.92,0
1746815073.299355,-2.0,-0.41,-0.63,-1.81,-35.19,21.6,-0.07,0.41,0.21,38.95,47.13,19.96,0
1746815073.317932,-2.0,-0.42,-0.66,-14.07,-38.47,17.11,-0.05,0.41,0.25,49.11,59.69,20.11,0
1746815073.325613,-2.0,-0.35,-0.64,-17.45,-47.41,18.71,-0.09,0.43,0.24,55.25,67.75,18.47,0
1746815073.340959,-2.0,-0.37,-0.69,-7.56,-75.64,24.21,-0.16,0.44,0.23,64.91,69.56,14.83,0
1746815073.349234,-2.0,-0.45,-0.7,-11.3,-62.31,21.42,-0.26,0.49,0.18,81.27,76.45,14.38,0
1746815073.365808,-2.0,-0.39,-0.65,-16.89,-40.79,15.98,-0.26,0.67,0.08,79.82,93.5,21.08,0
1746815073.382169,-2.0,-0.38,-0.6,-28.52,-56.0,13.76,-0.29,0.78,0.15,43.38,88.0,31.74,0
1746815073.399142,-2.0,-0.42,-0.74,-25.48,-49.51,12.23,-0.31,0.69,0.21,12.88,85.01,41.37,0
1746815073.415494,-2.0,-0.46,-0.81,-12.66,-12.37,9.39,-0.37,0.58,0.25,0.05,84.93,46.6,0
1746815073.432615,-2.0,-0.4,-0.7,-15.38,14.72,0.9,-0.43,0.43,0.19,4.95,79.4,47.44,0
1746815073.449824,-2.0,-0.48,-0.66,-12.03,5.08,-0.69,-0.44,0.37,0.13,27.53,73.88,46.23,0
1746815073.466289,-2.0,-0.46,-0.74,-2.79,1.73,2.95,-0.24,0.34,0.13,51.41,88.27,45.24,0
1746815073.476405,-2.0,-0.43,-0.61,3.27,9.31,5.68,-0.28,0.51,0.29,47.95,103.78,33.2,0
1746815073.492654,-2.0,-0.42,-0.73,-4.78,19.05,1.76,-0.4,0.49,0.38,23.91,93.97,15.21,0
1746815073.502383,-2.0,-0.47,-0.58,-11.4,-9.72,2.8,-0.42,0.37,0.32,13.74,85.47,1.79,0
1746815073.516591,-2.0,-0.5,-0.73,4.17,-24.92,9.76,-0.47,0.3,0.25,25.07,71.09,-4.58,0
1746815073.532863,-2.0,-0.44,-0.7,-4.98,-3.38,0.9,-0.32,0.36,0.24,39.05,70.31,-10.05,0
1746815073.549308,-2.0,-0.45,-0.68,-13.92,-0.86,-2.79,-0.3,0.44,0.23,41.69,86.26,-14.77,0
1746815073.567588,-2.0,-0.4,-0.57,-23.5,-20.31,0.82,-0.32,0.53,0.23,33.21,109.41,-24.11,0
1746815073.582261,-2.0,-0.43,-0.61,-22.6,-51.53,12.5,-0.44,0.55,0.26,28.61,122.89,-34.63,0
1746815073.599512,-2.0,-0.46,-0.66,-25.98,-37.03,8.5,-0.48,0.5,0.27,17.8,130.82,-43.66,0
1746815073.610764,-2.0,-0.46,-0.7,-17.81,-3.44,5.5,-0.58,0.5,0.33,21.4,126.3,-50.27,0
1746815073.626896,-2.0,-0.42,-0.45,-19.68,-40.07,13.73,-0.62,0.48,0.3,36.78,111.58,-52.43,0
1746815073.641333,-2.0,-0.45,-0.68,-14.09,-41.6,12.83,-0.61,0.57,0.32,40.92,111.63,-57.06,0
1746815073.649297,-2.0,-0.45,-0.71,-7.4,-17.03,11.76,-0.6,0.65,0.35,50.56,115.85,-58.5,0
1746815073.669786,-2.0,-0.42,-0.58,-15.92,-45.39,13.37,-0.71,0.74,0.39,44.94,114.53,-59.76,0
1746815073.682752,-2.0,-0.43,-0.73,-10.74,-15.12,7.09,-0.76,0.77,0.39,23.4,120.56,-66.95,0
1746815073.699173,-2.0,-0.38,-0.69,-6.17,-4.45,9.56,-0.77,0.74,0.46,6.96,120.31,-67.71,0
1746815073.7114,-2.0,-0.38,-0.64,1.34,28.43,5.87,-0.84,0.61,0.49,1.86,119.06,-67.65,0
1746815073.732583,-2.0,-0.44,-0.75,13.97,60.83,1.15,-0.8,0.55,0.5,12.81,109.3,-71.69,0
1746815073.74981,-2.0,-0.49,-0.76,17.06,92.81,-4.14,-0.82,0.46,0.45,40.18,93.18,-75.08,0
1746815073.759452,-2.0,-0.55,-0.72,34.84,82.41,0.34,-0.76,0.56,0.47,49.38,81.98,-77.87,0
1746815073.773705,-2.0,-0.48,-0.82,31.66,142.95,-8.88,-0.81,0.54,0.53,36.0,78.02,-83.86,0
1746815073.787438,-2.0,-0.38,-0.52,-0.32,111.64,-18.08,-0.87,0.53,0.53,27.59,87.52,-98.24,0
1746815073.803264,-2.0,-0.36,-0.27,-16.96,22.08,-8.41,-0.96,0.37,0.5,26.44,72.17,-104.89,0
1746815073.816453,-2.0,-0.42,-0.65,-22.19,4.7,2.37,-1.03,0.37,0.5,38.56,57.01,-106.3,0
1746815073.833117,-2.0,-0.45,-0.68,-26.02,3.27,6.99,-1.06,0.36,0.32,64.69,54.11,-115.98,0
1746815073.849595,-2.0,-0.43,-0.68,-28.52,10.14,7.46,-1.12,0.52,0.26,72.8,39.26,-120.82,0
1746815073.866585,-2.0,-0.4,-0.66,-27.22,23.25,11.04,-1.22,0.63,0.21,71.47,48.15,-140.6,0
1746815073.883467,-2.0,-0.44,-0.66,-28.55,-14.21,23.46,-1.23,0.78,0.16,59.85,43.05,-144.63,0
1746815073.900153,-2.0,-0.53,-0.77,-9.63,-1.8,23.49,-1.22,0.93,0.16,45.63,46.76,-138.35,0
1746815073.916071,-2.0,-0.43,-0.62,-7.66,-11.29,18.79,-1.19,1.09,0.2,32.85,52.14,-121.21,0
1746815073.925688,-2.0,-0.57,-0.77,23.4,-8.08,20.99,-1.17,1.11,0.2,15.73,54.05,-95.85,0
1746815073.93895,-2.0,-0.59,-0.74,34.34,7.65,14.57,-1.14,1.21,0.29,5.29,60.78,-62.75,0
1746815073.953231,-2.0,-0.53,-0.68,33.56,-13.81,17.51,-1.1,1.01,0.2,18.13,76.02,-27.76,0
1746815073.96656,-2.0,-0.38,-0.7,35.42,8.1,6.39,-1.12,0.84,0.23,18.34,40.21,19.94,0
1746815073.982607,-2.0,-0.48,-0.91,57.04,76.09,-10.79,-1.1,0.62,0.23,38.22,28.34,38.07,0
1746815073.999608,-2.0,-0.43,-0.62,52.45,30.24,-0.18,-0.98,0.61,0.18,29.79,11.01,50.59,0
1746815074.016389,-2.0,-0.48,-0.65,41.08,-3.71,11.27,-0.96,0.62,0.12,10.24,10.2,49.71,0
1746815074.035907,-2.0,-0.36,-0.53,-10.53,18.92,-12.63,-0.87,0.4,0.02,6.27,16.47,39.31,0
1746815074.04984,-2.0,-0.43,-0.68,-14.82,-7.82,-2.38,-0.8,0.37,-0.02,-3.02,12.36,35.82,0
1746815074.066487,-2.0,-0.41,-0.66,-28.47,16.87,-15.5,-0.84,0.44,0.07,-10.7,33.37,19.17,0
1746815074.075509,-2.0,-0.39,-0.65,-12.21,-8.76,-2.34,-0.82,0.41,0.06,-45.03,12.87,11.44,0
1746815074.091485,-2.0,-0.42,-0.67,-15.97,6.08,-5.21,-0.77,0.36,0.04,-52.58,29.99,-2.31,0
1746815074.103197,-2.0,-0.43,-0.64,-17.58,-3.75,0.45,-0.87,0.38,0.07,-52.38,17.78,-3.95,0
1746815074.116348,-2.0,-0.45,-0.64,-6.66,-21.38,16.27,-0.91,0.34,0.11,-35.83,29.06,-10.93,0
1746815074.133439,-2.0,-0.45,-0.68,-7.86,-12.84,18.32,-0.88,0.45,0.06,-45.17,12.88,-7.68,0
1746815074.149968,-2.0,-0.43,-0.74,-16.42,15.04,6.11,-0.93,0.37,0.07,-53.1,-1.93,-1.56,0
1746815074.169395,-2.0,-0.45,-0.86,-2.97,24.66,9.0,-0.87,0.42,0.04,-48.31,-4.95,3.15,0
1746815074.183489,-2.0,-0.49,-0.53,-8.48,-8.18,13.02,-0.95,0.41,0.09,-62.59,6.43,-10.75,0
1746815074.20063,-2.0,-0.54,-0.78,0.88,12.47,9.65,-0.9,0.45,-0.05,-57.15,7.11,1.15,0
1746815074.208229,-2.0,-0.49,-0.68,-3.3,1.53,9.54,-0.84,0.39,-0.05,-55.41,11.89,-4.81,0
1746815074.224078,-2.0,-0.48,-0.69,13.6,-13.92,18.25,-0.9,0.3,-0.03,-48.84,11.97,-3.51,0
1746815074.238985,-2.0,-0.47,-0.7,6.74,14.82,6.11,-0.9,0.32,-0.01,-47.5,5.47,-5.63,0
1746815074.253784,-2.0,-0.49,-0.66,-3.89,5.21,4.02,-0.88,0.31,-0.01,-43.02,2.31,-2.71,0
1746815074.266692,-2.0,-0.44,-0.7,-9.35,20.49,-1.56,-0.88,0.33,-0.01,-31.21,9.63,-5.6,0
1746815074.283397,-2.0,-0.41,-0.66,-18.15,8.47,0.46,-0.9,0.31,-0.02,-29.06,6.03,-7.75,0
1746815074.300095,-2.0,-0.43,-0.67,-40.61,8.77,-4.56,-0.9,0.31,-0.01,-13.85,5.18,-7.43,0
1746815074.316652,-2.0,-0.45,-0.7,-46.83,25.89,-9.74,-0.89,0.33,-0.03,-11.79,1.69,-4.24,0
1746815074.333587,-2.0,-0.48,-0.66,-40.11,10.39,-4.16,-0.95,0.35,0.02,-23.34,-16.47,-6.82,0
1746815074.35225,-2.0,-0.45,-0.69,-27.55,3.6,2.04,-0.86,0.36,-0.07,-22.47,-16.2,-5.35,0
1746815074.353983,-2.0,-0.43,-0.68,-36.03,8.73,-3.16,-0.87,0.41,-0.04,-9.47,-4.15,1.24,0
1746815074.383008,-2.0,-0.45,-0.69,-23.15,6.93,3.24,-0.87,0.44,-0.01,-5.4,-7.82,2.05,0
1746815074.383008,-2.0,-0.45,-0.68,-14.66,3.78,5.82,-0.86,0.46,-0.01,-8.09,-7.24,5.45,0
1746815074.403135,-2.0,-0.44,-0.69,-7.44,17.86,1.45,-0.93,0.43,0.03,-26.78,-19.95,0.2,0
1746815074.416775,-2.0,-0.44,-0.69,-0.86,8.57,6.37,-0.84,0.46,-0.06,-21.92,-8.6,8.39,0
1746815074.433432,-2.0,-0.45,-0.71,-4.44,3.95,7.89,-0.9,0.38,-0.02,-11.09,6.2,13.46,0
1746815074.450349,-2.0,-0.44,-0.68,-4.15,-3.53,9.87,-0.9,0.39,0.01,-4.43,-6.73,8.78,0
1746815074.467245,-2.0,-0.45,-0.71,-6.34,-0.4,7.42,-0.85,0.42,-0.06,-5.16,3.91,7.58,0
1746815074.485532,-2.0,-0.39,-0.64,-0.37,-1.54,8.39,-0.86,0.46,0.02,-9.94,5.6,8.02,0
1746815074.501777,-2.0,-0.43,-0.72,-7.98,1.38,5.37,-0.87,0.44,-0.02,-12.47,7.73,6.6,0
1746815074.509994,-2.0,-0.44,-0.67,-23.15,0.88,-0.05,-0.9,0.35,0.01,4.89,33.47,4.67,0
1746815074.526123,-2.0,-0.42,-0.7,-18.56,-12.22,5.83,-0.74,0.42,-0.17,9.61,20.31,7.11,0
1746815074.539593,-2.0,-0.42,-0.69,-22.1,13.17,-3.02,-0.89,0.43,-0.12,-2.62,1.26,4.66,0
1746815074.55398,-2.0,-0.42,-0.64,-26.76,-16.61,5.06,-0.83,0.45,-0.05,-23.22,-2.27,6.44,0
1746815074.567204,-2.0,-0.36,-0.75,-36.98,14.53,-1.78,-0.92,0.4,0.0,-9.02,-0.44,11.64,0
1746815074.583785,-2.0,-0.38,-0.61,-21.63,-6.88,8.33,-0.89,0.4,-0.04,-5.53,9.64,12.83,0
1746815074.600593,-2.0,-0.36,-0.73,-21.12,-6.7,2.06,-0.86,0.42,-0.07,-14.71,5.18,10.18,0
1746815074.620225,-2.0,-0.42,-0.72,-14.27,-1.5,2.0,-0.93,0.46,0.01,-6.83,6.66,8.73,1
1746815074.633588,-2.0,-0.42,-0.7,-15.02,23.33,-1.22,-0.91,0.49,-0.01,-6.27,3.71,11.92,1
1746815074.649974,-2.0,-0.45,-0.66,-4.78,-5.37,8.81,-0.92,0.59,-0.07,-10.68,13.8,27.05,1
1746815074.658228,-2.0,-0.44,-0.74,-7.4,23.0,0.25,-1.0,0.75,-0.04,-3.58,17.25,39.53,1
1746815074.674947,-2.0,-0.41,-0.57,5.99,-15.49,16.4,-1.01,0.77,-0.07,-5.05,17.05,49.1,1
1746815074.690382,-2.0,-0.42,-0.75,15.39,-19.34,22.65,-0.98,1.01,-0.12,-7.43,21.95,65.03,1
1746815074.710073,-2.0,-0.44,-0.72,12.56,-23.64,24.66,-1.08,1.11,-0.13,5.29,-4.2,83.79,1
1746815074.724741,-2.0,-0.43,-0.79,9.32,-12.21,24.11,-1.06,1.44,-0.3,5.4,44.92,110.56,1
1746815074.733537,-2.0,-0.37,-0.69,6.23,-11.67,22.59,-1.27,1.84,-0.25,-25.48,33.47,144.95,1
1746815074.75048,-2.0,-0.43,-0.79,11.4,8.61,16.16,-1.3,1.92,-0.46,-54.11,130.5,189.92,1
1746815074.767502,-2.0,-0.45,-0.6,1.21,4.45,9.41,-1.54,1.93,-0.39,-71.89,83.44,224.16,1
1746815074.783925,-2.0,-0.43,-0.68,-4.3,11.15,3.91,-1.5,1.66,-0.57,-84.31,69.37,247.41,1
1746815074.800587,-2.0,-0.41,-0.53,-7.53,-27.38,10.02,-1.36,1.44,-0.63,-100.82,118.65,250.13,1
1746815074.808917,-2.0,-0.42,-0.72,-12.83,-10.76,4.05,-1.4,1.21,-0.48,-81.3,137.18,250.13,1
1746815074.825744,-2.0,-0.4,-0.64,-12.52,3.44,0.87,-1.15,1.07,-0.56,-53.43,136.05,250.13,1
1746815074.837179,-2.0,-0.38,-0.67,-6.95,-18.73,4.53,-1.18,0.95,-0.34,-47.21,129.6,250.13,1
1746815074.850904,-2.0,-0.39,-0.65,-4.83,-17.92,5.07,-0.99,0.87,-0.36,-57.92,138.49,250.13,1
1746815074.867322,-2.0,-0.41,-0.67,-8.92,-24.06,5.11,-0.92,0.79,-0.3,-74.01,142.56,250.13,1
1746815074.883548,-2.0,-0.47,-0.7,-10.44,-6.59,4.46,-0.83,0.61,-0.23,-85.99,128.82,250.13,1
1746815074.900654,-2.0,-0.51,-0.76,-8.08,1.66,2.96,-0.77,0.49,-0.16,-77.86,107.7,250.13,1
1746815074.917949,-2.0,-0.53,-0.7,-5.73,10.04,-2.53,-0.68,0.46,-0.2,-71.38,93.68,249.87,1
1746815074.936312,-2.0,-0.54,-0.71,5.73,10.93,-3.46,-0.6,0.54,-0.27,-74.06,109.42,233.78,1
1746815074.950171,-2.0,-0.51,-0.74,7.01,-1.99,-1.66,-0.57,0.64,-0.26,-88.11,92.12,218.62,1
1746815074.959906,-2.0,-0.51,-0.75,-6.81,15.48,-9.8,-0.6,0.78,-0.23,-112.15,72.97,204.66,1
1746815074.976249,-2.0,-0.56,-0.69,-1.93,-27.95,0.97,-0.53,0.76,-0.28,-130.24,99.15,191.73,1
1746815074.988958,-2.0,-0.55,-0.8,6.34,17.21,-5.48,-0.5,0.7,-0.24,-144.8,93.27,180.02,1
1746815075.003798,-2.0,-0.47,-0.64,7.81,-12.21,0.31,-0.51,0.73,-0.19,-147.06,75.06,178.03,1
1746815075.017543,-2.0,-0.47,-0.75,8.53,7.46,-3.49,-0.5,0.7,-0.14,-155.27,69.7,171.0,1
1746815075.034096,-2.0,-0.45,-0.61,8.81,-12.79,0.61,-0.44,0.69,-0.16,-158.66,73.62,163.07,1
1746815075.050739,-2.0,-0.45,-0.72,4.11,-7.98,0.49,-0.45,0.54,-0.0,-156.96,61.71,157.56,1
1746815075.067829,-2.0,-0.41,-0.6,-3.47,-7.75,1.06,-0.41,0.43,0.07,-143.19,48.11,151.39,1
1746815075.086014,-2.0,-0.43,-0.69,1.42,7.07,1.24,-0.22,0.36,-0.08,-144.41,56.01,141.49,1
1746815075.100956,-2.0,-0.38,-0.59,-3.21,-15.45,3.57,-0.27,0.36,0.04,-174.76,70.49,116.46,1
1746815075.10982,-2.0,-0.39,-0.63,-8.61,-30.99,2.21,-0.2,0.35,0.07,-228.92,84.34,82.81,1
1746815075.125932,-2.0,-0.39,-0.61,-7.85,-34.59,3.3,-0.2,0.38,0.15,-250.14,99.98,38.25,1
1746815075.138843,-2.0,-0.4,-0.65,-5.83,-37.53,5.5,-0.2,-0.3,0.28,-250.14,103.99,-5.09,1
1746815075.153695,-2.0,-0.4,-0.69,-7.15,-18.77,4.09,-0.19,-0.78,0.74,-250.14,95.15,-39.84,1
1746815075.167606,-2.0,-0.39,-0.62,-12.93,-23.11,4.64,-0.27,-0.71,1.06,-185.55,80.73,-56.22,1
1746815075.184074,-2.0,-0.41,-0.65,-10.63,-26.56,9.1,-0.35,-0.44,1.22,-142.24,53.69,-70.65,1
1746815075.205357,-2.0,-0.42,-0.62,-8.41,-35.93,11.92,-0.35,-0.32,1.2,-152.22,16.98,-83.44,1
1746815075.217732,-2.0,-0.44,-0.69,-6.7,-31.92,12.81,-0.34,-0.39,1.19,-163.37,-15.96,-111.17,1
1746815075.236515,-2.0,-0.42,-0.73,-10.73,7.29,2.96,-0.33,-0.64,1.21,-134.5,-41.11,-143.52,1
1746815075.252146,-2.0,-0.38,-0.61,-17.89,-8.47,2.32,-0.34,-0.68,1.14,-88.55,-57.26,-163.93,1
1746815075.259626,-2.0,-0.42,-0.72,-23.15,-2.79,-4.11,-0.38,-0.66,1.05,-6.8,-60.16,-178.48,1
1746815075.27562,-2.0,-0.43,-0.68,-18.08,17.83,-7.81,-0.49,-0.35,0.98,58.89,-62.27,-192.54,1
1746815075.288334,-2.0,-0.44,-0.65,-11.13,14.79,-6.34,-0.57,0.16,0.94,64.27,-74.75,-210.08,1
1746815075.301011,-2.0,-0.4,-0.66,-12.34,22.55,-7.16,-0.61,0.57,0.87,-1.62,-89.31,-232.63,1
1746815075.317306,-2.0,-0.39,-0.68,-12.15,32.48,-7.86,-0.55,0.64,0.77,-100.34,-95.34,-250.14,1
1746815075.33397,-2.0,-0.41,-0.64,-11.88,38.46,-8.62,-0.51,0.48,0.67,-145.39,-74.18,-250.14,1
1746815075.353755,-2.0,-0.44,-0.68,-14.54,39.6,-10.69,-0.55,0.34,0.61,-141.95,-59.05,-250.14,1
1746815075.367744,-2.0,-0.4,-0.66,-13.81,55.27,-9.49,-0.56,0.29,0.57,-87.58,-27.32,-250.14,1
1746815075.384899,-2.0,-0.42,-0.52,-17.14,20.56,-9.31,-0.62,0.34,0.6,-28.79,-30.7,-250.14,1
1746815075.400864,-2.0,-0.44,-0.7,-10.55,7.71,-5.24,-0.65,0.36,0.6,24.76,-63.17,-249.91,1
1746815075.409077,-2.0,-0.43,-0.66,-15.45,10.25,-11.54,-0.63,0.54,0.6,42.91,-76.53,-231.08,1
1746815075.425749,-2.0,-0.44,-0.7,-21.46,4.49,-15.3,-0.64,0.75,0.6,-14.69,-91.34,-231.4,1
1746815075.444657,-2.0,-0.45,-0.67,-25.19,5.73,-18.99,-0.51,0.68,0.49,-73.4,-75.88,-242.21,1
1746815075.459517,-2.0,-0.45,-0.64,-25.11,-1.01,-18.87,-0.52,0.44,0.53,-76.56,-57.94,-245.7,1
1746815075.4754,-2.0,-0.43,-0.72,-19.73,3.72,-16.06,-0.53,0.28,0.52,-12.43,-36.91,-231.66,1
1746815075.489527,-2.0,-0.43,-0.73,-19.95,7.75,-17.12,-0.6,0.27,0.61,74.5,-24.85,-205.68,1
1746815075.505413,-2.0,-0.43,-0.71,-25.25,15.37,-21.8,-0.66,0.38,0.63,130.75,-35.52,-180.96,1
1746815075.517604,-2.0,-0.41,-0.68,-14.86,8.66,-15.04,-0.7,0.67,0.68,121.54,-55.42,-168.69,1
1746815075.534475,-2.0,-0.43,-0.73,-11.96,20.85,-14.85,-0.7,0.81,0.7,45.3,-80.18,-172.55,1
1746815075.550891,-2.0,-0.48,-0.66,-3.75,28.11,-11.11,-0.6,0.67,0.63,-29.21,-85.61,-182.94,1
1746815075.55994,-2.0,-0.43,-0.71,-1.18,24.91,-5.93,-0.56,0.49,0.6,-53.65,-83.03,-188.69,1
1746815075.576027,-2.0,-0.34,-0.69,-4.22,10.72,2.73,-0.55,0.36,0.58,-31.83,-78.4,-189.49,1
1746815075.588739,-2.0,-0.47,-0.75,8.52,-10.17,10.64,-0.59,0.26,0.54,12.65,-67.78,-189.18,1
1746815075.601188,-2.0,-0.41,-0.51,1.75,-24.4,21.74,-0.67,0.44,0.52,47.65,-54.45,-184.85,1
1746815075.617775,-2.0,-0.56,-0.7,7.92,-9.77,18.87,-0.67,0.65,0.49,29.08,-54.19,-190.37,1
1746815075.634617,-2.0,-0.5,-0.57,8.11,-13.01,28.59,-0.66,0.71,0.57,-2.23,-70.11,-188.55,1
1746815075.65152,-2.0,-0.4,-0.66,-12.22,-5.02,22.92,-0.7,0.62,0.62,-10.91,-97.76,-177.27,1
1746815075.667981,-2.0,-0.45,-0.81,-11.74,4.62,20.23,-0.59,0.52,0.55,11.97,-101.73,-163.07,1
1746815075.686018,-2.0,-0.42,-0.56,-14.04,-45.9,20.29,-0.48,0.61,0.45,28.6,-100.45,-149.92,1
1746815075.701355,-2.0,-0.49,-0.65,7.17,-84.92,31.65,-0.45,0.76,0.47,44.42,-104.71,-143.15,1
1746815075.710383,-2.0,-0.52,-0.79,11.19,-36.58,16.01,-0.38,0.9,0.46,43.53,-100.18,-136.47,1
1746815075.726728,-2.0,-0.44,-0.81,22.56,2.55,6.71,-0.26,1.04,0.41,50.89,-83.09,-121.31,1
1746815075.73786,-2.0,-0.47,-0.56,28.44,5.15,10.97,-0.18,1.14,0.47,48.38,-62.5,-93.4,1
1746815075.751603,-2.0,-0.49,-0.82,29.02,42.04,5.0,-0.14,1.15,0.48,37.38,-44.06,-56.58,1
1746815075.767792,-2.0,-0.55,-0.79,19.09,95.82,-8.4,-0.11,1.04,0.51,4.02,-31.85,-21.82,1
1746815075.784748,-2.0,-0.41,-0.31,-18.03,35.18,-17.86,-0.11,0.76,0.53,-33.68,-22.95,-5.62,1
1746815075.801511,-2.0,-0.54,-0.76,-30.18,51.08,-23.95,-0.02,0.43,0.51,-46.65,-6.82,-9.14,1
1746815075.82029,-2.0,-0.44,-0.65,-36.47,21.18,-15.15,-0.05,0.33,0.51,-38.83,-1.02,-24.33,1
1746815075.835188,-2.0,-0.42,-0.69,-38.89,45.04,-18.33,-0.02,0.29,0.48,-25.04,0.42,-37.02,1
1746815075.851287,-2.0,-0.43,-0.65,-48.63,24.73,-18.98,-0.02,0.4,0.52,-11.02,7.5,-39.6,1
1746815075.859729,-2.0,-0.43,-0.72,-49.25,28.57,-17.61,-0.03,0.45,0.55,-2.6,11.99,-33.7,1
1746815075.873776,-2.0,-0.44,-0.65,-37.09,13.06,-5.5,-0.06,0.48,0.6,8.72,11.4,-23.94,1
1746815075.889017,-2.0,-0.5,-0.72,-29.82,5.71,2.77,-0.12,0.49,0.65,16.37,-4.73,-13.92,1
1746815075.901622,-2.0,-0.47,-0.74,-25.16,5.42,5.53,-0.09,0.54,0.62,17.18,-10.19,-7.98,1
1746815075.918487,-2.0,-0.48,-0.72,-22.31,0.17,8.72,-0.05,0.53,0.61,9.35,-7.36,-3.96,1
1746815075.934638,-2.0,-0.45,-0.71,-15.1,0.5,9.06,-0.05,0.49,0.62,2.54,1.66,-1.27,1
1746815075.951831,-2.0,-0.43,-0.73,-11.87,0.86,8.43,-0.07,0.44,0.67,-3.46,-5.42,2.49,1
1746815075.970378,-2.0,-0.43,-0.73,-9.75,1.19,7.88,-0.27,0.28,0.91,-11.0,-36.47,2.44,1
1746815075.987025,-2.0,-0.44,-0.74,-7.02,7.4,1.86,-0.1,0.4,0.77,-1.85,-9.31,3.09,1
1746815075.992388,-2.0,-0.42,-0.7,4.8,-3.33,9.17,-0.04,0.36,0.67,4.94,-3.27,1.45,1
1746815076.008364,-2.0,-0.42,-0.7,11.92,2.9,9.56,-0.04,0.39,0.63,5.78,-10.43,1.74,1
1746815076.022255,-2.0,-0.44,-0.75,7.42,14.08,10.58,0.01,0.4,0.6,1.08,-9.88,4.5,1
1746815076.037672,-2.0,-0.55,-0.7,1.24,15.07,16.48,-0.01,0.4,0.66,-0.5,-3.46,5.3,1
1746815076.051519,-2.0,-0.54,-0.73,-0.06,0.84,22.36,0.02,0.4,0.67,-3.12,13.0,4.82,1
1746815076.068117,-2.0,-0.43,-0.73,-16.86,-6.73,14.89,0.02,0.36,0.65,-3.59,23.24,3.31,1
1746815076.090974,-2.0,-0.38,-0.75,-33.63,-7.18,2.95,-0.03,0.4,0.71,-6.24,15.08,4.85,0
1746815076.105059,-2.0,-0.35,-0.74,-39.14,-9.88,-6.97,-0.07,0.36,0.71,-1.62,11.84,5.47,0
1746815076.117774,-2.0,-0.39,-0.73,-26.68,-6.31,-10.32,-0.08,0.36,0.68,2.08,2.73,7.56,0
1746815076.134576,-2.0,-0.35,-0.64,-28.94,-26.31,-3.05,-0.06,0.39,0.65,7.29,1.63,9.46,0
1746815076.14085,-2.0,-0.46,-0.76,-5.92,-29.64,8.35,-0.05,0.4,0.62,9.54,3.06,11.24,0
1746815076.158309,-2.0,-0.42,-0.7,3.56,-25.69,9.56,-0.05,0.41,0.62,8.38,7.4,13.22,0
1746815076.172994,-2.0,-0.39,-0.75,19.33,-23.76,15.1,-0.05,0.41,0.63,4.51,11.31,14.9,0
1746815076.184936,-2.0,-0.36,-0.77,20.84,-7.64,12.44,-0.05,0.39,0.62,2.8,13.43,14.97,0
1746815076.201552,-2.0,-0.33,-0.64,20.04,-27.49,18.25,-0.1,0.36,0.62,8.69,15.44,17.27,0
1746815076.218394,-2.0,-0.41,-0.75,10.97,-22.6,14.77,-0.08,0.37,0.56,19.11,20.7,19.85,0
1746815076.239942,-2.0,-0.42,-0.82,9.07,10.18,7.1,-0.1,0.32,0.53,35.07,22.27,21.4,0
1746815076.251628,-2.0,-0.4,-0.55,-1.44,-13.56,5.63,-0.16,0.28,0.51,67.27,21.27,20.1,0
1746815076.270627,-2.0,-0.42,-0.94,0.94,31.02,-1.88,-0.2,0.29,0.45,111.0,28.37,24.98,0
1746815076.285571,-2.0,-0.42,-0.79,16.95,24.81,4.41,-0.18,0.56,0.33,120.29,40.62,28.18,0
1746815076.29496,-2.0,-0.42,-0.6,1.44,-19.4,1.17,-0.13,0.66,0.2,94.08,41.52,33.16,0
1746815076.309979,-2.0,-0.41,-0.61,-3.13,8.48,-5.28,-0.12,0.68,0.13,69.44,56.05,35.79,0
1746815076.324523,-2.0,-0.38,-0.68,0.95,9.87,-6.73,-0.15,0.71,0.02,43.5,76.93,35.15,0
1746815076.335215,-2.0,-0.39,-0.68,-1.46,5.38,-7.88,-0.27,0.79,-0.06,5.76,95.66,30.24,0
1746815076.352031,-2.0,-0.42,-0.67,-7.66,-6.63,-12.38,-0.35,0.69,-0.17,-28.34,94.08,39.37,0
1746815076.368201,-2.0,-0.45,-0.64,2.45,-47.27,-7.35,-0.25,0.62,-0.19,-34.29,131.44,51.95,0
1746815076.384965,-2.0,-0.5,-0.68,9.87,-52.99,-2.79,-0.4,0.55,0.01,-42.74,172.66,56.82,0
1746815076.401982,-2.0,-0.51,-0.73,5.37,-37.5,-2.55,-0.57,0.42,0.18,-41.74,195.21,50.35,0
1746815076.420746,-2.0,-0.46,-0.75,0.45,-33.52,-5.38,-0.66,0.27,0.26,-19.43,189.0,47.32,0
1746815076.435499,-2.0,-0.45,-0.59,3.65,-75.29,-2.24,-0.64,0.22,0.24,22.03,159.58,53.69,0
1746815076.444087,-2.0,-0.53,-0.83,19.08,-61.29,0.6,-0.57,0.24,0.14,53.3,131.73,64.33,0
1746815076.460461,-2.0,-0.5,-0.73,17.63,-25.01,-6.19,-0.49,0.31,0.04,69.08,102.65,79.21,0
1746815076.474386,-2.0,-0.46,-0.75,24.37,20.66,-15.46,-0.35,0.46,0.03,55.82,103.95,84.34,0
1746815076.489071,-2.0,-0.51,-0.71,7.25,60.03,-35.6,-0.41,0.49,0.06,14.95,101.47,71.79,0
1746815076.501863,-2.0,-0.53,-0.46,4.68,4.12,-23.52,-0.47,0.39,0.04,-17.85,110.58,52.08,0
1746815076.518373,-2.0,-0.49,-0.71,3.69,47.4,-25.48,-0.5,0.24,0.1,-31.46,126.27,28.84,0
1746815076.535577,-2.0,-0.42,-0.49,0.77,-6.88,-13.01,-0.56,0.12,0.14,-23.2,132.81,7.76,0
1746815076.551751,-2.0,-0.51,-0.7,2.74,-0.24,-6.58,-0.5,0.05,0.26,5.69,149.4,-9.95,0
1746815076.571575,-2.0,-0.47,-0.6,-0.21,-13.52,-0.42,-0.47,0.1,0.38,28.31,167.78,-26.76,0
1746815076.585008,-2.0,-0.48,-0.69,-4.3,-27.64,5.16,-0.56,0.15,0.44,47.44,181.4,-47.22,0
1746815076.60168,-2.0,-0.44,-0.72,-4.9,-23.4,8.34,-0.67,0.22,0.52,56.89,173.14,-62.1,0
1746815076.610431,-2.0,-0.53,-0.6,-5.08,-51.79,10.44,-0.68,0.29,0.58,63.57,177.85,-73.78,0
1746815076.624034,-2.0,-0.59,-0.62,14.73,-93.58,25.6,-0.86,0.32,0.74,49.24,147.99,-86.43,0
1746815076.638481,-2.0,-0.51,-0.73,-5.52,-22.04,12.67,-0.91,0.19,0.73,58.66,113.78,-97.55,0
1746815076.652008,-2.0,-0.54,-0.66,1.97,-39.24,14.73,-0.98,0.17,0.59,72.91,77.13,-97.02,0
1746815076.668754,-2.0,-0.59,-0.72,-2.18,-1.19,9.71,-0.95,0.26,0.43,95.91,63.56,-107.4,0
1746815076.685456,-2.0,-0.48,-0.65,-12.31,16.69,-1.94,-1.04,0.46,0.42,105.91,44.79,-107.55,0
1746815076.70233,-2.0,-0.49,-0.79,-10.5,29.41,-2.57,-1.06,0.5,0.3,102.08,46.18,-114.6,0
1746815076.718485,-2.0,-0.49,-0.7,-2.3,77.46,-8.08,-1.08,0.56,0.23,106.21,53.87,-112.08,0
1746815076.735176,-2.0,-0.52,-0.53,-3.99,81.56,-10.31,-1.15,0.37,0.02,119.08,3.7,-109.14,0
1746815076.742364,-2.0,-0.57,-0.72,-8.65,128.67,-18.64,-1.36,0.4,0.22,133.54,-10.53,-88.05,0
1746815076.760949,-2.0,-0.43,-0.59,1.75,111.57,-8.27,-1.4,0.7,0.34,143.17,-16.27,-62.88,0
1746815076.772995,-2.0,-0.6,-0.74,12.88,119.14,-2.24,-1.28,0.9,0.21,163.16,50.96,-91.6,0
1746815076.785492,-2.0,-0.5,-0.77,12.68,21.31,20.08,-1.32,1.2,0.41,124.52,58.95,-96.98,0
1746815076.801894,-2.0,-0.56,-0.68,5.22,29.74,14.26,-1.23,1.19,0.29,89.82,97.29,-124.11,0
1746815076.818617,-2.0,-0.51,-0.55,1.97,-2.65,26.79,-1.18,1.33,0.41,32.71,98.34,-113.91,0
1746815076.835782,-2.0,-0.54,-0.57,-3.47,14.11,19.48,-1.16,1.45,0.47,-9.05,113.94,-89.64,0
1746815076.85186,-2.0,-0.64,-0.89,-12.61,45.57,8.4,-1.07,1.52,0.51,-55.51,110.15,-48.58,0
1746815076.868975,-2.0,-0.37,-0.6,-10.14,50.41,3.69,-1.1,0.96,0.34,-64.11,101.57,-14.85,0
1746815076.885272,-2.0,-0.61,-0.6,20.85,-33.41,32.3,-1.14,0.98,0.44,-86.85,83.35,15.34,0
1746815076.893571,-2.0,-0.56,-0.6,-16.66,-8.24,10.24,-1.11,0.85,0.33,-100.14,87.08,25.99,0
1746815076.910876,-2.0,-0.4,-0.6,-7.4,-19.63,16.6,-1.08,0.7,0.24,-103.6,89.42,25.37,0
1746815076.924124,-2.0,-0.49,-0.6,-2.24,-88.15,31.73,-0.98,0.37,0.05,-98.21,99.05,17.07,0
1746815076.93882,-2.0,-0.61,-0.82,-12.3,-21.13,8.89,-1.17,0.02,0.31,-60.34,94.7,14.45,0
1746815076.952154,-2.0,-0.49,-0.71,0.24,-13.4,11.01,-1.03,0.14,0.26,-34.52,100.24,-4.0,0
1746815076.968928,-2.0,-0.53,-0.86,3.6,6.18,5.18,-0.93,0.07,0.16,-13.15,67.63,-15.63,0
1746815076.985795,-2.0,-0.46,-0.46,-25.17,7.83,-3.59,-0.88,0.11,0.19,13.95,41.34,-22.08,0
1746815077.002344,-2.0,-0.52,-0.87,-4.46,53.53,-1.56,-0.87,0.29,0.25,33.32,43.4,-34.77,0
1746815077.018652,-2.0,-0.42,-0.58,-13.22,84.88,-12.48,-0.86,0.3,0.08,63.34,39.06,-44.01,0
1746815077.035902,-2.0,-0.43,-0.29,-11.23,6.61,-0.04,-0.9,0.48,0.08,69.47,19.69,-31.66,0
1746815077.045136,-2.0,-0.46,-0.65,-13.75,15.41,1.85,-0.89,0.57,-0.04,64.85,11.01,-14.42,0
1746815077.060625,-2.0,-0.49,-0.65,-2.58,-25.15,19.44,-0.88,0.6,-0.15,47.69,4.56,-0.5,0
1746815077.073438,-2.0,-0.43,-0.74,-10.78,-5.37,15.31,-0.9,0.55,-0.19,31.91,0.11,9.02,0
1746815077.086549,-2.0,-0.49,-0.66,-7.53,18.28,12.85,-0.92,0.52,-0.21,12.19,1.55,9.57,0
1746815077.103149,-2.0,-0.37,-0.49,-11.64,-17.12,20.31,-0.96,0.4,-0.22,4.51,2.01,6.95,0
1746815077.119116,-2.0,-0.53,-0.9,8.47,-31.8,31.62,-0.95,0.4,-0.23,-9.75,-1.99,3.12,0
1746815077.136021,-2.0,-0.51,-0.48,-34.76,-19.26,9.77,-0.91,0.34,-0.26,-11.65,-3.66,0.85,0
1746815077.15233,-2.0,-0.52,-0.65,-29.43,-80.11,26.28,-0.9,0.31,-0.24,-9.54,-4.76,-1.49,0
1746815077.171337,-2.0,-0.56,-0.7,-19.05,-48.02,27.21,-0.88,0.31,-0.23,-4.31,-2.21,-2.61,0
1746815077.185839,-2.0,-0.58,-0.67,-19.08,-29.82,16.28,-0.86,0.36,-0.25,-2.24,0.84,-4.21,0
1746815077.195521,-2.0,-0.57,-0.73,-12.45,42.96,3.98,-0.88,0.37,-0.23,0.53,3.27,-4.34,0
1746815077.202488,-2.0,-0.5,-0.65,-7.05,32.01,4.89,-0.91,0.39,-0.22,-4.19,0.21,-4.6,0
1746815077.23549,-2.0,-0.46,-0.48,-16.14,-11.92,7.11,-0.9,0.43,-0.21,-8.84,-2.85,-1.92,0
1746815077.23549,-2.0,-0.56,-0.92,-5.63,26.31,2.09,-0.92,0.4,-0.21,-9.61,-3.33,-0.66,0
1746815077.252012,-2.0,-0.51,-0.69,-1.53,74.24,-7.11,-0.92,0.4,-0.19,-10.79,-4.18,2.66,0
1746815077.274065,-2.0,-0.5,-0.66,2.21,56.81,-4.43,-0.91,0.41,-0.22,-10.4,2.09,4.39,0
1746815077.28602,-2.0,-0.49,-0.59,-10.68,53.49,-6.99,-0.93,0.41,-0.19,-9.85,3.15,5.26,0
1746815077.303031,-2.0,-0.52,-0.7,-8.57,8.45,2.33,-0.93,0.41,-0.17,-13.27,2.76,6.23,0
1746815077.319533,-2.0,-0.49,-0.7,-11.31,22.62,-3.22,-0.92,0.41,-0.15,-14.79,4.31,5.82,0
1746815077.3359,-2.0,-0.49,-0.69,-17.78,27.32,-7.29,-0.91,0.42,-0.17,-20.34,4.11,4.79,0
1746815077.345118,-2.0,-0.47,-0.67,-15.37,10.25,-0.02,-0.95,0.39,-0.11,-22.07,-1.27,4.83,0
1746815077.361215,-2.0,-0.49,-0.69,-20.24,13.44,-1.78,-0.91,0.42,-0.12,-23.78,-0.98,6.37,0
1746815077.37362,-2.0,-0.49,-0.68,-17.2,15.61,-0.51,-0.88,0.38,-0.16,-21.53,1.21,5.85,0
1746815077.385748,-2.0,-0.5,-0.68,-19.53,14.22,-0.34,-0.88,0.43,-0.2,-23.88,2.15,4.91,0
1746815077.402613,-2.0,-0.5,-0.68,-20.93,11.48,2.02,-0.9,0.61,-0.11,-36.73,0.56,4.36,0
1746815077.419663,-2.0,-0.5,-0.63,-14.12,2.35,7.42,-1.06,-0.17,-0.16,-61.05,-16.65,-33.76,0
1746815077.436125,-2.0,-0.5,-0.71,-12.8,9.43,3.2,-0.96,0.27,-0.1,-53.54,-13.76,-8.87,0
1746815077.452788,-2.0,-0.47,-0.68,-18.4,3.66,2.88,-0.92,0.43,-0.09,-18.27,-4.95,18.13,0
1746815077.471605,-2.0,-0.46,-0.67,-14.92,-12.37,11.4,-0.94,0.37,-0.06,-27.71,-10.25,20.5,0
1746815077.48574,-2.0,-0.56,-0.83,-9.08,13.18,2.54,-1.02,0.35,-0.07,-28.85,-14.98,15.7,0
1746815077.500386,-2.0,-0.57,-0.75,-6.27,4.45,8.78,-0.96,0.33,-0.14,0.23,-3.45,23.43,1
1746815077.50259,-2.0,-0.42,-0.71,-8.8,17.79,1.36,-0.97,0.5,-0.1,3.86,-17.5,21.98,1
1746815077.524057,-2.0,-0.45,-0.67,-1.56,-5.01,9.01,-1.01,0.49,-0.17,18.24,-16.67,20.59,1
1746815077.535976,-2.0,-0.49,-0.75,-3.22,-2.62,7.28,-0.95,0.91,-0.28,16.2,-13.15,31.11,1
1746815077.552459,-2.0,-0.44,-0.71,-15.77,7.75,-2.02,-0.99,1.19,-0.32,-26.09,-0.87,54.47,1
1746815077.569388,-2.0,-0.5,-0.65,-12.73,6.47,0.89,-1.1,1.22,-0.26,-64.53,5.56,68.15,1
1746815077.586792,-2.0,-0.49,-0.69,-4.54,10.43,4.82,-1.05,1.19,-0.39,-96.05,11.05,101.54,1
1746815077.605698,-2.0,-0.47,-0.72,-6.24,1.84,8.89,-1.16,1.14,-0.33,-96.12,32.53,121.05,1
1746815077.619522,-2.0,-0.42,-0.65,-6.4,1.02,10.09,-1.21,1.19,-0.37,-74.61,9.08,141.92,1
1746815077.636223,-2.0,-0.44,-0.65,-8.0,-8.01,12.85,-1.09,1.31,-0.58,-80.45,62.18,164.82,1
1746815077.645173,-2.0,-0.45,-0.79,-2.06,-3.98,10.63,-1.24,1.36,-0.45,-87.22,64.48,182.23,1
1746815077.661388,-2.0,-0.4,-0.65,-4.27,4.36,6.18,-1.32,1.49,-0.47,-116.05,128.12,192.7,1
1746815077.673711,-2.0,-0.43,-0.68,4.67,-2.66,9.54,-1.39,1.43,-0.49,-121.83,141.43,215.3,1
1746815077.686144,-2.0,-0.45,-0.67,1.9,-9.9,10.82,-1.41,1.27,-0.43,-118.79,74.15,238.56,1
1746815077.703437,-2.0,-0.48,-0.7,5.09,-12.18,14.67,-1.18,1.24,-0.63,-131.96,93.9,250.13,1
1746815077.719455,-2.0,-0.47,-0.68,4.11,-14.27,14.34,-1.23,1.12,-0.47,-124.94,101.89,250.13,1
1746815077.736388,-2.0,-0.51,-0.66,7.79,3.24,15.06,-1.16,1.1,-0.47,-108.45,89.58,250.13,1
1746815077.753754,-2.0,-0.46,-0.66,16.05,-5.48,23.4,-1.03,1.08,-0.46,-117.58,47.7,250.13,1
1746815077.772783,-2.0,-0.47,-0.64,8.72,-25.18,23.5,-0.95,1.0,-0.46,-130.44,106.2,250.13,1
1746815077.787079,-2.0,-0.51,-0.65,12.33,-23.62,26.07,-0.94,0.92,-0.36,-145.25,85.8,250.13,1
1746815077.79599,-2.0,-0.5,-0.68,13.29,-33.14,24.03,-0.84,0.9,-0.38,-155.18,89.31,250.13,1
1746815077.808883,-2.0,-0.5,-0.78,0.11,7.77,9.93,-0.81,0.74,-0.33,-152.16,78.25,250.13,1
1746815077.823953,-2.0,-0.5,-0.67,-6.47,11.18,5.43,-0.74,0.73,-0.35,-155.36,82.36,249.34,1
1746815077.836435,-2.0,-0.52,-0.72,-6.21,8.18,6.4,-0.83,0.7,-0.26,-156.44,87.18,239.97,1
1746815077.852967,-2.0,-0.5,-0.71,-12.15,4.75,4.45,-0.73,0.74,-0.28,-164.72,101.41,226.8,1
1746815077.875523,-2.0,-0.5,-0.7,-20.23,14.48,0.67,-0.84,0.77,-0.18,-163.04,116.25,213.37,1
1746815077.890318,-2.0,-0.51,-0.71,-22.58,14.33,2.31,-0.78,0.57,-0.05,-169.25,72.33,204.84,1
1746815077.903392,-2.0,-0.51,-0.68,-24.4,15.66,2.24,-0.7,0.42,0.0,-170.2,74.54,198.15,1
1746815077.919966,-2.0,-0.52,-0.69,-20.59,18.26,2.63,-0.68,0.15,0.08,-159.32,48.17,186.46,1
1746815077.936492,-2.0,-0.5,-0.64,-8.82,6.98,7.09,-0.65,0.03,0.25,-144.71,-31.39,167.24,1
1746815077.944793,-2.0,-0.47,-0.64,-2.11,-5.5,10.71,-0.39,-0.02,0.13,-148.18,-56.85,142.56,1
1746815077.961393,-2.0,-0.46,-0.67,0.12,-4.47,9.93,-0.23,-0.2,0.09,-143.45,10.15,117.84,1
1746815077.973733,-2.0,-0.44,-0.59,-3.98,-15.27,9.14,-0.2,-0.14,0.2,-121.43,18.53,87.8,1
1746815077.986533,-2.0,-0.41,-0.58,-5.33,-29.21,12.71,-0.12,-0.13,0.2,-104.74,39.85,60.09,1
1746815078.002961,-2.0,-0.4,-0.55,-6.93,-58.87,19.19,-0.1,-0.16,0.3,-92.34,51.26,29.85,1
1746815078.019451,-2.0,-0.42,-0.56,-15.87,-98.76,23.92,-0.09,-0.2,0.44,-75.81,61.21,2.98,1
1746815078.036918,-2.0,-0.42,-0.71,-18.25,-87.8,20.45,-0.12,-0.24,0.53,-61.72,57.32,-25.73,1
1746815078.053363,-2.0,-0.46,-0.73,-15.55,-59.44,14.87,-0.18,-0.17,0.7,-54.03,32.82,-57.53,1
1746815078.072264,-2.0,-0.5,-0.72,-20.08,-34.85,8.35,-0.24,-0.13,0.85,-64.94,4.27,-88.79,1
1746815078.086588,-2.0,-0.46,-0.72,-29.56,-11.93,-1.31,-0.28,-0.12,0.93,-72.18,-30.4,-118.25,1
1746815078.094945,-2.0,-0.48,-0.71,-34.12,-8.54,-4.24,-0.36,-0.05,0.99,-80.74,-56.59,-154.31,1
1746815078.109081,-2.0,-0.47,-0.63,-33.11,-20.34,0.09,-0.53,-0.03,1.01,-106.2,-92.1,-177.65,1
1746815078.123835,-2.0,-0.48,-0.75,-31.21,7.08,-4.98,-0.43,0.04,0.91,-138.87,-99.37,-213.36,1
1746815078.136593,-2.0,-0.51,-0.71,-30.95,11.15,-6.16,-0.49,0.19,0.87,-132.75,-106.14,-233.21,1
1746815078.153746,-2.0,-0.51,-0.67,-27.24,5.82,-2.47,-0.47,0.22,0.79,-121.43,-112.86,-244.75,1
1746815078.169936,-2.0,-0.51,-0.62,-25.41,-6.11,1.44,-0.49,0.26,0.78,-93.15,-113.28,-243.89,1
1746815078.18663,-2.0,-0.48,-0.68,-22.24,-8.92,1.93,-0.46,0.23,0.72,-51.18,-110.99,-231.34,1
1746815078.205641,-2.0,-0.47,-0.71,-15.87,-2.09,-1.33,-0.52,0.34,0.71,-10.7,-110.51,-220.4,1
1746815078.220398,-2.0,-0.47,-0.69,-8.07,2.58,-1.61,-0.52,0.53,0.72,1.95,-112.31,-217.5,1
1746815078.236235,-2.0,-0.45,-0.7,-6.57,2.73,-3.44,-0.56,0.75,0.73,-13.1,-118.63,-223.95,1
1746815078.244939,-2.0,-0.46,-0.75,-5.64,-1.11,-6.12,-0.51,0.73,0.71,-30.79,-121.15,-225.75,1
1746815078.259829,-2.0,-0.47,-0.67,-5.15,23.27,-10.87,-0.46,0.66,0.69,-34.87,-115.8,-221.63,1
1746815078.273452,-2.0,-0.47,-0.61,-4.52,0.67,-5.91,-0.37,0.49,0.6,-19.18,-98.69,-216.15,1
1746815078.287497,-2.0,-0.47,-0.67,-3.54,-0.82,-5.67,-0.44,0.46,0.66,10.75,-94.79,-212.74,1
1746815078.310216,-2.0,-0.45,-0.69,-0.52,8.69,-6.31,-0.45,0.51,0.65,34.2,-89.05,-207.89,1
1746815078.319928,-2.0,-0.45,-0.61,-3.92,-7.05,-4.02,-0.5,0.62,0.64,25.96,-102.11,-206.35,1
1746815078.33705,-2.0,-0.46,-0.7,-4.5,-3.64,-4.47,-0.53,0.67,0.66,-10.06,-111.17,-212.27,1
1746815078.356758,-2.0,-0.45,-0.74,-1.5,11.69,-7.0,-0.53,0.62,0.65,-58.32,-130.18,-220.15,1
1746815078.370324,-2.0,-0.42,-0.61,-5.55,3.73,-5.23,-0.55,0.48,0.63,-66.18,-144.82,-220.6,1
1746815078.386531,-2.0,-0.43,-0.71,-5.69,0.53,-2.16,-0.56,0.36,0.59,-19.97,-132.51,-218.44,1
1746815078.395463,-2.0,-0.47,-0.8,-1.89,31.44,-7.88,-0.55,0.46,0.51,44.07,-103.92,-212.03,1
1746815078.408893,-2.0,-0.44,-0.75,-8.62,39.19,-8.17,-0.69,0.8,0.54,52.53,-103.71,-206.18,1
1746815078.423229,-2.0,-0.43,-0.59,5.51,-21.08,1.74,-0.7,0.96,0.54,5.99,-91.3,-208.14,1
1746815078.43673,-2.0,-0.51,-0.64,3.47,53.47,-11.26,-0.69,0.73,0.53,-39.65,-101.71,-207.36,1
1746815078.453703,-2.0,-0.58,-0.27,-23.22,-2.89,-11.6,-0.53,0.66,0.29,-33.74,-102.58,-204.24,1
1746815078.470492,-2.0,-0.54,-0.77,27.18,-2.2,11.86,-0.63,0.34,0.28,17.96,-94.82,-189.86,1
1746815078.487313,-2.0,-0.54,-0.47,13.77,13.56,0.79,-0.56,0.57,0.16,59.36,-82.2,-187.91,1
1746815078.50547,-2.0,-0.4,-0.63,-13.81,46.27,-14.52,-0.6,0.77,0.14,62.97,-88.34,-190.93,1
1746815078.519921,-2.0,-0.39,-0.82,20.29,-28.73,16.24,-0.62,0.89,0.21,40.76,-80.47,-189.06,1
1746815078.536695,-2.0,-0.48,-0.41,-15.05,-34.64,1.42,-0.53,0.95,0.13,6.63,-58.7,-183.92,1
1746815078.545692,-2.0,-0.35,-0.73,16.84,-64.81,35.5,-0.52,0.93,0.19,-7.21,-41.57,-176.1,1
1746815078.557836,-2.0,-0.48,-0.6,38.34,-75.93,38.05,-0.47,0.87,0.25,6.18,-27.49,-159.23,1
1746815078.570374,-2.0,-0.52,-0.69,77.79,-127.15,64.65,-0.45,0.95,0.37,26.47,-18.96,-139.4,1
1746815078.594063,-2.0,-0.49,-0.97,49.12,20.21,11.05,-0.39,1.06,0.41,46.13,-31.27,-112.63,1
1746815078.61047,-2.0,-0.48,-0.69,46.23,56.37,4.56,-0.3,1.29,0.43,51.38,-23.97,-85.42,1
1746815078.625546,-2.0,-0.5,-0.53,5.47,7.67,1.55,-0.26,1.38,0.43,33.22,-25.35,-55.07,1
1746815078.640162,-2.0,-0.53,-0.72,-10.4,19.24,-5.56,-0.22,1.27,0.44,17.46,-23.22,-19.29,1
1746815078.653849,-2.0,-0.59,-1.01,1.97,167.97,-28.18,-0.2,1.07,0.46,7.41,-18.67,12.82,1
1746815078.670326,-2.0,-0.57,-0.92,-13.94,250.13,-60.85,-0.17,0.78,0.49,4.46,-13.44,30.04,1
1746815078.679543,-2.0,-0.3,-0.27,-85.33,131.25,-85.21,-0.17,0.55,0.53,8.62,-15.04,33.59,1
1746815078.695957,-2.0,-0.54,-0.5,-93.76,65.85,-55.47,-0.08,0.43,0.46,8.22,-20.14,22.31,1
1746815078.708543,-2.0,-0.43,-0.58,-81.39,14.73,-22.37,-0.13,0.43,0.58,3.13,-21.97,5.97,1
1746815078.723792,-2.0,-0.5,-0.62,-46.73,5.0,2.64,-0.04,0.41,0.52,3.78,-7.95,-9.35,1
1746815078.737136,-2.0,-0.45,-0.66,-64.21,11.78,-12.49,-0.11,0.52,0.55,-0.43,0.97,-23.29,1
1746815078.753752,-2.0,-0.44,-0.66,-46.71,10.73,-7.85,-0.01,0.51,0.44,4.5,-0.11,-19.31,1
1746815078.770407,-2.0,-0.47,-0.7,-28.6,0.06,10.6,-0.09,0.56,0.5,8.79,9.45,-18.67,1
1746815078.787259,-2.0,-0.49,-0.71,-23.6,-6.66,12.57,-0.21,0.61,0.64,4.34,1.02,-16.45,1
1746815078.806157,-2.0,-0.54,-0.71,-18.89,-18.63,1.41,-0.21,0.68,0.69,-7.64,-21.2,-13.21,1
1746815078.822137,-2.0,-0.52,-0.75,2.78,1.44,0.26,-0.19,0.6,0.62,-13.08,-15.09,-2.97,1
1746815078.830062,-2.0,-0.44,-0.68,13.35,-8.89,-2.34,-0.19,0.59,0.62,-4.5,-19.89,9.43,1
1746815078.845785,-2.0,-0.44,-0.72,19.5,-0.34,-10.16,-0.13,0.53,0.59,-10.99,-12.24,9.44,1
1746815078.859457,-2.0,-0.47,-0.75,13.6,-0.63,-11.96,-0.04,0.56,0.53,-12.73,-2.5,12.31,1
1746815078.870729,-2.0,-0.39,-0.76,-2.63,19.76,-26.15,-0.11,0.54,0.61,-20.4,-5.23,10.19,1
1746815078.887336,-2.0,-0.46,-0.71,-10.65,13.16,-18.41,-0.16,0.44,0.65,-15.76,7.64,5.82,1
1746815078.903754,-2.0,-0.48,-0.73,-26.14,10.63,-13.56,-0.13,0.42,0.66,-9.95,19.69,3.11,1
1746815078.920646,-2.0,-0.53,-0.75,-34.4,2.79,0.54,-0.14,0.43,0.64,-4.36,13.86,4.38,1
1746815078.937463,-2.0,-0.43,-0.75,-53.51,2.86,-1.05,-0.1,0.46,0.7,-1.64,4.98,3.08,1
1746815078.955938,-2.0,-0.42,-0.73,-34.11,-7.41,16.44,-0.11,0.46,0.64,3.11,3.77,2.68,1
1746815078.970847,-2.0,-0.49,-0.67,-30.51,-25.69,24.87,-0.12,0.49,0.63,3.24,-5.71,4.92,1
1746815078.979447,-2.0,-0.45,-0.71,-10.53,-47.53,37.02,-0.08,0.53,0.62,2.31,0.98,5.68,1
1746815078.996791,-2.0,-0.57,-0.77,0.19,-25.94,20.44,-0.09,0.56,0.61,-1.67,1.81,2.35,0
1746815079.007093,-2.0,-0.49,-0.75,9.95,-16.04,12.66,-0.13,0.53,0.59,-12.35,2.84,-0.29,0
1746815079.033736,-2.0,-0.41,-0.61,20.32,10.69,1.8,-0.08,0.54,0.61,-13.75,7.8,1.28,0
1746815079.036878,-2.0,-0.37,-0.65,26.63,2.47,2.05,-0.1,0.49,0.59,-5.27,7.33,4.83,0
1746815079.059171,-2.0,-0.39,-0.71,19.26,-10.31,8.95,-0.15,0.46,0.62,2.42,3.65,4.95,0
1746815079.07038,-2.0,-0.46,-0.72,7.36,-26.75,8.59,-0.19,0.46,0.63,8.01,4.26,4.4,0
1746815079.086885,-2.0,-0.48,-0.57,12.11,-62.81,17.89,-0.18,0.52,0.65,14.47,14.42,5.53,0
1746815079.103865,-2.0,-0.35,-0.83,13.55,-24.21,15.82,-0.11,0.51,0.55,15.24,25.49,5.05,0
1746815079.120333,-2.0,-0.4,-0.84,16.96,3.5,8.61,-0.16,0.51,0.59,4.25,12.98,5.83,0
1746815079.127951,-2.0,-0.43,-0.65,2.15,-2.86,6.22,-0.21,0.56,0.62,-7.01,7.41,2.15,0
1746815079.146214,-2.0,-0.47,-0.78,-1.07,56.69,-2.12,-0.16,0.49,0.55,-7.47,13.76,3.82,0
1746815079.158256,-2.0,-0.47,-0.39,3.02,-1.16,7.12,-0.13,0.5,0.51,-1.1,23.65,4.44,0
1746815079.170949,-2.0,-0.39,-0.65,-9.27,3.45,4.47,-0.15,0.55,0.49,5.97,25.03,6.49,0
1746815079.187522,-2.0,-0.4,-0.66,-14.56,-6.36,4.69,-0.19,0.44,0.47,19.09,19.69,6.49,0
1746815079.203944,-2.0,-0.49,-0.72,-5.34,-9.55,4.76,-0.23,0.48,0.48,31.66,15.63,10.63,0
1746815079.220745,-2.0,-0.41,-0.56,-4.76,-27.37,4.52,-0.24,0.63,0.39,36.21,17.85,14.86,0
1746815079.237887,-2.0,-0.44,-0.75,0.62,-26.71,5.23,-0.28,0.77,0.33,23.05,16.36,21.05,0
1746815079.25349,-2.0,-0.46,-0.45,6.68,-65.15,17.08,-0.27,0.87,0.22,5.22,21.22,31.92,0
1746815079.27101,-2.0,-0.46,-0.54,18.33,-120.48,35.4,-0.23,0.88,0.12,-9.5,37.92,44.85,0
1746815079.278398,-2.0,-0.41,-0.74,13.51,-108.5,28.08,-0.3,0.83,0.09,-22.21,52.74,59.92,0
1746815079.296464,-2.0,-0.42,-0.8,19.95,-57.68,22.53,-0.33,0.78,0.06,-32.5,72.17,78.18,0
1746815079.309101,-2.0,-0.4,-0.8,17.6,-1.59,13.66,-0.38,0.71,0.08,-36.29,81.47,88.34,0
1746815079.321416,-2.0,-0.42,-0.69,3.07,-5.47,-1.08,-0.41,0.61,-0.01,-34.62,98.38,93.47,0
1746815079.34462,-2.0,-0.51,-0.61,-1.59,-16.01,-0.05,-0.43,0.54,-0.09,-29.93,96.26,94.86,0
1746815079.35641,-2.0,-0.52,-0.79,25.08,20.73,9.15,-0.45,0.46,-0.07,-16.5,107.4,97.92,0
1746815079.370939,-2.0,-0.5,-0.67,9.97,44.28,-5.79,-0.39,0.39,-0.12,-4.54,108.1,97.73,0
1746815079.388017,-2.0,-0.53,-0.72,14.78,24.31,2.26,-0.35,0.35,-0.12,6.92,118.11,91.21,0
1746815079.404724,-2.0,-0.49,-0.67,2.05,36.22,-1.58,-0.35,0.29,-0.2,16.3,142.77,83.3,0
1746815079.412422,-2.0,-0.45,-0.66,-7.05,-3.03,5.37,-0.34,0.28,-0.08,18.63,181.7,70.05,0
1746815079.428363,-2.0,-0.46,-0.42,-16.18,-40.12,11.1,-0.44,0.25,-0.01,9.89,184.93,50.88,0
1746815079.443,-2.0,-0.51,-0.85,-16.59,12.02,-1.85,-0.53,0.13,0.04,11.92,168.95,36.96,0
1746815079.457636,-2.0,-0.53,-0.79,2.98,-23.39,10.27,-0.52,0.11,0.05,17.16,156.6,24.09,0
1746815079.471172,-2.0,-0.52,-0.51,-9.0,-22.68,3.3,-0.48,0.08,0.01,39.08,165.02,10.85,0
1746815079.488424,-2.0,-0.5,-0.64,-13.95,-28.72,1.89,-0.48,0.13,0.04,53.94,177.37,-1.51,0
1746815079.509546,-2.0,-0.49,-0.55,-14.14,-59.31,11.87,-0.59,0.22,0.07,56.03,191.74,-21.21,0
1746815079.525257,-2.0,-0.45,-0.65,-12.05,-72.81,15.84,-0.69,0.27,0.08,62.6,188.44,-33.48,0
1746815079.538131,-2.0,-0.54,-0.73,-17.82,-42.32,4.53,-0.74,0.38,0.15,47.35,173.42,-49.64,0
1746815079.554699,-2.0,-0.61,-0.7,-9.6,-40.82,6.88,-0.81,0.4,0.19,48.22,161.02,-50.89,0
1746815079.57114,-2.0,-0.61,-0.74,-14.78,10.07,1.5,-0.77,0.54,0.16,32.62,174.37,-63.89,0
1746815079.579958,-2.0,-0.51,-0.47,-23.91,-60.69,18.95,-0.92,0.63,0.29,34.98,160.02,-76.66,0
1746815079.596087,-2.0,-0.52,-0.77,-23.19,6.07,9.3,-0.87,0.68,0.12,12.97,185.15,-85.64,0
1746815079.6082,-2.0,-0.47,-0.6,-15.4,3.83,13.34,-1.05,0.67,0.26,23.48,202.4,-93.53,0
1746815079.621146,-2.0,-0.46,-0.89,-12.61,70.58,3.5,-1.05,0.69,0.18,21.75,238.47,-100.98,0
1746815079.637479,-2.0,-0.43,-0.59,-12.61,39.82,2.78,-1.37,0.64,0.47,24.19,226.34,-106.6,0
1746815079.654104,-2.0,-0.54,-0.75,-1.92,59.41,10.87,-1.33,0.59,0.34,50.66,237.49,-109.05,0
1746815079.671559,-2.0,-0.43,-0.54,-0.24,55.17,13.73,-1.72,0.75,0.82,38.11,196.83,-111.63,0
1746815079.688509,-2.0,-0.58,-0.8,2.34,75.73,12.29,-1.43,0.58,0.5,40.61,155.09,-102.88,0
1746815079.704477,-2.0,-0.48,-0.49,12.92,55.69,22.48,-1.4,0.33,0.47,28.4,78.41,-87.47,0
1746815079.720785,-2.0,-0.46,-0.34,3.91,21.66,28.21,-1.31,0.29,0.42,53.28,42.79,-70.34,0
1746815079.720925,-2.0,-0.59,-0.77,14.77,41.85,27.98,-1.19,0.19,0.1,42.34,27.96,-74.52,0
1746815079.74365,-2.0,-0.48,-0.52,7.89,14.39,27.66,-1.33,0.16,0.11,98.11,22.32,-70.74,0
1746815079.757785,-2.0,-0.5,-0.76,5.88,27.59,21.88,-1.31,0.29,-0.05,123.21,37.51,-84.5,0
1746815079.77115,-2.0,-0.52,-0.51,-10.92,27.88,10.52,-1.41,0.52,0.0,112.85,70.3,-102.53,0
1746815079.787671,-2.0,-0.52,-0.59,-14.79,-15.09,15.74,-1.45,0.83,0.07,55.34,92.47,-124.4,0
1746815079.804299,-2.0,-0.43,-0.99,-31.94,-23.19,5.93,-1.55,0.8,0.1,9.01,93.88,-129.39,0
1746815079.821072,-2.0,0.11,-0.22,-52.4,-65.19,15.38,-1.09,1.12,-0.14,-88.88,146.53,-122.05,0
1746815079.837696,-2.0,-0.13,0.31,-37.51,82.47,-26.43,-1.47,0.78,0.11,-47.21,109.33,-89.96,0
1746815079.856364,-2.0,-0.54,-0.6,-3.9,-54.74,30.5,-1.58,0.2,0.47,20.45,101.05,-38.7,0
1746815079.860092,-2.0,-0.69,-0.9,-78.85,16.97,-22.15,-1.73,0.43,1.02,209.43,57.36,38.23,0
1746815079.878006,-2.0,-0.46,-0.54,-0.5,-59.4,37.83,-1.5,0.8,0.8,250.13,-15.98,82.7,0
1746815079.893141,-2.0,-0.6,-1.04,4.76,15.17,18.21,-1.17,0.72,-0.02,142.36,-50.25,71.92,0
1746815079.904804,-2.0,-0.27,-0.54,10.53,-7.04,26.69,-0.97,0.27,-0.31,44.82,-47.49,52.6,0
1746815079.921632,-2.0,-0.4,-0.45,-14.79,-39.85,14.94,-0.86,0.5,-0.29,31.44,-2.49,31.95,0
1746815079.938043,-2.0,-0.4,-0.82,7.75,-68.68,23.89,-0.8,0.61,-0.29,-51.47,61.81,-20.59,0
1746815079.955828,-2.0,-0.56,-0.91,5.92,24.75,0.85,-0.69,0.5,-0.6,-17.04,55.69,-0.04,0
1746815079.971614,-2.0,-0.36,-0.4,16.15,-96.39,23.11,-0.95,0.4,-0.22,-97.2,-35.35,-3.45,0
1746815079.98793,-2.0,-0.33,-0.73,-12.1,7.89,-3.34,-0.86,0.37,-0.23,-99.96,-26.78,-6.31,0
1746815080.004889,-2.0,-0.47,-1.04,39.45,66.55,9.06,-1.05,0.08,-0.28,-1.79,-1.47,-5.88,0
1746815080.037845,-2.0,-0.51,-0.55,-14.41,48.57,-13.06,-0.75,0.26,-0.65,-11.35,-5.85,5.11,0
1746815080.037845,-2.0,-0.5,-0.68,-40.02,51.24,-12.66,-0.83,0.35,-0.46,-50.43,-41.73,6.94,0
1746815080.037845,-2.0,-0.33,-0.65,-24.08,23.22,5.28,-0.67,0.21,-0.75,-39.74,6.89,14.73,0
1746815080.054437,-2.0,-0.61,-0.93,-21.46,20.14,6.28,-0.91,0.23,-0.6,-11.97,-14.59,20.05,0
1746815080.071483,-2.0,-0.44,-0.67,-40.21,-14.92,12.3,-0.82,0.41,-0.42,-32.27,20.75,1.18,0
1746815080.087657,-2.0,-0.5,-0.73,-3.79,33.95,11.51,-0.9,0.28,-0.51,-8.88,53.86,3.75,0
1746815080.104948,-2.0,-0.46,-0.64,-7.9,-18.82,25.04,-1.14,0.22,-0.17,57.65,-19.09,-1.63,0
1746815080.121411,-2.0,-0.59,-0.89,-2.73,0.24,20.2,-0.93,0.32,-0.4,0.0,44.95,-2.25,0
1746815080.138472,-2.0,-0.47,-0.52,-1.15,5.36,14.45,-0.79,0.3,-0.52,-12.71,17.57,1.87,0
1746815080.156817,-2.0,-0.53,-0.7,37.9,-5.6,30.54,-0.9,0.31,-0.38,-8.15,10.79,-5.37,0
1746815080.171544,-2.0,-0.48,-0.7,27.22,4.51,15.57,-0.85,0.28,-0.41,-9.63,19.84,-5.59,0
1746815080.180511,-2.0,-0.47,-0.71,25.42,25.67,5.48,-0.97,0.29,-0.31,-3.84,23.04,-14.24,0
1746815080.193583,-2.0,-0.46,-0.73,8.7,51.01,-8.08,-0.97,0.39,-0.23,8.56,19.55,-4.34,0
1746815080.208432,-2.0,-0.46,-0.61,-3.81,5.54,0.72,-1.01,0.37,-0.19,-24.47,-9.63,-1.26,0
1746815080.221843,-2.0,-0.46,-0.7,-22.43,19.93,-8.25,-0.93,0.42,-0.24,-43.15,-21.96,3.33,0
1746815080.238122,-2.0,-0.49,-0.63,-43.31,25.69,-16.13,-0.98,0.34,-0.22,-20.23,-9.71,3.64,0
1746815080.255025,-2.0,-0.48,-0.69,-30.7,35.02,-9.22,-0.89,0.4,-0.31,-21.0,-8.54,2.97,0
1746815080.271988,-2.0,-0.45,-0.76,-61.38,72.92,-33.95,-0.93,0.4,-0.25,-40.89,-18.56,0.24,0
1746815080.290769,-2.0,-0.43,-0.65,-52.93,-7.02,-4.66,-0.96,0.34,-0.29,-47.3,-5.67,0.35,0
1746815080.306453,-2.0,-0.39,-0.73,-47.14,3.85,-4.93,-1.12,0.22,-0.09,-5.96,-28.08,1.42,0
1746815080.321252,-2.0,-0.43,-0.64,-15.74,-12.1,13.4,-0.84,0.4,-0.39,-20.25,-27.43,4.88,0
1746815080.330148,-2.0,-0.42,-0.73,-13.7,-5.68,12.69,-0.99,0.35,-0.34,-8.26,-26.33,10.35,0
1746815080.349628,-2.0,-0.48,-0.69,-21.95,-16.21,11.28,-1.0,0.43,-0.29,0.06,-48.47,30.6,1
1746815080.354701,-2.0,-0.38,-0.88,-23.55,20.11,0.08,-1.01,0.75,-0.3,-34.11,-37.11,33.31,1
1746815080.378266,-2.0,-0.43,-0.69,-13.47,16.08,1.85,-1.55,0.55,0.16,38.14,53.11,45.65,1
1746815080.388008,-2.0,-0.47,-0.71,-10.89,28.79,-2.43,-0.57,0.6,-0.94,39.02,78.1,70.63,1
1746815080.40489,-2.0,-0.53,-0.67,9.89,-1.27,16.47,-1.39,0.89,-0.11,97.12,83.74,90.6,1
1746815080.421622,-2.0,-0.5,-0.69,22.6,3.18,20.07,-1.11,1.03,-0.52,96.28,20.94,98.36,1
1746815080.44032,-2.0,-0.48,-0.69,28.34,-9.58,22.17,-0.98,1.22,-0.62,71.48,-29.68,116.31,1
1746815080.45541,-2.0,-0.51,-0.8,29.46,4.16,14.56,-1.01,1.26,-0.75,21.53,27.64,133.06,1
1746815080.463997,-2.0,-0.44,-0.76,15.84,29.45,-2.92,-1.12,1.2,-0.7,-36.41,8.24,138.38,1
1746815080.48012,-2.0,-0.43,-0.7,-1.45,-11.95,2.24,-1.11,1.22,-0.67,-64.47,-66.15,149.68,1
1746815080.494263,-2.0,-0.46,-0.74,-15.77,5.53,-7.86,-0.98,1.07,-1.03,-86.23,74.87,166.88,1
1746815080.508368,-2.0,-0.46,-0.67,-13.96,-2.55,-2.97,-1.14,1.1,-0.7,-96.67,81.57,187.85,1
1746815080.521957,-2.0,-0.46,-0.68,-17.52,0.57,-2.42,-0.99,1.14,-0.88,-101.4,155.9,198.76,1
1746815080.538503,-2.0,-0.38,-0.62,-33.03,-8.94,-2.63,-1.15,1.27,-0.73,-92.69,147.82,202.04,1
1746815080.555278,-2.0,-0.45,-0.6,-12.73,-45.29,16.6,-1.04,1.37,-0.84,-108.87,116.39,207.94,1
1746815080.572371,-2.0,-0.46,-0.74,2.17,-19.59,11.76,-1.03,1.44,-0.91,-120.83,169.13,219.93,1
1746815080.590535,-2.0,-0.45,-0.73,6.99,-15.11,9.82,-1.24,1.39,-0.71,-118.04,141.63,228.12,1
1746815080.605641,-2.0,-0.46,-0.8,16.59,-1.45,9.62,-1.01,1.33,-0.92,-122.82,99.15,235.48,1
1746815080.614383,-2.0,-0.43,-0.64,16.06,2.84,9.92,-0.94,1.23,-0.82,-109.22,121.37,250.13,1
1746815080.630379,-2.0,-0.48,-0.64,24.31,-1.61,13.02,-0.83,1.15,-1.0,-108.17,171.05,250.13,1
1746815080.643655,-2.0,-0.48,-0.73,27.2,-0.53,17.33,-0.63,1.11,-0.93,-128.02,182.16,250.13,1
1746815080.654966,-2.0,-0.51,-0.67,2.52,-6.15,9.63,-0.95,0.94,-0.52,-122.08,191.73,250.13,1
1746815080.671827,-2.0,-0.46,-0.62,9.6,-18.76,18.24,-0.68,0.84,-0.72,-148.92,130.07,233.28,1
1746815080.68877,-2.0,-0.5,-0.73,4.32,6.95,9.66,-0.72,0.81,-0.59,-143.66,135.49,221.58,1
1746815080.705429,-2.0,-0.48,-0.66,-2.69,-3.24,9.19,-0.6,0.64,-0.61,-155.38,131.61,205.9,1
1746815080.722221,-2.0,-0.49,-0.69,-9.57,6.01,2.36,-0.58,0.57,-0.45,-163.01,112.5,196.33,1
1746815080.741738,-2.0,-0.5,-0.69,-8.49,3.52,1.92,-0.64,0.39,-0.35,-159.04,103.06,180.49,1
1746815080.757035,-2.0,-0.51,-0.7,-11.02,1.75,0.31,-0.48,0.43,-0.38,-183.93,75.02,160.48,1
1746815080.765115,-2.0,-0.46,-0.66,-13.31,-3.41,0.02,-0.38,0.36,-0.39,-176.47,152.38,154.56,1
1746815080.780399,-2.0,-0.45,-0.64,-14.62,-16.38,4.45,-0.41,0.25,-0.18,-167.04,124.57,144.14,1
1746815080.794184,-2.0,-0.48,-0.68,-5.09,-42.23,14.4,-0.31,0.21,-0.12,-167.34,67.25,128.08,1
1746815080.808298,-2.0,-0.56,-0.6,-8.66,-34.61,7.63,-0.34,0.11,-0.07,-171.95,60.34,102.51,1
1746815080.821902,-2.0,-0.49,-0.55,-15.92,-65.72,9.38,-0.37,0.29,0.05,-201.43,12.73,61.42,1
1746815080.838977,-2.0,-0.47,-0.66,-12.38,-82.95,18.01,-0.47,-0.08,0.29,-209.48,12.37,23.53,1
1746815080.85536,-2.0,-0.41,-0.77,-0.66,-45.37,17.26,-0.05,-0.33,0.22,-181.24,-1.18,4.83,1
1746815080.872306,-2.0,-0.47,-0.74,-8.59,-30.92,7.02,-0.49,-0.13,0.76,-145.72,-31.55,-9.32,1
1746815080.891145,-2.0,-0.49,-1.01,8.54,39.79,2.0,-0.38,0.08,0.83,-140.28,25.63,-20.02,1
1746815080.905655,-2.0,-0.44,-0.64,6.56,-17.78,13.11,-0.3,0.42,0.92,-147.95,-21.94,-40.71,1
1746815080.913956,-2.0,-0.53,-0.77,-7.34,27.86,-0.6,-0.23,0.44,0.87,-170.55,-36.52,-66.15,1
1746815080.930568,-2.0,-0.49,-0.51,-7.43,-14.34,10.4,-0.17,0.24,0.77,-146.88,-48.6,-77.74,1
1746815080.944252,-2.0,-0.51,-0.64,-6.33,-10.17,6.91,-0.2,0.15,0.84,-122.24,-70.4,-87.2,1
1746815080.955587,-2.0,-0.44,-0.65,-6.5,-12.67,4.74,-0.31,-0.1,0.96,-42.36,-84.34,-92.57,1
1746815080.972318,-2.0,-0.45,-0.68,-11.64,10.1,-5.27,-0.28,0.1,0.89,2.53,-110.13,-99.88,1
1746815080.988924,-2.0,-0.39,-0.51,-18.35,-21.18,-0.93,-0.33,0.26,0.85,20.18,-121.53,-110.76,1
1746815081.005739,-2.0,-0.43,-0.66,-23.53,-28.46,-3.98,-0.34,0.51,0.83,-20.24,-145.29,-135.49,1
1746815081.023918,-2.0,-0.44,-0.56,-19.9,-48.92,1.89,-0.34,0.47,0.74,-78.54,-159.86,-165.47,1
1746815081.039452,-2.0,-0.44,-0.66,-24.18,-25.58,-0.21,-0.3,0.36,0.7,-123.34,-164.89,-200.03,1
1746815081.055253,-2.0,-0.43,-0.58,-30.98,-30.39,-1.23,-0.27,0.17,0.61,-121.66,-152.51,-225.83,1
1746815081.062916,-2.0,-0.42,-0.61,-33.95,-32.46,-0.46,-0.3,0.29,0.53,-115.4,-149.82,-237.02,1
1746815081.08076,-2.0,-0.46,-0.61,-26.35,-53.8,6.02,-0.4,0.33,0.57,-72.29,-147.92,-238.08,1
1746815081.094192,-2.0,-0.46,-0.73,-20.42,-18.85,1.59,-0.46,0.55,0.55,-53.0,-148.81,-235.64,1
1746815081.108832,-2.0,-0.46,-0.56,-20.59,-26.78,2.86,-0.51,0.71,0.57,-62.3,-160.26,-230.73,1
1746815081.122422,-2.0,-0.48,-0.65,-15.75,-39.69,5.94,-0.48,0.75,0.51,-95.44,-165.97,-229.9,1
1746815081.139037,-2.0,-0.48,-0.71,-12.84,-3.45,-0.84,-0.48,0.69,0.52,-124.38,-158.4,-235.76,1
1746815081.156018,-2.0,-0.48,-0.66,-9.0,-3.4,-1.66,-0.48,0.63,0.52,-137.85,-148.66,-240.77,1
1746815081.173236,-2.0,-0.47,-0.64,-14.21,5.58,-8.4,-0.48,0.49,0.52,-115.02,-131.74,-248.89,1
1746815081.18986,-2.0,-0.43,-0.61,-12.43,-8.6,-5.1,-0.52,0.47,0.57,-69.81,-107.79,-250.14,1
1746815081.205853,-2.0,-0.48,-0.59,-8.08,-9.88,-3.69,-0.59,0.54,0.59,-30.47,-91.73,-250.14,1
1746815081.214848,-2.0,-0.47,-0.78,-0.18,38.13,-13.78,-0.69,0.69,0.61,-18.26,-88.79,-250.14,1
1746815081.230713,-2.0,-0.49,-0.47,1.64,-16.72,-3.56,-0.74,0.78,0.59,-35.79,-77.91,-250.14,1
1746815081.243868,-2.0,-0.48,-0.79,-5.5,55.92,-14.37,-0.75,0.78,0.57,-56.08,-61.23,-250.14,1
1746815081.255828,-2.0,-0.45,-0.39,2.18,24.11,-6.05,-0.84,0.83,0.63,-58.87,-67.99,-250.14,1
1746815081.272798,-2.0,-0.45,-0.83,26.76,51.69,-3.14,-0.96,0.74,0.66,-31.68,-89.67,-250.14,1
1746815081.289186,-2.0,-0.39,-0.69,22.16,77.79,-10.6,-0.98,0.88,0.67,-2.63,-112.26,-225.26,1
1746815081.305794,-2.0,-0.5,-0.78,19.11,60.49,-8.15,-0.91,0.94,0.63,-3.44,-129.83,-211.18,1
1746815081.323,-2.0,-0.54,-0.7,25.8,64.51,6.85,-0.75,1.08,0.45,-26.27,-118.9,-203.42,1
1746815081.339696,-2.0,-0.58,-0.46,4.49,2.3,8.95,-0.73,0.82,0.4,-31.23,-101.57,-214.06,1
1746815081.35563,-2.0,-0.56,-0.73,28.27,17.69,15.59,-0.78,0.75,0.27,-8.0,-88.79,-216.21,1
1746815081.364843,-2.0,-0.46,-0.72,-11.84,96.5,-23.18,-0.69,0.69,0.14,39.1,-81.85,-210.5,1
1746815081.377789,-2.0,-0.46,-0.29,-8.79,-47.98,8.18,-0.7,0.91,0.06,58.44,-63.13,-204.56,1
1746815081.39246,-2.0,-0.53,-0.98,18.28,40.52,14.67,-0.67,1.06,-0.01,56.3,-50.82,-194.98,1
1746815081.411917,-2.0,-0.46,-0.57,-35.85,31.37,-12.18,-0.56,1.15,0.01,43.78,-32.32,-177.79,1
1746815081.422131,-2.0,-0.49,-0.52,-16.66,-34.86,3.73,-0.47,1.25,0.12,24.45,-8.11,-152.15,1
1746815081.439152,-2.0,-0.5,-0.63,6.24,-33.69,11.45,-0.43,1.38,0.23,9.79,0.36,-123.3,1
1746815081.455744,-2.0,-0.57,-0.91,19.8,20.78,-0.2,-0.43,1.37,0.3,-2.16,-4.18,-84.18,1
1746815081.473217,-2.0,-0.55,-0.91,29.9,137.19,-27.77,-0.35,1.38,0.39,-21.16,-14.13,-43.18,1
1746815081.491164,-2.0,-0.39,-0.62,6.69,7.89,-10.24,-0.32,1.15,0.45,-18.34,-23.83,-1.69,1
1746815081.506214,-2.0,-0.49,-0.72,-14.34,3.17,-10.27,-0.29,0.85,0.46,-13.41,-34.9,27.83,1
1746815081.515059,-2.0,-0.51,-0.69,-32.35,13.82,-12.74,-0.19,0.63,0.44,-7.15,-36.85,41.89,1
1746815081.527597,-2.0,-0.5,-0.68,-45.65,9.08,-9.04,-0.16,0.49,0.44,-1.76,-18.68,37.67,1
1746815081.54289,-2.0,-0.5,-0.71,-51.39,34.28,-13.21,-0.18,0.36,0.48,0.58,-4.62,23.93,1
1746815081.556534,-2.0,-0.47,-0.72,-78.2,62.44,-28.0,-0.18,0.32,0.51,15.13,3.87,10.65,1
1746815081.572525,-2.0,-0.46,-0.72,-93.33,24.79,-17.68,-0.17,0.32,0.57,29.98,8.09,2.75,1
1746815081.590132,-2.0,-0.5,-0.69,-90.51,17.11,-12.5,-0.2,0.45,0.62,31.13,-3.34,0.0,1
1746815081.605746,-2.0,-0.48,-0.71,-64.08,14.38,-11.1,-0.15,0.53,0.55,27.6,-0.47,-2.19,1
1746815081.622985,-2.0,-0.5,-0.72,-35.69,29.12,-8.79,-0.19,0.56,0.54,17.98,-3.05,-3.79,1
1746815081.639868,-2.0,-0.49,-0.71,-42.43,32.45,-14.24,-0.22,0.52,0.52,8.81,-7.82,1.09,1
1746815081.655812,-2.0,-0.44,-0.68,-46.22,3.56,-5.77,-0.16,0.53,0.51,3.5,-0.79,3.34,1
1746815081.665095,-2.0,-0.5,-0.74,-22.03,8.6,-6.27,-0.18,0.54,0.55,-5.07,0.82,4.86,1
1746815081.678679,-2.0,-0.5,-0.77,-5.21,21.18,-11.98,-0.2,0.52,0.59,-12.89,-2.13,4.19,1
1746815081.692942,-2.0,-0.47,-0.78,1.63,25.91,-16.12,-0.21,0.49,0.62,-14.88,-1.97,6.11,1
1746815081.706333,-2.0,-0.46,-0.75,-3.44,34.67,-28.1,-0.17,0.47,0.61,-8.55,-2.73,9.72,1
1746815081.723109,-2.0,-0.33,-0.68,7.72,-3.45,6.18,-0.15,0.5,0.56,-8.43,1.01,10.76,1
1746815081.739499,-2.0,-0.39,-0.75,0.07,-1.33,10.6,-0.25,0.43,0.66,8.15,-3.31,11.58,1
1746815081.756336,-2.0,-0.46,-0.74,5.48,-6.72,20.11,-0.18,0.47,0.6,2.76,4.24,8.5,1
1746815081.773893,-2.0,-0.41,-0.78,-1.15,2.78,16.99,-0.2,0.43,0.58,11.1,11.95,5.32,1
1746815081.790495,-2.0,-0.35,-0.66,-7.33,2.66,14.98,-0.18,0.48,0.58,2.6,4.69,3.78,1
1746815081.80645,-2.0,-0.37,-0.72,-11.69,6.31,12.15,-0.19,0.47,0.59,5.69,3.61,6.58,1
1746815081.815691,-2.0,-0.36,-0.66,-12.58,-35.47,26.44,-0.23,0.47,0.62,4.47,-1.29,6.57,1
1746815081.831231,-2.0,-0.45,-0.76,-3.27,-65.24,46.66,-0.24,0.46,0.61,6.58,2.82,5.1,1
1746815081.842889,-2.0,-0.48,-0.71,0.31,-63.14,32.58,-0.22,0.44,0.54,10.75,8.99,3.98,1
1746815081.856504,-2.0,-0.39,-0.9,13.4,-29.46,16.07,-0.16,0.48,0.51,8.6,14.63,4.15,1
1746815081.872784,-2.0,-0.38,-0.76,17.09,31.09,2.63,-0.2,0.47,0.52,13.45,13.23,3.98,1
1746815081.889953,-2.0,-0.36,-0.63,15.68,-9.57,6.76,-0.19,0.52,0.49,12.28,14.39,3.79,1
1746815081.906525,-2.0,-0.4,-0.74,23.58,-13.41,19.57,-0.2,0.54,0.5,2.25,12.01,2.57,1
1746815081.92369,-2.0,-0.27,-0.71,17.55,-23.45,31.5,-0.22,0.5,0.5,-10.12,9.82,1.64,1
1746815081.940222,-2.0,-0.28,-0.82,-5.1,-26.39,33.41,-0.22,0.51,0.49,-21.89,6.18,6.76,1
1746815081.956181,-2.0,-0.67,-0.59,-20.17,3.52,40.5,-0.27,0.45,0.46,-2.69,2.74,7.69,1
1746815081.965728,-2.0,-0.6,-0.57,4.18,-2.53,58.18,-0.31,0.42,0.27,14.53,25.44,7.85,0
1746815081.976776,-2.0,-0.47,-0.65,9.59,17.45,48.1,-0.24,0.43,0.26,27.03,33.75,4.2,0
1746815081.999529,-2.0,-0.44,-0.63,5.66,-6.03,47.0,-0.27,0.5,0.18,17.71,34.39,1.97,0
1746815082.014529,-2.0,-0.33,-0.64,-0.56,-6.25,33.92,-0.28,0.5,0.09,10.59,43.74,1.96,0
1746815082.02935,-2.0,-0.35,-0.64,4.71,-15.11,25.69,-0.32,0.55,0.04,-3.75,57.31,1.12,0
1746815082.044171,-2.0,-0.32,-0.66,-3.07,-2.1,7.84,-0.33,0.43,-0.03,-0.63,76.76,3.31,0
1746815082.059223,-2.0,-0.36,-0.62,-1.32,5.53,-7.45,-0.35,0.43,-0.07,0.42,99.61,3.86,0
1746815082.073429,-2.0,-0.43,-0.63,-3.79,-21.53,-5.43,-0.36,0.52,-0.04,0.39,117.8,4.01,0
1746815082.089851,-2.0,-0.53,-0.74,25.37,-28.79,3.98,-0.42,0.41,-0.13,7.61,141.78,-2.87,0
1746815082.098546,-2.0,-0.45,-0.52,9.63,-44.11,6.07,-0.55,0.58,-0.08,1.15,155.17,4.95,0
1746815082.114852,-2.0,-0.46,-0.69,24.43,-86.07,19.58,-0.46,0.59,-0.13,-5.25,184.24,13.17,0
1746815082.128647,-2.0,-0.45,-0.72,20.4,-87.56,23.68,-0.64,0.63,-0.01,-16.32,194.15,18.02,0
1746815082.143381,-2.0,-0.44,-0.8,4.31,-51.66,13.56,-0.73,0.62,0.02,-26.02,194.85,26.37,0
1746815082.156547,-2.0,-0.45,-0.79,2.92,-10.0,6.71,-0.89,0.5,0.04,-10.63,181.35,34.64,0
1746815082.173796,-2.0,-0.5,-0.7,-0.63,23.86,-3.31,-0.87,0.53,0.06,-9.66,153.97,34.07,0
1746815082.189488,-2.0,-0.5,-0.63,4.5,20.2,1.05,-0.67,0.45,0.03,2.48,146.37,39.33,0
1746815082.207055,-2.0,-0.45,-0.57,-5.12,23.75,-4.31,-0.67,0.41,0.07,17.67,146.23,37.68,0
1746815082.22555,-2.0,-0.49,-0.76,2.89,62.56,-8.19,-0.68,0.29,-0.0,41.01,140.37,29.82,0
1746815082.240353,-2.0,-0.41,-0.51,-4.85,53.29,-12.34,-0.65,0.28,-0.11,66.4,125.95,18.2,0
1746815082.256105,-2.0,-0.39,-0.57,-12.02,18.56,-10.65,-0.77,0.34,-0.17,84.23,122.88,4.27,0
1746815082.265259,-2.0,-0.42,-0.69,-12.52,16.04,-10.34,-0.75,0.48,-0.16,75.73,134.26,-17.32,0
1746815082.279076,-2.0,-0.45,-0.68,-14.66,-1.78,-3.85,-0.73,0.62,-0.05,32.41,151.08,-40.91,0
1746815082.289756,-2.0,-0.39,-0.56,-27.13,-39.02,-0.27,-0.87,0.55,0.08,1.53,159.85,-62.12,0
1746815082.307159,-2.0,-0.45,-0.88,-16.92,-17.19,0.68,-0.89,0.44,0.08,-16.79,166.96,-68.9,0
1746815082.323474,-2.0,-0.52,-0.68,-14.95,-23.91,2.66,-0.93,0.39,0.16,-13.92,155.23,-69.7,0
1746815082.340001,-2.0,-0.52,-0.72,-15.54,-31.1,6.44,-1.13,0.31,0.31,2.92,140.85,-66.41,0
1746815082.358112,-2.0,-0.53,-0.66,-12.8,-42.48,12.84,-1.2,0.25,0.25,18.82,143.78,-78.21,0
1746815082.375907,-2.0,-0.62,-0.65,-10.25,-33.65,20.88,-1.62,-0.08,0.6,33.69,91.09,-79.61,0
1746815082.390471,-2.0,-0.56,-0.81,-3.04,-50.04,28.26,-1.24,0.84,0.52,11.97,127.97,-78.5,0
1746815082.400104,-2.0,-0.52,-0.75,-9.47,44.85,7.86,-1.31,0.48,0.29,13.63,112.93,-100.05,0
1746815082.414971,-2.0,-0.49,-0.74,3.12,37.56,11.67,-1.4,0.49,0.4,29.16,120.76,-108.42,0
1746815082.429002,-2.0,-0.55,-0.79,-8.66,105.36,-8.75,-1.41,0.57,0.34,33.53,110.69,-101.28,0
1746815082.445921,-2.0,-0.48,-0.55,-14.82,92.28,-9.37,-1.39,0.59,0.31,40.82,100.87,-89.11,0
1746815082.456829,-2.0,-0.47,-0.79,-18.49,121.53,-18.95,-1.35,0.7,0.25,39.53,100.27,-80.31,0
1746815082.473777,-2.0,-0.44,-0.67,-9.34,22.15,-0.79,-1.27,0.7,0.1,38.3,123.45,-86.21,0
1746815082.490346,-2.0,-0.45,-0.62,-19.15,22.79,-11.27,-1.15,0.6,0.02,50.99,164.59,-88.02,0
1746815082.507448,-2.0,-0.45,-0.58,-4.02,-11.82,3.63,-1.29,0.82,0.07,28.21,238.11,-107.64,0
1746815082.525152,-2.0,-0.41,-0.69,2.75,-3.73,4.15,-1.4,0.73,-0.01,-0.17,246.98,-99.57,0
1746815082.540385,-2.0,-0.42,-0.66,1.22,-9.81,6.1,-1.49,0.58,0.04,-44.37,234.43,-64.09,0
1746815082.548828,-2.0,-0.46,-0.67,9.4,-1.38,8.85,-2.0,0.48,1.05,-38.14,231.48,-42.05,0
1746815082.565679,-2.0,-0.42,-0.63,2.88,-16.75,15.76,-2.0,0.04,2.0,-198.22,-250.14,56.27,0
1746815082.579073,-2.0,-0.42,-0.62,4.33,-36.52,23.94,-0.43,-0.53,-0.54,182.99,73.05,30.29,0
1746815082.590503,-2.0,-0.45,-0.71,4.37,-53.92,27.6,-1.1,-0.03,0.11,185.54,-23.18,23.62,0
1746815082.606887,-2.0,-0.4,-0.62,-8.08,-46.47,22.21,-1.0,0.57,-0.31,149.02,-8.16,10.56,0
1746815082.623582,-2.0,-0.35,-0.67,-16.2,-27.74,21.34,-0.94,0.69,-0.65,63.01,13.15,-11.97,0
1746815082.640468,-2.0,-0.43,-0.5,-15.68,-4.08,16.63,-0.96,0.68,-0.55,-16.69,27.38,-17.14,0
1746815082.657728,-2.0,-0.49,-1.05,-13.45,60.55,-0.82,-0.92,0.58,-0.59,-75.05,11.47,-16.19,0
1746815082.674221,-2.0,-0.48,-0.45,-11.82,8.65,7.18,-0.87,0.4,-0.65,-99.07,-10.02,-7.54,0
1746815082.690437,-2.0,-0.55,-0.61,-23.11,-0.58,5.09,-0.84,0.26,-0.68,-85.84,-13.92,9.55,0
1746815082.697898,-2.0,-0.55,-0.75,-11.0,-11.54,6.11,-0.84,0.16,-0.58,-63.79,-24.25,27.42,0
1746815082.715472,-2.0,-0.45,-0.62,-13.82,1.82,-2.89,-0.83,0.07,-0.62,-32.1,-18.25,32.72,0
1746815082.729212,-2.0,-0.42,-0.65,-3.98,-10.33,-0.44,-0.81,0.1,-0.61,-0.17,-1.14,26.89,0
1746815082.743766,-2.0,-0.43,-0.86,-3.76,26.04,-10.31,-0.82,0.16,-0.57,18.69,12.14,19.76,0
1746815082.757295,-2.0,-0.38,-0.62,-8.76,-38.86,-1.23,-0.86,0.23,-0.47,21.98,15.7,11.98,0
1746815082.773651,-2.0,-0.5,-0.79,-8.6,-25.5,-3.09,-0.92,0.35,-0.42,5.17,9.82,5.6,0
1746815082.790787,-2.0,-0.43,-0.61,-5.91,-40.53,5.46,-0.97,0.39,-0.33,-14.89,2.79,4.25,0
1746815082.80734,-2.0,-0.51,-0.74,-1.03,18.16,-1.11,-0.98,0.38,-0.25,-31.17,-10.02,1.89,0
1746815082.825947,-2.0,-0.41,-0.64,14.52,-30.91,16.79,-0.96,0.25,-0.25,-20.91,-13.65,1.06,0
1746815082.840613,-2.0,-0.48,-0.81,10.55,3.83,9.55,-0.96,0.24,-0.23,1.33,-14.89,6.06,0
1746815082.84897,-2.0,-0.44,-0.57,7.83,-9.29,10.81,-0.94,0.32,-0.28,9.31,-8.29,8.53,0
1746815082.865577,-2.0,-0.46,-0.75,14.5,39.88,4.24,-0.95,0.31,-0.26,6.02,-5.49,8.53,0
1746815082.877913,-2.0,-0.46,-0.5,4.99,28.43,-0.21,-0.95,0.31,-0.28,0.4,-4.5,7.03,0
1746815082.890242,-2.0,-0.51,-0.93,7.24,91.95,-12.02,-0.94,0.29,-0.3,-2.7,-3.08,4.66,0
1746815082.907015,-2.0,-0.38,-0.66,-12.66,17.15,-5.93,-0.94,0.29,-0.35,-1.91,0.73,3.28,0
1746815082.923781,-2.0,-0.46,-0.68,-12.4,20.11,-4.48,-0.93,0.27,-0.39,-1.29,2.63,2.53,0
1746815082.940733,-2.0,-0.45,-0.65,-17.9,33.07,-7.35,-0.91,0.28,-0.41,-2.13,3.52,1.96,0
1746815082.959218,-2.0,-0.49,-0.7,-16.81,17.63,-1.6,-0.9,0.28,-0.43,-3.89,1.75,0.73,0
1746815082.973784,-2.0,-0.56,-0.73,-17.5,20.29,-2.3,-0.9,0.32,-0.44,-7.53,2.37,0.48,0
1746815082.990032,-2.0,-0.35,-0.6,-18.91,14.28,0.9,-0.88,0.29,-0.37,-4.94,-1.7,0.59,0
1746815083.006822,-2.0,-0.49,-0.77,-7.26,12.74,2.75,-0.9,0.32,-0.4,-0.77,1.09,2.58,0
1746815083.019156,-2.0,-0.47,-0.67,-2.83,11.55,2.85,-0.89,0.3,-0.4,3.95,-0.02,3.44,0
1746815083.032457,-2.0,-0.47,-0.72,0.87,30.54,-2.99,-0.9,0.35,-0.37,3.42,1.24,3.5,0
1746815083.04098,-2.0,-0.45,-0.65,-9.95,1.28,3.07,-0.92,0.32,-0.37,1.07,0.44,3.32,0
1746815083.065443,-2.0,-0.6,-0.96,-23.1,9.99,-2.04,-0.94,0.43,-0.38,-6.14,0.7,5.04,0
1746815083.080179,-2.0,-0.61,-0.96,-25.32,59.79,-28.21,-0.93,0.45,-0.27,-14.72,-1.34,3.91,0
1746815083.091121,-2.0,-0.55,-0.72,8.61,26.55,1.13,-0.93,0.43,-0.33,-17.98,5.44,-2.05,0
1746815083.110505,-2.0,-0.37,-0.55,-20.27,29.18,-7.09,-0.94,0.46,-0.35,-24.02,13.16,-5.64,0
1746815083.124065,-2.0,-0.45,-0.62,-29.79,-23.95,5.53,-0.94,0.62,-0.35,-56.4,15.37,-21.95,0
1746815083.14074,-2.0,-0.4,-0.73,4.18,3.73,15.18,-1.0,1.02,-0.34,-130.6,23.39,-50.69,0
1746815083.149561,-2.0,-0.45,-0.7,-4.08,4.67,21.38,-1.12,1.32,-0.29,-231.44,15.47,-71.22,0
1746815083.170599,-2.0,-0.37,-0.63,-23.58,-12.18,26.19,-1.14,1.39,-0.2,-250.14,4.87,-74.97,1
1746815083.178335,-2.0,-0.4,-0.66,6.25,5.14,42.67,-1.3,1.17,-0.11,-250.14,-14.89,-42.78,1
1746815083.190493,-2.0,-0.45,-0.72,-2.49,5.56,38.59,-1.45,0.85,-0.21,-250.14,-52.05,23.2,1
1746815083.207276,-2.0,-0.42,-0.73,-13.97,-5.34,22.59,-1.5,1.03,-0.1,-235.92,-68.99,88.59,1
1746815083.223996,-2.0,-0.43,-0.82,-9.95,35.02,13.02,-1.52,0.88,-0.07,-144.02,-63.29,111.12,1
1746815083.241037,-2.0,-0.61,-0.78,-19.85,54.04,1.53,-1.58,0.85,-0.02,-41.49,-79.92,170.47,1
1746815083.258315,-2.0,-0.58,-0.71,-25.08,48.6,-3.57,-1.5,1.25,-0.03,11.92,-55.95,204.15,1
1746815083.274895,-2.0,-0.52,-0.7,-14.91,22.18,6.31,-1.46,1.35,-0.33,-46.56,-50.21,202.81,1
1746815083.29099,-2.0,-0.53,-0.69,7.77,-5.35,17.38,-1.58,1.1,-0.16,-63.63,-78.49,233.8,1
1746815083.299558,-2.0,-0.48,-0.74,19.02,-1.53,12.96,-1.55,1.01,-0.33,-104.64,-93.87,250.13,1
1746815083.316198,-2.0,-0.42,-0.74,3.66,3.83,1.01,-1.4,1.0,-0.47,-136.14,-48.53,246.17,1
1746815083.328126,-2.0,-0.42,-0.69,2.73,-9.48,-0.05,-1.4,0.9,-0.42,-130.16,-1.27,250.13,1
1746815083.340707,-2.0,-0.45,-0.74,22.15,-12.88,9.4,-1.37,0.82,-0.46,-105.34,-8.56,250.13,1
1746815083.357551,-2.0,-0.47,-0.7,13.07,-1.74,6.34,-1.32,0.72,-0.54,-73.34,-3.26,250.13,1
1746815083.373987,-2.0,-0.47,-0.65,3.98,-12.71,10.27,-1.04,0.66,-0.65,-69.96,-4.38,250.13,1
1746815083.390921,-2.0,-0.41,-0.48,-5.31,-43.98,19.21,-0.98,0.72,-0.63,-73.82,-13.44,250.13,1
1746815083.407992,-2.0,-0.41,-0.62,9.06,-100.77,36.54,-1.0,0.69,-0.49,-95.98,-13.77,250.13,1
1746815083.426728,-2.0,-0.5,-0.88,7.72,-42.4,23.04,-0.79,0.55,-0.61,-109.21,-7.47,250.13,1
1746815083.431899,-2.0,-0.49,-0.73,-5.4,-12.92,5.87,-0.65,0.44,-0.63,-114.45,73.85,245.49,1
1746815083.449257,-2.0,-0.47,-0.66,-8.31,0.58,-2.66,-0.7,0.42,-0.48,-114.05,94.53,231.71,1
1746815083.46224,-2.0,-0.47,-0.7,-3.72,-6.68,-2.48,-0.79,0.4,-0.18,-109.35,31.62,216.08,1
1746815083.479098,-2.0,-0.49,-0.69,-3.26,-1.47,-6.69,-0.54,0.39,-0.34,-102.44,10.66,206.48,1
1746815083.491264,-2.0,-0.49,-0.71,4.37,15.9,-10.31,-0.55,0.38,-0.22,-102.05,-1.72,190.99,1
1746815083.508579,-2.0,-0.46,-0.71,9.32,38.86,-10.95,-0.55,0.42,-0.12,-113.82,-24.11,169.28,1
1746815083.524389,-2.0,-0.44,-0.64,-3.1,26.9,-13.59,-0.44,0.48,-0.17,-134.18,0.24,150.85,1
1746815083.541333,-2.0,-0.47,-0.72,-7.74,36.16,-19.53,-0.38,0.57,-0.13,-149.38,17.44,143.04,1
1746815083.557706,-2.0,-0.37,-0.55,-0.58,-11.08,-6.91,-0.41,0.63,-0.07,-165.89,7.92,127.07,1
1746815083.575492,-2.0,-0.42,-0.64,-6.52,-21.63,-7.99,-0.4,0.69,0.03,-198.64,-3.72,103.82,1
1746815083.590694,-2.0,-0.42,-0.66,-8.72,-28.14,-4.33,-0.23,0.39,-0.01,-218.43,-8.64,87.34,1
1746815083.599218,-2.0,-0.42,-0.68,-5.97,-11.36,-0.83,-0.3,0.1,0.19,-182.21,-35.4,84.79,1
1746815083.613314,-2.0,-0.41,-0.52,-10.24,-42.11,5.69,-0.21,-0.22,0.35,-128.33,-136.38,81.02,1
1746815083.628595,-2.0,-0.4,-0.64,-13.2,-61.0,9.46,0.5,-0.32,-0.27,-95.98,16.26,72.36,1
1746815083.64129,-2.0,-0.44,-0.66,-9.33,-63.45,9.17,-0.11,-0.37,0.71,-99.5,40.93,38.54,1
1746815083.657868,-2.0,-0.44,-0.7,-8.8,-59.64,9.39,0.08,-0.44,0.67,-63.4,57.82,-4.76,1
1746815083.674251,-2.0,-0.41,-0.66,-21.69,-31.95,-0.16,0.02,-0.41,0.97,-63.56,46.31,-32.99,1
1746815083.691425,-2.0,-0.45,-0.69,-14.75,-26.24,3.41,-0.0,-0.44,1.01,-44.55,41.24,-52.66,1
1746815083.708387,-2.0,-0.44,-0.69,-21.56,-2.11,0.14,-0.14,-0.47,1.16,-28.17,16.95,-70.38,1
1746815083.72673,-2.0,-0.46,-0.7,-25.95,-3.95,-0.35,-0.23,-0.42,1.15,-29.28,-12.76,-91.65,1
1746815083.741359,-2.0,-0.45,-0.66,-28.12,-13.06,0.4,-0.3,-0.4,1.2,-18.34,-47.83,-121.39,1
1746815083.750248,-2.0,-0.47,-0.7,-30.45,-21.29,-0.17,-0.39,-0.22,1.12,-10.95,-66.47,-154.61,1
1746815083.76594,-2.0,-0.47,-0.67,-28.73,-17.28,-1.19,-0.42,-0.09,0.96,-62.14,-80.7,-183.44,1
1746815083.779256,-2.0,-0.5,-0.71,-26.89,-19.08,-0.71,-0.53,-0.04,0.92,-66.04,-91.4,-205.44,1
1746815083.791152,-2.0,-0.48,-0.65,-30.94,-15.06,-4.27,-0.57,0.01,0.79,-72.16,-100.15,-224.53,1
1746815083.808241,-2.0,-0.49,-0.62,-28.58,-28.21,-3.97,-0.61,-0.01,0.72,-62.93,-99.21,-234.05,1
1746815083.824582,-2.0,-0.48,-0.65,-24.37,-33.82,-3.96,-0.61,-0.03,0.67,-47.96,-84.15,-241.77,1
1746815083.841452,-2.0,-0.45,-0.68,-21.3,-10.62,-6.89,-0.68,0.17,0.62,-39.51,-61.6,-250.14,1
1746815083.858858,-2.0,-0.45,-0.62,-25.92,-9.98,-7.06,-0.77,0.3,0.68,-45.16,-51.39,-250.14,1
1746815083.877471,-2.0,-0.47,-0.7,-26.67,2.82,-6.53,-0.84,0.53,0.73,-70.38,-39.56,-250.14,1
1746815083.891004,-2.0,-0.49,-0.71,-20.95,22.11,-6.44,-0.82,0.49,0.81,-99.49,-41.53,-250.14,1
1746815083.899959,-2.0,-0.46,-0.63,-14.47,4.58,0.11,-0.78,0.3,0.8,-97.39,-48.37,-250.14,1
1746815083.914347,-2.0,-0.44,-0.76,-8.85,19.49,1.22,-0.79,0.15,0.83,-60.9,-57.83,-250.14,1
1746815083.92883,-2.0,-0.46,-0.68,-10.24,18.66,-2.34,-0.82,0.04,0.81,-5.33,-73.4,-250.14,1
1746815083.941729,-2.0,-0.47,-0.67,-3.18,-6.63,-7.34,-0.8,0.08,0.78,46.91,-78.05,-240.82,1
1746815083.964156,-2.0,-0.38,-0.49,-17.94,-25.78,-7.45,-0.82,0.07,0.68,96.95,-76.28,-243.08,1
1746815083.974762,-2.0,-0.42,-0.93,-14.12,55.4,-27.0,-0.94,0.24,0.61,121.11,-76.04,-249.69,1
1746815083.991812,-2.0,-0.35,-0.48,5.09,-36.34,-4.85,-1.05,0.47,0.62,111.27,-110.11,-250.14,1
1746815084.010713,-2.0,-0.57,-0.9,-6.65,31.79,-23.08,-1.06,0.67,0.52,70.37,-111.56,-250.14,1
1746815084.024831,-2.0,-0.52,-0.56,8.3,-2.23,1.71,-1.2,0.62,0.49,41.4,-124.15,-250.14,1
1746815084.041117,-2.0,-0.54,-0.7,20.05,-8.95,7.03,-1.26,0.62,0.4,38.46,-132.92,-250.14,1
1746815084.050188,-2.0,-0.29,-0.51,-1.79,-19.15,7.37,-1.35,0.48,0.37,82.77,-147.7,-250.14,1
1746815084.063848,-2.0,-0.56,-0.49,11.05,-47.53,18.21,-1.38,0.57,0.17,141.23,-149.97,-237.94,1
1746815084.075611,-2.0,-0.49,-0.7,16.72,42.27,7.57,-1.28,0.78,-0.05,173.15,-144.98,-223.1,1
1746815084.091308,-2.0,-0.4,-0.41,-17.08,-23.37,3.4,-1.29,0.84,-0.08,159.05,-157.4,-222.48,1
1746815084.108547,-2.0,-0.54,-0.85,-1.47,57.67,-8.66,-0.98,1.25,-0.24,143.1,-124.31,-208.23,1
1746815084.125086,-2.0,-0.42,-0.68,14.5,-43.88,14.56,-0.88,1.26,-0.18,123.53,-94.93,-194.0,1
1746815084.144876,-2.0,-0.72,-0.86,-0.7,10.5,-15.75,-0.6,1.3,-0.25,109.6,-66.66,-163.47,1
1746815084.158086,-2.0,-0.31,0.3,-37.28,-187.55,15.37,-0.51,1.44,-0.12,89.17,-55.33,-127.41,1
1746815084.175488,-2.0,-0.35,-1.61,9.07,117.26,-6.44,-0.45,1.48,0.07,70.07,-43.21,-90.5,1
1746815084.191282,-2.0,-0.61,-0.35,-7.4,-35.24,-15.53,-0.41,1.54,0.18,29.72,-24.88,-63.11,1
1746815084.200472,-2.0,-0.5,-0.78,10.07,47.92,-14.64,-0.33,1.36,0.24,12.39,-20.51,-31.13,1
1746815084.214225,-2.0,-0.5,-0.96,56.89,49.07,-10.3,-0.28,1.2,0.25,3.62,-20.31,-1.32,1
1746815084.228807,-2.0,-0.57,-1.18,92.19,250.13,-47.44,-0.28,1.01,0.32,-4.52,-27.27,19.94,1
1746815084.241495,-2.0,-0.29,0.98,31.89,220.51,-72.02,-0.18,0.92,0.34,-11.02,-23.79,31.18,1
1746815084.25829,-2.0,-0.52,-0.9,-18.58,89.08,-25.49,-0.12,0.86,0.35,-20.19,-18.44,35.3,1
1746815084.274552,-2.0,-0.34,-0.57,-83.15,-14.21,-9.34,-0.19,0.62,0.39,-3.99,-11.34,33.66,1
1746815084.291663,-2.0,-0.49,-0.69,-101.92,0.89,-11.21,-0.06,0.67,0.36,-13.05,-2.02,30.27,1
1746815084.310371,-2.0,-0.54,-0.68,-90.22,3.83,-4.76,-0.03,0.65,0.43,-10.38,-1.51,29.82,1
1746815084.326878,-2.0,-0.5,-0.79,-47.54,54.82,0.02,-0.05,0.67,0.46,-10.63,13.11,24.79,1
1746815084.334769,-2.0,-0.41,-0.62,-62.17,30.79,-0.96,-0.18,0.49,0.56,-4.98,18.63,18.11,1
1746815084.350246,-2.0,-0.54,-0.68,-31.56,-10.98,32.38,-0.04,0.53,0.41,10.98,54.19,14.69,1
1746815084.364117,-2.0,-0.52,-0.64,-39.95,-66.54,41.54,-0.17,0.52,0.64,16.31,32.4,1.25,1
1746815084.37878,-2.0,-0.49,-0.89,-19.8,14.32,12.61,0.07,0.41,0.3,9.81,4.13,11.47,1
1746815084.392086,-2.0,-0.55,-0.85,2.99,47.4,6.38,-0.19,0.44,0.47,5.62,-6.04,2.32,1
1746815084.408404,-2.0,-0.52,-0.76,-6.62,11.73,2.9,-0.3,0.55,0.6,3.05,-38.29,1.21,1
1746815084.42501,-2.0,-0.52,-0.77,-12.39,32.73,-0.56,-0.23,0.49,0.56,-4.05,-29.45,0.51,1
1746815084.442205,-2.0,-0.47,-0.72,-48.0,18.92,-18.27,-0.04,0.58,0.3,-4.44,-18.69,6.02,1
1746815084.460594,-2.0,-0.52,-0.83,-30.52,42.75,-23.45,-0.12,0.52,0.38,-21.76,-17.15,5.17,1
1746815084.475553,-2.0,-0.63,-0.72,-39.92,66.89,-73.14,-0.03,0.55,0.31,-32.18,-1.6,4.28,1
1746815084.483965,-2.0,-0.32,-0.6,-9.64,23.51,-14.81,-0.09,0.47,0.34,-24.81,18.18,6.16,1
1746815084.500132,-2.0,-0.39,-0.73,-8.15,9.77,0.38,-0.12,0.49,0.42,-17.72,29.52,4.97,1
1746815084.516028,-2.0,-0.44,-0.75,-7.66,-17.7,22.41,-0.16,0.44,0.42,-5.37,29.95,7.82,1
1746815084.525932,-2.0,-0.44,-0.75,-2.41,-25.26,29.97,-0.18,0.42,0.41,-1.37,24.67,7.6,1
1746815084.541921,-2.0,-0.39,-0.77,3.12,12.93,11.2,-0.18,0.44,0.36,9.5,26.66,11.18,1
1746815084.558639,-2.0,-0.39,-0.74,13.03,5.21,9.77,-0.14,0.45,0.35,16.55,39.79,13.45,1
1746815084.575674,-2.0,-0.41,-0.74,18.28,-5.07,12.96,-0.16,0.51,0.38,6.92,31.86,10.83,1
1746815084.591874,-2.0,-0.39,-0.66,23.15,-55.22,37.29,-0.2,0.47,0.4,-0.02,27.05,10.72,1
1746815084.61043,-2.0,-0.4,-0.79,27.65,-81.96,58.31,-0.18,0.47,0.36,-9.28,33.16,8.74,1
1746815084.625386,-2.0,-0.4,-0.81,0.08,-52.98,18.63,-0.19,0.43,0.33,-17.24,25.05,7.95,1
1746815084.63397,-2.0,-0.44,-1.02,5.47,41.33,-0.23,-0.21,0.45,0.37,-17.09,28.15,8.85,1
1746815084.650446,-2.0,-0.4,-0.67,-0.97,2.62,5.78,-0.21,0.48,0.4,-17.84,37.85,4.89,1
1746815084.669559,-2.0,-0.48,-0.7,6.92,-18.35,27.95,-0.16,0.5,0.39,-12.76,45.99,11.4,1
1746815084.675405,-2.0,-0.5,-0.43,-13.5,-72.58,19.39,-0.22,0.41,0.38,13.48,51.79,5.01,1
1746815084.698939,-2.0,-0.54,-0.87,14.09,-59.73,25.59,-0.33,0.44,0.33,22.69,46.4,4.27,1
1746815084.714297,-2.0,-0.48,-0.74,10.93,9.95,7.81,-0.42,0.45,0.3,30.82,45.73,6.37,1
1746815084.729132,-2.0,-0.39,-0.54,7.64,2.01,7.71,-0.37,0.51,0.19,45.21,65.27,5.64,1
1746815084.745097,-2.0,-0.38,-0.77,7.61,-5.23,9.27,-0.36,0.65,0.05,21.73,87.02,7.11,0
1746815084.758249,-2.0,-0.4,-0.62,-6.06,-33.64,11.09,-0.36,0.68,0.08,-1.2,106.63,6.62,0
1746815084.774935,-2.0,-0.41,-0.74,-7.4,-26.31,9.81,-0.44,0.63,0.17,-45.65,107.0,11.47,0
1746815084.782643,-2.0,-0.41,-0.69,-9.62,-19.32,6.49,-0.5,0.42,0.15,-57.67,114.67,0.69,0
1746815084.797284,-2.0,-0.39,-0.58,-9.76,-20.96,4.94,-0.55,0.29,0.13,-36.5,102.89,-3.25,0
1746815084.812761,-2.0,-0.4,-0.8,-4.11,-15.65,3.09,-0.53,0.26,0.04,2.6,100.46,-0.52,0
1746815084.825185,-2.0,-0.41,-0.67,-4.07,-8.11,1.01,-0.44,0.38,-0.01,32.98,110.39,0.5,0
1746815084.842311,-2.0,-0.4,-0.76,-1.66,-0.31,-0.44,-0.5,0.56,0.02,26.19,126.58,-5.71,0
1746815084.858909,-2.0,-0.41,-0.74,6.1,17.65,-1.89,-0.56,0.7,0.05,-7.82,142.11,-10.8,0
1746815084.880188,-2.0,-0.42,-0.71,16.58,-6.1,5.5,-0.65,0.65,0.03,-46.76,151.7,-11.89,0
1746815084.89215,-2.0,-0.48,-0.75,19.99,9.79,3.69,-0.78,0.54,0.06,-68.77,144.36,-12.95,0
1746815084.908926,-2.0,-0.47,-0.67,12.88,-12.86,8.97,-0.77,0.45,-0.0,-70.12,140.11,-7.49,0
1746815084.925312,-2.0,-0.43,-0.77,-2.48,-2.21,8.79,-0.75,0.44,0.05,-58.87,164.56,-8.22,0
1746815084.934255,-2.0,-0.44,-0.71,0.23,-3.21,13.42,-0.76,0.49,0.09,-47.23,195.47,-9.5,0
1746815084.950275,-2.0,-0.45,-0.83,6.5,32.53,15.24,-0.93,0.39,0.25,3.39,197.47,6.85,0
1746815084.963465,-2.0,-0.37,-0.65,-13.36,37.39,2.42,-0.93,0.36,0.16,35.03,195.79,-18.81,0
1746815084.975732,-2.0,-0.51,-0.64,1.4,-43.95,20.37,-1.04,0.38,0.25,67.83,187.88,-16.2,0
1746815084.992783,-2.0,-0.53,-0.68,-9.67,-4.43,6.07,-0.92,0.4,0.0,78.65,186.76,-29.08,0
1746815085.00897,-2.0,-0.46,-0.67,-7.21,-24.92,5.31,-1.01,0.6,0.28,69.32,173.7,-30.45,0
1746815085.029546,-2.0,-0.5,-0.75,3.56,-15.32,6.89,-1.12,0.56,0.45,67.37,208.95,-36.3,0
1746815085.04233,-2.0,-0.46,-0.58,18.02,-32.15,12.93,-1.01,0.53,0.15,28.75,189.97,-59.65,0
1746815085.061128,-2.0,-0.52,-0.72,9.69,-12.65,13.91,-1.13,0.55,0.33,20.82,173.31,-61.16,0
1746815085.075837,-2.0,-0.47,-0.6,-6.71,-15.84,7.05,-1.14,0.36,0.25,29.89,162.45,-65.19,0
1746815085.084509,-2.0,-0.44,-0.68,-7.11,-17.08,15.66,-1.2,0.45,0.28,29.08,159.83,-72.78,0
1746815085.100713,-2.0,-0.49,-0.67,-17.32,-11.94,11.05,-1.27,0.42,0.38,39.24,131.4,-76.5,0
1746815085.113393,-2.0,-0.54,-0.63,-19.06,-19.21,17.75,-1.26,0.52,0.33,44.54,94.6,-74.73,0
1746815085.126537,-2.0,-0.52,-0.91,-10.22,104.79,4.44,-1.31,0.57,0.36,33.95,54.91,-76.2,0
1746815085.142975,-2.0,-0.16,-0.35,-24.92,-12.35,22.88,-1.13,1.32,0.15,-34.64,54.29,-62.97,0
1746815085.159134,-2.0,-0.69,-0.63,-29.47,-27.05,9.47,-1.2,0.87,-0.03,-2.34,61.88,-50.88,0
1746815085.175876,-2.0,-0.57,-0.72,-19.22,152.84,-10.21,-1.34,0.65,0.36,11.37,116.08,-79.98,0
1746815085.19194,-2.0,-0.43,-0.73,7.21,7.59,17.02,-1.25,0.5,0.01,-26.73,118.0,-83.38,0
1746815085.209064,-2.0,-0.59,-0.63,-25.86,17.23,-9.63,-1.34,0.82,0.13,-24.4,150.29,-85.92,0
1746815085.225337,-2.0,-0.5,-0.57,-15.18,-68.02,26.37,-1.31,0.59,0.03,-54.27,90.73,-50.38,0
1746815085.232587,-2.0,-0.58,-0.74,1.95,-44.29,22.36,-1.34,0.51,0.1,-43.63,109.88,-37.4,0
1746815085.250519,-2.0,-0.54,-0.07,2.65,1.82,6.27,-1.38,0.8,0.32,-67.85,24.77,31.21,0
1746815085.263403,-2.0,-0.4,-0.61,-0.63,-43.57,19.82,-1.42,0.4,0.3,-47.64,66.6,18.02,0
1746815085.27577,-2.0,-0.5,-0.95,9.82,17.37,15.94,-1.23,-0.0,0.25,12.98,61.82,32.1,0
1746815085.292535,-2.0,-0.33,-0.02,-17.02,-162.09,38.51,-1.37,-0.3,0.62,112.73,20.86,48.51,0
1746815085.309134,-2.0,-0.69,-1.1,-2.8,-140.2,37.34,-1.27,0.14,0.55,113.57,-21.24,41.95,0
1746815085.325746,-2.0,-0.51,-0.73,-8.5,-63.17,14.15,-1.08,0.1,0.41,50.45,-73.04,29.83,0
1746815085.343013,-2.0,-0.47,-0.69,21.85,-19.34,14.45,-0.87,0.09,-0.13,70.08,-35.85,23.56,0
1746815085.361597,-2.0,-0.4,-0.83,52.85,18.98,10.65,-0.87,0.35,-0.26,64.41,-14.1,9.44,0
1746815085.37601,-2.0,-0.51,-0.65,31.6,35.29,7.86,-0.88,0.45,-0.35,45.21,2.18,-2.92,0
1746815085.384224,-2.0,-0.43,-0.64,10.41,-78.12,22.19,-0.91,0.5,-0.37,19.62,9.76,-9.21,0
1746815085.400396,-2.0,-0.43,-0.68,-18.66,-30.8,13.54,-0.92,0.51,-0.37,-11.6,8.95,-11.11,0
1746815085.413586,-2.0,-0.41,-0.7,0.24,-42.11,31.2,-0.91,0.46,-0.42,-28.16,7.81,-10.85,0
1746815085.426082,-2.0,-0.48,-0.6,-7.34,-2.42,15.88,-0.9,0.39,-0.45,-35.37,1.25,-7.56,0
1746815085.442773,-2.0,-0.42,-0.64,-7.02,-5.82,18.8,-0.88,0.33,-0.48,-31.24,-5.19,-1.22,0
1746815085.459347,-2.0,-0.49,-0.71,-13.47,2.24,12.55,-0.89,0.35,-0.48,-31.11,0.77,0.93,0
1746815085.47617,-2.0,-0.45,-0.52,-25.99,-20.66,9.81,-0.85,0.4,-0.54,-29.79,6.47,2.06,0
1746815085.494625,-2.0,-0.64,-1.09,10.34,47.63,10.07,-0.86,0.34,-0.47,-19.18,14.34,0.16,0
1746815085.509835,-2.0,-0.49,-0.62,-8.92,84.15,-9.87,-0.87,0.29,-0.46,-14.04,18.63,0.65,0
1746815085.525844,-2.0,-0.45,-0.69,-25.84,133.68,-31.5,-0.87,0.35,-0.43,-13.56,24.43,-1.34,0
1746815085.535415,-2.0,-0.43,-0.38,-16.73,-10.4,-9.35,-0.89,0.25,-0.43,-6.3,26.55,-2.77,0
1746815085.550515,-2.0,-0.59,-0.83,-5.5,40.9,-9.73,-0.93,0.34,-0.35,-17.09,18.58,-0.98,0
1746815085.562569,-2.0,-0.41,-0.6,-42.67,51.72,-26.85,-0.95,0.31,-0.32,-10.71,11.6,1.81,0
1746815085.576251,-2.0,-0.47,-0.62,-38.05,20.73,-16.82,-0.93,0.25,-0.34,-1.34,6.47,2.3,0
1746815085.592573,-2.0,-0.48,-0.51,-40.11,-16.88,-8.45,-0.95,0.24,-0.31,9.63,2.54,3.28,0
1746815085.60939,-2.0,-0.46,-0.73,-19.85,-12.71,-0.43,-0.97,0.27,-0.28,14.73,0.09,4.29,0
1746815085.62918,-2.0,-0.44,-0.64,-23.76,-17.02,-0.27,-0.98,0.36,-0.24,19.78,1.22,5.27,0
1746815085.642945,-2.0,-0.46,-0.62,-28.54,-22.84,-0.72,-0.95,0.35,-0.25,12.63,-2.95,7.44,0
1746815085.659325,-2.0,-0.47,-0.66,-15.66,-34.39,5.11,-0.94,0.35,-0.23,4.27,-3.31,5.49,0
1746815085.676312,-2.0,-0.51,-0.92,-2.01,64.56,-5.56,-0.92,0.38,-0.26,-7.3,0.75,3.04,0
1746815085.684669,-2.0,-0.47,-0.81,-3.43,101.2,-17.66,-0.92,0.37,-0.27,-14.29,3.47,0.37,0
1746815085.698525,-2.0,-0.43,-0.79,-0.78,135.05,-31.01,-0.92,0.36,-0.28,-20.04,4.81,-2.66,0
1746815085.71404,-2.0,-0.34,-0.39,-2.23,19.24,-13.85,-0.91,0.4,-0.32,-27.8,7.84,-5.85,0
1746815085.726132,-2.0,-0.5,-0.76,-6.31,48.84,-15.35,-0.82,0.57,-0.42,-40.64,11.94,-10.12,0
1746815085.742999,-2.0,-0.38,-0.33,-8.6,-25.1,4.37,-1.05,0.04,-0.17,-11.8,1.67,-13.88,0
1746815085.775926,-2.0,-0.63,-0.95,-20.56,3.79,6.39,-1.21,0.39,-0.02,-55.37,-37.38,2.31,0
1746815085.775926,-2.0,-0.63,-0.84,3.08,38.12,-6.27,-0.91,0.59,-0.48,-62.53,10.92,-2.47,0
1746815085.795239,-2.0,-0.46,-0.75,30.57,54.33,-1.53,-1.0,0.45,-0.27,-99.76,-51.23,6.48,0
1746815085.810496,-2.0,-0.65,-1.06,-7.3,49.47,-13.44,-0.95,0.4,-0.54,-76.43,-21.81,9.77,0
1746815085.826374,-2.0,-0.5,-0.75,-14.79,-27.04,15.44,-1.02,0.68,-0.32,-99.82,-50.07,16.23,0
1746815085.835591,-2.0,-0.58,-0.8,-7.07,-42.37,26.72,-1.05,0.79,-0.26,-72.61,-45.25,42.7,0
1746815085.849283,-2.0,-0.61,-0.73,-3.37,-0.85,10.42,-1.01,0.83,-0.36,-66.57,-33.8,50.69,0
1746815085.869635,-2.0,-0.39,-0.6,-5.82,-40.01,16.15,-1.07,0.85,-0.3,-67.11,-34.66,68.0,0
1746815085.887069,-2.0,-0.48,-0.49,-12.77,-103.45,35.91,-1.15,1.07,-0.31,-49.4,-20.9,96.82,1
1746815085.900224,-2.0,-0.38,-0.96,-2.44,-75.76,35.33,-1.25,1.03,-0.25,-80.48,-25.12,103.12,1
1746815085.912009,-2.0,-0.47,-1.1,-13.62,108.66,-5.42,-1.3,1.09,-0.22,-87.5,-42.05,137.7,1
1746815085.929664,-2.0,-0.42,-0.8,-19.01,146.27,-31.01,-1.31,1.42,-0.2,-120.37,-54.45,151.34,1
1746815085.944954,-2.0,-0.36,0.07,-35.04,86.58,-56.79,-1.29,1.08,-0.32,-77.56,-40.49,187.33,1
1746815085.960674,-2.0,-0.47,-0.5,-3.67,12.13,-0.34,-1.36,1.2,-0.19,-90.34,-39.89,205.37,1
1746815085.968606,-2.0,-0.51,-0.64,11.12,-21.88,22.01,-0.92,1.04,-0.64,-148.73,74.12,206.73,1
1746815085.984441,-2.0,-0.42,-0.67,6.27,-29.18,16.76,-1.52,1.11,-0.06,-87.35,66.26,212.23,1
1746815085.997927,-2.0,-0.43,-0.66,1.0,11.59,2.89,-1.18,1.07,-0.3,-94.88,-54.56,202.08,1
1746815086.012552,-2.0,-0.41,-0.68,17.09,18.46,1.49,-0.71,1.07,-0.65,-91.09,-29.92,224.14,1
1746815086.029386,-2.0,-0.44,-0.67,0.58,-1.73,7.64,-1.04,1.04,-0.2,-105.71,-27.5,228.6,1
1746815086.047028,-2.0,-0.39,-0.61,-11.42,-15.43,9.26,-0.88,0.99,-0.37,-114.22,32.85,236.25,1
1746815086.063599,-2.0,-0.44,-0.52,2.23,-71.39,28.47,-0.76,0.86,-0.36,-118.53,57.82,239.2,1
1746815086.07952,-2.0,-0.54,-0.76,8.27,-36.05,26.02,-0.6,0.69,-0.58,-99.95,137.61,234.21,1
1746815086.095981,-2.0,-0.46,-0.51,-4.27,-59.5,27.67,-0.74,0.7,-0.3,-116.69,-3.28,224.02,1
1746815086.111573,-2.0,-0.44,-0.93,-4.21,-38.16,19.81,-0.84,0.72,-0.11,-114.59,-16.47,210.14,1
1746815086.126084,-2.0,-0.53,-0.59,-3.35,-57.88,25.83,-0.76,0.71,-0.16,-114.03,40.95,195.42,1
1746815086.136069,-2.0,-0.53,-0.99,5.18,35.37,8.02,-0.68,0.66,-0.18,-126.99,-32.42,192.57,1
1746815086.148977,-2.0,-0.47,-0.54,6.5,52.82,0.35,-0.53,0.67,-0.32,-117.48,76.75,200.05,1
1746815086.163044,-2.0,-0.55,-0.78,12.61,-3.75,10.62,-0.78,0.78,-0.05,-116.92,27.49,192.65,1
1746815086.180115,-2.0,-0.51,-0.79,2.56,53.45,-0.31,-0.6,0.8,-0.13,-125.54,-8.55,193.41,1
1746815086.196192,-2.0,-0.5,-0.59,-12.37,21.64,-2.83,-0.61,0.77,-0.07,-134.94,48.86,188.6,1
1746815086.212545,-2.0,-0.48,-0.68,-5.24,25.92,-1.22,-0.56,0.59,-0.05,-130.78,60.8,173.15,1
1746815086.230487,-2.0,-0.48,-0.62,-3.67,-15.59,4.78,-0.6,0.63,-0.02,-102.95,33.45,170.38,1
1746815086.245765,-2.0,-0.44,-0.69,-7.45,-37.53,9.18,-0.52,0.4,0.14,-75.97,-10.52,161.06,1
1746815086.262444,-2.0,-0.5,-0.85,10.9,-15.48,9.62,-0.47,0.06,0.26,-44.56,-91.53,158.22,1
1746815086.276329,-2.0,-0.48,-0.35,11.33,-61.03,16.74,-0.28,-0.2,0.26,37.47,27.36,162.28,1
1746815086.286052,-2.0,-0.51,-0.96,16.75,1.04,10.23,-0.14,-0.17,0.24,75.56,4.92,150.42,1
1746815086.298746,-2.0,-0.41,-0.36,-5.21,-45.73,5.88,-0.34,0.1,0.58,86.52,-28.59,118.29,1
1746815086.312969,-2.0,-0.46,-0.69,4.53,-90.18,20.19,0.02,0.25,0.24,32.56,-4.02,75.19,1
1746815086.329397,-2.0,-0.42,-0.76,0.89,-48.45,11.68,-0.15,0.35,0.56,-14.98,0.6,41.15,1
1746815086.346787,-2.0,-0.45,-0.77,-0.83,-22.26,3.85,0.04,0.33,0.44,-60.15,37.15,25.07,1
1746815086.365094,-2.0,-0.5,-0.61,-15.5,-31.46,-1.44,-0.14,0.26,0.65,-71.38,46.89,-1.59,1
1746815086.380351,-2.0,-0.43,-0.49,-27.47,-34.13,2.82,-0.04,0.18,0.69,-105.1,27.25,-29.06,1
1746815086.394888,-2.0,-0.45,-0.69,-29.92,-52.68,5.32,-0.31,0.19,0.91,-125.59,-29.92,-59.34,1
1746815086.410581,-2.0,-0.52,-0.55,-13.69,-4.13,-0.76,-0.07,0.42,0.89,-139.21,-62.11,-64.92,1
1746815086.42546,-2.0,-0.46,-1.03,-1.62,26.15,-6.06,-0.26,0.33,1.09,-100.0,-65.34,-80.85,1
1746815086.436425,-2.0,-0.47,-0.55,-13.02,32.64,-14.31,-0.19,0.37,1.0,-96.49,-60.87,-86.63,1
1746815086.448272,-2.0,-0.51,-0.68,-11.75,-32.52,-0.24,-0.31,0.51,1.03,-98.24,-75.5,-105.82,1
1746815086.462832,-2.0,-0.51,-0.72,-15.69,23.97,-13.16,-0.34,0.45,1.01,-98.38,-93.81,-118.33,1
1746815086.47907,-2.0,-0.47,-0.57,-9.77,0.95,-4.53,-0.36,0.34,0.94,-79.72,-121.07,-122.46,1
1746815086.496195,-2.0,-0.45,-0.68,-21.44,12.8,-11.01,-0.4,0.29,0.93,-59.31,-137.67,-129.75,1
1746815086.513441,-2.0,-0.48,-0.73,-19.74,11.72,-17.21,-0.42,0.24,0.84,-49.31,-144.4,-141.61,1
1746815086.530783,-2.0,-0.43,-0.59,-22.41,-8.98,-6.85,-0.4,0.37,0.68,-53.78,-143.53,-161.38,1
1746815086.546225,-2.0,-0.52,-0.53,-12.49,-15.97,0.8,-0.41,0.53,0.57,-71.0,-152.34,-184.49,1
1746815086.561111,-2.0,-0.45,-0.54,-11.08,-9.8,4.73,-0.34,0.59,0.47,-85.18,-137.19,-199.75,1
1746815086.569465,-2.0,-0.38,-0.62,-23.39,14.05,0.34,-0.21,0.59,0.44,-90.02,-129.72,-205.0,1
1746815086.586612,-2.0,-0.54,-0.75,-9.96,11.34,-0.69,-0.39,0.42,0.44,-87.55,-125.65,-201.66,1
1746815086.598703,-2.0,-0.56,-0.64,-21.57,-70.53,6.55,-0.44,0.43,0.57,-80.88,-130.19,-197.24,1
1746815086.613538,-2.0,-0.59,-0.67,-3.25,5.07,0.49,-0.41,0.52,0.52,-69.89,-121.25,-201.97,1
1746815086.629424,-2.0,-0.49,-0.35,-0.27,-40.93,6.26,-0.54,0.81,0.5,-71.52,-112.65,-227.38,1
1746815086.646585,-2.0,-0.52,-0.84,-9.27,-3.71,-6.47,-0.54,0.96,0.46,-98.4,-119.78,-243.83,1
1746815086.66316,-2.0,-0.46,-0.44,-2.34,-78.47,8.66,-0.45,0.96,0.45,-122.52,-99.8,-238.84,1
1746815086.680815,-2.0,-0.51,-0.8,7.31,-68.87,11.15,-0.46,0.84,0.54,-134.44,-84.66,-224.63,1
1746815086.696413,-2.0,-0.49,-0.81,-13.1,2.52,-10.85,-0.45,0.69,0.62,-133.36,-76.29,-210.19,1
1746815086.711938,-2.0,-0.49,-0.6,-13.51,-5.88,-11.44,-0.48,0.49,0.65,-119.72,-77.87,-209.54,1
1746815086.720184,-2.0,-0.44,-0.63,-26.37,-2.67,-17.45,-0.46,0.38,0.66,-90.5,-73.8,-216.34,1
1746815086.736582,-2.0,-0.42,-0.57,-22.66,-27.15,-12.25,-0.5,0.27,0.67,-43.98,-79.37,-220.55,1
1746815086.747952,-2.0,-0.35,-0.62,-15.63,-2.02,-8.81,-0.57,0.42,0.71,2.55,-69.74,-213.04,1
1746815086.762929,-2.0,-0.47,-0.5,-27.58,-12.24,-15.57,-0.62,0.61,0.67,9.53,-77.28,-207.79,1
1746815086.779633,-2.0,-0.38,-0.76,-12.82,-44.4,9.22,-0.66,0.83,0.63,-22.28,-93.12,-195.05,1
1746815086.796477,-2.0,-0.27,-0.51,-11.63,-22.47,9.32,-0.57,0.85,0.57,-61.6,-94.05,-188.66,1
1746815086.814139,-2.0,-0.46,-0.87,-9.44,24.06,-3.5,-0.52,0.59,0.58,-67.59,-95.69,-193.67,1
1746815086.829633,-2.0,-0.47,-0.89,1.54,49.17,2.33,-0.6,0.47,0.58,-43.53,-98.15,-185.51,1
1746815086.846381,-2.0,-0.45,-0.42,8.26,-89.08,28.29,-0.6,0.43,0.46,-0.81,-80.62,-191.69,1
1746815086.86111,-2.0,-0.45,-0.8,10.1,1.77,28.31,-0.7,0.47,0.48,21.85,-81.58,-189.73,1
1746815086.869547,-2.0,-0.47,-0.66,19.44,16.29,17.5,-0.68,0.59,0.39,30.76,-81.11,-186.85,1
1746815086.886747,-2.0,-0.6,-0.6,45.68,16.46,42.06,-0.67,0.71,0.31,34.46,-86.51,-183.92,1
1746815086.898387,-2.0,-0.62,-0.69,41.56,-17.93,26.07,-0.64,0.71,0.14,53.16,-85.19,-178.37,1
1746815086.913035,-2.0,-0.56,-0.86,50.34,69.84,5.02,-0.48,0.8,0.05,73.56,-76.0,-169.02,1
1746815086.930686,-2.0,-0.62,-0.95,79.84,187.08,-8.17,-0.4,0.99,0.05,94.99,-61.45,-157.33,1
1746815086.946357,-2.0,-0.55,-0.77,48.18,239.92,-28.55,-0.25,1.17,0.01,104.94,-29.49,-137.59,1
1746815086.963361,-2.0,-0.34,-0.38,-37.36,40.42,-23.64,-0.19,1.46,0.17,87.22,-5.97,-114.95,1
1746815086.980713,-2.0,-0.52,-0.67,-58.05,13.81,-15.38,-0.16,1.56,0.3,47.28,4.54,-81.33,1
1746815086.996094,-2.0,-0.55,-0.65,-76.29,6.67,-19.27,-0.19,1.49,0.39,17.98,7.87,-33.63,1
1746815087.011433,-2.0,-0.5,-0.71,-52.05,42.31,-18.2,-0.21,1.28,0.45,8.01,8.68,11.73,1
1746815087.019614,-2.0,-0.52,-0.74,-63.44,69.75,-39.05,-0.13,1.0,0.44,9.26,8.63,37.39,1
1746815087.036475,-2.0,-0.39,-0.65,-54.75,40.82,-24.69,-0.2,0.73,0.54,4.24,-16.73,39.46,1
1746815087.047729,-2.0,-0.38,-0.73,-57.6,0.36,-3.08,0.02,0.52,0.33,6.09,0.59,46.85,1
1746815087.063405,-2.0,-0.62,-0.78,-62.53,-26.05,0.76,0.14,0.38,0.26,0.95,-1.73,36.74,1
1746815087.080587,-2.0,-0.57,-0.79,-32.76,10.23,-0.44,-0.02,0.34,0.49,-3.4,-7.86,23.5,1
1746815087.099288,-2.0,-0.47,-0.73,-10.16,54.86,-4.63,-0.04,0.31,0.6,0.62,-0.76,10.95,1
1746815087.114401,-2.0,-0.47,-0.69,-22.08,37.23,-11.65,-0.08,0.31,0.67,-3.44,3.75,-7.19,1
1746815087.129591,-2.0,-0.43,-0.69,-14.91,4.21,23.19,-0.01,0.36,0.58,4.89,21.26,-10.85,1
1746815087.145014,-2.0,-0.5,-0.7,-11.53,-3.24,27.63,-0.09,0.43,0.64,-1.76,3.66,-12.85,1
1746815087.16117,-2.0,-0.52,-0.74,2.34,2.37,26.37,-0.07,0.48,0.66,-1.07,-11.37,-8.34,1
1746815087.169837,-2.0,-0.53,-0.76,2.02,39.85,4.44,-0.13,0.56,0.72,3.53,-14.02,-1.92,1
1746815087.185512,-2.0,-0.54,-0.71,32.92,18.47,8.4,-0.04,0.53,0.57,9.4,5.7,2.85,1
1746815087.197354,-2.0,-0.52,-0.73,26.15,15.42,2.96,-0.11,0.59,0.65,5.82,-0.64,7.15,1
1746815087.213709,-2.0,-0.55,-0.79,16.36,24.95,-7.05,-0.1,0.55,0.61,-0.59,3.82,8.03,1
1746815087.234806,-2.0,-0.47,-0.69,-4.54,45.35,-19.76,-0.09,0.52,0.59,-2.63,10.76,9.5,1
1746815087.24826,-2.0,-0.44,-0.67,-20.92,17.34,-11.66,-0.11,0.51,0.63,-5.27,14.85,12.97,1
1746815087.260999,-2.0,-0.41,-0.71,-29.05,6.04,-1.01,-0.13,0.49,0.63,-6.11,13.08,14.44,1
1746815087.279707,-2.0,-0.43,-0.69,-20.7,-8.28,8.46,-0.11,0.48,0.63,-9.68,1.08,13.9,1
1746815087.294426,-2.0,-0.37,-0.71,-8.27,2.48,7.56,-0.07,0.43,0.55,-3.34,6.43,15.02,1
1746815087.310877,-2.0,-0.36,-0.67,-23.49,-4.92,6.59,-0.06,0.59,0.5,-4.19,13.97,14.85,1
1746815087.318803,-2.0,-0.35,-0.68,-28.81,-49.8,31.95,-0.1,0.45,0.49,8.64,20.69,14.87,1
1746815087.336237,-2.0,-0.46,-0.78,-28.24,-40.76,26.74,-0.1,0.45,0.47,10.29,15.29,14.1,1
1746815087.348887,-2.0,-0.37,-0.71,-22.5,-21.64,10.62,-0.11,0.46,0.45,10.61,14.96,14.3,1
1746815087.361125,-2.0,-0.52,-0.74,-0.79,10.89,0.38,-0.12,0.44,0.43,8.5,14.6,14.93,1
1746815087.377551,-2.0,-0.47,-0.65,26.73,3.16,12.43,-0.09,0.44,0.37,8.73,25.74,16.08,1
1746815087.394487,-2.0,-0.42,-0.7,25.39,-28.38,28.76,-0.12,0.43,0.37,5.76,28.9,9.47,1
1746815087.411271,-2.0,-0.4,-0.72,11.55,-36.07,27.31,-0.1,0.46,0.3,-2.14,35.21,7.27,1
1746815087.430041,-2.0,-0.43,-0.7,16.3,-13.85,19.43,-0.14,0.42,0.23,6.76,36.81,5.73,0
1746815087.445098,-2.0,-0.4,-0.71,15.31,-21.47,19.37,-0.25,0.43,0.24,13.39,38.36,4.93,0
1746815087.451374,-2.0,-0.43,-0.78,4.17,4.51,11.97,-0.18,0.48,0.18,17.85,50.95,10.79,0
1746815087.468212,-2.0,-0.39,-0.66,-12.07,-5.47,10.13,-0.18,0.6,0.16,13.05,65.05,14.86,0
1746815087.483255,-2.0,-0.44,-0.71,-13.28,3.18,7.1,-0.27,0.61,0.2,5.48,74.6,24.18,0
1746815087.498068,-2.0,-0.43,-0.69,-8.05,2.85,8.36,-0.35,0.67,0.19,-9.79,86.01,25.31,0
1746815087.511009,-2.0,-0.4,-0.65,-12.46,-10.79,9.77,-0.41,0.69,0.16,-26.92,87.68,30.76,0
1746815087.527785,-2.0,-0.39,-0.63,-9.65,-32.81,10.56,-0.41,0.64,0.17,-36.85,92.62,38.66,0
1746815087.544309,-2.0,-0.43,-0.65,-9.31,-52.25,10.0,-0.41,0.59,0.17,-39.21,88.62,45.05,0
1746815087.560996,-2.0,-0.44,-0.74,-8.18,-33.48,12.8,-0.44,0.47,0.16,-17.02,98.98,52.45,0
1746815087.578076,-2.0,-0.38,-0.65,-21.35,-38.37,8.5,-0.43,0.42,0.12,-3.2,107.4,53.11,0
1746815087.595785,-2.0,-0.44,-0.79,-14.4,-20.85,9.45,-0.42,0.44,0.17,6.95,121.37,52.63,0
1746815087.610954,-2.0,-0.43,-0.62,-7.7,-34.37,14.44,-0.45,0.49,0.29,-2.83,128.84,42.63,0
1746815087.618965,-2.0,-0.48,-0.81,-0.04,-29.99,18.47,-0.52,0.43,0.37,-19.84,134.53,33.68,0
1746815087.633513,-2.0,-0.45,-0.79,-5.03,15.44,8.91,-0.52,0.38,0.37,-15.5,138.56,23.68,0
1746815087.648056,-2.0,-0.46,-0.76,3.53,12.2,15.68,-0.44,0.35,0.4,0.53,136.67,17.38,0
1746815087.661027,-2.0,-0.52,-0.77,5.49,-7.82,16.87,-0.4,0.39,0.32,28.76,136.01,22.04,0
1746815087.67775,-2.0,-0.42,-0.61,-8.39,6.49,10.24,-0.46,0.46,0.32,50.38,117.89,27.4,0
1746815087.694048,-2.0,-0.49,-0.7,-3.18,-4.01,13.43,-0.55,0.5,0.26,56.89,145.64,20.37,0
1746815087.711306,-2.0,-0.54,-0.94,18.03,4.14,12.89,-0.62,0.62,0.37,28.11,152.47,3.37,0
1746815087.728016,-2.0,-0.4,-0.5,-6.79,-28.92,11.46,-0.68,0.56,0.41,3.76,163.73,-8.98,0
1746815087.744831,-2.0,-0.47,-0.85,5.95,2.3,7.33,-0.7,0.45,0.41,-7.66,177.08,-10.32,0
1746815087.760897,-2.0,-0.61,-0.62,10.19,-13.5,10.15,-0.81,0.34,0.49,1.75,164.37,-18.04,0
1746815087.770332,-2.0,-0.6,-0.71,12.7,4.64,11.33,-0.85,0.36,0.47,26.09,133.67,-19.29,0
1746815087.783709,-2.0,-0.51,-0.79,5.15,51.2,-2.29,-0.77,0.45,0.35,54.28,122.79,-21.3,0
1746815087.798816,-2.0,-0.55,-0.72,10.66,-52.89,15.93,-0.77,0.54,0.32,64.67,101.28,-21.34,0
1746815087.811759,-2.0,-0.53,-0.68,2.31,18.2,9.6,-0.79,0.66,0.35,59.87,128.52,-28.02,0
1746815087.828172,-2.0,-0.52,-0.58,-20.62,-35.74,3.7,-0.85,0.67,0.46,31.95,125.69,-32.6,0
1746815087.850335,-2.0,-0.44,-0.92,-19.14,46.99,-7.98,-0.89,0.59,0.43,11.47,135.76,-38.08,0
1746815087.864828,-2.0,-0.45,-0.76,-11.08,0.93,0.52,-0.92,0.55,0.5,5.44,117.68,-39.52,0
1746815087.878108,-2.0,-0.5,-0.92,-9.82,20.23,-3.24,-0.94,0.55,0.43,16.97,106.6,-41.93,0
1746815087.894652,-2.0,-0.51,-0.52,-12.49,-21.6,6.67,-0.82,0.59,0.17,21.07,78.5,-47.03,0
1746815087.910757,-2.0,-0.53,-0.78,-12.34,72.5,-5.09,-0.83,0.77,0.3,24.27,79.5,-35.6,0
1746815087.919716,-2.0,-0.46,-0.58,16.31,25.22,8.24,-0.99,0.74,0.41,27.47,108.01,-49.93,0
1746815087.93585,-2.0,-0.56,-0.99,26.47,120.95,-17.67,-0.94,0.71,0.23,19.08,102.41,-42.36,0
1746815087.948083,-2.0,-0.38,-0.08,16.73,-4.49,-1.45,-0.99,0.67,0.29,16.33,99.53,-36.64,0
1746815087.961397,-2.0,-0.46,-0.73,10.43,-10.34,6.44,-1.01,0.62,0.25,8.28,88.81,-33.02,0
1746815087.978321,-2.0,-0.51,-0.75,9.75,9.69,4.47,-1.06,0.6,0.27,9.68,85.06,-31.25,0
1746815087.994332,-2.0,-0.51,-0.69,0.18,-15.62,15.88,-1.06,0.6,0.35,4.78,86.76,-30.93,0
1746815088.011702,-2.0,-0.48,-0.68,2.54,-1.92,17.59,-1.04,0.55,0.36,1.36,94.94,-39.47,0
1746815088.028063,-2.0,-0.47,-0.59,0.37,-15.26,21.34,-1.03,0.61,0.37,-6.53,87.65,-40.78,0
1746815088.044958,-2.0,-0.53,-0.7,8.53,-17.4,25.1,-1.03,0.45,0.28,2.53,81.94,-37.46,0
1746815088.061035,-2.0,-0.52,-0.6,-8.11,-17.29,12.82,-0.97,0.49,0.24,10.52,82.02,-33.0,0
1746815088.070199,-2.0,-0.49,-0.59,-3.79,-45.52,23.31,-0.97,0.46,0.24,21.68,73.6,-26.7,0
1746815088.083739,-2.0,-0.42,-0.65,-7.02,-43.05,15.65,-0.98,0.54,0.21,21.8,70.27,-26.31,0
1746815088.099056,-2.0,-0.44,-0.64,-17.27,2.81,0.9,-0.98,0.54,0.13,20.34,77.44,-30.71,0
1746815088.117697,-2.0,-0.5,-0.69,-20.31,-44.96,10.98,-0.95,0.44,-0.06,22.13,75.6,-33.08,0
1746815088.127897,-2.0,-0.46,-0.73,-9.61,10.11,6.11,-1.02,0.41,-0.03,24.34,78.02,-39.24,0
1746815088.144892,-2.0,-0.42,-0.65,-9.69,-23.21,14.63,-1.15,0.25,-0.0,29.04,73.05,-43.02,0
1746815088.161653,-2.0,-0.37,-0.79,-21.61,4.08,4.16,-1.05,0.41,-0.13,12.64,59.84,-51.56,0
1746815088.178425,-2.0,-0.43,-0.66,-13.43,18.51,4.24,-0.98,0.41,-0.15,19.64,46.5,-36.35,0
1746815088.194569,-2.0,-0.5,-0.62,-6.6,11.13,5.47,-1.04,0.52,-0.0,-2.19,32.27,-29.74,0
1746815088.211043,-2.0,-0.51,-0.76,-6.17,19.91,-0.7,-0.92,0.44,-0.25,-3.94,48.09,-34.82,0
1746815088.220635,-2.0,-0.46,-0.54,-5.03,35.79,-0.72,-0.95,0.48,-0.18,-10.95,38.93,-33.46,0
1746815088.234155,-2.0,-0.45,-0.73,-4.08,-6.6,5.39,-0.94,0.27,-0.24,-7.51,33.67,-29.2,0
1746815088.245467,-2.0,-0.45,-0.7,-16.29,25.32,-8.12,-0.94,0.4,-0.24,0.34,49.89,-25.9,0
1746815088.262038,-2.0,-0.47,-0.62,-23.91,-20.21,1.86,-1.03,0.36,-0.17,-6.84,38.73,-24.92,0
1746815088.278045,-2.0,-0.51,-0.78,-11.92,45.42,0.82,-0.95,0.45,-0.22,4.27,47.0,-15.93,0
1746815088.294883,-2.0,-0.51,-0.54,-11.76,-8.97,8.0,-0.95,0.43,-0.27,3.34,48.82,-14.94,0
1746815088.312534,-2.0,-0.48,-0.67,-24.25,2.89,0.83,-1.0,0.41,-0.23,4.34,44.0,-13.63,0
1746815088.331078,-2.0,-0.53,-0.68,-26.01,25.54,-0.73,-1.03,0.38,-0.18,1.34,40.69,-18.07,0
1746815088.345444,-2.0,-0.43,-0.72,-36.44,30.67,-2.95,-1.04,0.21,-0.09,22.12,23.17,-6.72,0
1746815088.354407,-2.0,-0.45,-0.78,-32.62,51.53,-9.46,-1.1,0.39,0.03,28.91,8.69,6.18,0
1746815088.370071,-2.0,-0.46,-0.57,-28.11,32.52,-10.37,-1.11,0.44,0.15,25.33,-17.44,12.11,0
1746815088.383747,-2.0,-0.47,-0.69,-22.16,20.29,-5.94,-0.97,0.25,-0.13,23.07,-16.66,9.34,0
1746815088.398267,-2.0,-0.47,-0.67,-18.68,14.37,-1.87,-0.89,0.26,-0.32,25.65,-7.82,8.14,0
1746815088.411987,-2.0,-0.44,-0.65,-9.28,5.92,6.88,-0.92,0.32,-0.31,24.65,-2.38,6.34,0
1746815088.428398,-2.0,-0.5,-0.71,-8.39,18.92,3.02,-0.88,0.37,-0.33,21.6,2.4,1.48,0
1746815088.444667,-2.0,-0.49,-0.72,1.31,19.61,7.06,-0.91,0.44,-0.35,11.8,5.44,0.47,0
1746815088.461721,-2.0,-0.49,-0.72,12.79,9.79,11.62,-0.91,0.31,-0.41,1.54,-2.89,-3.41,0
1746815088.478038,-2.0,-0.45,-0.62,10.4,-18.47,22.85,-0.89,0.39,-0.4,-3.95,-7.51,-0.16,0
1746815088.49549,-2.0,-0.5,-0.74,7.03,12.83,10.1,-0.91,0.35,-0.38,-13.91,-2.09,-3.51,0
1746815088.501568,-2.0,-0.49,-0.66,17.66,-2.59,18.05,-0.89,0.29,-0.4,-15.15,-6.02,-1.25,0
1746815088.516664,-2.0,-0.46,-0.75,-3.37,6.57,3.3,-0.9,0.44,-0.36,-11.82,3.54,-0.2,0
1746815088.53189,-2.0,-0.51,-0.71,-0.51,0.79,6.29,-0.88,0.34,-0.4,-4.46,10.73,-2.82,0
1746815088.545022,-2.0,-0.45,-0.73,-17.32,13.82,-3.8,-0.9,0.44,-0.35,-5.28,14.31,-1.41,0
1746815088.561917,-2.0,-0.45,-0.73,-14.69,32.01,-5.79,-0.93,0.36,-0.3,-13.71,1.84,0.72,0
1746815088.578345,-2.0,-0.47,-0.7,-14.13,39.01,-6.31,-0.93,0.36,-0.29,-11.55,1.84,0.51,0
1746815088.59913,-2.0,-0.5,-0.72,-25.99,7.89,-0.73,-0.91,0.4,-0.3,-18.73,7.28,-0.82,0
1746815088.61492,-2.0,-0.52,-0.68,-16.63,10.26,3.39,-0.94,0.31,-0.3,-25.5,-3.0,-0.35,0
1746815088.630291,-2.0,-0.47,-0.69,-8.0,4.56,6.27,-0.93,0.46,-0.25,-28.22,2.5,1.99,0
1746815088.645298,-2.0,-0.45,-0.68,-11.27,5.92,3.17,-1.03,0.13,-0.32,-45.92,20.57,-23.14,0
1746815088.653789,-2.0,-0.51,-0.7,-12.23,-6.71,5.99,-1.05,0.36,-0.3,-22.74,8.25,-3.98,0
1746815088.670663,-2.0,-0.46,-0.7,-2.74,8.95,1.61,-0.95,0.49,-0.25,-47.3,-4.91,-0.77,0
1746815088.683671,-2.0,-0.46,-0.73,4.32,0.49,8.92,-0.93,0.44,-0.29,-43.18,-3.58,-0.02,0
1746815088.695325,-2.0,-0.49,-0.71,5.01,-14.74,14.53,-0.95,0.56,-0.31,-37.19,-7.33,4.63,0
1746815088.712412,-2.0,-0.48,-0.71,10.07,-7.21,13.5,-0.96,0.71,-0.29,-37.56,-5.95,12.0,0
1746815088.728778,-2.0,-0.38,-0.73,10.46,14.92,11.38,-1.0,0.74,-0.27,-41.01,-10.06,25.43,0
1746815088.751355,-2.0,-0.43,-0.74,6.28,28.93,9.85,-1.06,0.85,-0.24,-59.87,-16.92,35.04,1
1746815088.764567,-2.0,-0.47,-0.64,-3.98,3.04,14.23,-1.07,0.84,-0.25,-53.11,-29.22,51.18,1
1746815088.780031,-2.0,-0.48,-0.73,7.68,14.99,21.41,-1.07,0.86,-0.27,-57.44,-31.98,67.54,1
1746815088.794986,-2.0,-0.45,-0.67,3.35,7.92,18.09,-1.08,0.92,-0.31,-53.07,-36.37,84.01,1
1746815088.803222,-2.0,-0.53,-0.71,3.71,13.25,12.01,-1.06,0.91,-0.32,-43.47,-35.77,106.61,1
1746815088.819728,-2.0,-0.48,-0.66,5.94,11.02,9.47,-1.1,1.01,-0.32,-42.13,-28.71,118.98,1
1746815088.831668,-2.0,-0.47,-0.65,10.32,1.79,10.75,-1.14,1.09,-0.31,-52.31,-38.58,134.0,1
1746815088.845536,-2.0,-0.47,-0.67,4.86,2.31,5.75,-1.14,1.18,-0.38,-48.5,-23.23,154.18,1
1746815088.862328,-2.0,-0.43,-0.64,-2.63,-11.17,3.53,-1.12,1.23,-0.43,-65.53,-28.5,168.66,1
1746815088.878501,-2.0,-0.44,-0.68,-0.08,-16.47,3.59,-1.14,1.23,-0.39,-88.95,-26.24,172.02,1
1746815088.89543,-2.0,-0.45,-0.72,-3.15,3.77,-1.28,-1.11,1.22,-0.48,-83.77,12.6,186.64,1
1746815088.912345,-2.0,-0.42,-0.64,-10.6,-0.53,-1.52,-1.09,1.12,-0.51,-55.74,50.66,208.13,1
1746815088.931547,-2.0,-0.46,-0.66,-8.49,-13.19,3.72,-1.14,1.16,-0.32,-30.85,-5.67,226.56,1
1746815088.945734,-2.0,-0.47,-0.65,-3.6,-19.42,8.32,-0.96,1.19,-0.48,-27.41,12.75,240.53,1
1746815088.954722,-2.0,-0.48,-0.65,-8.87,-32.92,8.54,-1.01,1.17,-0.4,-40.69,20.41,247.75,1
1746815088.97094,-2.0,-0.49,-0.74,-3.18,-9.57,6.19,-0.86,1.11,-0.55,-67.76,44.42,250.13,1
1746815088.983818,-2.0,-0.45,-0.66,-6.33,-11.25,1.52,-0.96,1.08,-0.39,-87.85,39.27,248.85,1
1746815088.995765,-2.0,-0.47,-0.74,-9.59,-4.8,-2.71,-0.81,0.98,-0.58,-107.62,84.5,244.44,1
1746815089.012254,-2.0,-0.46,-0.64,-9.85,-7.38,-4.94,-0.81,0.89,-0.52,-107.92,112.42,236.62,1
1746815089.028768,-2.0,-0.5,-0.71,-6.67,-3.53,-3.07,-0.8,0.82,-0.41,-93.38,50.23,234.46,1
1746815089.046078,-2.0,-0.5,-0.72,-5.57,4.19,-2.69,-0.69,0.82,-0.47,-88.47,49.11,232.15,1
1746815089.062126,-2.0,-0.5,-0.65,-10.46,-4.31,-0.76,-0.68,0.88,-0.45,-108.0,68.03,222.5,1
1746815089.079058,-2.0,-0.5,-0.67,-9.92,-12.74,2.4,-0.6,0.82,-0.42,-129.38,101.27,211.97,1
1746815089.095392,-2.0,-0.5,-0.62,-10.05,-20.93,5.05,-0.63,0.75,-0.35,-137.67,86.93,204.12,1
1746815089.103137,-2.0,-0.52,-0.7,-11.15,-16.54,4.02,-0.54,0.69,-0.41,-136.3,102.73,195.33,1
1746815089.121115,-2.0,-0.53,-0.6,-14.38,-22.18,4.52,-0.62,0.76,-0.32,-130.48,113.93,185.37,1
1746815089.13338,-2.0,-0.5,-0.61,-13.38,-40.49,8.21,-0.55,0.62,-0.28,-127.01,61.79,177.91,1
1746815089.150948,-2.0,-0.53,-0.68,-8.84,-43.51,10.92,-0.44,0.5,-0.28,-102.85,66.95,180.65,1
1746815089.162419,-2.0,-0.53,-0.68,-9.93,-38.31,8.97,-0.46,0.43,-0.18,-74.81,65.3,176.56,1
1746815089.179149,-2.0,-0.54,-0.69,-9.24,-24.58,6.56,-0.39,0.41,-0.12,-68.68,50.23,163.83,1
1746815089.195969,-2.0,-0.54,-0.66,-3.67,-23.95,6.75,-0.31,0.43,-0.01,-93.36,42.92,143.03,1
1746815089.213064,-2.0,-0.52,-0.63,-1.02,-30.38,3.5,-0.26,0.23,0.12,-133.48,36.38,116.99,1
1746815089.229877,-2.0,-0.5,-0.64,-8.05,-26.02,-2.05,-0.26,0.01,0.27,-141.48,24.85,96.61,1
1746815089.245905,-2.0,-0.46,-0.74,-1.27,-32.6,-3.66,-0.29,-0.66,0.73,-108.21,-0.24,62.79,1
1746815089.254546,-2.0,-0.54,-0.73,-5.08,-0.69,-8.95,-0.08,-0.47,0.74,-76.65,58.26,39.1,1
1746815089.270828,-2.0,-0.5,-0.63,-5.28,-29.62,-2.17,-0.25,-0.42,1.0,-45.2,12.73,10.07,1
1746815089.283899,-2.0,-0.48,-0.66,-8.05,-15.66,-5.55,-0.21,0.01,0.94,-53.7,-2.57,-27.82,1
1746815089.296006,-2.0,-0.45,-0.62,-8.42,-45.02,2.56,-0.18,0.25,0.84,-99.58,-15.82,-65.74,1
1746815089.312599,-2.0,-0.47,-0.72,-9.95,-12.48,-1.52,-0.18,0.45,0.81,-131.42,-30.04,-88.05,1
1746815089.334399,-2.0,-0.46,-0.71,-5.06,-0.98,-1.96,-0.16,0.42,0.77,-133.3,-43.8,-101.68,1
1746815089.350023,-2.0,-0.44,-0.69,-7.24,17.77,-5.04,-0.18,0.48,0.78,-112.32,-59.55,-101.18,1
1746815089.362862,-2.0,-0.48,-0.59,-5.27,12.67,-4.76,-0.23,0.28,0.77,-77.47,-75.55,-104.82,1
1746815089.380042,-2.0,-0.48,-0.68,-0.85,16.62,-0.48,-0.26,0.33,0.74,-37.19,-78.34,-113.76,1
1746815089.397567,-2.0,-0.43,-0.61,-5.34,30.27,-5.02,-0.27,0.56,0.83,-44.84,-78.51,-117.91,1
1746815089.404791,-2.0,-0.35,-0.62,-2.86,25.92,-1.72,-0.26,0.52,0.81,-52.98,-77.44,-138.55,1
1746815089.42084,-2.0,-0.42,-0.68,-1.25,30.21,-3.57,-0.35,0.57,0.84,-68.69,-87.9,-151.92,1
1746815089.43351,-2.0,-0.47,-0.62,-10.3,26.97,-5.0,-0.34,0.51,0.85,-93.42,-98.34,-163.45,1
1746815089.446271,-2.0,-0.48,-0.6,-10.71,16.95,-0.47,-0.35,0.44,0.86,-97.98,-121.04,-169.17,1
1746815089.469259,-2.0,-0.48,-0.61,-10.11,-9.44,6.98,-0.33,0.36,0.83,-90.69,-128.74,-175.86,1
1746815089.479324,-2.0,-0.51,-0.6,-11.85,2.21,5.79,-0.27,0.34,0.78,-72.98,-129.89,-183.79,1
1746815089.495783,-2.0,-0.5,-0.64,-13.14,-6.76,7.33,-0.27,0.43,0.74,-59.3,-122.66,-195.2,1
1746815089.513832,-2.0,-0.48,-0.67,-17.07,-6.35,5.05,-0.36,0.76,0.72,-65.31,-106.37,-212.85,1
1746815089.529874,-2.0,-0.46,-0.62,-22.61,-23.42,4.99,-0.33,0.91,0.69,-95.63,-94.32,-222.35,1
1746815089.546124,-2.0,-0.49,-0.69,-26.37,-17.6,2.08,-0.34,0.83,0.68,-124.02,-91.55,-222.81,1
1746815089.555029,-2.0,-0.49,-0.65,-30.98,-9.93,-1.63,-0.32,0.68,0.69,-131.6,-95.15,-216.0,1
1746815089.570795,-2.0,-0.49,-0.6,-32.03,-30.68,0.34,-0.34,0.45,0.66,-99.71,-105.82,-212.33,1
1746815089.58402,-2.0,-0.48,-0.66,-33.04,-35.61,-1.85,-0.43,0.56,0.63,-40.44,-102.81,-212.53,1
1746815089.596389,-2.0,-0.46,-0.73,-29.46,-20.07,-6.34,-0.42,0.68,0.56,7.34,-92.16,-205.89,1
1746815089.612984,-2.0,-0.47,-0.71,-28.69,-19.84,-5.76,-0.42,0.85,0.6,14.64,-70.06,-201.55,1
1746815089.629358,-2.0,-0.45,-0.73,-29.57,-2.05,-6.8,-0.45,1.02,0.63,-31.32,-68.37,-198.75,1
1746815089.646342,-2.0,-0.47,-0.71,-27.16,7.97,-7.58,-0.47,1.0,0.67,-104.15,-87.25,-195.61,1
1746815089.66362,-2.0,-0.47,-0.64,-26.05,-3.97,-3.84,-0.47,0.73,0.67,-142.15,-108.76,-185.61,1
1746815089.679649,-2.0,-0.51,-0.82,-8.07,21.27,0.48,-0.39,0.46,0.61,-112.91,-107.4,-180.27,1
1746815089.695859,-2.0,-0.5,-0.59,-9.21,29.9,-1.17,-0.41,0.36,0.6,-49.75,-99.43,-172.86,1
1746815089.704563,-2.0,-0.49,-0.67,-2.02,-17.11,7.16,-0.42,0.36,0.58,26.08,-92.13,-170.44,1
1746815089.724147,-2.0,-0.48,-0.72,13.64,-0.53,11.46,-0.46,0.6,0.57,70.56,-74.49,-170.15,1
1746815089.737625,-2.0,-0.48,-0.63,9.38,-11.53,13.47,-0.48,1.02,0.56,30.4,-73.87,-174.63,1
1746815089.746629,-2.0,-0.38,-0.81,8.18,23.95,2.82,-0.52,1.02,0.6,-37.84,-86.18,-170.47,1
1746815089.762949,-2.0,-0.38,-0.49,3.49,-0.21,6.16,-0.45,0.82,0.53,-74.34,-89.72,-162.16,1
1746815089.779602,-2.0,-0.41,-0.82,20.95,4.02,16.56,-0.42,0.55,0.52,-48.28,-86.5,-155.34,1
1746815089.796017,-2.0,-0.44,-0.65,9.02,0.8,10.63,-0.41,0.47,0.47,3.89,-77.35,-146.5,1
1746815089.813351,-2.0,-0.48,-0.74,17.76,42.91,8.69,-0.38,0.62,0.48,31.98,-82.4,-139.74,1
1746815089.828947,-2.0,-0.53,-0.64,35.18,-13.06,25.57,-0.39,0.73,0.47,31.82,-85.34,-135.15,1
1746815089.844602,-2.0,-0.58,-0.92,48.07,80.06,10.15,-0.38,0.74,0.42,17.0,-89.5,-132.1,1
1746815089.854966,-2.0,-0.56,-0.86,60.98,164.7,-0.98,-0.3,0.7,0.37,7.1,-87.66,-124.72,1
1746815089.863526,-2.0,-0.52,-0.62,35.15,175.98,-13.73,-0.25,0.69,0.34,4.41,-82.85,-117.84,1
1746815089.88276,-2.0,-0.48,-0.78,-0.25,27.31,0.52,-0.27,0.64,0.36,17.14,-70.32,-111.12,1
1746815089.896407,-2.0,-0.53,-0.68,-21.64,31.08,-7.79,-0.23,0.63,0.31,33.96,-50.65,-107.59,1
1746815089.91288,-2.0,-0.52,-0.58,-31.47,10.56,-5.58,-0.21,0.71,0.31,42.99,-50.62,-100.92,1
1746815089.93003,-2.0,-0.58,-0.79,-41.56,47.92,-17.24,-0.13,0.8,0.31,42.27,-45.75,-92.02,1
1746815089.946023,-2.0,-0.49,-0.65,-71.83,66.91,-41.55,-0.16,0.85,0.38,34.34,-46.09,-78.83,1
1746815089.9634,-2.0,-0.53,-0.65,-54.98,36.72,-23.56,-0.13,0.84,0.41,32.18,-41.17,-63.33,1
1746815089.97903,-2.0,-0.55,-0.67,-62.9,2.91,-15.53,-0.1,0.85,0.45,30.66,-32.83,-50.08,1
1746815089.996148,-2.0,-0.53,-0.74,-62.59,10.85,-16.47,-0.08,0.81,0.44,32.43,-23.74,-37.97,1
1746815090.003952,-2.0,-0.5,-0.69,-50.63,-2.66,-11.1,-0.04,0.8,0.41,26.79,-29.41,-26.31,1
1746815090.018894,-2.0,-0.46,-0.71,-32.06,11.96,-15.43,-0.12,0.85,0.45,11.08,-42.89,-12.68,1
1746815090.034055,-2.0,-0.44,-0.69,-14.66,-5.04,0.21,-0.01,0.76,0.48,-0.06,-25.14,-4.4,1
1746815090.047565,-2.0,-0.46,-0.74,-7.9,-3.2,4.99,0.01,0.67,0.43,-10.05,-14.5,0.21,1
1746815090.063458,-2.0,-0.48,-0.71,-4.89,-6.34,10.24,-0.01,0.56,0.48,-13.02,-7.23,-0.06,1
1746815090.07948,-2.0,-0.43,-0.71,-5.11,3.66,10.12,0.02,0.51,0.47,-12.0,-2.24,-0.32,1
1746815090.0968,-2.0,-0.45,-0.69,3.69,11.02,9.11,0.04,0.48,0.47,-6.57,1.6,-0.07,1
1746815090.115285,-2.0,-0.44,-0.69,13.63,12.47,8.66,0.03,0.44,0.51,-4.03,-12.31,2.73,1
1746815090.130265,-2.0,-0.48,-0.73,-2.54,12.38,0.46,-0.02,0.43,0.56,11.47,-16.34,5.72,1
1746815090.139462,-2.0,-0.49,-0.72,-9.36,16.87,-18.44,0.02,0.48,0.58,12.54,-8.73,9.6,1
1746815090.154897,-2.0,-0.41,-0.72,-16.73,18.88,-3.85,0.07,0.52,0.5,8.73,11.1,2.53,1
1746815090.169102,-2.0,-0.44,-0.67,-27.92,4.33,-0.68,0.03,0.52,0.54,1.4,19.34,-4.28,1
1746815090.185397,-2.0,-0.44,-0.73,-37.38,4.05,-1.27,0.02,0.46,0.55,12.66,17.5,5.92,1
1746815090.196802,-2.0,-0.44,-0.68,-30.59,-12.95,5.3,-0.02,0.47,0.59,9.15,12.38,7.08,1
1746815090.213278,-2.0,-0.44,-0.79,-18.97,8.21,0.31,-0.01,0.5,0.58,6.0,4.74,9.83,1
1746815090.230461,-2.0,-0.47,-0.72,-27.56,-8.82,1.02,0.03,0.55,0.55,-3.36,-3.28,11.24,1
1746815090.247028,-2.0,-0.44,-0.72,-6.47,-18.56,12.94,-0.03,0.49,0.63,-2.28,8.06,11.76,1
1746815090.265673,-2.0,-0.42,-0.68,2.35,-32.44,20.87,-0.05,0.48,0.64,3.97,18.96,9.44,1
1746815090.279794,-2.0,-0.42,-0.79,11.66,-15.03,16.34,0.0,0.51,0.61,6.2,22.5,10.62,1
1746815090.296398,-2.0,-0.4,-0.73,24.53,-5.34,12.36,-0.03,0.45,0.63,13.4,20.08,11.05,1
1746815090.305374,-2.0,-0.43,-0.71,31.28,-5.2,12.05,-0.04,0.47,0.62,20.79,10.99,11.14,1
1746815090.319244,-2.0,-0.47,-0.72,24.86,-5.8,13.04,-0.02,0.44,0.57,27.78,9.02,12.59,1
1746815090.333343,-2.0,-0.43,-0.72,22.4,9.78,7.49,0.01,0.53,0.58,29.69,14.86,14.36,1
1746815090.347085,-2.0,-0.51,-0.71,31.5,-3.27,19.62,-0.03,0.51,0.59,25.5,23.06,13.3,1
1746815090.363294,-2.0,-0.52,-0.76,24.69,-3.05,18.5,-0.03,0.54,0.61,21.32,25.96,12.79,1
1746815090.380043,-2.0,-0.53,-0.58,23.97,-39.94,23.26,-0.07,0.52,0.62,20.65,18.68,10.93,1
1746815090.39685,-2.0,-0.48,-0.7,8.67,-34.66,16.59,-0.03,0.55,0.54,44.18,19.2,11.67,1
1746815090.41467,-2.0,-0.34,-0.89,7.15,6.35,7.79,-0.19,0.51,0.48,83.23,14.24,12.42,1
1746815090.430092,-2.0,-0.4,-0.65,-7.13,35.32,-5.16,-0.03,0.82,0.36,112.43,31.04,25.31,1
1746815090.438296,-2.0,-0.34,-0.45,-15.86,-55.98,8.44,-0.1,1.01,0.41,86.34,36.68,36.11,1
1746815090.45546,-2.0,-0.63,-0.83,1.95,-75.4,24.99,-0.12,1.05,0.44,33.23,25.15,46.0,1
1746815090.468978,-2.0,-0.71,-0.76,-1.85,-10.32,23.09,-0.16,0.89,0.46,4.31,32.85,53.72,1
1746815090.480057,-2.0,-0.51,-0.71,-3.15,13.27,8.57,-0.12,0.71,0.38,0.0,27.37,60.97,0
1746815090.496467,-2.0,-0.52,-0.66,-6.77,13.35,-1.6,-0.09,0.61,0.3,16.01,31.15,65.69,0
1746815090.519491,-2.0,-0.4,-0.6,2.4,0.67,6.98,-0.05,0.52,0.23,40.98,31.8,69.6,0
1746815090.530544,-2.0,-0.45,-0.63,5.94,-30.18,16.92,-0.08,0.51,0.15,66.42,39.27,66.12,0
1746815090.5468,-2.0,-0.4,-0.59,2.22,-17.73,15.63,-0.11,0.55,0.09,75.67,46.81,59.06,0
1746815090.565383,-2.0,-0.38,-0.56,3.78,-30.57,17.83,-0.03,0.61,0.05,61.33,57.73,52.79,0
1746815090.579873,-2.0,-0.39,-0.65,8.76,-15.14,13.17,-0.02,0.69,0.05,20.04,71.73,42.65,0
1746815090.589018,-2.0,-0.39,-0.61,10.93,-33.17,15.61,-0.06,0.65,0.07,-22.95,85.19,31.1,0
1746815090.605506,-2.0,-0.4,-0.63,0.95,-37.18,13.41,-0.1,0.57,0.05,-39.08,99.71,21.02,0
1746815090.61842,-2.0,-0.36,-0.59,6.89,-42.39,20.64,-0.15,0.54,0.04,-22.98,112.79,18.31,0
1746815090.630325,-2.0,-0.47,-0.64,13.39,-20.21,19.23,-0.33,0.55,0.02,12.35,120.09,22.99,0
1746815090.647105,-2.0,-0.51,-0.72,5.56,-9.2,13.33,-0.33,0.74,-0.04,41.16,120.29,28.7,0
1746815090.663639,-2.0,-0.43,-0.78,-4.57,34.38,5.31,-0.35,0.79,-0.04,58.02,123.97,40.1,0
1746815090.680696,-2.0,-0.44,-0.5,-9.15,-11.15,16.02,-0.38,0.86,-0.08,59.26,142.23,50.44,0
1746815090.698381,-2.0,-0.4,-0.81,-11.79,-50.28,19.75,-0.39,0.94,-0.08,40.84,156.81,55.52,0
1746815090.716112,-2.0,-0.52,-0.69,-16.09,-6.59,13.47,-0.48,0.83,-0.03,36.97,175.5,53.54,0
1746815090.7305,-2.0,-0.48,-0.65,-15.56,-21.5,13.82,-0.52,0.77,0.04,22.95,187.99,45.69,0
1746815090.739977,-2.0,-0.48,-0.64,-11.07,-5.69,12.73,-0.5,0.75,0.2,-6.8,183.67,30.72,0
1746815090.755443,-2.0,-0.43,-0.54,-22.66,-76.44,20.24,-0.57,0.59,0.37,-12.2,158.78,29.17,0
1746815090.767961,-2.0,-0.51,-0.78,-12.47,-65.76,19.68,-0.45,0.45,0.3,1.69,145.11,32.11,0
1746815090.783397,-2.0,-0.44,-0.78,-11.96,-22.39,11.56,-0.35,0.42,0.38,17.2,144.97,26.18,0
1746815090.797236,-2.0,-0.46,-0.57,-20.49,-29.6,11.21,-0.34,0.44,0.46,4.28,148.63,6.73,0
1746815090.813478,-2.0,-0.44,-0.57,-18.63,-72.11,19.34,-0.38,0.35,0.5,-2.05,141.24,-10.63,0
1746815090.830755,-2.0,-0.49,-0.71,-18.01,-38.37,14.79,-0.42,0.27,0.43,26.8,133.7,-21.56,0
1746815090.847495,-2.0,-0.47,-0.56,-24.76,-30.41,13.63,-0.5,0.1,0.34,53.16,114.83,-42.56,0
1746815090.866274,-2.0,-0.4,-0.74,-26.76,13.39,3.37,-0.43,0.37,0.3,61.72,110.21,-34.54,0
1746815090.880302,-2.0,-0.42,-0.47,-29.15,-34.03,15.44,-0.47,0.46,0.31,51.01,119.21,-46.37,0
1746815090.888482,-2.0,-0.48,-0.76,-25.67,-52.07,17.71,-0.53,0.55,0.3,12.34,126.11,-65.92,0
1746815090.902391,-2.0,-0.45,-0.67,-32.69,38.01,1.25,-0.62,0.49,0.32,-9.0,134.45,-77.62,0
1746815090.917741,-2.0,-0.51,-0.66,-20.18,-8.27,10.88,-0.73,0.39,0.36,3.35,138.66,-95.24,0
1746815090.930514,-2.0,-0.55,-0.66,-13.05,18.19,8.8,-0.8,0.4,0.37,15.0,145.65,-110.71,0
1746815090.947077,-2.0,-0.54,-0.68,-8.12,18.2,5.46,-0.91,0.47,0.4,24.97,141.26,-116.15,0
1746815090.963847,-2.0,-0.53,-0.72,-0.79,78.71,-0.24,-0.99,0.56,0.45,33.78,122.89,-113.41,0
1746815090.980461,-2.0,-0.51,-0.69,-3.51,69.42,1.8,-1.07,0.66,0.44,52.53,91.34,-108.8,0
1746815090.997492,-2.0,-0.58,-0.81,-4.63,108.86,-12.69,-1.09,0.65,0.39,78.69,80.58,-105.5,0
1746815091.016112,-2.0,-0.54,-0.72,1.11,127.85,-17.36,-1.12,0.67,0.28,92.31,60.49,-100.93,0
1746815091.030859,-2.0,-0.53,-0.61,-0.9,99.71,-17.2,-1.11,0.65,0.15,116.48,46.39,-101.08,0
1746815091.039492,-2.0,-0.49,-0.62,4.73,67.26,-6.92,-1.08,0.7,0.02,127.49,47.82,-96.91,0
1746815091.055662,-2.0,-0.47,-0.44,-10.31,45.1,-16.15,-1.12,0.84,0.05,139.88,60.27,-98.55,0
1746815091.068482,-2.0,-0.46,-0.65,-19.81,2.85,-4.01,-1.04,1.01,-0.04,127.68,93.44,-96.08,0
1746815091.080875,-2.0,-0.48,-0.7,-21.53,15.02,-6.11,-1.22,1.2,0.13,67.41,97.45,-110.73,0
1746815091.097187,-2.0,-0.49,-0.67,-7.32,3.95,3.85,-1.2,1.19,0.16,-0.91,93.22,-107.37,0
1746815091.113809,-2.0,-0.5,-0.75,-15.95,10.02,-0.57,-1.15,1.06,0.12,-31.44,83.15,-93.18,0
1746815091.130501,-2.0,-0.34,-0.25,-19.26,-75.85,15.98,-1.04,1.16,0.03,-69.01,89.28,-82.04,0
1746815091.147466,-2.0,-0.65,-0.89,5.13,48.19,-27.46,-1.15,1.07,0.21,-60.07,59.61,-57.96,0
1746815091.166043,-2.0,-1.0,-0.87,23.73,-16.87,25.08,-1.15,0.55,0.18,-17.65,59.65,-50.75,0
1746815091.180816,-2.0,-0.33,-0.57,-15.37,-15.6,6.22,-1.13,0.55,0.15,-25.74,59.6,-40.69,0
1746815091.189489,-2.0,-0.4,-0.58,-6.38,-5.99,7.78,-1.18,0.49,0.16,-6.33,67.23,-44.6,0
1746815091.205803,-2.0,-0.46,-0.68,-1.12,-52.59,31.15,-0.98,0.56,0.01,-9.54,68.56,-44.02,0
1746815091.219933,-2.0,-0.39,-0.77,-31.64,4.64,4.18,-1.05,0.45,0.04,-19.9,69.15,-60.15,0
1746815091.231007,-2.0,-0.44,-0.58,-30.83,-21.31,8.26,-0.94,0.49,-0.04,-27.55,72.47,-59.42,0
1746815091.247332,-2.0,-0.48,-0.76,-15.46,-22.41,13.18,-0.95,0.5,-0.06,-55.63,54.25,-57.59,0
1746815091.263949,-2.0,-0.46,-1.02,-19.08,22.1,-1.75,-1.02,0.49,-0.0,-41.3,54.63,-66.19,0
1746815091.280494,-2.0,-0.43,-0.27,-21.57,-92.4,11.63,-1.03,0.51,-0.03,-78.59,32.5,-62.7,0
1746815091.298192,-2.0,-0.59,-1.54,39.21,124.15,-2.91,-0.74,0.5,-0.3,-88.13,72.78,-62.31,0
1746815091.316484,-2.0,-0.28,-0.54,20.13,-1.33,0.0,-1.05,0.41,-0.12,-31.29,37.67,-48.92,0
1746815091.331057,-2.0,-0.55,-0.85,45.85,25.9,8.75,-1.1,0.33,-0.11,7.44,67.5,-38.51,0
1746815091.339623,-2.0,-0.43,-0.57,-6.38,12.57,0.31,-1.01,0.55,-0.12,0.61,47.56,-25.23,0
1746815091.35568,-2.0,-0.45,-0.56,9.59,-60.61,28.84,-0.98,0.5,-0.19,18.61,23.49,-13.73,0
1746815091.368978,-2.0,-0.5,-0.79,-0.03,16.55,1.74,-0.97,0.5,-0.22,24.59,11.56,-2.64,0
1746815091.381185,-2.0,-0.42,-0.54,16.18,-32.92,27.39,-0.96,0.59,-0.2,3.28,-4.56,2.88,0
1746815091.397517,-2.0,-0.53,-0.8,23.93,23.6,27.73,-0.91,0.4,-0.36,17.89,-3.84,8.82,0
1746815091.414107,-2.0,-0.3,-0.54,-40.44,-18.84,8.53,-0.92,0.48,-0.3,15.52,-2.87,8.08,0
1746815091.43094,-2.0,-0.58,-0.68,9.09,-170.56,56.26,-0.92,0.43,-0.3,12.9,-0.43,8.95,0
1746815091.449092,-2.0,-0.44,-1.02,-11.17,8.97,4.27,-0.88,0.49,-0.29,2.92,-1.23,10.14,0
1746815091.465855,-2.0,-0.46,-0.58,17.87,-71.01,17.98,-0.9,0.4,-0.3,-2.81,-7.67,5.14,0
1746815091.480571,-2.0,-0.51,-1.12,44.45,91.16,10.63,-0.86,0.31,-0.39,-5.3,5.91,5.05,0
1746815091.489373,-2.0,-0.44,-0.5,0.34,58.47,-5.29,-0.85,0.38,-0.39,-0.05,5.6,4.08,0
1746815091.503615,-2.0,-0.63,-0.84,-18.02,111.16,-18.75,-0.89,0.33,-0.37,5.4,0.53,5.05,0
1746815091.518677,-2.0,-0.42,-0.73,-6.23,40.85,-4.78,-0.89,0.35,-0.33,-14.06,3.18,1.89,0
1746815091.530936,-2.0,-0.51,-0.65,-12.74,27.05,-5.5,-0.94,0.32,-0.31,-14.14,-1.37,0.84,0
1746815091.547861,-2.0,-0.51,-0.72,-7.69,24.53,-0.37,-0.89,0.3,-0.32,-8.5,2.6,2.18,0
1746815091.563933,-2.0,-0.43,-0.77,-33.47,53.6,-15.31,-0.89,0.32,-0.33,-7.78,2.91,1.98,0
1746815091.581193,-2.0,-0.5,-0.66,-34.67,17.12,-6.23,-0.91,0.33,-0.31,-3.56,2.07,1.73,0
1746815091.599863,-2.0,-0.48,-0.72,-37.65,5.61,-6.01,-0.93,0.34,-0.3,-8.97,-1.63,3.36,0
1746815091.61483,-2.0,-0.49,-0.69,-1.75,7.32,3.85,-0.9,0.36,-0.3,-10.85,-1.79,2.95,0
1746815091.624029,-2.0,-0.49,-0.69,3.9,11.63,3.91,-0.89,0.4,-0.32,-4.56,1.29,4.24,0
1746815091.647714,-2.0,-0.45,-0.67,1.17,3.18,5.44,-0.87,0.38,-0.36,-3.95,2.24,4.56,0
1746815091.647714,-2.0,-0.46,-0.66,-7.62,-26.3,10.95,-0.91,0.39,-0.32,-1.26,0.66,2.4,0
1746815091.67381,-2.0,-0.49,-0.6,-1.88,-52.31,16.78,-0.89,0.35,-0.34,-0.83,7.63,4.63,0
1746815091.688675,-2.0,-0.46,-0.92,2.06,5.24,4.31,-0.89,0.36,-0.34,1.75,10.73,3.6,0
1746815091.697655,-2.0,-0.4,-0.61,-7.31,6.76,-2.58,-0.9,0.37,-0.32,-1.47,8.66,4.23,0
1746815091.715034,-2.0,-0.44,-0.74,-13.69,18.31,-2.71,-0.91,0.37,-0.31,-2.76,6.04,2.76,0
1746815091.735438,-2.0,-0.44,-0.78,-13.89,36.49,-0.84,-0.93,0.38,-0.28,-2.2,4.55,4.81,0
1746815091.750596,-2.0,-0.43,-0.69,-23.44,34.18,-4.57,-0.93,0.39,-0.3,-5.2,3.93,4.64,1
1746815091.76443,-2.0,-0.49,-0.61,-24.28,15.37,-3.9,-0.86,0.47,-0.31,7.27,6.57,14.76,1
1746815091.772004,-2.0,-0.43,-0.6,-13.92,17.98,4.53,-0.87,0.63,-0.24,-15.11,4.84,13.55,1
1746815091.786938,-2.0,-0.4,-0.65,-3.53,10.27,7.96,-0.93,0.52,-0.32,-34.05,-10.99,14.44,1
1746815091.802258,-2.0,-0.44,-0.74,-5.72,0.49,8.47,-0.94,0.69,-0.26,-34.58,-17.34,19.18,1
1746815091.814718,-2.0,-0.5,-0.72,-12.97,-1.85,5.09,-1.03,0.54,-0.29,-40.82,-12.91,23.71,1
1746815091.831247,-2.0,-0.48,-0.7,-11.82,-0.71,2.98,-0.92,0.71,-0.34,-39.91,-19.36,36.92,1
1746815091.847682,-2.0,-0.51,-0.73,-5.85,-24.86,10.29,-0.91,0.72,-0.42,-49.37,-19.22,49.95,1
1746815091.864543,-2.0,-0.37,-0.64,-10.43,-4.45,3.08,-1.02,0.81,-0.34,-27.97,-23.93,52.98,1
1746815091.880809,-2.0,-0.47,-0.77,-6.73,-9.97,7.69,-1.02,0.93,-0.3,-23.41,-19.27,76.74,1
1746815091.897772,-2.0,-0.48,-0.73,8.4,-20.84,16.81,-1.06,1.08,-0.25,-43.0,-13.07,84.13,1
1746815091.91515,-2.0,-0.42,-0.34,-15.18,-107.13,22.66,-0.99,1.09,-0.37,-42.34,-11.19,106.92,1
1746815091.921662,-2.0,-0.45,-1.03,7.4,-30.63,22.97,-0.98,1.07,-0.36,-78.38,-17.77,119.37,1
1746815091.937085,-2.0,-0.3,-0.41,-0.4,-36.64,9.9,-1.14,1.03,-0.15,-73.08,-43.67,126.0,1
1746815091.951741,-2.0,-0.5,-1.07,8.61,39.02,-1.05,-0.97,1.08,-0.34,-108.15,0.87,133.79,1
1746815091.964449,-2.0,-0.38,-0.4,-3.93,-4.27,6.53,-1.02,1.06,-0.28,-85.37,16.0,145.58,1
1746815091.981261,-2.0,-0.49,-0.97,6.75,41.98,-0.38,-0.96,1.14,-0.36,-90.23,17.27,149.73,1
1746815091.997776,-2.0,-0.45,-0.59,0.68,31.54,-1.4,-1.02,1.15,-0.23,-85.53,10.66,162.69,1
1746815092.014594,-2.0,-0.47,-0.71,-13.48,24.18,-6.47,-1.0,1.19,-0.34,-99.96,43.87,168.08,1
1746815092.031524,-2.0,-0.42,-0.67,-16.4,-2.98,0.08,-1.02,1.14,-0.28,-103.32,24.15,176.54,1
1746815092.050038,-2.0,-0.45,-0.71,-13.41,0.52,-0.02,-0.91,1.02,-0.41,-93.07,0.42,192.99,1
1746815092.064947,-2.0,-0.5,-0.68,-5.77,-15.91,6.91,-0.91,1.03,-0.39,-72.69,36.92,202.4,1
1746815092.073376,-2.0,-0.49,-0.88,-2.53,21.88,2.01,-0.88,1.05,-0.43,-68.73,1.86,216.0,1
1746815092.089928,-2.0,-0.47,-0.65,-1.4,-17.08,9.64,-0.96,1.19,-0.32,-82.35,33.64,216.35,1
1746815092.103995,-2.0,-0.47,-0.74,3.15,-15.89,14.58,-0.86,1.14,-0.4,-91.74,9.6,218.09,1
1746815092.118277,-2.0,-0.48,-0.56,-7.16,-32.24,12.3,-0.93,1.08,-0.36,-107.79,23.4,215.73,1
1746815092.131359,-2.0,-0.48,-0.85,2.32,-24.42,13.6,-0.87,0.95,-0.29,-103.22,-5.69,222.64,1
1746815092.147943,-2.0,-0.46,-0.7,6.59,-24.44,15.29,-0.79,0.85,-0.29,-97.24,45.02,226.41,1
1746815092.164442,-2.0,-0.49,-0.69,6.47,-23.52,12.34,-0.73,0.78,-0.23,-89.4,30.69,222.31,1
1746815092.180976,-2.0,-0.5,-0.74,5.42,9.48,4.64,-0.6,0.78,-0.27,-94.4,40.96,213.21,1
1746815092.198229,-2.0,-0.47,-0.65,-0.19,-3.14,2.73,-0.58,0.71,-0.24,-97.1,31.31,205.46,1
1746815092.215999,-2.0,-0.48,-0.71,-5.06,10.85,-1.94,-0.5,0.75,-0.19,-107.1,23.64,200.25,1
1746815092.221667,-2.0,-0.46,-0.63,-8.19,-5.78,-0.13,-0.52,0.61,-0.05,-110.54,40.6,192.27,1
1746815092.236875,-2.0,-0.5,-0.74,-9.88,28.25,-9.38,-0.52,0.52,0.02,-93.46,24.45,181.94,1
1746815092.251929,-2.0,-0.48,-0.68,-6.51,0.23,-3.26,-0.58,0.46,0.18,-65.1,-29.92,170.37,1
1746815092.268591,-2.0,-0.4,-0.62,-21.27,21.13,-9.66,-0.18,0.46,-0.15,-60.52,-12.26,166.19,1
1746815092.28931,-2.0,-0.5,-0.75,-11.87,-7.66,-1.59,-0.39,0.51,0.28,-93.11,26.85,145.89,1
1746815092.302916,-2.0,-0.45,-0.63,-15.27,1.64,-4.02,-0.27,0.39,0.17,-103.06,24.86,130.32,1
1746815092.319162,-2.0,-0.46,-0.68,-10.21,-18.57,-0.4,-0.17,0.45,0.11,-124.83,13.83,113.08,1
1746815092.331675,-2.0,-0.42,-0.7,-9.89,-13.98,-0.64,-0.17,0.39,0.18,-131.15,3.83,96.85,1
1746815092.34984,-2.0,-0.43,-0.71,-6.88,-17.06,0.33,-0.11,0.39,0.18,-121.3,11.64,82.72,1
1746815092.364579,-2.0,-0.44,-0.61,-6.36,-21.19,1.37,-0.03,0.33,0.23,-108.95,20.4,72.0,1
1746815092.372235,-2.0,-0.47,-0.64,-6.83,-51.06,7.66,-0.01,0.24,0.31,-81.02,27.47,60.41,1
1746815092.386151,-2.0,-0.47,-0.76,-10.35,-31.71,7.58,-0.03,0.22,0.41,-54.93,22.47,42.0,1
1746815092.401865,-2.0,-0.48,-0.65,-16.34,-49.82,11.15,0.0,0.27,0.49,-44.16,15.39,29.07,1
1746815092.414722,-2.0,-0.46,-0.77,-14.17,-30.18,8.49,-0.07,0.22,0.54,-17.38,14.25,20.87,1
1746815092.4315,-2.0,-0.52,-0.55,-25.05,-40.47,4.85,0.01,0.36,0.54,-46.83,6.24,-1.58,1
1746815092.448214,-2.0,-0.43,-0.8,-26.08,-34.3,3.43,-0.14,0.3,0.58,-55.92,-7.22,-20.62,1
1746815092.464998,-2.0,-0.44,-0.79,-17.5,-24.18,2.85,-0.12,0.29,0.58,-60.86,-12.71,-38.5,1
1746815092.481233,-2.0,-0.45,-0.49,-28.11,-42.47,3.15,-0.04,0.24,0.52,-78.85,-14.58,-53.11,1
1746815092.498136,-2.0,-0.46,-0.72,-16.95,-41.92,7.42,-0.11,0.23,0.63,-66.38,-22.61,-67.76,1
1746815092.514765,-2.0,-0.43,-0.67,-17.75,-28.38,6.07,-0.13,0.26,0.67,-54.5,-25.89,-84.43,1
1746815092.522078,-2.0,-0.45,-0.73,-20.37,-9.42,4.51,-0.22,0.36,0.75,-53.21,-30.47,-102.62,1
1746815092.539265,-2.0,-0.46,-0.63,-16.91,-12.34,5.15,-0.28,0.46,0.8,-51.25,-39.16,-119.81,1
1746815092.552558,-2.0,-0.46,-0.78,-11.79,31.31,-2.73,-0.32,0.54,0.86,-55.18,-46.74,-130.34,1
1746815092.568387,-2.0,-0.46,-0.59,-9.76,23.18,-4.11,-0.34,0.59,0.95,-87.97,-60.76,-142.14,1
1746815092.581646,-2.0,-0.48,-0.66,-5.84,36.0,-2.52,-0.36,0.54,0.96,-82.82,-75.63,-147.98,1
1746815092.598418,-2.0,-0.45,-0.71,-0.97,37.75,-0.95,-0.35,0.47,0.97,-73.57,-95.36,-152.44,1
1746815092.61509,-2.0,-0.41,-0.66,-6.39,58.62,-4.39,-0.37,0.39,0.95,-55.63,-110.28,-157.31,1
1746815092.631778,-2.0,-0.44,-0.63,3.24,48.36,5.03,-0.36,0.4,0.91,-31.76,-118.93,-163.23,1
1746815092.649981,-2.0,-0.39,-0.65,-1.73,57.24,1.21,-0.36,0.41,0.85,-7.65,-126.44,-170.02,1
1746815092.665343,-2.0,-0.43,-0.63,9.07,0.4,17.15,-0.37,0.47,0.8,4.4,-129.91,-177.34,1
1746815092.673467,-2.0,-0.42,-0.62,1.95,7.37,14.25,-0.37,0.64,0.77,-4.45,-133.18,-183.31,1
1746815092.690602,-2.0,-0.46,-0.51,-1.08,-28.69,21.68,-0.42,0.79,0.66,-42.63,-147.07,-190.37,1
1746815092.703914,-2.0,-0.4,-0.74,-9.49,-3.74,11.4,-0.43,0.82,0.63,-91.15,-170.61,-195.34,1
1746815092.71847,-2.0,-0.41,-0.61,-7.48,-15.11,10.7,-0.4,0.67,0.54,-103.69,-166.76,-203.02,1
1746815092.731924,-2.0,-0.47,-0.74,-16.51,-6.79,1.56,-0.37,0.55,0.5,-74.37,-155.08,-208.29,1
1746815092.748817,-2.0,-0.48,-0.61,-23.5,-21.25,-2.56,-0.4,0.57,0.49,-27.79,-135.52,-212.92,1
1746815092.769718,-2.0,-0.45,-0.72,-21.38,-32.13,-1.02,-0.47,0.73,0.5,-8.73,-124.73,-215.04,1
1746815092.782112,-2.0,-0.43,-0.7,-24.34,-23.69,-1.89,-0.51,0.93,0.51,-40.42,-129.53,-213.34,1
1746815092.800714,-2.0,-0.46,-0.76,-25.36,-17.73,-6.57,-0.55,0.95,0.54,-99.08,-135.5,-209.59,1
1746815092.815082,-2.0,-0.47,-0.7,-17.13,4.56,-6.41,-0.47,0.82,0.49,-126.82,-140.31,-204.66,1
1746815092.824245,-2.0,-0.41,-0.73,-11.53,6.19,-6.56,-0.49,0.62,0.51,-102.0,-133.12,-202.47,1
1746815092.840582,-2.0,-0.41,-0.59,-9.57,5.04,-4.22,-0.48,0.54,0.45,-47.63,-121.08,-205.26,1
1746815092.853015,-2.0,-0.47,-0.87,-4.59,68.44,-9.11,-0.5,0.54,0.45,1.84,-102.27,-209.28,1
1746815092.865555,-2.0,-0.37,-0.65,14.01,38.44,-0.69,-0.59,0.82,0.54,8.33,-99.21,-209.16,1
1746815092.881815,-2.0,-0.44,-0.86,8.51,40.21,-5.33,-0.57,0.93,0.54,-15.89,-90.36,-215.05,1
1746815092.904872,-2.0,-0.58,-0.6,8.08,17.51,-1.11,-0.61,0.84,0.59,-50.92,-104.76,-204.62,1
1746815092.919475,-2.0,-0.51,-0.58,10.18,-12.34,7.09,-0.59,0.68,0.58,-56.66,-112.59,-195.11,1
1746815092.932249,-2.0,-0.53,-0.65,16.88,15.09,13.11,-0.62,0.5,0.55,-34.59,-122.03,-189.52,1
1746815092.95234,-2.0,-0.44,-0.56,-8.93,-25.95,12.26,-0.58,0.45,0.43,4.23,-121.15,-190.08,1
1746815092.965458,-2.0,-0.52,-0.81,8.81,-23.44,25.71,-0.61,0.64,0.39,16.74,-115.81,-195.08,1
1746815092.973223,-2.0,-0.52,-0.73,2.66,-13.07,16.56,-0.63,0.81,0.35,0.03,-121.14,-201.2,1
1746815092.988127,-2.0,-0.5,-0.83,1.39,25.65,2.64,-0.52,0.84,0.2,-16.02,-129.02,-201.55,1
1746815093.002844,-2.0,-0.5,-0.86,10.85,89.12,-10.68,-0.44,0.89,0.14,-0.49,-105.27,-198.25,1
1746815093.01549,-2.0,-0.37,-0.45,6.32,50.29,-8.91,-0.41,1.15,0.15,35.34,-75.81,-190.66,1
1746815093.031946,-2.0,-0.5,-0.61,-17.33,45.31,-9.73,-0.3,1.72,0.21,60.5,-31.44,-172.93,1
1746815093.048378,-2.0,-0.5,-0.62,-39.78,4.95,-1.01,-0.25,2.0,0.22,50.39,-11.26,-124.91,1
1746815093.065257,-2.0,-0.49,-0.63,-59.5,-12.01,-1.77,-0.29,1.86,0.22,44.12,-12.45,-31.02,1
1746815093.082212,-2.0,-0.45,-0.64,-46.12,0.22,-7.93,-0.32,1.45,0.29,49.86,-41.58,63.21,1
1746815093.098886,-2.0,-0.43,-0.69,-24.31,13.34,-10.31,-0.2,1.05,0.3,16.7,-47.65,93.81,1
1746815093.115131,-2.0,-0.38,-0.74,-36.5,25.97,-22.17,-0.07,0.64,0.25,-50.18,-54.63,82.24,1
1746815093.123038,-2.0,-0.38,-0.72,-66.23,-23.31,-9.39,0.06,0.19,0.18,-72.35,-30.97,36.35,1
1746815093.136577,-2.0,-0.43,-0.68,-88.21,-69.89,-6.59,0.14,-0.02,0.18,-36.95,-4.6,2.04,1
1746815093.15163,-2.0,-0.49,-1.02,-40.75,4.89,-2.48,0.17,0.12,0.24,1.18,27.73,-23.3,1
1746815093.165266,-2.0,-0.33,-0.31,-39.41,62.21,-12.67,0.05,0.35,0.34,15.27,37.11,-30.29,1
1746815093.182013,-2.0,-0.37,-0.73,-37.08,50.12,-10.69,-0.03,0.5,0.51,13.43,37.06,-29.34,1
1746815093.199785,-2.0,-0.39,-0.74,-34.73,20.85,9.48,-0.03,0.59,0.56,2.05,15.32,-17.64,1
1746815093.215333,-2.0,-0.48,-0.74,-16.53,2.01,23.48,-0.05,0.6,0.63,-8.4,2.44,-7.55,1
1746815093.231979,-2.0,-0.5,-0.77,8.89,-2.89,29.8,0.01,0.56,0.56,-14.4,-4.76,-1.25,1
1746815093.248715,-2.0,-0.46,-0.8,9.84,16.3,14.32,-0.04,0.5,0.57,-5.89,-1.04,2.63,1
1746815093.259228,-2.0,-0.42,-0.73,14.96,20.16,0.15,-0.0,0.51,0.55,-5.95,-5.54,4.59,1
1746815093.275788,-2.0,-0.44,-0.77,26.98,18.11,-1.51,-0.01,0.52,0.55,-7.02,6.07,7.91,1
1746815093.286519,-2.0,-0.38,-0.76,14.35,22.24,-6.34,-0.0,0.56,0.59,-14.36,19.54,-0.84,1
1746815093.301416,-2.0,-0.38,-0.73,-3.01,11.95,-5.27,-0.06,0.54,0.64,-17.48,31.37,-0.47,1
1746815093.315321,-2.0,-0.36,-0.73,-20.93,5.74,-8.69,-0.05,0.49,0.67,-18.41,35.34,1.89,1
1746815093.332236,-2.0,-0.39,-0.73,-5.23,-5.97,-0.19,-0.03,0.44,0.67,-16.32,24.01,2.14,1
1746815093.350552,-2.0,-0.37,-0.74,-4.29,9.47,-7.44,-0.11,0.43,0.72,-3.56,9.02,3.82,1
1746815093.365723,-2.0,-0.26,-0.75,-19.22,13.31,-12.65,-0.08,0.42,0.65,11.47,3.86,3.41,1
1746815093.382425,-2.0,-0.31,-0.72,-25.4,13.07,-3.63,-0.04,0.48,0.63,22.27,18.09,2.23,1
1746815093.399014,-2.0,-0.36,-0.72,-28.09,9.01,8.31,-0.06,0.56,0.62,19.72,25.53,1.47,1
1746815093.415441,-2.0,-0.62,-0.79,-19.99,-2.26,11.5,-0.08,0.59,0.57,15.32,26.53,0.7,1
1746815093.424475,-2.0,-0.43,-0.7,-5.89,3.23,4.81,-0.1,0.58,0.51,16.76,26.41,1.22,1
1746815093.442419,-2.0,-0.44,-0.7,7.92,-5.55,2.76,-0.11,0.56,0.42,30.02,32.11,4.53,0
1746815093.453469,-2.0,-0.29,-0.71,18.7,-16.83,2.5,-0.13,0.6,0.31,53.09,46.66,10.49,0
1746815093.465653,-2.0,-0.34,-0.72,19.75,-20.34,-4.21,-0.08,0.71,0.23,67.09,68.5,20.05,0
1746815093.48252,-2.0,-0.34,-0.73,23.53,-13.53,-10.97,-0.21,0.84,0.22,49.44,81.88,26.14,0
1746815093.499248,-2.0,-0.37,-0.72,24.73,-1.48,-14.08,-0.21,0.9,0.14,6.97,97.68,32.2,0
1746815093.515547,-2.0,-0.41,-0.73,26.47,-0.39,-4.03,-0.29,0.8,0.07,-21.37,120.27,38.8,0
1746815093.532628,-2.0,-0.43,-0.69,17.76,-17.03,11.5,-0.37,0.76,0.05,-41.19,133.52,42.1,0
1746815093.549464,-2.0,-0.46,-0.67,1.98,-31.27,15.76,-0.43,0.64,-0.09,-46.84,137.75,49.93,0
1746815093.565402,-2.0,-0.4,-0.69,2.63,-33.07,21.62,-0.39,0.52,-0.03,-42.0,142.73,57.75,0
1746815093.573383,-2.0,-0.38,-0.75,0.99,1.23,12.54,-0.46,0.48,0.05,-38.55,139.94,65.62,0
1746815093.588367,-2.0,-0.37,-0.71,-5.57,9.54,3.86,-0.47,0.38,0.07,-27.84,144.4,73.93,0
1746815093.604524,-2.0,-0.36,-0.72,-11.99,8.92,-0.92,-0.41,0.32,0.05,-21.25,122.19,75.78,0
1746815093.616242,-2.0,-0.42,-0.71,-11.03,-1.18,1.13,-0.41,0.26,0.07,-9.26,117.4,77.46,0
1746815093.632501,-2.0,-0.44,-0.7,-10.16,-11.7,4.78,-0.42,0.25,0.06,1.33,119.8,70.81,0
1746815093.64896,-2.0,-0.45,-0.73,-5.4,-15.68,8.99,-0.36,0.36,0.06,2.85,132.81,60.46,0
1746815093.666171,-2.0,-0.44,-0.73,-3.92,-12.34,9.98,-0.4,0.39,0.15,-10.8,150.47,49.27,0
1746815093.684885,-2.0,-0.44,-0.73,-1.28,-18.56,14.53,-0.46,0.37,0.21,-14.98,162.39,38.49,0
1746815093.700285,-2.0,-0.44,-0.71,-0.08,-26.4,18.22,-0.5,0.35,0.19,-20.52,167.09,26.58,0
1746815093.715661,-2.0,-0.42,-0.64,5.5,-70.05,29.2,-0.59,0.36,0.23,-16.72,162.82,20.31,0
1746815093.724183,-2.0,-0.49,-0.7,-4.07,-69.85,26.24,-0.59,0.32,0.26,-4.08,156.93,17.58,0
1746815093.738188,-2.0,-0.5,-0.7,3.81,-83.98,33.37,-0.53,0.38,0.29,9.18,162.21,15.07,0
1746815093.749322,-2.0,-0.51,-0.73,2.48,-81.53,30.69,-0.57,0.39,0.33,20.76,166.38,8.81,0
1746815093.766484,-2.0,-0.47,-0.7,-7.8,-49.08,19.93,-0.69,0.38,0.35,37.93,162.95,3.08,0
1746815093.782584,-2.0,-0.46,-0.67,-6.65,-62.15,19.25,-0.73,0.41,0.26,45.62,153.24,-4.81,0
1746815093.805168,-2.0,-0.47,-0.81,-12.08,-5.66,8.39,-0.72,0.48,0.19,56.23,141.41,-3.21,0
1746815093.816684,-2.0,-0.47,-0.69,-12.44,7.02,4.02,-0.72,0.57,0.22,52.18,140.79,-7.24,0
1746815093.833294,-2.0,-0.48,-0.8,-10.06,18.94,0.75,-0.75,0.62,0.21,37.3,143.18,-15.58,0
1746815093.848942,-2.0,-0.49,-0.61,-2.73,18.14,3.97,-0.81,0.61,0.24,26.02,147.0,-26.53,0
1746815093.866078,-2.0,-0.46,-0.68,-4.92,30.92,-0.24,-0.85,0.57,0.23,24.63,148.37,-32.82,0
1746815093.875123,-2.0,-0.47,-0.71,0.12,17.83,2.24,-0.92,0.53,0.27,25.82,134.34,-33.72,0
1746815093.888698,-2.0,-0.48,-0.63,-0.98,25.0,2.63,-0.96,0.52,0.27,34.27,127.05,-33.09,0
1746815093.903283,-2.0,-0.44,-0.64,7.3,10.63,7.26,-1.01,0.54,0.27,52.87,121.3,-27.68,0
1746815093.916326,-2.0,-0.41,-0.64,2.35,7.55,6.35,-0.96,0.57,0.24,56.93,119.92,-29.87,0
1746815093.932742,-2.0,-0.47,-0.76,11.6,-5.27,10.61,-0.94,0.63,0.2,52.4,114.91,-19.2,0
1746815093.949127,-2.0,-0.44,-0.67,4.25,27.17,2.3,-0.9,0.5,-0.04,57.2,124.97,-42.83,0
1746815093.966822,-2.0,-0.45,-0.67,-6.35,2.22,2.11,-1.09,0.48,0.27,40.95,95.69,-45.31,0
1746815093.985131,-2.0,-0.46,-0.68,-4.6,4.09,4.06,-1.13,0.49,0.18,52.68,104.23,-45.89,0
1746815094.00248,-2.0,-0.44,-0.72,-5.69,6.49,3.9,-1.17,0.54,0.17,49.46,105.97,-57.75,0
1746815094.016021,-2.0,-0.48,-0.77,-5.95,40.55,-0.95,-1.17,0.6,0.14,18.98,88.08,-59.58,0
1746815094.024479,-2.0,-0.42,-0.61,-7.92,33.92,-0.08,-1.24,0.57,0.24,20.59,101.34,-67.57,0
1746815094.044499,-2.0,-0.46,-0.65,-4.92,10.74,5.23,-1.25,0.5,0.23,18.11,96.07,-76.88,0
1746815094.049822,-2.0,-0.44,-0.65,-7.0,-6.5,7.95,-1.22,0.43,0.18,26.98,78.05,-74.83,0
1746815094.066321,-2.0,-0.47,-0.69,-3.47,3.48,7.43,-1.17,0.41,0.11,44.44,61.78,-64.5,0
1746815094.083054,-2.0,-0.49,-0.57,3.44,7.22,7.4,-1.16,0.43,0.03,56.47,40.89,-58.31,0
1746815094.099891,-2.0,-0.46,-0.73,8.8,28.17,5.04,-1.08,0.49,-0.13,59.6,31.81,-50.78,0
1746815094.11666,-2.0,-0.37,-0.48,-2.21,-5.44,8.02,-1.11,0.61,-0.14,58.05,36.45,-50.21,0
1746815094.135152,-2.0,-0.41,-0.72,5.05,0.79,9.99,-1.12,0.64,-0.11,38.76,41.38,-57.73,0
1746815094.150342,-2.0,-0.41,-0.65,5.5,16.73,6.05,-1.1,0.64,-0.18,21.15,58.59,-71.85,0
1746815094.159263,-2.0,-0.41,-0.66,5.24,7.74,7.06,-1.0,0.81,-0.23,12.15,73.84,-68.85,0
1746815094.175981,-2.0,-0.42,-0.64,-0.08,3.15,7.98,-1.16,0.75,-0.18,-11.6,44.98,-62.2,0
1746815094.188969,-2.0,-0.44,-0.67,-8.59,-9.44,12.87,-1.13,0.76,-0.08,-56.77,23.05,-53.9,0
1746815094.203324,-2.0,-0.47,-0.73,-17.02,1.75,5.85,-1.06,0.67,-0.13,-57.26,19.91,-41.5,0
1746815094.216712,-2.0,-0.43,-0.65,-10.63,-6.87,9.61,-1.01,0.57,-0.12,-41.93,17.61,-29.39,0
1746815094.240321,-2.0,-0.46,-0.73,-8.61,1.9,6.44,-1.03,0.5,-0.04,-22.6,7.89,-19.34,0
1746815094.250015,-2.0,-0.48,-0.71,-8.13,-0.64,5.84,-1.03,0.44,-0.01,9.27,7.98,-9.31,0
1746815094.267102,-2.0,-0.47,-0.71,-14.32,-2.64,4.34,-1.09,0.22,0.16,83.88,12.95,1.04,0
1746815094.285128,-2.0,-0.48,-0.72,-11.89,3.02,4.24,-1.24,0.49,0.42,166.29,13.57,33.04,0
1746815094.300212,-2.0,-0.46,-0.59,-20.54,-23.94,5.02,-1.15,0.71,0.33,128.49,-32.76,32.01,0
1746815094.309046,-2.0,-0.46,-0.84,-11.25,-5.2,3.18,-1.0,0.62,0.02,30.16,-73.89,23.5,0
1746815094.325558,-2.0,-0.44,-0.63,-10.09,-5.69,4.13,-0.79,0.46,-0.36,24.85,-36.41,18.88,0
1746815094.337891,-2.0,-0.42,-0.63,-20.95,-34.11,6.26,-0.82,0.48,-0.38,27.76,2.93,10.13,0
1746815094.353939,-2.0,-0.44,-0.68,-15.95,-25.29,9.97,-0.86,0.45,-0.37,0.95,19.89,-2.3,0
1746815094.366669,-2.0,-0.43,-0.66,-19.98,-21.24,11.63,-0.91,0.49,-0.34,-14.08,29.63,-6.09,0
1746815094.383009,-2.0,-0.36,-0.75,-15.48,12.06,12.18,-0.94,0.44,-0.3,-34.79,24.28,-9.84,0
1746815094.399906,-2.0,-0.44,-0.66,-9.2,-0.48,15.82,-0.93,0.4,-0.3,-47.47,17.4,-14.95,0
1746815094.416677,-2.0,-0.46,-0.69,-0.02,36.29,15.37,-0.9,0.33,-0.36,-34.63,22.34,-12.21,0
1746815094.436125,-2.0,-0.47,-0.73,3.51,7.44,18.61,-0.91,0.36,-0.36,-31.69,15.49,-11.45,0
1746815094.450263,-2.0,-0.46,-0.75,-5.78,59.18,4.0,-0.89,0.36,-0.37,-25.71,10.28,-2.79,0
1746815094.466778,-2.0,-0.49,-0.64,-5.25,50.73,2.71,-0.89,0.29,-0.37,-29.83,7.94,-9.63,0
1746815094.475007,-2.0,-0.49,-0.45,-4.19,19.34,0.75,-0.83,0.31,-0.45,-26.27,11.67,-3.71,0
1746815094.487772,-2.0,-0.51,-0.64,-0.94,13.0,-0.06,-0.87,0.34,-0.36,-12.5,9.4,1.5,0
1746815094.500295,-2.0,-0.49,-0.72,-10.94,23.71,-6.89,-0.92,0.35,-0.26,-41.34,-1.15,-2.98,0
1746815094.523337,-2.0,-0.49,-0.7,-7.48,12.2,-3.55,-0.91,0.32,-0.28,-32.46,2.05,-4.26,0
1746815094.540343,-2.0,-0.45,-0.67,-6.66,10.69,-4.3,-0.92,0.33,-0.25,-31.68,0.17,-5.73,0
1746815094.554344,-2.0,-0.46,-0.7,-4.17,19.46,-7.87,-0.95,0.3,-0.21,-9.74,4.43,-2.06,0
1746815094.569581,-2.0,-0.44,-0.7,-5.55,2.34,-3.87,-0.93,0.27,-0.28,6.46,4.34,2.51,0
1746815094.583332,-2.0,-0.42,-0.7,-7.51,6.98,-2.4,-0.91,0.31,-0.33,9.44,-0.97,2.27,0
1746815094.600311,-2.0,-0.4,-0.71,-10.61,7.75,-1.4,-0.94,0.35,-0.31,6.73,-5.79,4.32,0
1746815094.607962,-2.0,-0.48,-0.66,-7.09,12.77,0.95,-0.86,0.39,-0.35,3.56,-4.69,3.16,0
1746815094.625079,-2.0,-0.52,-0.84,-9.56,17.33,2.35,-0.83,0.4,-0.39,-8.1,-0.29,4.05,0
1746815094.638564,-2.0,-0.41,-0.64,-37.46,1.13,-3.48,-0.94,0.4,-0.25,-14.92,-9.05,-4.62,0
1746815094.650184,-2.0,-0.47,-0.81,-2.09,13.53,6.44,-0.9,0.39,-0.3,-8.43,7.34,4.2,0
1746815094.667171,-2.0,-0.49,-0.74,-17.83,7.53,-2.62,-0.95,0.3,-0.33,-13.66,-12.95,3.31,0
1746815094.683696,-2.0,-0.41,-0.75,-10.31,12.76,-1.18,-0.95,0.36,-0.21,-15.6,-9.19,7.51,0
1746815094.70032,-2.0,-0.45,-0.66,-14.78,6.25,-2.9,-0.99,0.35,-0.19,-30.58,-0.99,-1.28,0
1746815094.719072,-2.0,-0.46,-0.72,-16.56,10.85,-5.02,-0.87,0.3,-0.4,-32.4,54.24,3.37,0
1746815094.734326,-2.0,-0.48,-0.68,-6.67,5.98,0.46,-1.03,0.31,-0.17,-5.06,0.18,-2.98,0
1746815094.750207,-2.0,-0.48,-0.71,0.76,8.33,0.95,-0.71,0.37,-0.51,-1.42,-6.21,2.98,0
1746815094.757855,-2.0,-0.47,-0.71,2.98,-0.85,4.43,-0.97,0.36,-0.23,-6.28,-16.67,0.41,0
1746815094.772157,-2.0,-0.44,-0.73,-0.74,7.86,-0.11,-0.89,0.34,-0.32,-14.72,16.98,1.6,0
1746815094.787995,-2.0,-0.51,-0.71,2.44,2.72,-0.22,-0.9,0.34,-0.31,-12.83,22.78,2.17,0
1746815094.800561,-2.0,-0.53,-0.75,2.74,4.52,-4.68,-0.96,0.33,-0.23,0.95,-10.85,0.77,0
1746815094.816992,-2.0,-0.47,-0.67,-0.14,-3.71,-3.27,-0.92,0.36,-0.24,0.76,-13.77,2.02,0
1746815094.837761,-2.0,-0.43,-0.69,-2.99,4.2,-9.36,-0.9,0.34,-0.32,-2.86,17.59,5.91,0
1746815094.851132,-2.0,-0.43,-0.69,5.16,-7.95,-2.01,-0.94,0.38,-0.21,-2.97,-0.56,2.49,0
1746815094.869274,-2.0,-0.43,-0.71,2.02,-5.19,-3.77,-0.78,0.37,-0.47,-6.15,24.13,2.02,0
1746815094.883763,-2.0,-0.47,-0.69,-0.98,-6.25,-2.13,-0.91,0.36,-0.31,-4.59,1.82,1.33,0
1746815094.900543,-2.0,-0.47,-0.72,2.64,11.29,-2.63,-0.87,0.35,-0.34,-3.69,6.91,2.82,0
1746815094.909093,-2.0,-0.48,-0.65,6.89,-4.06,6.46,-0.94,0.35,-0.28,-5.24,3.6,-1.06,0
1746815094.925692,-2.0,-0.51,-0.72,11.14,-5.4,8.28,-0.9,0.38,-0.3,-5.9,-6.55,-1.41,0
1746815094.950291,-2.0,-0.46,-0.7,12.73,20.43,4.4,-0.97,0.37,-0.21,-5.62,-1.14,-0.4,0
1746815094.950291,-2.0,-0.45,-0.7,6.54,10.4,4.58,-0.91,0.39,-0.29,-12.18,1.92,-2.75,0
1746815094.972633,-2.0,-0.4,-0.69,-2.62,8.44,1.62,-0.89,0.43,-0.29,-21.05,5.79,-2.16,0
1746815094.989223,-2.0,-0.45,-0.66,-5.79,6.64,-0.6,-0.94,0.49,-0.25,-33.37,17.48,-0.83,1
1746815095.000371,-2.0,-0.46,-0.7,-4.66,16.84,-3.24,-0.94,0.53,-0.28,-41.4,27.03,2.96,1
1746815095.016948,-2.0,-0.48,-0.68,-4.06,7.23,-3.47,-1.01,0.62,-0.23,-45.66,19.77,7.57,1
1746815095.033589,-2.0,-0.46,-0.67,-6.18,0.79,-2.28,-0.98,0.7,-0.31,-42.59,12.01,21.75,1
1746815095.05068,-2.0,-0.48,-0.65,1.25,-15.8,7.87,-1.01,0.83,-0.33,-29.6,18.31,42.89,1
1746815095.057933,-2.0,-0.46,-0.72,3.38,-6.36,10.74,-1.08,0.99,-0.27,-25.31,6.05,62.94,1
1746815095.073399,-2.0,-0.47,-0.64,-0.79,-10.55,12.15,-1.07,1.06,-0.31,-30.54,17.44,83.5,1
1746815095.087877,-2.0,-0.48,-0.66,-1.73,-23.74,14.76,-1.11,1.07,-0.27,-35.51,-1.39,103.49,1
1746815095.100854,-2.0,-0.47,-0.66,-1.01,-22.02,16.66,-1.08,1.05,-0.28,-46.33,-22.6,117.07,1
1746815095.117543,-2.0,-0.45,-0.7,-0.28,-22.05,16.5,-1.01,1.02,-0.33,-52.77,-10.56,126.73,1
1746815095.133989,-2.0,-0.46,-0.66,-2.96,4.29,8.76,-0.99,0.97,-0.33,-50.32,-22.12,134.85,1
1746815095.150949,-2.0,-0.44,-0.66,-4.72,-0.44,6.66,-0.92,1.0,-0.33,-42.58,-11.05,147.35,1
1746815095.167498,-2.0,-0.46,-0.64,-4.92,9.26,3.4,-0.94,1.04,-0.33,-38.73,9.31,158.69,1
1746815095.186404,-2.0,-0.45,-0.72,-2.79,-1.85,7.97,-0.96,1.1,-0.32,-46.95,28.15,169.94,1
1746815095.200723,-2.0,-0.4,-0.72,-5.08,5.31,6.6,-1.03,1.17,-0.24,-62.54,2.24,180.82,1
1746815095.209408,-2.0,-0.42,-0.54,-8.42,-19.68,9.78,-1.06,1.1,-0.22,-57.43,-26.12,190.08,1
1746815095.226396,-2.0,-0.47,-0.85,-0.21,-2.09,9.72,-0.96,0.96,-0.37,-50.31,-19.98,206.7,1
1746815095.237828,-2.0,-0.46,-0.61,-5.86,25.61,7.28,-1.01,0.93,-0.25,-38.05,-22.64,209.76,1
1746815095.251064,-2.0,-0.55,-0.75,9.56,-21.39,21.83,-0.83,1.01,-0.35,-41.02,-35.4,205.15,1
1746815095.267271,-2.0,-0.48,-0.69,-0.61,16.05,11.96,-0.82,1.09,-0.25,-52.89,-22.3,204.83,1
1746815095.283944,-2.0,-0.46,-0.62,-6.69,-4.66,16.12,-0.82,0.91,-0.27,-62.57,-25.06,210.69,1
1746815095.30111,-2.0,-0.5,-0.84,-9.27,15.56,10.28,-0.77,0.84,-0.27,-77.91,-5.69,209.77,1
1746815095.317829,-2.0,-0.48,-0.51,-10.37,-22.36,13.51,-0.87,0.79,-0.08,-70.5,-17.56,202.0,1
1746815095.336855,-2.0,-0.54,-0.71,-5.5,-8.34,11.45,-0.61,0.62,-0.31,-63.08,5.82,196.12,1
1746815095.350383,-2.0,-0.48,-0.66,-11.21,23.07,3.55,-0.61,0.57,-0.17,-51.76,-5.5,186.03,1
1746815095.358843,-2.0,-0.48,-0.68,-14.95,1.34,6.82,-0.49,0.52,-0.16,-61.72,1.23,163.98,1
1746815095.37311,-2.0,-0.46,-0.61,-21.24,-12.65,8.62,-0.59,0.53,0.04,-74.48,-32.64,134.24,1
1746815095.388578,-2.0,-0.47,-0.67,-13.33,-16.93,9.34,-0.45,0.51,-0.08,-92.9,-1.78,116.6,1
1746815095.400872,-2.0,-0.5,-0.69,-18.88,-19.64,4.33,-0.48,0.46,0.01,-102.76,-35.08,105.95,1
1746815095.417748,-2.0,-0.47,-0.63,-24.95,-38.7,5.42,-0.4,0.4,0.01,-102.4,-28.74,99.8,1
1746815095.434396,-2.0,-0.47,-0.76,-14.37,-18.15,7.41,-0.44,0.33,0.12,-101.89,-27.16,87.8,1
1746815095.451649,-2.0,-0.49,-0.6,-22.78,-38.31,8.76,-0.39,0.32,0.19,-88.02,-17.86,65.12,1
1746815095.470084,-2.0,-0.5,-0.79,-14.34,-9.93,5.27,-0.36,0.39,0.26,-93.89,-11.1,44.24,1
1746815095.485972,-2.0,-0.44,-0.54,-6.57,-42.66,13.03,-0.44,0.42,0.43,-94.75,0.07,23.6,1
1746815095.500584,-2.0,-0.47,-0.78,0.12,-26.14,12.47,-0.51,0.56,0.59,-94.15,7.63,-1.41,1
1746815095.508821,-2.0,-0.48,-0.65,-1.47,-17.68,11.17,-0.57,0.52,0.67,-110.0,-6.79,-21.53,1
1746815095.523375,-2.0,-0.47,-0.61,-9.42,-23.18,8.98,-0.58,0.51,0.76,-111.17,-42.78,-31.84,1
1746815095.538589,-2.0,-0.48,-0.69,-4.76,-7.69,8.93,-0.55,0.45,0.74,-101.02,-64.48,-36.43,1
1746815095.55118,-2.0,-0.45,-0.58,-8.69,-11.22,7.1,-0.58,0.47,0.79,-94.74,-96.12,-41.26,1
1746815095.56747,-2.0,-0.47,-0.62,-6.62,-12.47,5.8,-0.52,0.5,0.72,-78.47,-99.75,-55.81,1
1746815095.584366,-2.0,-0.49,-0.63,-0.79,-7.82,3.58,-0.54,0.59,0.73,-60.21,-110.35,-66.5,1
1746815095.601014,-2.0,-0.46,-0.73,-8.6,14.1,-6.31,-0.52,0.85,0.68,-75.84,-117.02,-80.54,1
1746815095.619335,-2.0,-0.4,-0.81,-8.92,21.91,-8.61,-0.52,1.09,0.7,-105.05,-128.6,-93.5,1
1746815095.635,-2.0,-0.55,-0.3,-10.87,-26.48,-4.92,-0.62,1.07,0.75,-144.56,-141.59,-111.05,1
1746815095.650864,-2.0,-0.59,-0.43,-25.74,-20.99,-10.28,-0.3,0.94,0.38,-175.36,-125.45,-105.41,1
1746815095.659592,-2.0,-0.46,-1.01,-16.52,55.34,-18.56,-0.68,0.87,0.86,-187.18,-159.63,-112.79,1
1746815095.67582,-2.0,-0.33,-0.53,-22.44,-20.31,-6.86,-0.32,0.75,0.57,-154.98,-109.27,-117.61,1
1746815095.688412,-2.0,-0.44,-1.05,-5.28,39.57,-7.02,-0.33,0.64,0.53,-137.02,-129.21,-127.76,1
1746815095.701387,-2.0,-0.47,-0.29,-14.75,-16.69,-7.43,-0.42,0.71,0.7,-135.71,-157.62,-133.92,1
1746815095.71831,-2.0,-0.45,-0.89,-29.43,36.63,-12.69,-0.4,0.66,0.69,-139.85,-128.3,-150.9,1
1746815095.734361,-2.0,-0.37,-0.59,-39.9,49.63,-16.51,-0.31,0.64,0.55,-168.34,-106.11,-169.97,1
1746815095.751238,-2.0,-0.45,-0.52,-16.42,3.87,-4.73,-0.37,0.44,0.58,-180.79,-126.2,-184.43,1
1746815095.767533,-2.0,-0.48,-0.81,-4.41,22.47,-8.34,-0.48,0.3,0.68,-167.95,-138.37,-190.88,1
1746815095.784633,-2.0,-0.46,-0.85,-0.19,83.28,-21.31,-0.37,0.18,0.56,-129.69,-126.17,-192.35,1
1746815095.789132,-2.0,-0.47,-0.58,-5.87,33.24,-14.64,-0.39,0.27,0.57,-95.43,-117.95,-199.22,1
1746815095.808427,-2.0,-0.52,-0.79,-10.95,37.8,-14.51,-0.49,0.2,0.57,-64.02,-134.53,-201.31,1
1746815095.821951,-2.0,-0.47,-0.51,-21.28,-1.27,-9.87,-0.53,0.29,0.56,-35.78,-129.8,-199.7,1
1746815095.834321,-2.0,-0.43,-0.76,-22.43,-8.87,-7.47,-0.59,0.35,0.51,-23.47,-114.02,-201.4,1
1746815095.850837,-2.0,-0.44,-0.8,-11.89,-3.15,-5.92,-0.58,0.53,0.47,-33.33,-102.44,-206.01,1
1746815095.873884,-2.0,-0.53,-0.73,-18.4,0.02,-10.89,-0.6,0.53,0.43,-48.31,-98.01,-204.3,1
1746815095.884245,-2.0,-0.33,-0.82,-34.51,21.18,-9.78,-0.64,0.4,0.41,-43.82,-104.02,-206.24,1
1746815095.900894,-2.0,-0.53,-0.91,-9.68,-31.25,3.72,-0.65,0.38,0.39,-20.93,-95.47,-205.47,1
1746815095.919672,-2.0,-0.38,-0.3,-26.63,-19.54,-4.63,-0.72,0.33,0.3,-4.61,-121.18,-200.58,1
1746815095.934702,-2.0,-0.46,-0.89,-28.13,87.18,-17.63,-0.55,0.58,0.11,-9.4,-150.02,-203.51,1
1746815095.943107,-2.0,-0.44,-0.67,-6.08,16.25,-4.99,-0.59,0.59,0.11,-3.59,-116.22,-203.89,1
1746815095.950998,-2.0,-0.41,-0.51,-35.11,13.91,-10.33,-0.61,0.68,0.17,-2.65,-47.74,-210.33,1
1746815095.97137,-2.0,-0.46,-0.95,0.81,24.68,-1.86,-0.52,0.79,0.13,14.59,-31.89,-196.88,1
1746815095.984545,-2.0,-0.4,-0.61,-8.79,-12.79,-1.55,-0.5,0.89,0.2,37.34,-0.82,-184.31,1
1746815096.001457,-2.0,-0.57,-0.83,-4.28,12.69,-10.71,-0.45,1.03,0.26,58.84,-26.09,-162.63,1
1746815096.018635,-2.0,-0.55,-0.73,18.26,2.85,-4.34,-0.59,1.26,0.64,63.7,-15.63,-140.21,1
1746815096.034796,-2.0,-0.34,-0.61,-1.31,-8.95,-6.76,-0.08,1.35,0.1,66.05,37.13,-104.98,1
1746815096.051441,-2.0,-0.49,-0.73,-9.61,-2.05,-10.13,-0.34,1.47,0.56,52.84,22.02,-74.9,1
1746815096.070971,-2.0,-0.46,-0.59,-6.19,-19.24,-2.15,-0.24,1.28,0.45,40.09,-19.0,-15.5,1
1746815096.084862,-2.0,-0.48,-0.84,-3.6,31.05,-16.4,-0.22,1.08,0.49,30.97,-8.65,21.63,1
1746815096.101041,-2.0,-0.45,-0.53,-11.23,-6.58,-6.16,-0.07,0.88,0.42,22.98,-3.39,43.17,1
1746815096.110459,-2.0,-0.49,-0.74,-7.76,-8.75,3.31,-0.15,0.66,0.49,27.27,25.9,26.68,1
1746815096.123403,-2.0,-0.39,-0.7,-14.18,6.04,5.64,0.16,0.44,0.18,22.38,-10.41,37.63,1
1746815096.138245,-2.0,-0.43,-0.74,-13.08,2.99,18.47,0.12,0.37,0.25,17.24,17.3,21.18,1
1746815096.151788,-2.0,-0.39,-0.66,-11.54,-8.34,32.74,0.21,0.37,0.25,7.89,12.88,18.95,1
1746815096.168151,-2.0,-0.36,-0.62,-13.08,1.39,35.47,0.11,0.35,0.41,10.16,43.33,2.52,1
1746815096.18462,-2.0,-0.47,-0.72,-18.6,9.48,34.11,0.04,0.36,0.49,-4.83,5.02,-5.71,1
1746815096.201854,-2.0,-0.46,-0.72,-18.18,-3.65,37.63,-0.02,0.35,0.59,-0.56,-3.34,-12.21,1
1746815096.220313,-2.0,-0.54,-0.59,-19.8,-22.97,31.73,-0.03,0.4,0.6,15.11,7.05,-5.82,1
1746815096.235052,-2.0,-0.48,-0.66,3.88,-7.62,32.31,-0.04,0.48,0.66,17.11,6.27,-1.15,1
1746815096.243946,-2.0,-0.52,-1.03,-7.6,69.98,3.95,-0.08,0.54,0.67,13.02,11.18,-1.95,1
1746815096.260392,-2.0,-0.48,-0.71,-16.29,9.15,2.91,-0.2,0.6,0.74,6.58,5.04,1.95,1
1746815096.273462,-2.0,-0.56,-0.69,-9.56,-26.16,9.62,-0.09,0.5,0.6,14.72,36.7,6.73,1
1746815096.288669,-2.0,-0.57,-1.1,-2.04,79.41,-18.15,-0.06,0.55,0.53,4.53,12.11,12.03,1
1746815096.301728,-2.0,-0.49,-0.63,24.49,-9.21,5.34,-0.07,0.54,0.61,5.47,21.92,10.72,1
1746815096.3187,-2.0,-0.43,-0.75,8.95,13.95,-5.82,0.03,0.68,0.65,-12.94,-6.01,18.8,1
1746815096.334986,-2.0,-0.42,-0.58,11.94,-39.85,18.44,-0.09,0.46,0.67,0.28,8.54,11.56,1
1746815096.351775,-2.0,-0.46,-0.71,28.18,-44.11,31.02,-0.14,0.44,0.69,0.27,-23.53,14.84,1
1746815096.370284,-2.0,-0.47,-0.79,2.62,32.12,9.22,-0.13,0.46,0.71,1.16,-34.44,15.19,1
1746815096.386998,-2.0,-0.4,-0.97,2.08,61.72,-1.63,-0.05,0.39,0.62,1.92,-77.0,18.8,1
1746815096.394586,-2.0,-0.36,-0.6,7.85,-20.6,21.44,0.13,0.47,0.44,16.79,-3.64,14.5,1
1746815096.408858,-2.0,-0.45,-0.79,14.55,-19.4,22.2,-0.06,0.53,0.65,12.99,-0.91,12.86,1
1746815096.423156,-2.0,-0.49,-0.92,22.36,4.21,10.94,-0.07,0.49,0.61,11.18,15.12,12.44,1
1746815096.435321,-2.0,-0.42,-0.28,5.98,-28.84,13.75,-0.1,0.48,0.59,4.22,12.4,12.34,1
1746815096.459398,-2.0,-0.46,-0.37,-16.34,-79.2,15.89,-0.06,0.46,0.56,9.48,18.66,15.66,1
1746815096.468522,-2.0,-0.49,-0.97,13.03,-31.02,21.89,-0.02,0.49,0.52,14.08,18.25,14.84,1
1746815096.485138,-2.0,-0.26,-0.19,-16.08,-61.07,7.53,-0.04,0.52,0.57,14.98,18.82,12.69,1
1746815096.502152,-2.0,-0.56,-0.72,34.23,-200.4,42.48,-0.05,0.53,0.57,9.53,16.99,11.6,1
1746815096.518941,-2.0,-0.32,-1.63,2.57,97.82,-22.16,-0.02,0.52,0.53,4.31,29.02,10.44,1
1746815096.535159,-2.0,-0.58,0.19,-8.7,-168.07,33.63,0.1,0.53,0.38,-10.15,37.47,6.89,1
1746815096.542545,-2.0,-0.43,-1.37,-20.48,94.69,-17.03,-0.02,0.53,0.52,-17.36,31.84,6.88,1
1746815096.560983,-2.0,-0.5,-0.39,-19.67,10.14,-16.07,-0.07,0.47,0.47,-14.36,51.17,7.3,1
1746815096.572656,-2.0,-0.59,-1.2,-2.5,159.78,-42.34,-0.15,0.6,0.57,-22.53,48.22,8.63,1
1746815096.594872,-2.0,-0.48,-0.62,-44.15,164.33,-64.02,-0.18,0.67,0.57,-34.18,45.49,10.81,0
1746815096.609146,-2.0,-0.45,-0.71,-41.87,-35.1,-16.45,-0.2,0.66,0.57,-36.89,48.68,19.8,0
1746815096.624206,-2.0,-0.39,-0.67,-63.6,-39.56,-14.05,-0.21,0.7,0.52,-32.52,43.01,32.09,0
1746815096.638966,-2.0,-0.39,-0.57,-36.85,-56.58,1.29,-0.25,0.75,0.52,-25.05,44.95,44.47,0
1746815096.65473,-2.0,-0.45,-0.88,-9.15,19.76,0.97,-0.25,0.76,0.44,-15.21,53.25,58.51,0
1746815096.668657,-2.0,-0.38,-0.3,1.82,-68.9,21.6,-0.31,0.79,0.41,-1.43,59.24,73.0,0
1746815096.68538,-2.0,-0.36,-0.5,-12.08,-149.6,24.3,-0.37,0.8,0.36,16.66,54.98,90.56,0
1746815096.695044,-2.0,-0.42,-0.92,14.52,-116.36,26.78,-0.39,0.72,0.3,45.16,69.53,110.89,0
1746815096.70207,-2.0,-0.44,-0.69,0.61,-70.5,25.75,-0.38,0.73,0.23,68.98,88.88,126.95,0
1746815096.723987,-2.0,-0.42,-0.72,-22.47,-81.94,13.82,-0.37,0.75,0.23,79.0,96.39,139.25,0
1746815096.739926,-2.0,-0.42,-0.65,-25.65,-97.75,10.38,-0.36,0.75,0.18,78.69,101.72,144.09,0
1746815096.75213,-2.0,-0.36,-0.85,-2.1,-18.42,7.11,-0.32,0.68,0.2,75.69,110.39,148.44,0
1746815096.768751,-2.0,-0.34,-0.99,0.1,107.33,-8.18,-0.23,0.71,0.13,64.51,129.12,143.52,0
1746815096.78563,-2.0,-0.33,-0.45,-20.43,64.9,-5.22,-0.19,0.71,0.11,39.64,141.78,134.5,0
1746815096.802373,-2.0,-0.4,-0.85,-5.41,51.73,8.27,-0.36,0.69,0.2,16.55,162.69,117.8,0
1746815096.821056,-2.0,-0.38,-0.58,-4.44,55.05,14.24,-0.43,0.55,0.13,9.41,160.5,112.13,0
1746815096.835492,-2.0,-0.47,-0.59,-1.6,17.86,18.44,-0.43,0.53,0.13,6.09,156.11,105.68,0
1746815096.844708,-2.0,-0.52,-0.71,22.58,30.58,25.42,-0.41,0.46,0.09,12.48,150.85,101.5,0
1746815096.860664,-2.0,-0.47,-0.66,20.96,81.51,17.89,-0.45,0.39,0.17,9.75,152.31,95.06,0
1746815096.873417,-2.0,-0.43,-0.53,14.4,35.49,17.53,-0.39,0.39,0.26,16.41,164.13,90.77,0
1746815096.888515,-2.0,-0.43,-0.7,10.19,8.65,11.6,-0.37,0.25,0.26,2.57,165.02,72.31,0
1746815096.907571,-2.0,-0.47,-0.74,9.87,28.71,0.73,-0.4,0.2,0.27,0.85,157.56,65.56,0
1746815096.918917,-2.0,-0.48,-0.83,2.92,81.08,-19.96,-0.39,0.14,0.31,30.75,160.4,51.28,0
1746815096.935889,-2.0,-0.47,-0.25,-15.53,46.34,-26.53,-0.38,0.2,0.34,48.49,165.58,37.58,0
1746815096.952099,-2.0,-0.5,-0.68,-24.11,8.75,-16.41,-0.46,0.24,0.39,54.68,157.6,15.63,0
1746815096.968959,-2.0,-0.46,-0.68,-28.36,-7.29,-8.31,-0.45,0.23,0.34,52.9,141.54,1.63,0
1746815096.98567,-2.0,-0.49,-0.71,-16.82,4.24,-4.81,-0.47,0.2,0.31,55.69,113.24,-5.49,0
1746815096.994401,-2.0,-0.46,-0.67,-13.27,-5.24,2.05,-0.45,0.21,0.27,51.82,86.64,-13.34,0
1746815097.011214,-2.0,-0.48,-0.65,-15.16,-20.21,4.52,-0.53,0.22,0.17,73.84,88.67,-26.7,0
1746815097.022384,-2.0,-0.44,-0.61,-3.76,-58.89,17.77,-0.54,0.42,0.16,84.6,90.46,-40.96,0
1746815097.035938,-2.0,-0.41,-0.45,-8.72,-85.95,22.24,-0.61,0.58,0.19,80.95,105.59,-59.31,0
1746815097.057876,-2.0,-0.55,-1.03,22.28,-47.98,27.3,-0.66,0.61,0.16,42.73,120.09,-80.78,0
1746815097.06905,-2.0,-0.49,-0.51,-8.65,-29.58,15.35,-0.73,0.67,0.19,16.82,115.88,-84.37,0
1746815097.08543,-2.0,-0.53,-0.74,-13.47,-15.19,9.1,-0.83,0.62,0.26,-18.01,85.88,-92.7,0
1746815097.102654,-2.0,-0.51,-0.63,3.46,-27.23,13.31,-0.77,0.56,0.07,-32.17,95.46,-102.24,0
1746815097.121647,-2.0,-0.55,-0.87,2.58,74.47,-6.81,-0.88,0.57,0.09,-17.21,96.77,-108.05,0
1746815097.135776,-2.0,-0.49,-0.63,1.72,97.62,-16.17,-0.87,0.75,0.02,-14.46,95.92,-116.85,0
1746815097.144942,-2.0,-0.48,-0.67,6.58,96.27,-16.38,-0.98,0.78,0.12,-20.15,111.2,-114.44,0
1746815097.160357,-2.0,-0.46,-0.03,1.24,7.09,-8.76,-1.02,0.69,0.13,-19.15,115.84,-109.23,0
1746815097.173329,-2.0,-0.46,-0.64,-2.84,8.75,-6.25,-1.1,0.59,0.21,5.2,127.37,-101.54,0
1746815097.185618,-2.0,-0.46,-0.68,-2.91,5.27,-3.21,-1.14,0.47,0.2,46.59,132.67,-96.82,0
1746815097.202315,-2.0,-0.42,-0.65,-0.05,-14.5,11.79,-1.24,0.5,0.2,59.49,118.63,-101.57,0
1746815097.2193,-2.0,-0.48,-0.73,-8.55,0.21,12.83,-1.27,0.47,0.13,73.53,122.85,-105.91,0
1746815097.236136,-2.0,-0.47,-0.65,-9.73,-8.52,20.23,-1.34,0.59,0.17,84.91,98.69,-111.26,0
1746815097.253037,-2.0,-0.53,-0.66,-7.12,10.63,13.39,-1.39,0.69,0.15,69.82,117.71,-119.32,0
1746815097.271572,-2.0,-0.49,-0.62,-4.15,-14.89,17.27,-1.4,0.81,0.16,54.56,103.34,-131.36,0
1746815097.285502,-2.0,-0.46,-0.68,-5.18,-20.11,13.03,-1.35,0.81,0.07,20.47,111.85,-127.95,0
1746815097.294686,-2.0,-0.44,-0.65,-15.44,-16.32,4.86,-1.38,0.86,0.14,-12.66,126.88,-127.5,0
1746815097.308511,-2.0,-0.45,-0.51,-29.4,-103.79,15.18,-1.36,0.76,0.1,-10.98,137.69,-118.18,0
1746815097.323731,-2.0,-0.5,-0.96,-31.46,-64.2,2.37,-1.37,0.76,0.18,3.53,137.82,-101.59,0
1746815097.336595,-2.0,-0.46,-0.57,-17.69,-6.5,-2.53,-1.31,0.71,0.29,32.15,120.98,-69.16,0
1746815097.352687,-2.0,-0.56,-0.78,4.45,-0.4,7.43,-1.71,0.58,1.47,149.02,104.15,8.63,0
1746815097.368918,-2.0,-0.39,-0.66,-0.11,18.94,6.82,-1.83,1.18,1.48,178.19,-29.05,58.09,0
1746815097.386201,-2.0,-0.48,-0.74,6.69,35.66,11.11,-1.4,0.97,0.77,45.47,-129.74,60.1,0
1746815097.404117,-2.0,-0.36,-0.51,-3.66,0.82,16.08,-1.02,0.47,-0.01,26.63,-28.29,65.76,0
1746815097.421547,-2.0,-0.37,-0.68,-7.53,28.4,9.77,-0.77,0.53,-0.39,32.68,-21.12,55.55,0
1746815097.43546,-2.0,-0.35,-0.45,1.03,-34.96,24.31,-0.93,0.31,-0.23,-10.43,2.39,16.18,0
1746815097.444088,-2.0,-0.39,-0.77,8.34,42.96,13.11,-0.86,0.27,-0.38,-68.04,52.1,-2.85,0
1746815097.45822,-2.0,-0.45,-0.29,-5.73,-16.34,26.57,-0.7,-0.22,-0.64,-22.14,73.21,-5.98,0
1746815097.472944,-2.0,-0.31,-1.03,3.45,-2.05,32.56,-0.99,0.39,-0.14,-79.91,-8.1,-36.33,0
1746815097.485817,-2.0,-0.44,-0.5,6.63,-19.67,35.82,-1.03,0.19,-0.11,-48.51,-2.47,-46.63,0
1746815097.503269,-2.0,-0.51,-0.59,18.75,-75.92,63.65,-0.74,0.23,-0.51,-23.54,11.64,-44.74,0
1746815097.518998,-2.0,-0.26,-0.74,-11.28,19.84,35.41,-0.73,0.17,-0.63,-22.51,9.41,-43.95,0
1746815097.536045,-2.0,-0.34,-0.79,-6.21,-20.09,39.9,-0.39,0.56,-0.78,-13.92,23.43,-9.31,0
1746815097.554686,-2.0,-0.42,-0.7,-23.97,-43.74,30.09,-0.49,0.38,-0.75,3.87,7.81,-9.27,0
1746815097.569859,-2.0,-0.33,-0.87,-33.41,19.19,7.12,-0.58,0.53,-0.63,9.53,24.8,-11.98,0
1746815097.585668,-2.0,-0.43,-0.81,-9.53,-62.24,28.77,-0.88,0.43,-0.45,36.0,34.56,-10.27,0
1746815097.594634,-2.0,-0.45,-0.89,-11.4,63.2,0.56,-0.73,0.58,-0.67,5.85,32.91,-9.47,0
1746815097.607517,-2.0,-0.35,-0.38,-36.38,0.08,2.18,-1.02,0.59,-0.33,2.05,0.28,-3.93,0
1746815097.622824,-2.0,-0.45,-0.73,-37.97,2.08,1.18,-1.1,0.6,-0.22,-2.08,7.53,-0.5,0
1746815097.636607,-2.0,-0.43,-0.93,-8.89,29.64,11.33,-0.92,0.6,-0.31,8.23,-53.6,7.56,0
1746815097.653067,-2.0,-0.47,-0.62,-6.27,35.47,11.29,-1.05,0.46,-0.14,18.42,-35.52,9.82,0
1746815097.669358,-2.0,-0.29,-0.43,-15.19,54.13,8.53,-1.23,0.23,-0.07,42.69,-5.27,12.44,0
1746815097.685798,-2.0,-0.37,-0.58,-17.18,32.78,10.12,-0.86,0.54,-0.45,-11.76,-26.08,4.38,0
1746815097.702996,-2.0,-0.43,-0.78,-31.31,66.59,-1.24,-1.03,0.38,-0.08,-18.58,-20.44,0.02,0
1746815097.721629,-2.0,-0.42,-0.57,-19.98,-86.19,23.05,-0.88,0.24,-0.49,-2.7,24.49,15.76,0
1746815097.736238,-2.0,-0.45,-0.73,-25.57,43.03,1.56,-0.96,0.3,-0.22,-1.03,11.59,8.02,0
1746815097.745333,-2.0,-0.46,-0.46,-22.3,-34.75,14.44,-0.91,0.27,-0.4,-1.91,5.52,-3.52,0
1746815097.758826,-2.0,-0.53,-0.84,-10.58,-51.79,15.46,-0.85,0.36,-0.29,6.63,-14.83,0.8,0
1746815097.773127,-2.0,-0.41,-0.48,-18.07,-24.6,4.93,-0.9,0.36,-0.31,2.58,-6.81,0.36,0
1746815097.786278,-2.0,-0.48,-0.61,-5.64,-83.92,13.52,-0.94,0.35,-0.21,6.84,-8.43,-0.85,0
1746815097.802711,-2.0,-0.48,-1.0,6.73,28.25,2.25,-0.8,0.35,-0.39,8.76,13.8,7.53,0
1746815097.819764,-2.0,-0.4,-0.69,-8.59,79.4,-12.11,-0.93,0.33,-0.27,6.69,-6.85,-0.36,0
1746815097.852441,-2.0,-0.46,-0.67,-23.72,41.52,-13.39,-0.89,0.36,-0.29,10.53,-17.24,1.19,0
1746815097.852636,-2.0,-0.5,-0.81,-37.31,82.23,-23.4,-0.94,0.37,-0.25,-7.73,-3.36,0.07,0
1746815097.869221,-2.0,-0.37,-0.7,-29.24,93.88,-19.88,-0.8,0.37,-0.42,-30.73,8.49,-1.79,0
1746815097.885925,-2.0,-0.41,-0.29,-45.71,51.55,-28.61,-0.94,0.37,-0.25,-28.11,31.69,2.13,0
1746815097.891521,-2.0,-0.41,-0.69,-51.68,11.65,-16.47,-0.71,0.29,-0.58,-29.02,71.24,12.98,0
1746815097.908969,-2.0,-0.34,-0.7,-40.67,12.4,-15.98,-1.05,0.31,-0.26,-20.77,74.73,8.23,0
1746815097.92338,-2.0,-0.41,-0.65,-23.05,-22.46,-0.53,-0.86,0.37,-0.42,-5.02,11.23,11.67,0
1746815097.943702,-2.0,-0.41,-0.81,-10.95,11.85,-9.33,-1.05,0.37,-0.18,-5.19,-2.82,5.22,0
1746815097.952687,-2.0,-0.34,-0.54,-1.46,-34.46,5.18,-0.83,0.39,-0.43,-11.78,5.22,2.15,0
1746815097.969326,-2.0,-0.44,-0.86,1.34,-33.7,6.83,-0.96,0.32,-0.3,-4.63,2.46,1.83,0
1746815097.986675,-2.0,-0.39,-0.68,7.53,-39.41,8.41,-0.89,0.3,-0.43,8.85,-1.83,5.28,0
1746815098.004676,-2.0,-0.37,-0.8,4.58,-27.05,2.21,-0.93,0.31,-0.35,8.77,-10.58,3.05,0
1746815098.022093,-2.0,-0.37,-0.94,11.83,58.33,-13.89,-0.9,0.34,-0.41,0.34,-2.77,2.63,0
1746815098.036373,-2.0,-0.38,-0.81,31.99,114.97,-20.28,-0.91,0.34,-0.31,1.44,-11.31,4.65,0
1746815098.045617,-2.0,-0.35,-0.82,23.44,48.41,-19.87,-0.77,0.3,-0.4,-3.76,17.09,4.33,0
1746815098.068761,-2.0,-0.45,-0.71,5.41,24.89,-9.44,-0.96,0.3,-0.25,8.32,4.34,6.01,1
1746815098.073867,-2.0,-0.37,-0.74,-5.6,6.03,0.08,-0.86,0.33,-0.33,23.18,-16.31,9.5,1
1746815098.08674,-2.0,-0.39,-0.75,-8.27,5.19,3.47,-0.89,0.36,-0.29,14.98,-10.88,6.93,1
1746815098.103067,-2.0,-0.45,-0.76,0.59,11.58,4.42,-0.83,0.37,-0.35,6.19,0.17,6.47,1
1746815098.119807,-2.0,-0.41,-0.67,-1.63,3.77,7.59,-0.97,0.36,-0.22,20.05,-28.21,5.02,1
1746815098.136903,-2.0,-0.45,-0.73,9.8,-4.77,14.63,-0.69,0.45,-0.37,-0.41,-15.95,-1.35,1
1746815098.155217,-2.0,-0.37,-0.64,5.49,-14.9,19.11,-0.92,0.41,-0.28,-4.06,6.6,0.46,1
1746815098.170093,-2.0,-0.41,-0.75,5.37,-18.56,18.38,-0.88,0.33,-0.39,-2.89,-4.62,-0.11,1
1746815098.179934,-2.0,-0.35,-0.79,1.56,-19.31,11.52,-0.94,0.44,-0.32,-14.87,3.89,0.73,1
1746815098.186186,-2.0,-0.43,-0.71,12.88,-38.4,14.0,-0.92,0.55,-0.26,-33.9,16.98,-0.8,1
1746815098.207818,-2.0,-0.4,-0.29,-8.54,-105.54,18.53,-1.08,0.57,-0.06,-20.59,-16.29,0.05,1
1746815098.223602,-2.0,-0.44,-1.25,-9.39,70.52,-11.6,-0.93,0.49,-0.26,5.0,33.79,13.35,1
1746815098.236733,-2.0,-0.5,-0.21,4.76,-80.28,8.76,-0.97,0.37,-0.32,10.02,-27.33,10.43,1
1746815098.253169,-2.0,-0.49,-1.24,-4.78,32.23,-3.26,-1.28,0.69,0.05,0.01,-9.04,17.98,1
1746815098.269614,-2.0,-0.35,-0.61,-11.05,-8.24,-2.5,-0.97,0.86,-0.28,1.62,-1.87,28.62,1
1746815098.286585,-2.0,-0.44,-0.59,9.09,-12.34,9.91,-0.48,0.77,-0.52,-12.28,12.98,46.76,1
1746815098.305192,-2.0,-0.48,-0.68,11.55,-27.23,11.39,-1.17,1.03,-0.14,-37.31,-16.22,45.92,1
1746815098.319614,-2.0,-0.28,-0.88,24.73,27.15,-8.1,-1.09,1.11,-0.2,-24.39,-41.46,70.97,1
1746815098.329535,-2.0,-0.3,-0.42,15.75,-7.67,-1.9,-1.06,0.77,-0.61,27.82,96.17,92.11,1
1746815098.345012,-2.0,-0.5,-1.32,52.75,61.49,4.4,-1.39,1.46,-0.31,-43.31,-54.98,107.87,1
1746815098.358548,-2.0,-0.32,-0.28,-3.64,58.46,-9.53,-1.0,1.81,-0.55,-117.18,-51.44,134.53,1
1746815098.373223,-2.0,-0.49,-1.18,28.3,91.68,2.34,-1.13,1.64,-0.67,-110.66,58.98,174.71,1
1746815098.387101,-2.0,-0.48,-0.76,15.68,-5.76,16.58,-1.55,1.66,-0.29,-84.11,-17.98,210.76,1
1746815098.403459,-2.0,-0.28,-0.54,14.24,9.77,20.32,-1.31,1.54,-0.66,-94.83,61.46,236.58,1
1746815098.423118,-2.0,-0.34,-0.4,11.05,-3.05,16.33,-1.17,1.55,-0.81,-88.95,220.89,250.13,1
1746815098.436761,-2.0,-0.51,-0.74,24.37,-11.76,22.31,-1.48,1.64,-0.36,-86.95,1.34,250.13,1
1746815098.455249,-2.0,-0.45,-0.88,-5.28,55.92,-13.64,-0.96,1.58,-0.9,-101.36,12.3,250.13,1
1746815098.469995,-2.0,-0.51,-0.63,3.51,-57.02,25.76,-0.99,1.51,-0.82,-125.96,72.21,250.13,1
1746815098.478713,-2.0,-0.5,-0.69,-10.64,0.19,7.42,-1.25,1.26,-0.52,-124.97,87.65,250.13,1
1746815098.494493,-2.0,-0.43,-0.64,-24.94,-23.95,7.95,-1.0,1.11,-0.87,-137.62,65.49,250.13,1
1746815098.507921,-2.0,-0.42,-0.83,-19.19,-30.81,12.63,-0.97,1.12,-0.85,-164.23,104.65,250.13,1
1746815098.520354,-2.0,-0.45,-0.61,-38.45,-30.19,11.65,-1.07,0.99,-0.56,-172.94,45.4,250.13,1
1746815098.536986,-2.0,-0.37,-0.47,-73.78,-84.11,13.79,-0.97,0.85,-0.68,-195.02,121.64,250.13,1
1746815098.553357,-2.0,-0.44,-0.68,-63.63,-176.14,35.17,-0.81,0.65,-0.77,-221.43,70.48,250.13,1
1746815098.570327,-2.0,-0.62,-1.07,-31.53,-10.97,13.56,-0.9,0.44,-0.51,-193.89,76.08,250.13,1
1746815098.587073,-2.0,-0.42,-0.45,-11.2,-66.28,29.85,-0.78,0.26,-0.49,-199.4,25.6,242.44,1
1746815098.603878,-2.0,-0.57,-1.0,-1.39,60.21,4.93,-0.69,0.18,-0.44,-186.76,86.24,226.97,1
1746815098.619943,-2.0,-0.43,-0.48,5.58,-3.95,21.1,-0.68,0.19,-0.25,-179.85,32.38,193.45,1
1746815098.62818,-2.0,-0.49,-1.04,-5.06,106.24,-7.11,-0.33,0.01,-0.46,-162.46,58.08,171.34,1
1746815098.642188,-2.0,-0.36,-0.18,-19.92,6.69,6.6,-0.55,-0.04,0.05,-152.85,12.62,143.34,1
1746815098.657903,-2.0,-0.51,-1.21,18.4,15.1,15.01,-0.4,-0.33,-0.06,-105.41,59.24,125.63,1
1746815098.670531,-2.0,-0.43,-0.69,11.88,45.73,5.18,-0.14,-0.22,0.01,-64.63,60.55,125.79,1
1746815098.686862,-2.0,-0.39,-0.4,-22.47,-20.22,-1.27,-0.33,-0.3,0.34,-42.69,7.6,84.75,1
1746815098.703497,-2.0,-0.49,-0.91,-6.34,-53.5,14.95,-0.44,-0.25,0.34,-28.17,62.79,59.5,1
1746815098.720281,-2.0,-0.42,-0.53,-22.56,-46.55,4.69,-0.11,0.1,0.4,-47.86,99.08,11.07,1
1746815098.737748,-2.0,-0.64,-1.04,10.7,20.68,5.57,-0.12,0.07,0.52,-51.43,22.18,-5.25,1
1746815098.754686,-2.0,-0.36,-0.32,-3.44,-22.14,12.56,-0.35,0.2,0.78,-83.81,45.64,-53.1,1
1746815098.770481,-2.0,-0.52,-0.79,7.81,15.98,5.92,-0.25,0.17,0.64,-91.11,5.16,-52.02,1
1746815098.777638,-2.0,-0.44,-0.73,-3.08,53.71,-9.65,-0.36,0.34,0.81,-99.94,3.81,-76.55,1
1746815098.79587,-2.0,-0.37,-0.54,-10.12,-49.02,1.59,-0.44,0.29,0.92,-89.53,-37.57,-82.24,1
1746815098.803678,-2.0,-0.46,-0.7,-4.48,22.33,-2.54,-0.34,0.27,0.84,-81.25,-38.49,-92.82,1
1746815098.820194,-2.0,-0.4,-0.74,-24.5,24.33,-7.72,-0.6,0.45,1.07,-36.39,-81.17,-110.4,1
1746815098.836897,-2.0,-0.37,-0.82,-49.13,13.9,-20.16,-0.26,0.82,0.81,-103.92,-58.33,-143.69,1
1746815098.853449,-2.0,-0.38,-0.33,-71.06,-16.29,-23.34,-0.42,0.78,0.94,-116.5,-92.61,-142.48,1
1746815098.870105,-2.0,-0.32,-0.7,-29.46,-65.5,4.44,-0.45,0.7,0.92,-141.95,-103.27,-157.56,1
1746815098.88698,-2.0,-0.31,-0.73,-38.15,-18.53,-8.4,-0.53,0.56,1.01,-131.05,-102.2,-171.76,1
1746815098.903825,-2.0,-0.43,-0.59,-21.7,-17.26,-6.95,-0.46,0.49,0.9,-116.16,-126.09,-181.75,1
1746815098.920518,-2.0,-0.41,-0.84,2.82,26.82,-9.89,-0.45,0.44,0.85,-86.15,-124.68,-189.08,1
1746815098.927448,-2.0,-0.43,-0.73,7.86,51.48,-17.98,-0.46,0.41,0.82,-63.8,-140.88,-195.44,1
1746815098.941958,-2.0,-0.46,-0.69,-0.17,76.12,-30.61,-0.4,0.48,0.74,-46.37,-138.29,-200.71,1
1746815098.956726,-2.0,-0.44,-0.57,15.18,24.12,-16.45,-0.42,0.51,0.72,-38.02,-140.4,-208.06,1
1746815098.97673,-2.0,-0.33,-0.49,6.3,-19.19,-10.69,-0.39,0.51,0.68,-38.59,-134.43,-213.66,1
1746815098.987151,-2.0,-0.33,-0.71,-1.27,-7.68,-6.44,-0.44,0.44,0.63,-50.07,-137.21,-223.63,1
1746815099.003339,-2.0,-0.26,-0.62,-18.48,-15.5,-15.98,-0.35,0.44,0.5,-62.84,-127.73,-227.85,1
1746815099.020329,-2.0,-0.37,-0.57,-31.29,-33.09,-5.99,-0.31,0.52,0.41,-90.44,-158.79,-237.35,1
1746815099.037189,-2.0,-0.43,-0.21,-54.91,-107.63,-4.53,-0.68,0.36,0.7,-115.19,-151.45,-250.14,1
1746815099.055803,-2.0,-0.41,-1.2,-50.71,113.89,-31.24,-0.55,0.49,0.63,-168.25,-133.09,-250.14,1
1746815099.070379,-2.0,-0.35,-0.15,-16.54,-42.21,-2.73,-0.78,0.24,0.86,-178.09,-130.12,-250.14,1
1746815099.079585,-2.0,-0.46,-1.05,-37.24,36.84,-17.62,-0.57,0.12,0.55,-146.64,-91.21,-250.14,1
1746815099.095452,-2.0,-0.48,-0.9,-22.08,85.52,-16.89,-0.74,0.65,0.95,-117.87,-153.56,-250.14,1
1746815099.108762,-2.0,-0.45,-0.66,-23.09,72.27,-21.27,-0.75,0.47,0.75,-25.24,-91.83,-250.14,1
1746815099.120473,-2.0,-0.47,-1.06,10.39,127.09,-26.98,-0.89,0.71,0.77,-21.88,-91.63,-250.14,1
1746815099.137326,-2.0,-0.26,-0.21,-18.5,-10.8,-26.63,-0.99,0.85,0.85,-71.66,-90.73,-250.14,1
1746815099.154195,-2.0,-0.48,-0.75,17.84,-29.27,9.48,-0.99,0.79,0.79,-118.21,-91.71,-250.14,1
1746815099.171096,-2.0,-0.44,-0.69,20.41,-13.92,0.79,-0.84,0.71,0.72,-122.35,-76.74,-250.14,1
1746815099.187896,-2.0,-0.43,-0.61,34.23,-44.3,17.73,-0.96,0.42,0.67,-57.27,-83.66,-240.85,1
1746815099.203593,-2.0,-0.36,-0.81,1.23,-25.5,0.63,-0.97,0.44,0.66,12.5,-81.15,-241.31,1
1746815099.220386,-2.0,-0.38,-0.96,-3.11,8.98,-1.11,-0.94,0.61,0.56,72.24,-87.03,-240.77,1
1746815099.228206,-2.0,-0.39,-0.61,-21.5,-4.24,-6.21,-0.95,0.83,0.56,86.6,-97.92,-231.4,1
1746815099.243011,-2.0,-0.34,-0.61,-14.64,-31.6,3.23,-0.85,1.04,0.39,83.89,-109.15,-215.39,1
1746815099.258107,-2.0,-0.44,-0.35,14.99,-155.94,39.76,-0.67,1.09,0.27,85.08,-101.79,-189.54,1
1746815099.270649,-2.0,-0.48,-1.18,35.16,-32.85,28.4,-0.43,1.28,0.06,88.25,-58.27,-157.66,1
1746815099.287733,-2.0,-0.36,-0.8,22.98,96.28,-16.22,-0.38,1.22,0.08,89.08,-65.71,-143.83,1
1746815099.304071,-2.0,-0.53,-0.59,46.96,49.52,1.88,-0.16,1.28,0.13,68.07,-64.67,-116.98,1
1746815099.320965,-2.0,-0.41,-0.48,29.02,-0.94,1.66,-0.07,1.37,0.17,49.44,-28.62,-90.3,1
1746815099.340249,-2.0,-0.37,-0.62,35.75,27.1,1.49,-0.15,1.33,0.25,34.13,-12.07,-54.68,1
1746815099.35471,-2.0,-0.37,-0.66,8.41,36.27,-9.03,-0.24,1.22,0.48,16.03,-12.25,-38.27,1
1746815099.370538,-2.0,-0.28,-0.49,-27.22,43.29,-23.98,-0.09,0.95,0.33,8.58,-5.47,-9.72,1
1746815099.379681,-2.0,-0.37,-0.59,-28.03,12.85,-6.93,0.06,0.93,0.33,-3.6,26.15,24.85,1
1746815099.395576,-2.0,-0.66,-0.86,-6.09,-1.52,10.74,-0.02,0.53,0.44,-27.81,-41.43,20.56,1
1746815099.408697,-2.0,-0.52,-0.75,-8.89,-5.6,15.97,-0.11,0.56,0.55,-33.47,-27.02,-6.39,1
1746815099.420763,-2.0,-0.44,-0.7,-83.79,60.63,-30.62,-0.25,0.2,0.69,-22.53,-80.25,-0.55,1
1746815099.438983,-2.0,-0.5,-0.55,-65.29,16.27,-12.45,0.07,0.38,0.52,-14.16,-29.76,-7.63,1
1746815099.454348,-2.0,-0.5,-0.67,-22.63,-33.56,32.98,-0.13,0.41,0.65,10.41,-52.06,-3.02,1
1746815099.470628,-2.0,-0.54,-0.76,-10.77,-12.21,32.81,0.07,0.46,0.44,30.18,11.62,-6.15,1
1746815099.490326,-2.0,-0.46,-0.79,-31.98,4.6,23.37,0.41,0.51,0.18,33.41,23.92,0.56,1
1746815099.505763,-2.0,-0.21,-0.52,-50.47,-13.47,16.64,-0.24,0.54,0.64,27.15,55.15,-2.69,1
1746815099.520884,-2.0,-0.29,-0.42,-21.63,-15.4,13.01,0.13,0.36,0.35,26.62,82.6,2.53,1
1746815099.529358,-2.0,-0.54,-0.88,8.84,-89.74,41.94,0.17,0.57,0.42,-16.92,14.98,12.89,1
1746815099.543268,-2.0,-0.52,-0.13,20.11,-191.87,48.83,-0.07,0.52,0.66,-13.37,17.15,4.58,1
1746815099.557545,-2.0,-0.45,-1.08,125.73,-121.63,73.89,-0.05,0.43,0.59,-13.09,-18.63,6.74,1
1746815099.570763,-2.0,-0.6,-0.8,17.25,-8.84,42.62,-0.0,0.35,0.59,-5.61,6.78,9.68,1
1746815099.587566,-2.0,-0.19,-0.24,-127.56,-215.25,33.45,0.14,0.42,0.52,-15.16,-9.56,9.56,1
1746815099.604076,-2.0,-0.63,-0.96,-114.96,-250.14,53.6,0.01,0.31,0.59,-18.43,-41.79,8.77,1
1746815099.624397,-2.0,-0.45,-0.93,-46.29,-101.24,27.08,-0.0,0.36,0.59,-33.13,-68.57,7.91,1
1746815099.638228,-2.0,-0.44,-0.99,8.2,97.37,6.92,0.18,0.37,0.46,-2.35,11.4,8.41,1
1746815099.6552,-2.0,-0.49,-0.86,-46.92,250.13,-41.5,0.07,0.42,0.63,17.5,9.37,9.94,1
1746815099.671321,-2.0,-0.37,-1.19,-44.4,250.13,-92.05,-0.04,0.58,0.69,24.47,21.56,12.12,1
1746815099.679833,-2.0,-0.65,-0.57,11.65,250.13,-57.31,-0.08,0.47,0.6,42.11,18.17,13.56,1
1746815099.695719,-2.0,-0.15,-1.44,3.96,52.05,-28.78,-0.09,0.59,0.58,43.56,22.25,19.1,1
1746815099.708502,-2.0,-0.43,-0.7,49.16,-21.82,15.7,-0.01,0.7,0.46,28.56,23.16,28.53,1
1746815099.728993,-2.0,-0.39,-0.8,24.18,-18.32,13.37,-0.08,0.65,0.42,20.71,38.66,36.98,1
1746815099.744285,-2.0,-0.37,-0.72,29.27,9.58,3.1,-0.11,0.63,0.42,15.37,38.56,40.91,1
1746815099.759283,-2.0,-0.35,-0.67,25.8,-2.58,5.1,-0.1,0.54,0.36,20.23,17.68,44.46,1
1746815099.773785,-2.0,-0.28,-0.7,54.22,2.08,21.56,-0.17,0.49,0.34,35.03,-4.85,48.94,1
1746815099.788375,-2.0,-0.27,-0.77,20.37,14.38,21.61,-0.08,0.45,0.19,60.85,-19.72,67.54,1
1746815099.804651,-2.0,-0.4,-0.35,-19.66,-85.36,33.98,-0.13,0.52,0.19,92.96,54.03,56.28,1
1746815099.821348,-2.0,-0.26,-0.72,-39.36,-167.02,48.22,-0.23,0.34,0.17,92.35,75.65,46.93,1
1746815099.83035,-2.0,-0.54,-0.89,-3.84,-163.39,68.16,-0.22,0.7,0.28,65.1,98.37,54.85,1
1746815099.843711,-2.0,-0.18,-0.94,-15.76,-26.31,13.18,-0.23,0.72,0.25,30.93,67.88,60.11,1
1746815099.858929,-2.0,-0.01,-1.13,0.6,32.48,-1.84,-0.41,0.6,0.35,5.84,54.87,56.18,1
1746815099.871597,-2.0,-0.27,-0.57,27.9,56.95,12.7,-0.26,0.53,0.18,2.78,69.12,62.65,1
1746815099.888265,-2.0,-0.34,-0.95,11.53,-20.22,-1.82,-0.15,0.55,0.22,14.5,83.62,67.28,0
1746815099.904114,-2.0,-0.52,-0.18,-50.56,-69.85,3.73,-0.21,0.52,0.3,16.66,87.21,66.19,0
1746815099.921241,-2.0,-0.34,-0.69,-35.34,-113.94,25.84,-0.23,0.53,0.3,11.86,74.18,61.57,0
1746815099.938169,-2.0,-0.43,-0.91,-49.11,34.7,-1.09,-0.23,0.56,0.19,10.31,70.06,55.52,0
1746815099.954933,-2.0,-0.24,-0.67,-45.33,48.96,-11.39,-0.36,0.44,0.3,43.88,76.98,62.9,0
1746815099.961966,-2.0,-0.39,-0.76,-41.51,80.85,-10.76,-0.26,0.49,0.15,48.56,101.38,59.91,0
1746815099.978833,-2.0,-0.34,-0.32,-21.61,-27.97,8.13,-0.4,0.44,0.32,58.2,128.53,53.38,0
1746815099.991904,-2.0,-0.37,-0.94,-10.2,39.49,-5.66,-0.17,0.59,0.15,29.4,139.27,43.14,0
1746815100.013267,-2.0,-0.37,-0.58,9.05,10.93,-2.85,-0.27,0.5,0.13,27.89,147.22,34.07,0
1746815100.021308,-2.0,-0.46,-0.89,38.47,64.45,-6.5,-0.33,0.49,0.17,24.64,146.32,30.53,0
1746815100.037522,-2.0,-0.46,-0.7,46.85,102.25,-11.93,-0.33,0.48,0.16,19.05,153.56,23.49,0
1746815100.054615,-2.0,-0.37,-0.33,31.44,-13.93,-0.6,-0.3,0.45,0.25,17.57,166.41,15.79,0
1746815100.071346,-2.0,-0.43,-0.7,45.15,-57.09,17.47,-0.38,0.48,0.35,20.08,180.0,2.91,0
1746815100.088217,-2.0,-0.38,-0.78,19.57,-26.61,10.66,-0.49,0.48,0.38,29.65,179.05,-6.8,0
1746815100.105236,-2.0,-0.47,-0.85,7.58,22.11,5.05,-0.48,0.49,0.29,44.03,169.31,-8.76,0
1746815100.121077,-2.0,-0.46,-0.75,10.04,63.0,-3.52,-0.56,0.53,0.22,58.66,161.24,-16.33,0
1746815100.130135,-2.0,-0.55,-0.84,28.73,127.54,-3.46,-0.59,0.51,0.24,64.02,150.11,-11.52,0
1746815100.143318,-2.0,-0.5,0.07,8.5,32.37,-8.47,-0.52,0.61,0.21,80.06,165.21,-15.54,0
1746815100.155184,-2.0,-0.52,-0.69,-1.28,21.92,-0.92,-0.57,0.7,0.35,78.4,185.67,-22.94,0
1746815100.17185,-2.0,-0.48,-0.63,-6.25,-18.91,10.79,-0.64,0.68,0.39,62.34,187.55,-32.67,0
1746815100.188322,-2.0,-0.49,-0.71,5.16,-32.54,17.52,-0.74,0.69,0.36,59.62,177.8,-45.43,0
1746815100.204852,-2.0,-0.5,-0.7,20.66,-19.44,19.25,-0.82,0.72,0.33,47.37,148.82,-53.98,0
1746815100.22179,-2.0,-0.49,-0.71,18.91,5.6,12.89,-0.85,0.7,0.23,58.72,136.45,-53.05,0
1746815100.240429,-2.0,-0.45,-0.66,-7.31,2.86,5.78,-0.89,0.73,0.2,77.04,122.21,-50.27,0
1746815100.255077,-2.0,-0.45,-0.62,-8.61,-12.4,14.5,-0.86,0.81,0.18,77.95,120.37,-48.45,0
1746815100.263781,-2.0,-0.51,-0.64,5.76,3.57,21.49,-0.86,0.83,0.2,64.08,125.66,-51.66,0
1746815100.278828,-2.0,-0.49,-0.71,-11.28,38.13,7.99,-0.94,0.7,0.17,54.07,128.34,-56.23,0
1746815100.293782,-2.0,-0.49,-0.81,-50.35,65.28,-22.07,-0.94,0.73,0.15,28.64,128.48,-63.52,0
1746815100.308514,-2.0,-0.48,-0.6,-48.74,32.38,-11.9,-1.09,0.65,0.21,17.87,114.71,-66.11,0
1746815100.322614,-2.0,-0.44,-0.55,-41.38,17.56,-1.85,-1.01,0.58,0.12,14.83,101.11,-64.56,0
1746815100.338533,-2.0,-0.46,-0.68,-43.31,34.09,-10.5,-1.06,0.67,0.14,-5.69,108.23,-73.05,0
1746815100.360336,-2.0,-0.54,-0.67,-23.97,1.62,11.81,-1.13,0.53,0.13,6.33,104.38,-75.93,0
1746815100.371905,-2.0,-0.41,-0.74,-27.56,31.91,-3.56,-1.2,0.57,0.33,10.5,84.64,-91.05,0
1746815100.388745,-2.0,-0.41,-0.63,-13.66,-13.47,17.4,-1.13,0.56,0.25,10.22,137.13,-118.89,0
1746815100.404632,-2.0,-0.45,-0.54,-15.63,-35.98,21.59,-1.24,0.49,0.24,-17.65,95.17,-137.74,0
1746815100.413466,-2.0,-0.39,-0.78,10.88,-6.21,17.73,-1.13,0.51,0.05,-71.7,118.24,-153.21,0
1746815100.430315,-2.0,-0.49,-0.74,22.05,7.49,16.77,-1.27,0.52,0.22,-55.24,102.98,-150.25,0
1746815100.442413,-2.0,-0.39,-0.55,2.26,-5.11,7.52,-1.37,0.5,0.27,-106.78,96.93,-156.18,0
1746815100.455014,-2.0,-0.52,-0.72,43.69,-30.69,29.05,-1.17,0.31,0.11,7.57,132.4,-140.33,0
1746815100.479965,-2.0,-0.37,-0.81,39.24,11.49,14.67,-1.18,0.36,1.16,212.04,250.13,-118.8,0
1746815100.49543,-2.0,-0.39,-0.72,27.0,25.26,9.22,-2.0,2.0,2.0,53.81,-176.17,25.79,0
1746815100.509326,-2.0,-0.43,-0.51,-12.29,-46.85,17.68,-1.14,0.36,-0.76,112.26,-50.92,27.22,0
1746815100.523246,-2.0,-0.42,-1.14,-8.41,27.01,9.61,-1.52,0.79,0.04,119.71,-103.23,38.92,0
1746815100.540096,-2.0,-0.4,-0.42,-32.1,16.82,1.47,-0.92,0.8,-0.56,34.76,-10.68,47.31,0
1746815100.555316,-2.0,-0.48,-0.75,-41.68,23.1,-6.08,-0.94,0.61,-0.38,4.45,2.95,39.41,0
1746815100.564304,-2.0,-0.52,-0.67,-24.31,6.56,7.89,-0.84,0.51,-0.46,-40.56,28.66,26.76,0
1746815100.580081,-2.0,-0.39,-0.66,-38.61,16.16,1.78,-0.99,0.37,-0.24,-62.6,22.97,7.67,0
1746815100.592694,-2.0,-0.4,-0.46,-39.27,-58.39,16.44,-0.84,0.27,-0.4,-78.95,40.06,-2.04,0
1746815100.607281,-2.0,-0.42,-0.82,-36.05,-34.8,8.24,-0.76,0.2,-0.38,-64.92,8.52,-1.27,0
1746815100.62215,-2.0,-0.38,-0.55,-1.98,-38.6,21.15,-0.74,0.15,-0.38,-33.22,5.38,1.21,0
1746815100.63873,-2.0,-0.42,-0.84,-1.89,-19.13,10.57,-0.71,0.2,-0.38,-7.25,-7.8,3.75,0
1746815100.655521,-2.0,-0.45,-0.42,5.88,-44.85,24.69,-0.65,0.24,-0.4,-11.2,20.7,-4.18,0
1746815100.671731,-2.0,-0.63,-0.81,20.26,-44.79,16.24,-0.68,-0.03,-0.65,41.16,38.67,-1.91,0
1746815100.691517,-2.0,-0.49,-0.63,5.19,-85.92,18.7,-0.5,0.31,-0.8,26.6,25.51,-6.69,0
1746815100.704643,-2.0,-0.5,-0.75,-7.34,-33.81,8.27,-0.78,0.3,-0.52,12.6,31.42,-22.7,0
1746815100.714584,-2.0,-0.43,-0.7,21.53,-29.12,17.66,-0.77,0.39,-0.49,11.97,9.24,-28.07,0
1746815100.722093,-2.0,-0.42,-0.83,21.06,-9.41,9.4,-0.91,0.4,-0.3,4.05,-0.6,-31.73,0
1746815100.74324,-2.0,-0.42,-0.65,2.35,-11.59,4.34,-0.95,0.42,-0.33,-12.53,12.73,-32.5,0
1746815100.755219,-2.0,-0.38,-0.76,1.75,-8.72,4.18,-0.74,0.3,-0.62,1.69,40.57,-29.03,0
1746815100.771989,-2.0,-0.44,-0.8,10.7,17.9,6.62,-0.76,0.39,-0.68,-8.4,19.24,-26.39,0
1746815100.788832,-2.0,-0.49,-0.65,8.1,18.21,5.26,-0.85,0.46,-0.41,14.56,3.05,-18.29,0
1746815100.804977,-2.0,-0.47,-0.67,5.34,45.7,0.49,-0.97,0.39,-0.28,44.15,4.88,-4.6,0
1746815100.822413,-2.0,-0.47,-0.58,-7.95,28.99,0.91,-1.0,0.45,-0.32,74.37,20.61,9.48,0
1746815100.841573,-2.0,-0.44,-0.55,-17.65,-1.85,4.66,-1.06,0.58,-0.2,71.42,-26.92,19.6,0
1746815100.846672,-2.0,-0.45,-0.59,-19.9,9.02,2.06,-1.12,0.47,-0.09,51.35,-9.61,16.56,0
1746815100.862848,-2.0,-0.5,-0.45,-19.66,-25.7,3.46,-1.01,0.73,-0.2,27.4,-18.14,17.18,0
1746815100.8772,-2.0,-0.48,-0.57,-22.53,-38.85,5.79,-1.0,0.56,-0.14,8.65,-16.92,10.35,0
1746815100.893575,-2.0,-0.46,-0.53,-21.31,-29.18,-1.13,-0.88,0.44,-0.3,-7.15,6.06,11.98,0
1746815100.905366,-2.0,-0.46,-0.71,-4.95,-23.71,4.39,-0.87,0.38,-0.28,-17.14,-6.37,9.46,0
1746815100.922263,-2.0,-0.43,-0.7,-5.59,-3.76,-0.34,-0.79,0.32,-0.41,-32.12,5.24,3.47,0
1746815100.938603,-2.0,-0.44,-0.8,-1.35,36.85,-5.68,-0.89,0.23,-0.33,-7.11,29.63,1.27,0
1746815100.955929,-2.0,-0.49,-0.62,6.69,8.03,2.46,-0.86,0.26,-0.35,5.61,-21.46,-0.19,0
1746815100.975524,-2.0,-0.4,-0.87,10.89,83.53,-3.24,-0.76,0.3,-0.39,2.54,11.84,5.03,0
1746815100.988838,-2.0,-0.41,-0.67,-8.09,73.3,-9.52,-0.77,0.37,-0.44,-8.15,-7.66,0.5,0
1746815101.005598,-2.0,-0.47,-0.59,-4.74,22.65,3.18,-0.91,0.45,-0.26,-17.31,-28.58,-1.98,0
1746815101.015194,-2.0,-0.52,-0.81,-9.63,53.15,-2.55,-0.86,0.42,-0.34,-12.39,-16.12,1.34,0
1746815101.029692,-2.0,-0.5,-0.65,-13.75,34.89,-1.88,-0.86,0.44,-0.31,-13.85,-0.04,3.97,0
1746815101.044491,-2.0,-0.48,-0.66,-25.43,25.78,-8.02,-0.96,0.45,-0.17,-14.59,-21.42,1.79,0
1746815101.05595,-2.0,-0.45,-0.68,-8.36,2.25,-1.86,-0.84,0.44,-0.31,-35.36,0.82,-0.37,0
1746815101.072092,-2.0,-0.46,-0.68,-7.89,11.17,-6.38,-0.94,0.43,-0.21,-44.0,30.93,-1.76,0
1746815101.08875,-2.0,-0.45,-0.75,-2.81,12.7,-7.16,-0.9,0.46,-0.28,-36.66,22.4,-1.13,0
1746815101.109871,-2.0,-0.46,-0.73,1.89,30.85,-7.79,-0.97,0.45,-0.22,-28.75,0.06,-4.01,0
1746815101.122688,-2.0,-0.46,-0.72,8.11,38.6,-3.57,-0.84,0.48,-0.36,-35.89,12.56,-0.66,0
1746815101.13904,-2.0,-0.38,-0.65,1.98,21.42,3.55,-0.97,0.53,-0.21,-35.02,18.98,5.28,0
1746815101.155725,-2.0,-0.39,-0.69,1.73,21.79,4.37,-1.1,0.77,-0.14,-40.7,21.08,7.85,0
1746815101.169098,-2.0,-0.37,-0.68,-6.92,20.68,2.85,-0.83,0.78,-0.47,-49.95,51.65,20.5,1
1746815101.180857,-2.0,-0.45,-0.69,-8.11,29.76,-1.96,-0.8,0.93,-0.45,-61.6,16.72,34.4,1
1746815101.188811,-2.0,-0.47,-0.69,-7.91,23.85,2.98,-1.1,1.08,-0.1,-75.34,-22.02,42.47,1
1746815101.214529,-2.0,-0.43,-0.66,-8.84,16.2,5.18,-0.98,1.09,-0.29,-62.66,-1.7,75.34,1
1746815101.229251,-2.0,-0.43,-0.66,-11.34,18.55,3.24,-1.14,1.22,-0.33,-49.82,45.74,105.86,1
1746815101.244135,-2.0,-0.55,-0.72,-16.32,9.29,1.5,-1.24,1.42,-0.17,-44.98,-5.83,134.97,1
1746815101.255791,-2.0,-0.46,-0.7,-12.82,7.08,1.62,-1.26,1.34,-0.39,-36.5,-39.07,162.71,1
1746815101.272135,-2.0,-0.46,-0.71,-9.42,4.63,0.37,-1.17,1.45,-0.44,-30.95,-25.08,192.1,1
1746815101.289546,-2.0,-0.44,-0.69,-10.76,5.5,-2.73,-1.21,1.49,-0.41,-47.44,-33.41,206.07,1
1746815101.305497,-2.0,-0.45,-0.71,-7.02,7.15,-4.24,-1.09,1.46,-0.58,-46.57,25.31,226.56,1
1746815101.314767,-2.0,-0.44,-0.68,-4.18,2.01,0.63,-1.18,1.45,-0.52,-30.79,43.19,248.17,1
1746815101.330575,-2.0,-0.44,-0.67,-1.97,-7.08,7.37,-1.27,1.41,-0.46,-16.56,32.92,250.13,1
1746815101.343134,-2.0,-0.41,-0.65,-7.01,-9.96,10.21,-1.04,1.51,-0.64,-37.69,51.25,250.13,1
1746815101.355904,-2.0,-0.43,-0.69,-3.67,-8.18,12.3,-1.05,1.48,-0.62,-82.08,52.53,250.13,1
1746815101.37249,-2.0,-0.42,-0.67,-1.26,-13.98,14.68,-0.95,1.34,-0.72,-114.46,62.97,250.13,1
1746815101.389284,-2.0,-0.43,-0.7,1.31,-7.11,11.89,-0.85,1.12,-0.78,-127.37,52.95,248.27,1
1746815101.40617,-2.0,-0.43,-0.65,4.68,-17.53,15.18,-0.85,1.06,-0.69,-121.29,70.1,245.97,1
1746815101.422782,-2.0,-0.45,-0.71,6.74,-22.37,17.47,-0.85,0.95,-0.65,-118.83,61.85,250.13,1
1746815101.441356,-2.0,-0.46,-0.71,3.41,-20.03,18.63,-0.75,0.92,-0.7,-127.47,79.9,250.13,1
1746815101.456038,-2.0,-0.47,-0.82,3.14,18.27,12.67,-0.75,0.85,-0.68,-136.63,109.19,250.13,1
1746815101.464367,-2.0,-0.47,-0.71,-2.44,0.57,13.59,-0.77,0.88,-0.63,-159.72,126.35,240.75,1
1746815101.480986,-2.0,-0.48,-0.61,-9.47,-6.9,12.92,-0.66,0.71,-0.63,-176.85,126.86,226.5,1
1746815101.4893,-2.0,-0.5,-0.73,-8.16,-9.3,14.85,-0.64,0.52,-0.53,-175.45,111.44,213.7,1
1746815101.506784,-2.0,-0.48,-0.7,-7.97,-3.89,12.71,-0.63,0.37,-0.44,-162.34,90.24,203.31,1
1746815101.522737,-2.0,-0.5,-0.65,-9.39,-1.65,10.22,-0.51,0.19,-0.34,-144.01,61.84,196.24,1
1746815101.538835,-2.0,-0.5,-0.67,-13.4,2.38,5.82,-0.33,0.13,-0.34,-128.48,106.03,190.86,1
1746815101.559948,-2.0,-0.49,-0.62,-15.31,-22.72,7.18,-0.39,0.04,-0.16,-119.51,112.25,169.47,1
1746815101.57313,-2.0,-0.49,-0.67,-14.61,-23.62,5.32,-0.45,0.12,0.05,-123.32,106.48,139.44,1
1746815101.591205,-2.0,-0.46,-0.67,-10.56,-24.83,3.6,-0.42,0.09,0.14,-138.55,113.82,112.76,1
1746815101.605677,-2.0,-0.45,-0.68,-9.07,-29.11,3.4,-0.43,-0.43,0.59,-138.28,77.78,75.88,1
1746815101.619738,-2.0,-0.46,-0.7,-10.14,-15.89,0.79,-0.42,-0.34,0.74,-104.33,54.25,46.29,1
1746815101.622573,-2.0,-0.44,-0.68,-9.26,-24.21,6.19,-0.4,-0.11,0.72,-86.48,28.7,16.82,1
1746815101.642548,-2.0,-0.47,-0.71,-9.93,-23.14,4.86,-0.35,0.12,0.72,-104.21,14.65,-22.46,1
1746815101.656283,-2.0,-0.48,-0.73,-5.01,-20.64,7.14,-0.27,0.28,0.77,-159.42,-3.69,-52.43,1
1746815101.678386,-2.0,-0.49,-0.64,-4.06,-24.97,6.18,-0.28,0.35,0.92,-182.57,-18.11,-76.44,1
1746815101.689373,-2.0,-0.47,-0.63,-3.61,-36.14,7.46,-0.24,0.23,0.89,-181.62,-36.91,-81.37,1
1746815101.706567,-2.0,-0.44,-0.66,-3.21,-21.99,2.71,-0.25,0.17,0.93,-142.18,-54.85,-73.69,1
1746815101.722933,-2.0,-0.44,-0.65,-0.37,-20.42,1.15,-0.3,0.32,1.04,-102.47,-74.3,-77.94,1
1746815101.741554,-2.0,-0.43,-0.64,0.44,-18.81,0.39,-0.29,0.5,1.06,-80.03,-93.71,-97.39,1
1746815101.756097,-2.0,-0.39,-0.67,-1.92,1.32,-3.63,-0.37,0.73,1.08,-80.76,-112.12,-118.49,1
1746815101.765163,-2.0,-0.4,-0.62,-3.8,5.95,-3.37,-0.4,0.88,1.07,-108.05,-123.4,-125.04,1
1746815101.778673,-2.0,-0.4,-0.69,-10.48,17.92,-5.91,-0.35,0.84,1.03,-140.2,-120.12,-124.67,1
1746815101.793733,-2.0,-0.45,-0.57,-12.47,1.44,-3.72,-0.3,0.69,1.01,-135.52,-141.37,-121.22,1
1746815101.806561,-2.0,-0.46,-0.51,-15.48,0.4,-3.04,-0.34,0.48,1.01,-124.73,-154.67,-126.66,1
1746815101.823273,-2.0,-0.47,-0.82,-13.85,21.69,-8.53,-0.31,0.3,0.93,-110.99,-166.16,-141.31,1
1746815101.845076,-2.0,-0.43,-0.6,-18.47,6.34,-11.09,-0.29,0.19,0.83,-102.49,-175.56,-165.53,1
1746815101.860247,-2.0,-0.43,-0.59,-26.46,-12.91,-12.26,-0.27,0.13,0.72,-101.84,-171.6,-198.85,1
1746815101.872782,-2.0,-0.44,-0.64,-22.52,-18.49,-10.77,-0.26,0.1,0.58,-109.01,-156.44,-233.53,1
1746815101.890173,-2.0,-0.42,-0.64,-21.59,-15.35,-12.39,-0.23,0.09,0.44,-123.64,-139.05,-250.14,1
1746815101.906014,-2.0,-0.43,-0.67,-18.16,-22.78,-8.6,-0.26,0.08,0.37,-125.74,-113.19,-250.14,1
1746815101.914476,-2.0,-0.32,-0.83,-24.63,13.68,-14.07,-0.32,0.09,0.43,-104.15,-88.22,-250.14,1
1746815101.928703,-2.0,-0.29,-0.75,-25.08,5.47,-7.73,-0.53,0.12,0.64,-81.79,-96.05,-250.14,1
1746815101.94309,-2.0,-0.3,-0.71,-27.69,-17.27,-15.4,-0.45,0.27,0.59,-64.08,-78.98,-250.14,1
1746815101.95622,-2.0,-0.57,-0.69,-11.1,-38.54,-10.15,-0.34,0.43,0.55,-76.95,-71.16,-250.14,1
1746815101.972985,-2.0,-0.42,-0.87,-16.34,31.28,-24.15,-0.43,0.51,0.65,-106.68,-54.04,-250.14,1
1746815101.989873,-2.0,-0.37,-0.68,-15.12,-1.16,-15.1,-0.56,0.49,0.74,-113.34,-50.37,-250.14,1
1746815102.006943,-2.0,-0.52,-0.66,-15.76,38.83,-19.02,-0.72,0.45,0.78,-83.66,-47.97,-250.14,1
1746815102.025756,-2.0,-0.46,-0.62,-7.5,36.12,-11.73,-0.81,0.5,0.78,-44.71,-68.87,-250.14,1
1746815102.040129,-2.0,-0.47,-0.87,-4.92,91.59,-19.53,-0.82,0.63,0.82,-26.27,-93.21,-250.14,1
1746815102.056131,-2.0,-0.45,-0.64,-2.87,92.21,-18.63,-0.85,0.71,0.8,-33.64,-99.99,-250.14,1
1746815102.062833,-2.0,-0.45,-0.61,-6.86,53.56,-13.07,-0.85,0.71,0.67,-48.92,-102.66,-250.14,1
1746815102.080599,-2.0,-0.44,-0.74,-11.25,-0.5,-3.91,-0.95,0.64,0.6,-51.96,-113.04,-250.14,1
1746815102.092867,-2.0,-0.45,-0.72,-19.4,-8.69,-7.08,-0.94,0.5,0.46,-22.65,-124.96,-250.14,1
1746815102.106521,-2.0,-0.45,-0.61,-9.38,-41.26,0.56,-0.92,0.46,0.33,28.85,-134.95,-249.74,1
1746815102.129079,-2.0,-0.43,-0.74,-0.35,-25.77,0.5,-0.9,0.46,0.18,87.06,-133.54,-246.49,1
1746815102.139754,-2.0,-0.4,-0.61,-1.85,-41.49,4.81,-0.85,0.58,-0.02,138.2,-111.23,-250.14,1
1746815102.156821,-2.0,-0.43,-0.66,0.26,-85.59,19.4,-0.8,0.85,-0.12,146.11,-87.55,-250.14,1
1746815102.173533,-2.0,-0.5,-0.83,-1.73,-74.73,17.76,-0.72,1.18,-0.11,121.87,-67.36,-249.83,1
1746815102.19002,-2.0,-0.42,-0.82,5.61,-56.53,14.73,-0.61,1.33,-0.08,92.6,-59.46,-227.86,1
1746815102.206151,-2.0,-0.48,-0.71,-1.7,-25.49,3.77,-0.44,1.48,-0.06,80.32,-40.34,-195.98,1
1746815102.216084,-2.0,-0.45,-0.98,-5.5,94.79,-19.65,-0.34,1.8,0.11,54.54,-29.05,-157.33,1
1746815102.22906,-2.0,-0.42,-0.72,-16.35,122.45,-28.25,-0.22,1.92,0.24,40.03,-10.89,-107.96,1
1746815102.24416,-2.0,-0.52,-0.46,-36.73,96.6,-37.9,-0.11,1.8,0.3,24.22,-8.72,-42.05,1
1746815102.256862,-2.0,-0.52,-0.91,-23.43,62.48,-29.8,-0.15,1.43,0.33,44.63,-1.9,21.15,1
1746815102.273033,-2.0,-0.48,-0.74,-15.27,43.1,-17.85,-0.07,1.29,0.43,18.71,-15.17,46.69,1
1746815102.290274,-2.0,-0.44,-0.63,-39.15,31.24,-39.87,-0.1,0.97,0.43,5.03,-27.38,45.79,1
1746815102.306841,-2.0,-0.48,-0.84,-8.15,68.11,-27.18,-0.03,0.75,0.5,-12.6,-39.4,35.27,1
1746815102.325541,-2.0,-0.38,-0.65,-43.47,13.8,-20.02,0.07,0.6,0.44,16.63,-13.69,33.43,1
1746815102.340214,-2.0,-0.47,-0.7,-37.15,-11.4,10.55,0.09,0.51,0.49,43.88,4.18,28.86,1
1746815102.349346,-2.0,-0.39,-0.7,-35.06,-0.82,21.4,0.04,0.68,0.59,46.47,2.35,17.01,1
1746815102.365475,-2.0,-0.48,-0.8,-42.21,2.06,26.4,-0.12,0.48,0.66,17.18,-11.4,7.38,1
1746815102.378238,-2.0,-0.54,-0.76,-43.34,-1.41,28.83,-0.02,0.62,0.61,-8.76,0.97,0.53,1
1746815102.393648,-2.0,-0.54,-0.78,-30.24,-3.87,31.46,-0.06,0.56,0.71,-32.05,8.68,-6.89,1
1746815102.407188,-2.0,-0.47,-0.52,8.69,-59.71,56.98,0.04,0.49,0.54,-29.83,9.79,-2.52,1
1746815102.423519,-2.0,-0.49,-0.65,27.41,-89.5,60.7,0.23,0.55,0.24,-28.25,-9.29,-2.25,1
1746815102.439738,-2.0,-0.5,-0.66,39.44,-40.57,44.34,-0.06,0.57,0.55,-23.25,-29.42,-1.15,1
1746815102.456788,-2.0,-0.41,-0.53,31.56,-138.79,69.36,-0.13,0.6,0.63,-5.1,-31.63,0.82,1
1746815102.475556,-2.0,-0.6,-0.79,-49.27,-250.14,36.63,-0.08,0.55,0.52,14.54,-5.74,2.63,1
1746815102.491978,-2.0,-0.47,-0.9,-53.07,-199.85,25.68,0.01,0.59,0.41,13.54,-0.16,4.15,1
1746815102.499829,-2.0,-0.43,-0.8,-11.2,-101.84,17.21,0.02,0.67,0.39,11.47,16.64,6.94,1
1746815102.512165,-2.0,-0.41,-0.89,-5.79,-17.17,5.62,0.01,0.61,0.37,11.16,32.95,12.4,1
1746815102.526852,-2.0,-0.33,-0.79,-49.27,20.72,-8.63,0.02,0.64,0.36,9.18,35.09,14.4,1
1746815102.540305,-2.0,-0.32,-0.75,-85.88,24.67,-24.56,0.04,0.61,0.37,1.6,27.04,13.79,1
1746815102.557305,-2.0,-0.28,-0.93,-67.14,88.86,-33.23,-0.01,0.64,0.39,0.99,41.74,13.99,1
1746815102.573537,-2.0,-0.3,-0.93,-21.04,183.01,-30.5,-0.06,0.62,0.5,-1.12,33.76,15.7,1
1746815102.5944,-2.0,-0.24,-1.05,2.71,250.13,-44.78,-0.06,0.53,0.46,10.02,32.99,18.29,1
1746815102.607309,-2.0,-0.46,-0.74,6.2,250.13,-53.11,-0.04,0.56,0.43,20.76,23.73,19.84,1
1746815102.625878,-2.0,-0.34,-0.62,10.69,8.9,-22.18,-0.03,0.6,0.41,36.41,24.66,20.65,1
1746815102.639998,-2.0,-0.54,-0.85,39.86,-3.46,16.21,-0.05,0.65,0.38,40.34,17.17,17.72,1
1746815102.649023,-2.0,-0.45,-0.75,56.44,-17.35,22.93,-0.15,0.72,0.36,38.73,11.21,19.11,1
1746815102.66523,-2.0,-0.31,-0.62,79.12,-24.82,29.89,-0.26,0.8,0.37,25.08,-3.28,20.29,1
1746815102.678275,-2.0,-0.49,-0.93,108.34,37.53,32.95,0.01,0.99,0.15,8.73,11.68,26.21,1
1746815102.690518,-2.0,-0.43,-0.75,39.82,-20.8,38.63,-0.01,0.87,0.19,-12.76,31.35,34.57,1
1746815102.714366,-2.0,-0.32,-0.69,0.6,-66.82,33.26,-0.09,0.87,0.16,-14.46,44.18,46.44,1
1746815102.723941,-2.0,-0.27,-0.49,-20.94,-157.42,40.51,-0.23,0.82,0.29,-14.22,47.24,56.13,1
1746815102.740209,-2.0,-0.36,-0.96,-15.02,-85.71,40.07,-0.24,0.75,0.18,-1.86,60.15,60.62,1
1746815102.7575,-2.0,-0.25,-0.7,-40.45,-100.47,24.92,-0.22,0.68,0.09,12.18,74.43,66.15,1
1746815102.773807,-2.0,-0.3,-0.6,-52.0,-90.76,34.75,-0.18,0.68,0.07,28.25,89.98,71.57,1
1746815102.790457,-2.0,-0.57,-0.75,-10.72,-114.39,50.41,-0.19,0.72,0.08,29.11,106.9,71.49,1
1746815102.797813,-2.0,-0.51,-1.03,8.85,37.21,22.57,-0.18,0.74,0.03,14.66,117.24,69.23,1
1746815102.815596,-2.0,-0.63,-0.62,28.75,51.5,22.15,-0.23,0.73,0.04,-10.24,135.88,66.6,0
1746815102.823621,-2.0,-0.38,-0.71,17.02,85.83,8.12,-0.41,0.58,0.19,1.33,145.21,68.96,0
1746815102.840484,-2.0,-0.37,-0.57,-21.18,71.23,-5.03,-0.24,0.62,0.05,-9.09,171.12,57.5,0
1746815102.856993,-2.0,-0.38,-0.59,-46.66,19.25,-3.92,-0.28,0.63,0.08,-12.86,183.27,51.83,0
1746815102.873595,-2.0,-0.33,-0.74,-42.44,44.11,-14.21,-0.42,0.56,0.14,-7.1,184.79,43.11,0
1746815102.890702,-2.0,-0.43,-0.79,-39.24,104.69,-30.79,-0.4,0.5,0.04,-11.15,188.05,32.12,0
1746815102.907496,-2.0,-0.37,-0.47,-17.19,50.58,-15.55,-0.35,0.47,0.06,3.29,205.02,26.74,0
1746815102.926493,-2.0,-0.39,-0.61,0.51,-32.79,6.37,-0.32,0.52,0.09,0.39,230.76,17.95,0
1746815102.940124,-2.0,-0.41,-0.77,14.41,-4.0,9.73,-0.4,0.5,0.16,-7.01,248.93,7.79,0
1746815102.94962,-2.0,-0.37,-0.64,18.53,-19.82,13.85,-0.51,0.5,0.26,-20.75,250.13,-5.56,0
1746815102.965621,-2.0,-0.35,-0.74,22.95,-5.71,14.16,-0.61,0.38,0.25,-24.85,249.14,-19.58,0
1746815102.978434,-2.0,-0.38,-0.66,20.01,-0.45,13.24,-0.63,0.4,0.17,-29.95,225.89,-31.14,0
1746815102.990574,-2.0,-0.39,-0.72,19.7,-14.82,14.05,-0.66,0.37,0.15,-11.28,201.79,-28.38,0
1746815103.006839,-2.0,-0.42,-0.82,16.5,2.21,10.96,-0.56,0.5,0.09,2.47,191.27,-20.07,0
1746815103.023743,-2.0,-0.53,-0.86,36.25,26.63,17.44,-0.68,0.54,0.21,12.12,191.87,-9.69,0
1746815103.040873,-2.0,-0.41,-0.89,19.17,47.5,6.25,-0.74,0.55,0.28,3.53,193.77,-16.31,0
1746815103.060242,-2.0,-0.43,-0.66,2.88,35.7,1.78,-0.76,0.37,0.18,3.34,189.65,-29.89,0
1746815103.075968,-2.0,-0.41,-0.55,-3.12,-15.63,13.4,-0.88,0.38,0.22,10.69,175.78,-42.37,0
1746815103.090792,-2.0,-0.39,-0.58,3.93,-57.11,26.65,-0.96,0.42,0.16,23.15,159.53,-43.04,0
1746815103.099449,-2.0,-0.41,-0.76,10.25,-34.55,24.77,-1.01,0.47,0.12,36.72,153.2,-41.18,0
1746815103.116129,-2.0,-0.44,-0.82,20.24,-15.47,17.71,-1.02,0.57,0.11,27.22,156.07,-45.21,0
1746815103.12827,-2.0,-0.42,-0.66,5.3,24.98,5.37,-1.08,0.57,0.17,20.53,156.11,-49.47,0
1746815103.140774,-2.0,-0.45,-0.7,4.02,-11.93,11.65,-1.13,0.47,0.2,25.49,155.02,-53.44,0
1746815103.157708,-2.0,-0.49,-0.7,-3.17,-6.35,6.1,-1.14,0.44,0.21,25.74,149.4,-53.86,0
1746815103.173467,-2.0,-0.49,-0.63,0.47,14.89,3.84,-1.28,0.44,0.35,49.26,119.07,-46.26,0
1746815103.19237,-2.0,-0.48,-0.77,-1.98,82.98,-10.05,-1.18,0.44,0.17,43.12,110.93,-58.24,0
1746815103.210145,-2.0,-0.5,-0.74,-16.41,121.61,-25.68,-1.25,0.37,0.27,54.82,87.94,-62.66,0
1746815103.226586,-2.0,-0.38,-0.56,-49.12,29.68,-28.74,-1.2,0.49,0.17,45.62,62.12,-60.25,0
1746815103.240352,-2.0,-0.44,-0.73,-43.24,58.31,-31.26,-1.16,0.67,0.06,33.41,59.69,-72.89,0
1746815103.249344,-2.0,-0.35,-0.59,-44.94,1.55,-17.18,-1.12,0.61,-0.03,31.69,59.0,-76.73,0
1746815103.266527,-2.0,-0.34,-0.68,-50.0,37.27,-26.91,-1.12,0.63,-0.07,13.49,48.05,-74.49,0
1746815103.277841,-2.0,-0.37,-0.65,-36.05,0.62,-10.47,-1.12,0.56,-0.1,-0.12,46.69,-69.63,0
1746815103.290751,-2.0,-0.44,-0.67,-15.69,-1.33,-1.15,-1.17,0.51,-0.07,16.79,50.92,-64.44,0
1746815103.30741,-2.0,-0.38,-0.68,-2.87,-7.7,8.21,-1.14,0.48,-0.08,18.66,44.23,-62.49,0
1746815103.323837,-2.0,-0.41,-0.71,1.98,-1.18,9.85,-1.16,0.49,-0.06,29.66,43.15,-64.03,0
1746815103.340807,-2.0,-0.38,-0.63,5.51,-20.98,18.52,-1.16,0.41,-0.06,27.6,41.95,-69.6,0
1746815103.359533,-2.0,-0.4,-0.69,1.31,-4.49,16.31,-1.18,0.5,-0.03,24.31,57.87,-71.61,0
1746815103.374647,-2.0,-0.44,-0.71,1.18,-9.47,17.82,-1.18,0.52,-0.08,7.12,68.76,-76.19,0
1746815103.391018,-2.0,-0.45,-0.71,-10.63,-10.34,12.43,-1.19,0.51,-0.05,1.09,67.26,-79.8,0
1746815103.399445,-2.0,-0.47,-0.7,-9.6,-15.34,14.11,-1.23,0.47,0.0,-20.6,61.98,-79.76,0
1746815103.415784,-2.0,-0.43,-0.66,-13.38,-2.96,10.64,-1.29,0.6,0.01,-8.36,84.0,-82.76,0
1746815103.428708,-2.0,-0.5,-0.68,-13.74,-4.99,10.17,-1.89,0.88,1.03,95.98,88.89,-46.22,0
1746815103.440905,-2.0,-0.55,-0.8,-14.63,5.78,6.25,-1.73,1.11,1.22,-15.51,-165.13,25.91,0
1746815103.457792,-2.0,-0.38,-0.66,-23.63,5.96,1.08,-1.18,0.52,0.15,98.84,-30.48,28.76,0
1746815103.474063,-2.0,-0.46,-0.64,-16.27,-31.32,11.77,-1.01,0.47,-0.26,73.91,-23.61,33.82,0
1746815103.491253,-2.0,-0.45,-0.83,-19.05,-3.4,2.7,-0.96,0.39,-0.39,44.93,-16.89,38.0,0
1746815103.507482,-2.0,-0.47,-0.6,3.6,-23.55,14.85,-0.98,0.3,-0.33,20.94,0.85,33.01,0
1746815103.523842,-2.0,-0.45,-0.39,-13.33,-41.85,15.99,-0.94,0.31,-0.35,18.97,21.24,23.78,0
1746815103.540888,-2.0,-0.41,-0.9,-2.92,-38.34,26.17,-0.93,0.29,-0.36,6.12,23.99,10.33,0
1746815103.540888,-2.0,-0.41,-0.68,5.5,-23.29,27.07,-0.93,0.24,-0.31,-7.37,10.88,3.41,0
1746815103.560908,-2.0,-0.42,-0.65,-5.47,-32.95,27.01,-0.87,0.31,-0.39,-13.72,10.4,-3.36,0
1746815103.576983,-2.0,-0.41,-0.77,-7.54,-4.46,15.53,-0.82,0.25,-0.45,-29.6,-6.58,-5.44,0
1746815103.590807,-2.0,-0.44,-0.63,-4.85,5.2,10.62,-0.79,0.18,-0.48,-12.1,-5.5,-0.5,0
1746815103.608163,-2.0,-0.44,-0.56,1.65,-35.08,19.19,-0.8,0.19,-0.48,-11.31,-9.44,-1.88,0
1746815103.630314,-2.0,-0.48,-0.66,21.92,-67.25,29.56,-0.74,0.16,-0.55,10.27,6.33,-3.15,0
1746815103.641391,-2.0,-0.49,-0.62,32.63,-93.4,31.82,-0.77,0.27,-0.5,13.11,11.55,-4.19,0
1746815103.658131,-2.0,-0.46,-0.83,32.37,-41.76,25.94,-0.77,0.33,-0.58,5.9,23.8,-9.77,0
1746815103.676342,-2.0,-0.46,-0.9,15.8,40.21,3.82,-0.83,0.32,-0.47,8.53,27.77,-14.11,0
1746815103.691069,-2.0,-0.43,-0.61,-6.95,9.03,-1.33,-0.89,0.35,-0.44,0.3,26.5,-13.34,0
1746815103.700344,-2.0,-0.49,-0.74,-6.92,-14.75,5.57,-0.96,0.5,-0.25,4.45,11.02,-3.14,0
1746815103.717129,-2.0,-0.47,-0.71,-3.75,23.95,-2.63,-0.98,0.49,-0.25,6.95,-2.76,1.94,0
1746815103.724508,-2.0,-0.42,-0.63,-4.63,49.6,-5.63,-1.0,0.48,-0.22,23.87,-9.06,7.48,0
1746815103.741323,-2.0,-0.42,-0.77,-9.45,36.95,-10.11,-0.95,0.52,-0.26,25.56,-8.4,10.31,0
1746815103.758285,-2.0,-0.43,-0.61,-20.61,35.76,-12.01,-0.97,0.48,-0.24,19.2,-15.26,11.26,0
1746815103.774298,-2.0,-0.46,-0.65,-17.64,20.74,-6.95,-0.95,0.45,-0.27,6.95,-14.08,8.63,0
1746815103.791972,-2.0,-0.46,-0.61,-20.91,5.76,-6.56,-0.92,0.39,-0.29,-2.14,-11.4,7.27,0
1746815103.808237,-2.0,-0.45,-0.68,-13.72,24.47,-5.4,-0.9,0.35,-0.32,-2.96,-5.95,6.47,0
1746815103.82684,-2.0,-0.4,-0.67,-10.77,19.61,-4.19,-0.89,0.32,-0.32,-3.78,-1.38,6.36,0
1746815103.840851,-2.0,-0.42,-0.66,-12.72,9.63,-1.87,-0.9,0.32,-0.31,-2.95,0.89,5.19,0
1746815103.849937,-2.0,-0.4,-0.7,-9.82,11.91,2.75,-0.9,0.33,-0.31,-2.02,4.1,2.64,0
1746815103.8637,-2.0,-0.4,-0.67,-21.46,7.96,-2.01,-0.88,0.37,-0.31,-2.66,4.85,1.05,0
1746815103.877978,-2.0,-0.42,-0.72,-20.09,12.4,-6.24,-0.89,0.37,-0.35,-4.73,3.98,0.73,0
1746815103.89136,-2.0,-0.39,-0.5,-22.83,-3.95,4.98,-0.9,0.35,-0.34,-1.43,1.82,0.69,0
1746815103.907981,-2.0,-0.44,-0.76,-17.07,23.44,-1.65,-0.91,0.35,-0.36,-4.54,2.26,0.12,0
1746815103.924854,-2.0,-0.48,-0.67,-5.21,-45.18,12.05,-0.9,0.37,-0.35,-8.77,3.76,-0.32,0
1746815103.94116,-2.0,-0.43,-0.54,-24.71,-38.2,3.57,-0.9,0.4,-0.35,-12.73,3.19,0.71,0
1746815103.958094,-2.0,-0.6,-0.83,-3.76,-42.34,9.44,-0.95,0.42,-0.31,-18.53,2.08,2.24,0
1746815103.975536,-2.0,-0.37,-0.73,-18.4,-12.37,2.05,-0.9,0.4,-0.33,-16.34,4.45,2.13,0
1746815103.991409,-2.0,-0.36,-0.75,-14.17,-21.21,-0.07,-0.93,0.41,-0.28,-17.69,-2.4,3.31,0
1746815103.99977,-2.0,-0.41,-0.68,-8.38,-35.5,0.68,-0.94,0.35,-0.3,-14.96,-4.23,2.9,0
1746815104.013803,-2.0,-0.41,-0.86,10.18,35.17,-6.13,-0.91,0.35,-0.37,-12.47,1.43,1.53,0
1746815104.028058,-2.0,-0.46,-0.78,31.42,72.07,-11.31,-0.93,0.38,-0.35,-18.44,1.45,1.56,0
1746815104.041166,-2.0,-0.45,-0.71,29.51,97.5,-14.29,-0.92,0.42,-0.32,-20.87,2.76,1.5,0
1746815104.058064,-2.0,-0.43,-0.77,22.41,102.63,-16.89,-0.91,0.41,-0.33,-25.36,2.37,2.02,0
1746815104.074737,-2.0,-0.44,-0.65,4.24,87.65,-21.45,-0.93,0.44,-0.3,-28.41,3.27,1.13,0
1746815104.091685,-2.0,-0.54,-0.88,7.85,36.1,-10.08,-0.91,0.46,-0.3,-35.12,4.92,0.05,0
1746815104.11018,-2.0,-0.46,-0.66,0.57,30.29,-10.98,-0.95,0.51,-0.23,-48.19,4.73,-3.21,0
1746815104.125173,-2.0,-0.48,-0.7,4.95,10.71,-3.93,-0.99,0.61,-0.15,-66.31,3.87,-10.91,0
1746815104.133609,-2.0,-0.37,-0.72,3.02,15.51,-6.42,-1.04,0.67,-0.09,-76.37,-5.16,-15.92,0
1746815104.150143,-2.0,-0.38,-0.7,0.27,15.37,-3.26,-1.13,0.8,-0.1,-83.6,-30.79,-3.48,0
1746815104.173647,-2.0,-0.41,-0.72,1.34,17.15,-0.34,-1.14,0.8,-0.17,-55.26,-52.69,32.39,1
1746815104.179241,-2.0,-0.41,-0.68,-0.63,13.41,2.48,-1.15,0.98,-0.19,-17.24,-66.96,76.58,1
1746815104.191337,-2.0,-0.45,-0.66,-0.04,2.21,12.52,-1.12,1.1,-0.2,4.26,-62.85,107.8,1
1746815104.208218,-2.0,-0.48,-0.64,1.15,-13.57,20.95,-1.12,1.14,-0.3,13.66,-53.21,129.2,1
1746815104.224733,-2.0,-0.38,-0.49,5.32,-31.55,28.27,-1.12,1.36,-0.31,4.32,-35.82,139.78,1
1746815104.241671,-2.0,-0.48,-0.59,9.92,-40.87,29.06,-1.19,1.41,-0.33,-45.1,-41.27,150.88,1
1746815104.260024,-2.0,-0.51,-0.44,1.13,-103.16,32.28,-1.13,1.45,-0.36,-94.41,-13.33,161.4,1
1746815104.275182,-2.0,-0.43,-0.83,-13.95,-46.63,14.25,-1.16,1.3,-0.45,-98.84,6.49,176.26,1
1746815104.284,-2.0,-0.48,-0.77,3.84,-30.73,10.21,-1.0,1.23,-0.48,-101.76,18.08,201.18,1
1746815104.300159,-2.0,-0.48,-0.77,11.24,39.7,2.82,-1.34,1.17,-0.24,-68.8,-15.45,220.16,1
1746815104.313234,-2.0,-0.42,-0.58,16.23,28.27,5.68,-1.17,1.2,-0.49,-58.92,13.68,228.24,1
1746815104.325206,-2.0,-0.43,-0.73,19.24,32.17,11.31,-1.09,1.2,-0.57,-61.34,-16.12,245.24,1
1746815104.341703,-2.0,-0.43,-0.56,6.95,12.0,12.71,-1.01,1.2,-0.61,-70.31,37.27,250.13,1
1746815104.358535,-2.0,-0.45,-0.67,-6.35,-9.37,15.93,-1.03,1.13,-0.51,-69.72,53.31,250.13,1
1746815104.375082,-2.0,-0.48,-0.71,-8.16,3.89,12.4,-0.91,1.06,-0.63,-82.21,47.34,250.13,1
1746815104.391989,-2.0,-0.46,-0.66,-8.18,1.76,13.79,-0.94,1.01,-0.56,-106.08,57.39,250.13,1
1746815104.408806,-2.0,-0.48,-0.69,-13.09,-4.81,14.75,-0.85,0.98,-0.6,-132.09,64.23,247.84,1
1746815104.425157,-2.0,-0.49,-0.71,-14.73,-7.03,16.24,-0.83,0.92,-0.6,-157.11,86.08,237.02,1
1746815104.433941,-2.0,-0.48,-0.67,-12.07,-10.75,19.4,-0.86,0.89,-0.53,-174.29,69.27,233.35,1
1746815104.450358,-2.0,-0.47,-0.65,-9.71,-18.27,22.61,-0.87,0.86,-0.4,-180.03,59.24,221.62,1
1746815104.463406,-2.0,-0.47,-0.68,-15.78,-8.32,19.04,-0.85,0.83,-0.41,-206.34,41.49,195.01,1
1746815104.478748,-2.0,-0.47,-0.62,-17.49,-47.63,27.31,-0.74,0.89,-0.44,-250.14,44.64,167.67,1
1746815104.492481,-2.0,-0.49,-0.68,-17.07,-50.38,27.82,-0.74,0.56,-0.22,-250.14,14.82,144.13,1
1746815104.515348,-2.0,-0.47,-0.68,-15.57,-41.65,26.21,-0.59,0.25,-0.21,-250.14,-18.4,148.38,1
1746815104.525024,-2.0,-0.5,-0.7,-12.95,-29.46,23.33,-0.42,-0.03,-0.24,-248.69,13.96,164.71,1
1746815104.544702,-2.0,-0.52,-0.69,-17.35,-7.63,16.18,-0.42,-0.2,-0.04,-194.29,1.72,167.6,1
1746815104.560598,-2.0,-0.45,-0.64,-22.88,-20.03,16.45,-0.3,-0.29,0.05,-130.15,23.33,158.98,1
1746815104.577087,-2.0,-0.47,-0.69,-25.87,-13.97,12.02,-0.26,-0.39,0.2,-76.01,25.88,135.97,1
1746815104.583749,-2.0,-0.48,-0.7,-20.18,-3.39,7.2,-0.19,-0.3,0.3,-36.43,47.04,120.28,1
1746815104.600246,-2.0,-0.46,-0.73,-23.18,29.01,-5.74,-0.25,-0.13,0.45,-68.5,30.6,90.18,1
1746815104.613707,-2.0,-0.45,-0.67,-18.89,27.37,-7.37,-0.26,-0.18,0.58,-126.74,11.51,43.21,1
1746815104.6283,-2.0,-0.46,-0.64,-19.56,6.68,-5.19,-0.19,-0.32,0.62,-155.34,-14.0,-0.82,1
1746815104.641642,-2.0,-0.48,-0.7,-18.58,18.65,-5.14,-0.15,-0.35,0.69,-146.02,-21.99,-33.17,1
1746815104.664553,-2.0,-0.45,-0.61,-10.96,12.31,-0.27,-0.1,-0.15,0.71,-126.86,-11.23,-57.95,1
1746815104.675465,-2.0,-0.49,-0.72,-4.18,18.43,-0.24,-0.02,-0.01,0.73,-108.19,-0.11,-75.03,1
1746815104.69206,-2.0,-0.5,-0.54,-7.4,12.85,-1.67,-0.1,0.12,0.89,-102.85,-15.69,-89.71,1
1746815104.711124,-2.0,-0.44,-0.66,-14.77,6.88,-3.07,-0.16,0.07,0.98,-63.98,-15.23,-94.5,1
1746815104.725464,-2.0,-0.44,-0.62,-12.09,-5.86,0.73,-0.32,0.17,1.15,-42.92,-31.82,-105.92,1
1746815104.739216,-2.0,-0.38,-0.71,-12.59,26.15,-7.38,-0.35,0.26,1.09,-41.81,-43.95,-100.42,1
1746815104.741461,-2.0,-0.39,-0.63,-6.24,9.39,-8.55,-0.44,0.4,1.17,-50.53,-69.5,-122.12,1
1746815104.76266,-2.0,-0.38,-0.74,-7.54,20.93,-14.43,-0.41,0.4,1.13,-78.24,-78.22,-136.02,1
1746815104.775251,-2.0,-0.32,-0.66,-14.83,4.11,-11.03,-0.48,0.33,1.13,-123.62,-106.01,-144.68,1
1746815104.7924,-2.0,-0.35,-0.72,-10.72,14.01,-9.82,-0.43,0.16,1.15,-119.34,-114.61,-153.85,1
1746815104.80873,-2.0,-0.38,-0.78,-14.89,50.44,-11.89,-0.32,0.06,1.01,-90.27,-114.29,-159.78,1
1746815104.82517,-2.0,-0.37,-0.58,-10.31,5.53,-1.35,-0.33,-0.03,0.98,-53.61,-109.54,-162.69,1
1746815104.841944,-2.0,-0.44,-0.58,-20.3,-3.82,-0.19,-0.29,-0.03,0.89,-20.44,-108.69,-165.46,1
1746815104.860773,-2.0,-0.41,-0.71,-16.43,-12.28,4.24,-0.29,-0.02,0.82,-1.6,-110.61,-172.1,1
1746815104.875407,-2.0,-0.39,-0.71,-20.97,-13.52,0.34,-0.33,0.12,0.82,-4.01,-107.06,-189.4,1
1746815104.884547,-2.0,-0.37,-0.66,-26.23,-12.63,-3.02,-0.33,0.18,0.75,-20.58,-99.27,-206.97,1
1746815104.900511,-2.0,-0.38,-0.55,-40.46,-45.22,-2.87,-0.36,0.18,0.71,-35.96,-93.25,-223.43,1
1746815104.913658,-2.0,-0.32,-0.68,-41.54,-55.86,-1.72,-0.36,0.19,0.65,-34.38,-90.88,-231.72,1
1746815104.925243,-2.0,-0.37,-0.77,-46.27,-28.34,-4.43,-0.44,0.11,0.57,-20.59,-99.06,-243.94,1
1746815104.942114,-2.0,-0.38,-0.78,-41.15,-28.95,-5.69,-0.46,0.26,0.6,-21.95,-122.18,-238.21,1
1746815104.958784,-2.0,-0.68,-0.96,-39.85,5.72,-19.51,-0.57,0.16,0.62,-12.8,-114.08,-221.81,1
1746815104.975616,-2.0,-0.15,-1.51,-31.06,130.77,-37.78,-0.66,0.44,0.83,-40.79,-114.15,-250.14,1
1746815104.992125,-2.0,-0.51,-0.33,11.89,50.94,-12.46,-0.43,0.52,0.67,-59.69,-90.46,-250.14,1
1746815105.009582,-2.0,-0.54,-0.68,-19.68,36.21,-18.53,-0.93,0.43,1.1,-50.34,-106.5,-238.51,1
1746815105.009582,-2.0,-0.29,-1.0,-14.64,131.81,-36.67,-0.56,0.46,0.81,-73.73,-74.4,-243.16,1
1746815105.032188,-2.0,-0.51,-0.84,-9.2,12.57,-29.31,-0.62,0.36,0.73,-66.79,-75.73,-237.62,1
1746815105.04798,-2.0,-0.49,-0.91,15.18,38.25,-23.63,-0.68,0.38,0.77,-62.69,-89.38,-237.27,1
1746815105.061754,-2.0,-0.4,-0.6,21.9,-43.24,13.33,-0.7,0.46,0.74,-60.82,-80.64,-244.67,1
1746815105.076078,-2.0,-0.4,-0.72,30.38,-21.36,11.36,-0.84,0.49,0.78,-75.21,-99.49,-250.14,1
1746815105.092223,-2.0,-0.44,-0.65,68.27,-21.71,31.21,-0.97,0.43,0.79,-62.66,-112.18,-250.14,1
1746815105.108848,-2.0,-0.45,-0.75,26.85,-15.24,14.39,-1.06,0.31,0.67,-15.64,-120.34,-250.14,1
1746815105.125625,-2.0,-0.47,-0.61,5.31,-42.56,18.26,-1.1,0.33,0.5,43.83,-153.43,-250.14,1
1746815105.142395,-2.0,-0.44,-0.56,-7.9,-101.34,23.42,-0.93,0.54,0.12,95.82,-156.28,-247.48,1
1746815105.160795,-2.0,-0.46,-0.84,-6.46,-104.55,18.09,-0.91,0.75,-0.05,135.73,-120.52,-250.14,1
1746815105.176952,-2.0,-0.45,-0.74,-22.27,-42.12,-5.7,-0.84,1.2,-0.14,128.08,-81.95,-250.14,1
1746815105.185462,-2.0,-0.43,-0.83,-1.21,36.3,-14.96,-0.68,1.49,-0.03,81.69,-50.98,-232.7,1
1746815105.197926,-2.0,-0.5,-0.57,-1.69,17.44,-15.24,-0.48,1.69,0.07,30.32,-28.43,-206.86,1
1746815105.212727,-2.0,-0.4,-0.77,-25.11,59.0,-31.37,-0.36,1.79,0.24,7.16,-17.21,-159.72,1
1746815105.22572,-2.0,-0.27,-0.9,-34.82,57.37,-41.5,-0.29,1.88,0.38,0.79,-11.64,-105.6,1
1746815105.242286,-2.0,-0.31,-0.77,-36.01,48.57,-48.39,-0.25,1.71,0.44,8.71,-14.68,-37.6,1
1746815105.259348,-2.0,-0.38,-0.66,-29.32,48.65,-55.02,-0.18,1.55,0.44,6.03,-23.7,21.85,1
1746815105.276075,-2.0,-0.42,-0.75,-20.6,32.37,-47.29,-0.13,1.21,0.44,-22.31,-33.79,55.45,1
1746815105.292915,-2.0,-0.35,-0.67,-20.56,19.43,-40.37,-0.05,0.79,0.41,-44.4,-34.47,62.74,1
1746815105.309407,-2.0,-0.37,-0.63,-4.69,-6.31,-10.59,0.04,0.51,0.4,-41.05,-21.82,57.61,1
1746815105.325464,-2.0,-0.38,-0.66,-8.45,-4.34,2.34,0.08,0.25,0.44,-17.16,-8.98,42.98,1
1746815105.332952,-2.0,-0.34,-0.62,-7.83,-19.08,24.94,0.12,0.23,0.47,14.98,7.85,25.53,1
1746815105.347754,-2.0,-0.43,-0.69,-16.93,-0.53,28.55,0.12,0.29,0.47,43.8,31.27,10.65,1
1746815105.365524,-2.0,-0.49,-0.72,-3.05,-19.79,45.77,0.09,0.46,0.47,50.75,49.56,0.92,1
1746815105.375697,-2.0,-0.57,-0.62,-4.74,-2.98,44.3,0.1,0.52,0.29,38.55,47.36,0.7,1
1746815105.392549,-2.0,-0.85,-1.05,8.48,38.97,34.21,0.21,0.86,0.47,-2.98,50.18,7.05,1
1746815105.409386,-2.0,-0.61,-0.65,-32.47,-93.68,50.47,-0.32,0.57,0.94,-41.18,-67.46,18.29,1
1746815105.425889,-2.0,-0.68,-0.95,-37.05,79.52,-7.56,-0.27,0.33,0.66,-15.13,26.98,7.54,1
1746815105.442785,-2.0,-0.4,-0.71,-4.4,1.93,17.03,-0.15,0.61,0.84,-44.87,-71.11,10.38,1
1746815105.459233,-2.0,-0.45,-1.09,-18.61,85.29,-32.08,-0.24,0.41,0.88,-28.07,-84.38,17.44,1
1746815105.475626,-2.0,-0.36,-0.62,-2.63,-28.53,8.89,-0.03,0.49,0.6,7.01,55.63,14.07,1
1746815105.485034,-2.0,-0.3,-0.18,-17.75,-175.82,27.07,0.12,0.41,0.5,4.79,75.9,16.84,1
1746815105.498341,-2.0,-0.32,-1.39,-8.26,12.63,25.48,0.06,0.55,0.73,-29.58,28.99,8.04,1
1746815105.512795,-2.0,-0.13,-0.62,-78.64,-29.66,0.47,-0.01,0.38,0.68,-28.74,14.31,14.93,1
1746815105.525855,-2.0,-0.3,-1.17,-55.65,26.62,-13.37,0.01,0.35,0.71,-25.56,8.6,16.21,1
1746815105.550264,-2.0,-0.52,-0.64,-16.15,73.96,-7.14,0.02,0.31,0.68,-9.02,6.64,12.4,1
1746815105.564375,-2.0,-0.42,-0.5,11.03,3.9,16.02,0.02,0.37,0.69,5.45,12.56,3.58,1
1746815105.57635,-2.0,-0.36,-0.89,2.47,67.1,0.79,-0.06,0.36,0.73,14.67,4.28,1.1,1
1746815105.595156,-2.0,-0.24,-0.54,9.98,23.82,8.61,0.03,0.38,0.62,18.12,7.79,-3.79,1
1746815105.609452,-2.0,-0.38,-0.99,22.46,51.42,2.08,0.01,0.39,0.55,24.25,14.47,-4.59,1
1746815105.625747,-2.0,-0.33,-0.3,42.68,93.62,-1.08,-0.04,0.49,0.56,22.21,6.95,-5.24,1
1746815105.634558,-2.0,-0.4,-0.66,39.19,-14.13,14.37,-0.11,0.53,0.61,16.73,-21.28,-0.77,1
1746815105.650246,-2.0,-0.31,-0.69,39.81,-16.78,16.98,-0.03,0.52,0.45,24.55,-23.31,9.76,1
1746815105.663381,-2.0,-0.39,-0.5,49.36,-93.37,34.13,0.01,0.58,0.4,34.37,28.96,11.44,1
1746815105.676368,-2.0,-0.37,-0.86,36.32,-78.52,25.75,-0.03,0.61,0.41,36.89,43.18,13.83,1
1746815105.699737,-2.0,-0.35,-1.01,-5.18,49.08,-4.14,-0.13,0.64,0.43,38.79,42.3,12.35,1
1746815105.709436,-2.0,-0.28,-0.56,-39.09,24.6,-2.78,-0.2,0.55,0.37,60.31,32.43,23.78,1
1746815105.726209,-2.0,-0.38,-0.57,-31.41,40.87,20.16,-0.1,0.79,0.38,82.77,59.42,35.23,1
1746815105.743118,-2.0,-0.56,-0.73,-37.95,44.0,13.6,-0.07,0.72,0.18,121.63,90.61,38.93,1
1746815105.759963,-2.0,-0.5,-0.18,-46.85,-88.24,26.01,-0.08,0.84,0.18,121.58,129.4,33.1,1
1746815105.773973,-2.0,-0.46,-1.05,-4.0,-24.8,26.89,-0.34,0.83,0.26,138.02,139.78,47.66,0
1746815105.78405,-2.0,-0.31,-0.37,-9.06,-24.08,12.08,-0.28,0.92,-0.07,116.65,193.27,52.19,0
1746815105.797314,-2.0,-0.38,-0.68,10.6,-58.86,19.11,-0.57,0.79,0.09,115.85,193.13,64.64,0
1746815105.809638,-2.0,-0.3,-0.79,4.11,33.18,-6.15,-0.65,0.95,0.23,76.15,145.69,74.78,0
1746815105.82689,-2.0,-0.32,-0.56,-12.1,-10.69,-4.92,-0.49,0.91,0.21,13.59,96.24,92.71,0
1746815105.842848,-2.0,-0.35,-0.82,-28.97,2.39,-15.47,-0.36,0.84,0.13,-22.15,91.27,104.66,0
1746815105.859485,-2.0,-0.41,-0.73,-27.84,16.77,-19.4,-0.35,0.69,0.14,-53.44,103.96,100.99,0
1746815105.876782,-2.0,-0.51,-0.84,-16.09,83.34,-21.01,-0.39,0.4,0.16,-40.6,131.73,90.24,0
1746815105.895164,-2.0,-0.36,-0.71,-10.47,90.37,-15.24,-0.32,0.33,0.11,-30.28,145.65,76.99,0
1746815105.910503,-2.0,-0.4,-0.33,-24.6,13.32,-10.6,-0.39,0.29,0.16,-7.98,141.73,60.96,0
1746815105.926384,-2.0,-0.41,-0.65,-9.24,-23.21,13.28,-0.3,0.28,0.04,25.08,155.49,53.14,0
1746815105.938252,-2.0,-0.37,-0.69,-5.2,-14.11,11.02,-0.22,0.38,0.04,26.31,155.31,47.41,0
1746815105.947032,-2.0,-0.37,-0.72,1.94,-32.79,9.58,-0.28,0.45,0.14,22.83,179.56,34.18,0
1746815105.959864,-2.0,-0.37,-0.66,18.1,-47.13,14.01,-0.35,0.46,0.2,1.28,193.76,19.42,0
1746815105.976175,-2.0,-0.44,-0.66,29.97,-66.68,20.05,-0.44,0.45,0.25,-27.91,185.75,1.04,0
1746815105.993232,-2.0,-0.46,-0.86,22.44,-22.22,20.09,-0.52,0.36,0.21,-35.27,170.77,-8.4,0
1746815106.009622,-2.0,-0.44,-0.74,-7.69,-22.54,8.44,-0.54,0.34,0.18,-24.0,152.52,-9.52,0
1746815106.026607,-2.0,-0.43,-0.79,-6.55,16.31,6.5,-0.43,0.34,0.19,-16.48,151.08,-19.09,0
1746815106.043142,-2.0,-0.43,-0.71,-4.84,20.08,8.83,-0.49,0.47,0.17,-30.8,150.67,-19.11,0
1746815106.060568,-2.0,-0.43,-0.77,3.42,49.99,8.37,-0.58,0.41,0.24,-30.14,154.47,-28.5,0
1746815106.0761,-2.0,-0.38,-0.55,-8.23,-0.95,12.99,-0.63,0.45,0.24,-31.27,156.14,-40.27,0
1746815106.083823,-2.0,-0.44,-0.71,-12.97,-19.5,15.09,-0.7,0.4,0.18,-13.66,158.91,-47.39,0
1746815106.099249,-2.0,-0.42,-0.57,-10.52,-57.58,24.5,-0.81,0.46,0.22,2.57,157.55,-50.15,0
1746815106.113151,-2.0,-0.44,-0.91,-2.98,20.63,17.78,-0.82,0.55,0.24,10.71,160.6,-51.2,0
1746815106.126887,-2.0,-0.32,-0.57,-4.54,-10.28,25.89,-0.88,0.6,0.24,13.46,163.08,-56.02,0
1746815106.142957,-2.0,-0.35,-0.71,-6.82,-13.3,25.19,-0.91,0.69,0.23,13.04,158.24,-58.53,0
1746815106.159941,-2.0,-0.33,-0.76,-2.69,18.21,24.13,-0.88,0.74,0.16,28.65,154.64,-52.26,0
1746815106.176608,-2.0,-0.31,-0.74,-4.31,27.47,25.71,-0.91,0.66,0.14,44.49,147.92,-50.54,0
1746815106.195741,-2.0,-0.36,-0.77,-14.01,54.95,19.96,-1.06,0.58,0.17,66.11,144.73,-47.91,0
1746815106.211204,-2.0,-0.33,-0.41,-18.73,56.22,16.6,-1.01,0.67,0.25,68.79,140.19,-43.49,0
1746815106.219691,-2.0,-0.42,-0.67,-18.52,35.4,25.89,-1.13,0.61,0.35,62.13,124.94,-44.33,0
1746815106.226746,-2.0,-0.4,-0.71,-13.98,10.05,37.89,-1.04,0.64,0.29,49.22,99.65,-45.51,0
1746815106.248723,-2.0,-0.38,-0.72,-10.14,-2.24,41.44,-0.92,1.0,0.41,20.01,71.49,-23.18,0
1746815106.263573,-2.0,-0.4,-0.69,-11.87,-17.66,43.64,-0.97,0.26,0.11,42.48,61.76,-49.79,0
1746815106.276609,-2.0,-0.31,-0.68,-9.01,11.75,33.21,-0.99,0.59,0.36,34.88,55.57,-59.05,0
1746815106.293195,-2.0,-0.26,-0.59,-22.18,10.76,24.83,-0.89,0.43,0.08,61.41,56.97,-64.5,0
1746815106.309462,-2.0,-0.37,-0.71,-20.27,-1.7,25.16,-0.86,0.47,0.03,93.16,46.3,-58.66,0
1746815106.326981,-2.0,-0.41,-0.65,-20.62,-22.8,25.71,-1.0,0.57,0.04,81.64,42.41,-69.52,0
1746815106.343549,-2.0,-0.4,-0.75,-15.66,9.64,15.34,-1.05,0.63,0.02,83.85,63.09,-85.72,0
1746815106.359574,-2.0,-0.41,-0.69,-15.85,1.82,17.58,-1.15,0.57,0.03,29.03,41.43,-99.32,0
1746815106.37745,-2.0,-0.41,-0.72,-24.53,-6.67,16.69,-1.15,0.58,0.0,-5.57,44.13,-109.15,0
1746815106.37745,-2.0,-0.43,-0.74,-22.18,-21.92,22.07,-1.19,0.49,0.06,-30.94,40.64,-116.17,0
1746815106.395825,-2.0,-0.45,-0.83,-18.05,-5.56,17.85,-1.16,0.46,0.05,-29.56,50.78,-119.54,0
1746815106.409775,-2.0,-0.43,-0.81,-13.47,2.75,18.83,-1.2,0.4,0.09,-21.23,51.11,-121.85,0
1746815106.426606,-2.0,-0.42,-0.69,-17.27,10.83,14.93,-1.28,0.34,0.15,-5.11,46.47,-118.05,0
1746815106.443412,-2.0,-0.46,-0.73,-7.73,-2.17,24.3,-1.33,0.34,0.05,13.73,55.94,-122.09,0
1746815106.459962,-2.0,-0.46,-0.77,-7.93,7.35,22.41,-1.37,0.38,0.0,58.2,62.9,-120.11,0
1746815106.47711,-2.0,-0.49,-0.77,5.11,-1.17,27.11,-1.88,1.27,1.07,122.08,63.28,-82.81,0
1746815106.49391,-2.0,-0.43,-0.73,-0.69,12.43,20.3,-1.6,1.55,0.89,20.96,-74.98,2.59,0
1746815106.510265,-2.0,-0.42,-0.7,-1.11,2.65,20.58,-1.28,0.81,0.0,65.08,-14.96,24.33,0
1746815106.518248,-2.0,-0.42,-0.67,0.0,-7.43,19.35,-1.11,0.73,-0.21,28.87,-26.87,36.63,0
1746815106.535444,-2.0,-0.39,-0.64,-0.46,-3.27,12.88,-0.94,0.62,-0.27,-18.05,-13.37,42.98,0
1746815106.54831,-2.0,-0.38,-0.64,3.67,-8.15,11.36,-0.98,0.45,-0.42,-46.06,-35.63,50.76,0
1746815106.560264,-2.0,-0.37,-0.65,3.47,-34.53,12.47,-0.9,0.27,-0.39,-110.47,-51.26,30.04,0
1746815106.576565,-2.0,-0.37,-0.66,1.27,-19.47,8.03,-0.71,0.08,-0.49,-46.18,-15.87,34.37,0
1746815106.593336,-2.0,-0.32,-0.69,1.96,-34.79,7.78,-0.79,0.29,-0.43,-15.62,24.66,18.32,0
1746815106.609978,-2.0,-0.32,-0.69,3.0,-5.46,4.67,-0.79,0.07,-0.39,1.79,21.15,13.76,0
1746815106.627261,-2.0,-0.34,-0.59,-0.13,-25.73,8.83,-0.76,0.26,-0.37,-21.5,22.65,5.47,0
1746815106.643438,-2.0,-0.34,-0.79,3.47,-13.59,9.53,-0.75,0.27,-0.41,-41.04,22.06,-4.82,0
1746815106.660376,-2.0,-0.29,-0.88,6.64,29.08,3.42,-0.79,-0.11,-0.47,20.38,37.22,-11.63,0
1746815106.669532,-2.0,-0.23,-0.63,-4.21,-7.91,9.5,-0.9,0.04,-0.27,-20.52,11.63,-14.56,0
1746815106.685074,-2.0,-0.36,-0.71,-8.33,-1.08,5.42,-0.91,0.31,-0.29,-21.63,21.01,-18.24,0
1746815106.698406,-2.0,-0.32,-0.78,-7.15,32.47,2.67,-0.9,0.25,-0.3,-10.07,21.34,-19.08,0
1746815106.710364,-2.0,-0.36,-0.7,-8.96,15.6,5.66,-0.93,0.32,-0.28,-23.75,9.21,-20.11,0
1746815106.734433,-2.0,-0.36,-0.8,-9.24,46.28,3.31,-0.92,0.27,-0.31,-26.5,5.62,-19.98,0
1746815106.743352,-2.0,-0.32,-0.5,-14.56,-7.29,12.58,-0.91,0.26,-0.31,-23.69,5.71,-15.31,0
1746815106.760377,-2.0,-0.34,-0.85,-4.57,10.69,17.43,-0.93,0.25,-0.31,-6.56,17.68,-15.08,0
1746815106.776952,-2.0,-0.32,-0.65,-6.82,21.56,17.14,-0.96,0.32,-0.24,3.95,19.35,-9.46,0
1746815106.793812,-2.0,-0.29,-0.77,-3.31,26.29,19.72,-1.0,0.3,-0.21,25.07,24.95,-8.61,0
1746815106.810142,-2.0,-0.26,-0.7,-11.64,11.31,20.31,-1.03,0.38,-0.13,20.34,2.63,-0.07,0
1746815106.818417,-2.0,-0.28,-0.68,-22.51,4.73,21.4,-1.04,0.39,-0.15,25.5,4.2,3.96,0
1746815106.835432,-2.0,-0.28,-0.63,-11.5,-4.4,28.94,-1.04,0.36,-0.11,38.31,2.44,11.06,0
1746815106.848245,-2.0,-0.33,-0.75,-10.13,14.5,18.73,-1.02,0.37,-0.18,23.6,-6.09,11.55,0
1746815106.86042,-2.0,-0.37,-0.75,-14.45,13.92,12.84,-0.96,0.37,-0.22,16.33,-12.68,15.66,0
1746815106.877816,-2.0,-0.29,-0.7,-21.87,0.3,9.6,-0.94,0.38,-0.27,8.53,-7.82,16.98,0
1746815106.893731,-2.0,-0.28,-0.69,-17.57,-11.48,14.98,-0.95,0.34,-0.25,1.97,-6.56,14.33,0
1746815106.910497,-2.0,-0.24,-0.52,-24.78,-29.89,13.26,-0.86,0.36,-0.29,0.58,-3.76,9.26,0
1746815106.927466,-2.0,-0.17,-0.71,-25.2,-3.56,6.62,-0.89,0.37,-0.25,-16.4,-0.76,6.05,0
1746815106.944073,-2.0,-0.16,-0.68,-31.24,5.09,-1.63,-0.96,0.28,-0.2,-14.53,-22.85,9.31,0
1746815106.960544,-2.0,-0.36,-0.72,-2.5,-9.49,19.57,-0.86,0.2,-0.38,2.99,1.54,3.87,0
1746815106.967723,-2.0,-0.33,-0.72,-32.78,-0.72,5.61,-0.93,0.26,-0.2,-25.85,-24.27,6.25,0
1746815106.985866,-2.0,-0.35,-0.71,-10.98,-12.69,20.37,-0.92,0.31,-0.21,-19.75,-16.82,4.98,0
1746815106.998675,-2.0,-0.32,-0.76,-10.13,-1.87,16.44,-0.91,0.25,-0.26,-5.54,-7.03,3.51,0
1746815107.010744,-2.0,-0.34,-0.8,-6.45,18.5,7.37,-0.91,0.26,-0.26,-2.67,-5.86,0.78,0
1746815107.027198,-2.0,-0.3,-0.71,-3.79,6.6,5.19,-0.92,0.27,-0.24,-8.04,-10.41,-1.17,0
1746815107.043917,-2.0,-0.37,-0.74,12.23,5.28,5.98,-0.92,0.21,-0.27,-5.24,-9.03,-3.4,0
1746815107.0609,-2.0,-0.32,-0.7,12.24,1.11,5.83,-0.93,0.24,-0.26,-7.81,-12.86,-1.15,0
1746815107.080165,-2.0,-0.35,-0.77,7.82,-1.29,6.8,-0.96,0.31,-0.2,-3.89,-8.11,-2.24,0
1746815107.095284,-2.0,-0.35,-0.68,2.31,-14.02,7.05,-0.9,0.32,-0.27,-4.44,-7.7,-1.36,0
1746815107.110279,-2.0,-0.38,-0.75,7.08,-3.53,6.09,-0.93,0.32,-0.26,-5.34,-6.99,-3.39,0
1746815107.119036,-2.0,-0.36,-0.71,10.75,-12.04,10.68,-0.92,0.3,-0.27,-4.62,-6.05,-2.4,0
1746815107.135819,-2.0,-0.3,-0.74,-6.83,5.18,0.81,-0.91,0.33,-0.27,3.31,2.35,-0.09,0
1746815107.147667,-2.0,-0.31,-0.69,-9.75,-11.78,6.23,-0.91,0.35,-0.26,-0.12,2.24,1.67,0
1746815107.160884,-2.0,-0.34,-0.76,-9.0,-5.33,5.62,-0.96,0.32,-0.22,-0.63,4.01,2.6,0
1746815107.183352,-2.0,-0.35,-0.64,-5.82,-10.06,6.66,-0.91,0.27,-0.25,-0.64,3.71,1.89,0
1746815107.193915,-2.0,-0.42,-0.71,-0.52,-13.95,8.16,-0.92,0.36,-0.24,0.91,10.95,2.39,0
1746815107.210701,-2.0,-0.39,-0.63,-2.49,-24.16,11.87,-0.9,0.32,-0.25,-4.38,5.42,1.82,0
1746815107.228118,-2.0,-0.4,-0.74,8.91,-16.11,14.17,-0.93,0.35,-0.21,7.37,15.07,-0.23,0
1746815107.246524,-2.0,-0.35,-0.72,-10.37,3.42,1.0,-0.92,0.37,-0.22,2.6,8.27,0.78,0
1746815107.260898,-2.0,-0.32,-0.7,0.68,-13.35,7.65,-0.93,0.37,-0.23,8.97,10.56,1.91,0
1746815107.268821,-2.0,-0.34,-0.7,7.3,-1.46,4.76,-0.94,0.31,-0.24,8.0,5.93,3.09,0
1746815107.28305,-2.0,-0.37,-0.73,17.88,-7.73,6.14,-0.95,0.39,-0.24,2.64,4.6,3.37,0
1746815107.297648,-2.0,-0.34,-0.72,11.34,3.76,-2.68,-0.96,0.4,-0.2,-3.79,-2.83,3.95,0
1746815107.31075,-2.0,-0.35,-0.67,27.16,-5.18,6.33,-0.95,0.37,-0.19,-6.73,-6.5,4.37,0
1746815107.327921,-2.0,-0.36,-0.71,22.44,-7.08,8.13,-0.93,0.39,-0.25,-10.42,-4.23,5.73,0
1746815107.344141,-2.0,-0.34,-0.66,15.98,-1.09,7.65,-0.97,0.28,-0.21,-5.28,-3.05,6.81,0
1746815107.361159,-2.0,-0.38,-0.7,5.69,-3.19,7.45,-0.95,0.38,-0.23,-5.62,0.37,10.5,0
1746815107.379961,-2.0,-0.47,-0.67,14.01,-28.69,17.02,-0.89,0.47,-0.31,1.34,11.17,13.04,0
1746815107.394272,-2.0,-0.44,-0.79,3.83,14.63,3.37,-0.94,0.49,-0.2,4.05,2.31,12.92,0
1746815107.410896,-2.0,-0.35,-0.74,-6.53,9.05,2.26,-0.94,0.43,-0.23,3.25,3.25,9.81,0
1746815107.419469,-2.0,-0.33,-0.63,-12.88,1.99,0.89,-1.0,0.51,-0.17,-10.73,-9.47,13.58,0
1746815107.433413,-2.0,-0.44,-0.64,-8.41,-5.19,6.55,-0.99,0.6,-0.22,-26.84,-5.25,15.92,0
1746815107.448722,-2.0,-0.33,-0.72,-11.44,8.76,2.92,-0.95,0.57,-0.31,-34.6,-10.96,21.81,0
1746815107.461159,-2.0,-0.37,-0.74,-17.1,12.62,1.31,-0.98,0.58,-0.26,-18.23,-9.89,30.15,1
1746815107.483876,-2.0,-0.36,-0.62,-23.19,-6.35,13.12,-1.06,0.63,-0.23,-29.6,-22.01,39.34,1
1746815107.497316,-2.0,-0.37,-0.62,-27.89,-11.63,17.94,-1.0,0.77,-0.3,-2.27,11.4,53.4,1
1746815107.510894,-2.0,-0.38,-0.72,-15.57,-11.56,19.75,-1.05,0.88,-0.26,-14.14,5.55,70.47,1
1746815107.529667,-2.0,-0.4,-0.64,-6.87,-10.3,21.71,-1.02,0.91,-0.31,-31.83,29.31,75.72,1
1746815107.544296,-2.0,-0.34,-0.66,-2.08,-11.16,20.18,-1.03,0.97,-0.36,-56.24,30.23,81.92,1
1746815107.561167,-2.0,-0.27,-0.61,-13.08,-43.96,16.02,-1.02,0.98,-0.38,-82.5,23.03,95.17,1
1746815107.57066,-2.0,-0.32,-0.8,-10.5,-3.08,3.75,-1.03,1.03,-0.36,-102.47,21.86,107.25,1
1746815107.583538,-2.0,-0.32,-0.63,-10.5,15.57,-3.36,-1.04,1.1,-0.5,-121.98,20.3,124.35,1
1746815107.597456,-2.0,-0.35,-0.63,-11.08,-4.7,-1.64,-1.09,1.14,-0.48,-119.76,26.5,145.71,1
1746815107.611008,-2.0,-0.32,-0.74,-1.55,34.01,-0.62,-1.16,1.17,-0.56,-133.3,33.14,158.82,1
1746815107.634466,-2.0,-0.25,-0.48,-24.9,-66.75,10.31,-1.27,1.33,-0.32,-153.33,19.32,185.8,1
1746815107.643824,-2.0,-0.42,-1.23,0.34,57.16,3.47,-0.77,0.99,-1.03,-218.6,118.86,180.36,1
1746815107.661148,-2.0,-0.3,-0.37,-27.11,76.76,-6.63,-1.38,1.29,-0.39,-152.32,217.63,202.68,1
1746815107.677734,-2.0,-0.33,-0.73,-14.14,-12.09,10.22,-1.25,1.24,-0.46,-112.35,53.29,230.5,1
1746815107.696651,-2.0,-0.23,-0.73,-24.28,23.35,-3.24,-0.84,1.14,-0.77,-82.22,167.64,250.13,1
1746815107.710787,-2.0,-0.34,-0.9,-20.5,73.16,-11.69,-1.2,1.12,-0.78,-72.98,213.25,250.13,1
1746815107.719991,-2.0,-0.22,-0.45,-14.57,0.87,3.25,-0.55,1.31,-0.92,-124.6,78.19,250.13,1
1746815107.733652,-2.0,-0.24,-0.65,-31.03,14.08,-11.67,-1.62,1.08,0.36,-78.43,-3.35,250.13,1
1746815107.744826,-2.0,-0.28,-0.54,-3.6,-0.4,4.89,-1.07,1.14,-0.44,-76.68,101.65,250.13,1
1746815107.766587,-2.0,-0.29,-0.66,-6.94,-8.69,6.76,-0.66,1.15,-0.71,-73.2,130.82,250.13,1
1746815107.777484,-2.0,-0.39,-0.75,-11.11,-3.45,1.14,-1.23,1.02,-0.12,-25.25,57.63,250.13,1
1746815107.794678,-2.0,-0.37,-0.81,5.57,-3.86,4.76,-1.15,1.11,-0.26,0.04,133.56,250.13,1
1746815107.812049,-2.0,-0.32,-0.58,5.0,-11.14,6.85,-0.73,1.12,-0.61,-19.9,211.29,250.13,1
1746815107.830502,-2.0,-0.29,-0.67,-8.65,-11.41,2.5,-1.05,0.98,-0.15,-12.85,171.17,250.13,1
1746815107.844659,-2.0,-0.35,-0.89,9.36,-12.02,9.14,-0.73,0.88,-0.45,-54.62,122.36,250.13,1
1746815107.861249,-2.0,-0.38,-0.59,2.01,1.14,-1.86,-0.78,0.53,-0.08,-106.92,56.18,250.13,1
1746815107.869628,-2.0,-0.31,-0.66,13.92,-31.03,6.66,-0.5,0.17,-0.41,-166.78,77.92,228.78,1
1746815107.883732,-2.0,-0.31,-0.77,8.66,-22.92,0.5,-0.79,-0.12,0.01,-175.71,-62.49,160.29,1
1746815107.898137,-2.0,-0.32,-0.82,11.54,9.53,4.65,-0.09,-0.15,-0.55,-212.93,-37.16,111.0,1
1746815107.911412,-2.0,-0.33,-0.75,-12.0,22.27,-2.08,-0.34,-0.17,-0.04,-206.86,-24.27,82.35,1
1746815107.928131,-2.0,-0.3,-0.55,-15.13,1.17,5.76,-0.05,-0.03,-0.2,-209.79,-52.15,62.18,1
1746815107.944829,-2.0,-0.32,-1.0,-15.66,70.89,2.44,-0.02,-0.01,0.01,-190.68,-77.01,54.53,1
1746815107.961465,-2.0,-0.28,-0.79,-14.97,44.64,7.91,0.07,0.08,-0.2,-197.72,34.19,42.07,1
1746815107.979947,-2.0,-0.29,-0.68,-36.4,16.44,-3.49,0.09,0.01,-0.08,-179.95,54.94,30.85,1
1746815107.994984,-2.0,-0.38,-0.68,-6.72,6.91,5.16,-0.17,0.19,0.46,-150.62,-1.64,5.07,1
1746815108.01108,-2.0,-0.37,-0.74,-3.56,21.58,-4.74,0.16,0.28,0.09,-121.53,38.37,-4.64,1
1746815108.020582,-2.0,-0.37,-0.74,-3.73,21.81,-13.97,-0.07,0.38,0.43,-110.55,5.02,-23.15,1
1746815108.033565,-2.0,-0.31,-0.66,-7.34,7.99,-15.53,-0.36,0.31,0.71,-94.4,-27.38,-42.06,1
1746815108.048239,-2.0,-0.31,-0.64,7.52,-5.61,-2.91,-0.17,0.34,0.66,-87.32,-19.51,-49.32,1
1746815108.061394,-2.0,-0.3,-0.74,0.44,23.58,-16.37,0.14,0.2,0.34,-69.52,7.92,-42.76,1
1746815108.078296,-2.0,-0.35,-0.57,14.01,-13.15,2.54,0.08,0.38,0.55,-98.4,-40.06,-73.33,1
1746815108.09504,-2.0,-0.31,-0.69,25.25,-5.3,4.35,0.06,0.33,0.66,-117.75,-40.68,-89.34,1
1746815108.111415,-2.0,-0.32,-0.71,6.02,-12.89,5.42,-0.19,0.27,0.92,-110.91,-57.62,-107.55,1
1746815108.128279,-2.0,-0.31,-0.69,-15.5,-5.42,0.56,-0.26,0.29,0.88,-119.34,-67.71,-127.19,1
1746815108.146713,-2.0,-0.22,-0.66,-15.57,-4.63,3.95,-0.17,0.34,0.79,-127.13,-58.09,-153.27,1
1746815108.161476,-2.0,-0.37,-0.74,-8.5,0.53,6.73,-0.28,0.45,0.87,-162.72,-70.57,-171.52,1
1746815108.170099,-2.0,-0.32,-0.63,-20.19,-13.24,6.86,-0.21,0.36,0.85,-172.35,-48.95,-194.4,1
1746815108.183785,-2.0,-0.35,-0.65,-16.36,4.48,-1.53,-0.29,0.21,0.92,-160.95,-43.51,-216.19,1
1746815108.19848,-2.0,-0.35,-0.64,-10.3,-8.73,1.76,-0.3,0.08,0.97,-140.53,-61.52,-226.54,1
1746815108.211782,-2.0,-0.35,-0.67,-15.05,-7.07,-1.04,-0.4,0.05,0.97,-108.42,-74.1,-229.82,1
1746815108.227999,-2.0,-0.31,-0.7,-33.12,3.52,-8.63,-0.45,0.09,0.96,-74.21,-83.65,-231.52,1
1746815108.24501,-2.0,-0.36,-0.64,-36.85,-27.65,-4.34,-0.47,0.23,0.94,-63.9,-85.56,-244.32,1
1746815108.261874,-2.0,-0.4,-0.83,-38.65,-10.85,-9.01,-0.48,0.32,0.93,-65.23,-89.17,-250.14,1
1746815108.280497,-2.0,-0.38,-0.69,-43.5,1.73,-12.47,-0.54,0.45,0.95,-81.55,-104.85,-250.14,1
1746815108.294755,-2.0,-0.35,-1.0,-36.6,38.0,-26.9,-0.53,0.5,0.9,-92.07,-108.7,-250.14,1
1746815108.302189,-2.0,-0.33,-0.67,-17.76,40.4,-21.34,-0.56,0.53,0.79,-84.21,-92.7,-250.14,1
1746815108.320328,-2.0,-0.36,-0.79,-7.4,7.94,-6.89,-0.53,0.62,0.79,-86.79,-95.73,-250.14,1
1746815108.333252,-2.0,-0.32,-0.69,-26.09,5.13,-12.4,-0.59,0.7,0.88,-97.83,-100.74,-250.14,1
1746815108.345043,-2.0,-0.3,-0.74,-9.66,-2.21,0.93,-0.64,0.59,0.89,-107.51,-78.77,-250.14,1
1746815108.362248,-2.0,-0.36,-0.73,3.37,-14.33,9.41,-0.64,0.56,0.85,-113.27,-64.48,-250.14,1
1746815108.378329,-2.0,-0.32,-0.72,19.07,-7.62,12.39,-0.75,0.54,0.93,-105.21,-35.34,-250.14,1
1746815108.39525,-2.0,-0.36,-0.76,9.0,-9.89,12.32,-0.85,0.62,0.98,-96.57,-33.13,-250.14,1
1746815108.411752,-2.0,-0.39,-0.81,5.45,-6.28,13.39,-0.88,0.65,0.96,-91.08,-34.63,-250.14,1
1746815108.430459,-2.0,-0.38,-0.77,-4.31,-3.68,10.86,-0.87,0.66,0.93,-104.11,-44.21,-250.14,1
1746815108.444731,-2.0,-0.37,-0.74,-15.17,16.52,1.07,-0.95,0.61,0.96,-113.66,-60.43,-250.14,1
1746815108.454446,-2.0,-0.36,-0.71,-11.21,14.01,1.73,-0.98,0.4,0.96,-99.23,-81.77,-250.14,1
1746815108.470023,-2.0,-0.38,-0.68,-10.37,-5.11,3.87,-0.98,0.24,0.84,-64.04,-120.24,-250.14,1
1746815108.482629,-2.0,-0.36,-0.69,-15.36,-8.23,0.4,-0.95,0.23,0.66,-7.5,-132.69,-250.14,1
1746815108.498438,-2.0,-0.32,-0.68,-8.56,-10.09,0.56,-0.94,0.37,0.47,46.36,-108.92,-250.14,1
1746815108.511554,-2.0,-0.33,-0.72,-11.83,-5.81,-1.31,-0.9,0.66,0.3,65.25,-80.74,-250.14,1
1746815108.528398,-2.0,-0.3,-0.67,-18.15,-28.3,4.56,-0.93,0.78,0.26,52.92,-85.44,-245.42,1
1746815108.545577,-2.0,-0.32,-0.69,-25.27,-33.69,5.82,-0.83,0.8,0.14,59.87,-89.46,-225.91,1
1746815108.562213,-2.0,-0.27,-0.72,-24.73,-48.84,7.97,-0.7,0.82,0.05,92.24,-93.97,-202.92,1
1746815108.580747,-2.0,-0.37,-0.78,-15.92,-48.05,8.77,-0.53,0.98,-0.0,125.26,-81.86,-179.96,1
1746815108.595283,-2.0,-0.38,-0.7,-14.21,-31.02,5.04,-0.28,1.15,-0.02,135.44,-55.79,-151.65,1
1746815108.603501,-2.0,-0.36,-0.64,-12.07,-38.87,2.48,-0.18,1.43,0.14,111.15,-40.73,-124.94,1
1746815108.620012,-2.0,-0.4,-0.79,-16.3,-2.05,-9.98,-0.12,1.57,0.2,69.27,-16.2,-90.95,1
1746815108.632901,-2.0,-0.27,-0.66,-13.23,-28.59,-5.95,-0.09,1.5,0.29,24.38,-5.21,-48.21,1
1746815108.64609,-2.0,-0.31,-0.77,0.24,-17.84,-2.76,-0.09,1.24,0.4,-7.98,-18.73,-3.31,1
1746815108.662162,-2.0,-0.35,-0.78,10.21,20.52,-6.41,-0.07,0.91,0.5,-9.59,-25.47,28.74,1
1746815108.678563,-2.0,-0.34,-0.75,30.97,55.05,-4.42,-0.01,0.67,0.44,5.5,-11.9,43.34,1
1746815108.695406,-2.0,-0.35,-0.89,38.76,116.11,-5.57,0.08,0.48,0.38,17.62,-9.55,47.2,1
1746815108.712822,-2.0,-0.14,0.02,-0.76,81.98,-23.82,0.13,0.32,0.39,23.52,-9.75,39.69,1
1746815108.728862,-2.0,-0.38,-0.69,1.73,72.2,-2.56,0.13,0.24,0.48,25.28,-7.66,30.48,1
1746815108.746414,-2.0,-0.39,-0.72,-9.47,61.27,5.94,0.08,0.21,0.6,15.47,-10.95,10.58,1
1746815108.754377,-2.0,-0.4,-0.64,-17.39,21.61,22.72,0.11,0.26,0.61,0.85,-4.9,0.82,1
1746815108.770527,-2.0,-0.44,-0.69,-20.94,24.69,24.18,0.14,0.28,0.61,-10.45,-15.48,-9.58,1
1746815108.783215,-2.0,-0.42,-0.69,-22.35,17.53,27.21,0.1,0.28,0.66,-6.62,-9.52,-18.62,1
1746815108.800808,-2.0,-0.41,-0.75,-29.67,17.05,21.73,0.14,0.35,0.62,8.4,14.61,-14.97,1
1746815108.811805,-2.0,-0.46,-0.73,-38.85,5.72,14.66,0.08,0.43,0.65,18.34,36.0,-10.33,1
1746815108.828627,-2.0,-0.46,-0.8,-35.5,6.24,6.0,-0.01,0.47,0.77,15.32,27.12,-4.31,1
1746815108.84535,-2.0,-0.59,-1.02,-25.27,29.99,-7.72,-0.02,0.47,0.81,7.64,16.97,-1.38,1
1746815108.86515,-2.0,-0.55,-0.84,-23.15,-40.25,7.8,0.09,0.3,0.62,17.18,31.8,4.05,1
1746815108.878908,-2.0,-0.47,-0.81,-17.11,11.81,-21.64,0.04,0.52,0.68,-1.95,18.52,5.98,1
1746815108.895512,-2.0,-0.37,-0.74,22.8,-27.33,4.26,-0.15,0.42,0.86,13.29,45.62,10.16,1
1746815108.904093,-2.0,-0.32,-0.63,-14.14,-23.27,-7.5,0.1,0.38,0.62,-0.37,12.56,10.07,1
1746815108.920588,-2.0,-0.34,-0.76,13.73,-64.95,23.01,-0.01,0.43,0.69,-2.05,8.11,14.36,1
1746815108.933221,-2.0,-0.24,-0.45,-19.82,-121.55,29.69,0.0,0.38,0.69,-0.2,0.97,11.62,1
1746815108.945676,-2.0,-0.27,-0.84,-39.55,-96.34,23.16,0.04,0.36,0.67,5.52,9.26,12.79,1
1746815108.962285,-2.0,-0.26,-0.7,-35.45,-108.58,25.05,0.06,0.36,0.59,9.95,11.19,10.31,1
1746815108.978785,-2.0,-0.3,-0.79,-38.81,-66.44,10.27,0.0,0.41,0.66,13.05,6.85,10.2,1
1746815108.99591,-2.0,-0.36,-0.95,12.23,-11.29,10.56,-0.04,0.42,0.67,16.05,4.24,10.15,1
1746815109.01468,-2.0,-0.32,-0.84,11.55,154.0,-19.5,-0.03,0.44,0.6,22.63,11.39,10.82,1
1746815109.031318,-2.0,-0.44,-0.92,4.84,201.55,-44.43,-0.0,0.45,0.58,25.06,9.76,13.23,1
1746815109.045217,-2.0,-0.21,0.49,-17.0,37.37,-54.82,-0.04,0.49,0.59,19.89,0.41,17.44,1
1746815109.053658,-2.0,-0.31,-0.59,2.13,-5.42,-20.79,-0.02,0.51,0.55,9.02,-15.66,20.16,1
1746815109.070311,-2.0,-0.33,-0.71,29.45,-19.32,-0.44,-0.0,0.47,0.51,0.91,-24.21,22.74,1
1746815109.082619,-2.0,-0.27,-0.74,35.6,-11.82,-4.15,0.02,0.48,0.47,0.33,-13.27,23.85,1
1746815109.095474,-2.0,-0.26,-0.68,34.64,-6.39,-10.65,0.03,0.45,0.42,5.4,12.0,24.5,1
1746815109.112323,-2.0,-0.26,-0.76,39.74,-8.03,-2.89,-0.06,0.46,0.45,12.35,15.95,32.53,1
1746815109.128939,-2.0,-0.27,-0.71,27.33,-15.06,-0.11,-0.09,0.52,0.38,31.48,15.37,42.42,1
1746815109.145968,-2.0,-0.28,-0.7,23.82,-30.0,9.6,-0.14,0.64,0.34,58.78,4.28,57.25,1
1746815109.165415,-2.0,-0.21,-0.73,2.93,-14.92,-0.11,-0.12,0.72,0.33,89.04,7.0,80.5,1
1746815109.179575,-2.0,-0.25,-0.72,-1.05,-7.6,-1.2,-0.17,0.89,0.33,109.12,29.99,99.65,1
1746815109.194584,-2.0,-0.35,-0.74,-7.05,13.88,-2.47,-0.22,1.0,0.26,102.44,40.44,114.22,1
1746815109.213455,-2.0,-0.42,-0.66,-17.56,-4.52,1.74,-0.27,0.93,0.22,83.73,49.74,121.02,1
1746815109.222233,-2.0,-0.35,-0.7,-9.64,-24.03,14.9,-0.24,0.85,0.17,64.52,55.98,127.26,0
1746815109.23646,-2.0,-0.28,-0.6,-12.9,-45.56,22.57,-0.31,0.61,0.13,59.51,60.59,132.73,0
1746815109.25312,-2.0,-0.39,-0.76,-5.66,-64.89,18.92,-0.08,0.69,0.18,69.49,81.25,138.82,0
1746815109.262548,-2.0,-0.28,-1.14,-1.53,102.33,-9.33,-0.24,0.4,0.19,73.35,85.4,127.6,0
1746815109.278795,-2.0,-0.26,-0.33,6.12,-214.73,44.48,-0.11,0.43,0.17,104.4,95.03,128.1,0
1746815109.295727,-2.0,-0.45,-1.06,-31.75,-49.15,14.08,-0.22,0.45,0.19,99.97,98.79,110.88,0
1746815109.312542,-2.0,-0.24,-0.69,-6.66,-12.8,14.04,-0.09,0.44,0.18,113.84,138.77,101.7,0
1746815109.330909,-2.0,-0.46,-0.46,6.58,-127.55,34.34,-0.04,0.53,0.17,109.38,172.03,84.21,0
1746815109.345492,-2.0,-0.29,-0.77,-11.66,-51.21,13.69,-0.12,0.56,0.28,71.24,183.49,56.36,0
1746815109.354741,-2.0,-0.29,-0.53,4.85,-69.24,24.5,-0.21,0.5,0.27,43.49,159.32,38.58,0
1746815109.36857,-2.0,-0.34,-0.81,13.21,-29.15,26.23,-0.49,0.21,0.38,35.21,130.2,38.21,0
1746815109.383647,-2.0,-0.43,-0.94,2.44,69.5,-0.16,-0.14,0.33,0.18,35.41,163.71,32.94,0
1746815109.395992,-2.0,-0.3,-0.53,-17.62,97.71,-18.73,0.05,0.42,0.14,41.98,176.21,28.11,0
1746815109.412347,-2.0,-0.37,-1.0,26.56,115.31,-12.2,-0.4,0.44,0.64,54.13,98.55,9.82,0
1746815109.429102,-2.0,-0.33,-0.78,23.56,202.89,-29.9,-0.26,0.43,0.33,55.79,155.99,-9.68,0
1746815109.445866,-2.0,-0.22,-0.59,2.11,44.44,-10.8,-0.23,0.36,0.23,57.43,149.0,-20.3,0
1746815109.462888,-2.0,-0.4,-0.68,-7.05,22.0,-2.29,-0.42,0.41,0.26,56.84,118.86,-31.08,0
1746815109.479738,-2.0,-0.37,-0.65,-19.48,12.46,-1.54,-0.34,0.42,0.15,71.6,119.01,-27.71,0
1746815109.495829,-2.0,-0.4,-0.71,-15.24,-11.94,11.44,-0.29,0.63,0.23,76.47,138.97,-47.24,0
1746815109.504272,-2.0,-0.38,-0.69,-24.48,2.93,1.7,-0.42,0.75,0.26,60.4,144.31,-63.89,0
1746815109.520767,-2.0,-0.37,-0.61,-13.63,-12.73,7.9,-0.47,0.7,0.2,47.86,144.47,-71.83,0
1746815109.533456,-2.0,-0.39,-0.72,-14.63,7.89,1.51,-0.54,0.77,0.16,47.01,122.07,-75.04,0
1746815109.546242,-2.0,-0.37,-0.56,-14.03,-24.77,11.84,-0.67,0.83,0.13,39.72,110.05,-81.27,0
1746815109.562769,-2.0,-0.38,-0.65,-18.7,-30.06,14.12,-0.65,0.82,0.0,59.56,124.21,-73.46,0
1746815109.578766,-2.0,-0.39,-0.66,-14.96,-48.44,15.57,-0.79,0.88,0.12,80.46,149.17,-78.86,0
1746815109.596256,-2.0,-0.4,-0.8,-5.68,-44.38,16.1,-0.87,0.9,0.21,54.18,161.81,-91.36,0
1746815109.615239,-2.0,-0.37,-0.71,-13.73,-45.98,13.37,-0.82,0.93,0.18,8.29,176.8,-103.6,0
1746815109.62984,-2.0,-0.42,-0.74,-24.88,-27.24,13.25,-0.82,0.71,0.17,6.82,165.16,-102.3,0
1746815109.645725,-2.0,-0.28,-0.47,-26.85,-93.89,23.53,-0.84,0.54,0.23,15.99,174.08,-107.47,0
1746815109.654127,-2.0,-0.51,-0.94,-11.95,-22.57,14.71,-0.8,0.57,0.32,23.34,170.68,-115.49,0
1746815109.668528,-2.0,-0.3,-0.79,-22.85,86.68,-2.79,-1.0,0.32,0.46,83.28,159.95,-114.21,0
1746815109.683335,-2.0,-0.27,-0.81,-36.06,156.5,-26.55,-1.07,0.25,0.48,111.31,148.56,-122.97,0
1746815109.696197,-2.0,-0.44,0.36,-24.64,42.44,-26.04,-1.13,0.18,0.36,167.2,113.5,-119.82,0
1746815109.719913,-2.0,-0.27,-0.71,-26.15,84.01,-33.95,-1.06,0.44,0.26,200.53,77.12,-104.11,0
1746815109.734022,-2.0,-0.28,-0.67,-5.71,-15.47,12.53,-1.26,0.65,0.23,217.08,62.51,-120.13,0
1746815109.74637,-2.0,-0.36,-0.76,-22.99,21.33,-2.73,-1.34,1.2,0.15,135.95,42.97,-132.34,0
1746815109.76341,-2.0,-0.28,-0.56,-2.56,-6.46,12.7,-1.29,0.95,-0.06,83.26,21.46,-148.82,0
1746815109.779986,-2.0,-0.37,-0.76,24.54,7.81,19.29,-1.31,1.05,-0.06,15.14,2.21,-169.43,0
1746815109.795946,-2.0,-0.3,-0.62,29.36,-19.89,38.95,-1.48,0.66,0.04,-25.22,-4.08,-183.78,0
1746815109.80477,-2.0,-0.41,-0.76,-10.08,-5.24,24.73,-1.33,0.85,-0.23,-40.48,30.73,-184.92,0
1746815109.818603,-2.0,-0.37,-0.66,-0.34,-32.05,32.6,-1.36,0.84,-0.2,-44.51,55.2,-177.46,0
1746815109.835914,-2.0,-0.39,-0.74,2.12,7.05,20.26,-1.41,0.98,-0.09,-61.54,68.6,-155.94,0
1746815109.846411,-2.0,-0.39,-0.71,-6.47,6.65,14.47,-1.37,1.05,-0.1,-74.15,81.69,-127.97,0
1746815109.862835,-2.0,-0.37,-0.64,-11.71,-11.09,17.89,-1.32,1.0,-0.05,-72.75,81.63,-96.0,0
1746815109.879175,-2.0,-0.35,-0.67,-13.01,-22.65,22.76,-1.29,0.9,-0.04,-85.85,68.24,-62.73,0
1746815109.896806,-2.0,-0.46,-0.64,-19.51,-52.93,16.4,-1.14,0.98,-0.1,-78.58,46.63,-16.06,0
1746815109.912894,-2.0,-0.55,-0.75,-0.23,-41.31,9.43,-1.28,0.78,0.14,-61.89,23.69,16.45,0
1746815109.92984,-2.0,-0.4,-0.62,6.57,-42.07,11.99,-1.18,0.34,-0.01,-26.24,10.66,32.6,0
1746815109.945804,-2.0,-0.33,-0.75,15.79,-25.95,3.85,-1.13,0.14,0.02,5.15,-2.45,41.56,0
1746815109.954745,-2.0,-0.3,-0.62,-1.7,-2.44,-5.24,-1.1,0.35,0.15,13.37,-21.75,43.21,0
1746815109.968591,-2.0,-0.27,-0.93,10.79,13.53,-6.23,-0.94,0.24,-0.12,37.33,-9.43,42.67,0
1746815109.983076,-2.0,-0.25,-0.48,2.71,7.08,-4.6,-1.24,-0.1,-0.05,78.23,-33.65,41.21,0
1746815109.996576,-2.0,-0.35,-0.94,3.81,63.48,-14.73,-0.86,0.18,-0.39,125.19,2.83,47.95,0
1746815110.013185,-2.0,-0.29,-0.32,5.42,35.76,-3.85,-0.94,0.29,-0.14,-2.69,-70.27,23.48,0
1746815110.029807,-2.0,-0.4,-0.85,15.55,-4.39,10.05,-0.78,0.31,-0.28,29.37,-17.46,21.99,0
1746815110.048655,-2.0,-0.36,-0.55,9.87,-15.59,18.25,-0.87,0.35,-0.35,52.23,13.36,11.56,0
1746815110.063916,-2.0,-0.37,-0.72,3.22,-0.04,20.31,-0.77,0.35,-0.46,12.47,14.26,1.73,0
1746815110.079976,-2.0,-0.41,-0.65,13.24,-21.44,30.87,-0.86,0.49,-0.3,7.16,8.03,4.66,0
1746815110.096128,-2.0,-0.44,-0.69,24.28,-86.37,44.28,-0.83,0.36,-0.35,-33.69,-15.67,-0.65,0
1746815110.104971,-2.0,-0.61,-0.92,25.61,-14.14,31.82,-0.8,0.37,-0.44,-11.53,20.16,-4.13,0
1746815110.1183,-2.0,-0.41,-0.56,1.21,-2.5,14.44,-0.87,0.43,-0.37,-33.46,14.26,-11.79,0
1746815110.129562,-2.0,-0.45,-0.74,-6.08,15.45,0.4,-0.75,0.16,-0.58,-13.97,33.84,-16.16,0
1746815110.146532,-2.0,-0.34,-0.49,-8.12,-24.41,8.86,-0.94,0.42,-0.26,-19.37,27.05,-16.27,0
1746815110.163118,-2.0,-0.36,-0.67,-1.34,21.56,1.5,-0.84,0.39,-0.43,-30.17,30.9,-19.86,0
1746815110.179893,-2.0,-0.36,-0.68,-7.87,54.98,-5.61,-0.94,0.34,-0.25,-17.06,19.39,-14.98,0
1746815110.197046,-2.0,-0.33,-0.96,-28.38,101.54,-19.18,-0.93,0.41,-0.31,-28.81,9.33,-11.48,0
1746815110.214175,-2.0,-0.26,-0.21,-51.44,23.44,-19.78,-0.86,0.32,-0.39,-14.5,7.4,-5.3,0
1746815110.229998,-2.0,-0.33,-0.64,-38.73,1.35,-7.76,-0.92,0.35,-0.29,3.22,7.03,-3.17,0
1746815110.238492,-2.0,-0.37,-0.71,-35.21,23.01,-11.91,-0.95,0.37,-0.32,-2.14,-6.11,1.94,0
1746815110.256385,-2.0,-0.32,-0.63,-27.35,29.02,-12.78,-0.94,0.39,-0.33,2.87,-12.26,6.2,0
1746815110.267954,-2.0,-0.33,-0.61,-24.48,10.71,-9.24,-0.89,0.36,-0.36,-8.05,-15.21,5.55,0
1746815110.282819,-2.0,-0.36,-0.71,-30.85,-7.01,-5.18,-0.94,0.3,-0.27,-4.33,-14.89,6.85,0
1746815110.296772,-2.0,-0.28,-0.65,-19.41,2.22,-2.89,-0.88,0.32,-0.35,-3.96,-8.44,5.32,0
1746815110.313323,-2.0,-0.31,-0.79,-20.87,28.53,-14.71,-0.91,0.45,-0.27,-14.4,-8.8,5.45,0
1746815110.329942,-2.0,-0.31,-0.77,-19.34,26.18,-11.65,-0.95,0.57,-0.16,-30.27,-30.19,13.44,0
1746815110.349694,-2.0,-0.39,-0.67,-11.18,-23.61,8.67,-0.89,0.34,-0.34,-2.11,17.19,-1.41,0
1746815110.365338,-2.0,-0.41,-0.72,-11.5,-3.88,1.35,-0.92,0.38,-0.23,-22.56,-14.77,5.94,0
1746815110.379717,-2.0,-0.34,-0.69,-21.52,0.79,-3.96,-0.9,0.32,-0.27,-5.62,12.19,-3.56,0
1746815110.389231,-2.0,-0.32,-0.71,-17.38,0.41,-3.49,-0.93,0.35,-0.22,-9.16,-2.5,0.26,0
1746815110.405558,-2.0,-0.36,-0.71,-26.49,7.95,-13.19,-0.93,0.33,-0.25,-15.4,-14.67,3.37,0
1746815110.422132,-2.0,-0.32,-0.72,-13.36,12.31,-9.13,-0.9,0.39,-0.24,-18.84,-15.34,2.02,0
1746815110.429754,-2.0,-0.25,-0.68,-19.29,21.69,-15.23,-0.94,0.4,-0.2,-24.72,-16.92,1.66,0
1746815110.44628,-2.0,-0.21,-0.78,-15.73,43.72,-12.35,-0.89,0.35,-0.28,-23.78,-15.32,0.54,0
1746815110.463421,-2.0,-0.26,-0.77,-32.33,54.24,-17.15,-0.91,0.43,-0.21,-21.21,-13.49,0.44,0
1746815110.484355,-2.0,-0.33,-0.77,-44.36,45.3,-14.31,-0.92,0.37,-0.25,-18.42,-10.63,-0.4,1
1746815110.496506,-2.0,-0.34,-0.79,-38.16,42.65,1.57,-0.88,0.56,-0.24,-15.4,-7.78,4.8,1
1746815110.513057,-2.0,-0.43,-0.74,-25.52,46.65,4.9,-0.87,0.54,-0.3,-15.72,-5.0,4.0,1
1746815110.518432,-2.0,-0.5,-0.76,-12.07,21.77,16.85,-0.96,0.41,-0.13,-0.66,-1.02,2.73,1
1746815110.536069,-2.0,-0.4,-0.76,-15.8,8.68,14.53,-0.91,0.33,-0.29,-2.96,0.11,14.27,1
1746815110.550916,-2.0,-0.2,-0.63,2.68,-1.07,16.17,-0.96,0.38,-0.18,7.77,7.73,2.07,1
1746815110.563123,-2.0,-0.24,-0.72,9.1,-13.06,13.85,-0.96,0.58,-0.17,-14.73,-12.75,15.44,1
1746815110.579788,-2.0,-0.26,-0.78,8.11,-6.33,3.96,-0.99,0.69,-0.14,-16.11,-20.91,27.4,1
1746815110.596352,-2.0,-0.33,-0.76,14.69,-10.96,5.08,-0.99,0.74,-0.23,-1.38,-16.85,37.11,1
1746815110.619467,-2.0,-0.36,-0.76,10.98,-11.08,6.24,-1.03,0.97,-0.2,-22.05,-37.77,51.62,1
1746815110.63364,-2.0,-0.34,-0.73,8.24,-4.82,4.8,-1.05,1.06,-0.31,-12.18,-21.92,61.76,1
1746815110.6495,-2.0,-0.32,-0.72,14.66,-15.05,11.72,-1.1,1.2,-0.24,-37.79,-50.59,94.56,1
1746815110.663281,-2.0,-0.35,-0.81,11.76,-13.78,11.54,-1.1,1.29,-0.29,-44.64,-33.34,116.83,1
1746815110.680163,-2.0,-0.34,-0.75,11.66,-7.72,9.02,-1.12,1.28,-0.43,-48.05,-28.88,129.08,1
1746815110.688883,-2.0,-0.34,-0.73,9.06,-18.08,8.07,-1.11,1.43,-0.43,-34.02,-9.04,150.21,1
1746815110.703278,-2.0,-0.32,-0.76,13.81,11.4,-1.21,-1.17,1.46,-0.56,6.16,18.54,163.04,1
1746815110.718293,-2.0,-0.33,-0.69,14.41,-9.91,7.86,-1.18,1.11,0.08,70.4,-8.34,162.48,1
1746815110.730328,-2.0,-0.34,-0.7,17.02,-17.17,14.74,-1.08,2.0,-1.0,-36.8,250.13,225.94,1
1746815110.746944,-2.0,-0.29,-0.71,31.67,-11.21,24.01,-1.75,2.0,-0.5,-43.45,177.31,250.13,1
1746815110.763625,-2.0,-0.37,-0.7,23.54,-8.86,21.7,-1.49,2.0,-1.02,-102.3,133.03,250.13,1
1746815110.780127,-2.0,-0.33,-0.71,10.46,-1.76,13.47,-1.53,1.81,-0.87,-144.12,99.21,250.13,1
1746815110.797169,-2.0,-0.34,-0.66,10.49,-13.42,15.22,-1.25,1.28,-0.98,-165.41,53.66,250.13,1
1746815110.815877,-2.0,-0.34,-0.7,2.87,-12.26,10.38,-1.26,0.91,-0.74,-150.18,24.81,250.13,1
1746815110.830535,-2.0,-0.34,-0.71,-2.59,-8.67,8.08,-1.08,0.67,-0.77,-140.47,20.96,250.13,1
1746815110.839652,-2.0,-0.37,-0.77,-6.94,-6.01,4.02,-0.91,0.5,-0.77,-127.36,84.46,250.13,1
1746815110.855215,-2.0,-0.4,-0.84,-9.81,6.71,2.6,-0.92,0.56,-0.6,-148.7,97.02,250.13,1
1746815110.869458,-2.0,-0.41,-0.77,-16.38,-3.94,5.1,-1.04,0.48,-0.36,-154.16,53.03,250.13,1
1746815110.88029,-2.0,-0.44,-0.75,-11.43,-9.61,13.11,-0.87,0.43,-0.47,-169.45,84.59,250.13,1
1746815110.89698,-2.0,-0.43,-0.66,-10.03,1.03,14.36,-0.77,0.34,-0.5,-189.85,108.27,250.13,1
1746815110.913873,-2.0,-0.39,-0.87,-4.56,16.09,16.29,-0.74,0.31,-0.31,-181.25,137.77,245.61,1
1746815110.93064,-2.0,-0.4,-0.76,-5.7,6.18,17.85,-0.6,0.18,-0.26,-162.0,130.29,227.41,1
1746815110.946982,-2.0,-0.41,-0.75,-4.45,-7.05,20.43,-0.71,0.24,0.01,-161.57,40.43,206.69,1
1746815110.965692,-2.0,-0.4,-0.67,-5.38,-3.4,17.01,-0.51,0.24,-0.16,-170.85,33.79,183.66,1
1746815110.980724,-2.0,-0.35,-0.73,-5.66,8.99,12.0,-0.45,0.41,-0.18,-206.85,25.56,152.37,1
1746815110.989592,-2.0,-0.36,-0.62,-5.44,-0.1,10.66,-0.43,0.25,-0.09,-227.76,36.51,122.99,1
1746815111.005408,-2.0,-0.32,-0.69,-5.28,-12.61,12.73,-0.25,-0.0,-0.09,-203.97,44.44,107.86,1
1746815111.018604,-2.0,-0.32,-0.7,-5.65,-17.05,13.76,-0.22,-0.14,0.04,-158.56,41.6,99.13,1
1746815111.030745,-2.0,-0.32,-0.73,-5.35,-2.49,11.11,-0.2,-0.03,0.1,-117.34,81.87,88.22,1
1746815111.046995,-2.0,-0.27,-0.72,-8.28,10.08,8.34,-0.21,0.09,0.29,-93.38,66.05,68.28,1
1746815111.064698,-2.0,-0.31,-0.66,-4.27,-8.94,12.62,-0.27,0.04,0.5,-82.98,57.13,36.21,1
1746815111.08036,-2.0,-0.37,-0.72,-5.51,-1.52,6.13,-0.18,0.0,0.59,-113.66,43.49,4.94,1
1746815111.097725,-2.0,-0.35,-0.65,-8.6,2.11,1.14,-0.29,-0.12,0.88,-129.44,15.66,-34.68,1
1746815111.114075,-2.0,-0.36,-0.69,-9.14,22.05,-4.56,-0.21,-0.27,0.81,-114.5,10.94,-55.52,1
1746815111.130855,-2.0,-0.37,-0.68,-14.21,-8.1,0.1,-0.23,-0.11,0.93,-94.67,0.19,-73.38,1
1746815111.13799,-2.0,-0.42,-0.72,-14.83,29.85,-6.84,-0.26,-0.05,0.98,-68.83,-5.94,-90.46,1
1746815111.155771,-2.0,-0.39,-0.75,-18.34,8.82,-6.94,-0.27,-0.02,0.97,-87.66,-30.26,-110.23,1
1746815111.168485,-2.0,-0.31,-0.71,-26.8,22.39,-9.91,-0.28,0.01,0.99,-66.27,-62.15,-131.13,1
1746815111.180772,-2.0,-0.32,-0.72,-24.04,-10.67,-2.34,-0.33,0.22,0.97,-91.37,-94.76,-151.23,1
1746815111.197463,-2.0,-0.33,-0.55,-41.4,-1.38,-8.06,-0.31,0.19,0.9,-92.25,-106.46,-159.15,1
1746815111.213936,-2.0,-0.27,-0.67,-33.79,7.69,-7.71,-0.31,0.18,0.83,-97.96,-112.63,-176.13,1
1746815111.231063,-2.0,-0.37,-0.73,-22.39,5.08,-3.84,-0.26,0.14,0.81,-86.89,-95.8,-190.85,1
1746815111.250475,-2.0,-0.36,-0.63,-27.96,-0.73,-8.71,-0.37,0.16,0.8,-76.08,-96.77,-210.78,1
1746815111.264504,-2.0,-0.31,-0.71,-20.6,10.7,-8.91,-0.39,0.32,0.83,-84.73,-93.15,-228.15,1
1746815111.281933,-2.0,-0.25,-0.6,-24.76,-6.92,-4.15,-0.45,0.4,0.89,-101.72,-85.26,-242.92,1
1746815111.289992,-2.0,-0.28,-0.85,-22.18,2.86,-8.9,-0.46,0.41,0.91,-115.39,-78.18,-250.14,1
1746815111.303354,-2.0,-0.28,-0.7,-23.02,1.19,-9.79,-0.46,0.34,0.91,-122.01,-78.24,-250.14,1
1746815111.317912,-2.0,-0.36,-0.73,-18.25,-3.98,-4.27,-0.48,0.23,0.89,-100.64,-80.11,-250.14,1
1746815111.33087,-2.0,-0.39,-0.73,-7.31,2.43,-3.94,-0.5,0.2,0.9,-61.98,-71.83,-250.14,1
1746815111.354977,-2.0,-0.3,-0.73,-18.4,2.26,-5.81,-0.57,0.27,0.9,-33.73,-76.79,-250.14,1
1746815111.369927,-2.0,-0.31,-0.72,-18.6,-12.69,-4.36,-0.57,0.41,0.85,-28.66,-76.89,-250.14,1
1746815111.38451,-2.0,-0.4,-0.51,-20.16,-16.75,-4.86,-0.68,0.54,0.85,-46.79,-77.51,-250.14,1
1746815111.397701,-2.0,-0.37,-0.88,-15.57,25.82,-9.64,-0.68,0.65,0.81,-88.97,-76.21,-250.14,1
1746815111.414306,-2.0,-0.33,-0.72,-3.73,-6.59,-4.11,-0.62,0.66,0.75,-129.27,-71.79,-250.14,1
1746815111.422439,-2.0,-0.28,-0.75,-3.64,27.16,-8.66,-0.62,0.57,0.83,-147.6,-80.18,-250.14,1
1746815111.438571,-2.0,-0.28,-0.82,-2.24,48.14,-17.31,-0.6,0.39,0.8,-133.03,-75.35,-250.14,1
1746815111.451566,-2.0,-0.3,-0.78,4.53,69.38,-19.44,-0.61,0.29,0.83,-89.56,-62.92,-250.14,1
1746815111.464204,-2.0,-0.31,-0.84,3.63,28.77,-18.93,-0.7,0.44,0.83,-53.99,-40.63,-250.14,1
1746815111.480861,-2.0,-0.33,-0.75,9.45,1.3,-1.6,-0.85,0.66,0.85,-60.87,-19.74,-250.14,1
1746815111.497577,-2.0,-0.35,-0.78,0.52,4.19,-0.52,-0.99,0.74,0.88,-90.47,-25.47,-250.14,1
1746815111.513828,-2.0,-0.34,-0.75,-1.03,-12.73,6.18,-0.99,0.65,0.86,-91.6,-47.45,-250.14,1
1746815111.531234,-2.0,-0.35,-0.76,-3.63,-7.58,1.96,-1.02,0.52,0.77,-41.47,-61.01,-250.14,1
1746815111.549848,-2.0,-0.31,-0.73,0.05,-8.95,1.7,-1.09,0.57,0.66,20.59,-70.41,-250.14,1
1746815111.565228,-2.0,-0.31,-0.7,-1.73,-22.85,6.17,-1.02,0.76,0.48,61.84,-58.36,-250.14,1
1746815111.580683,-2.0,-0.34,-0.69,-3.8,-48.19,16.46,-1.02,0.92,0.43,74.27,-59.23,-250.14,1
1746815111.589905,-2.0,-0.28,-0.66,-22.47,-92.92,15.92,-0.87,1.19,0.35,69.75,-63.72,-228.34,1
1746815111.603671,-2.0,-0.38,-0.77,-12.53,-109.52,25.02,-0.68,1.25,0.32,63.09,-77.66,-191.08,1
1746815111.617551,-2.0,-0.43,-0.81,-9.47,-86.58,13.01,-0.45,1.35,0.24,58.05,-81.95,-154.5,1
1746815111.630954,-2.0,-0.43,-0.91,11.15,-33.24,3.7,-0.3,1.39,0.24,50.58,-69.7,-118.89,1
1746815111.648156,-2.0,-0.41,-0.95,27.15,82.07,-18.44,-0.16,1.38,0.24,37.16,-45.91,-82.08,1
1746815111.664664,-2.0,-0.39,-0.9,42.7,178.69,-32.37,-0.12,1.24,0.29,28.95,-24.99,-35.59,1
1746815111.680919,-2.0,-0.25,0.43,5.87,51.5,-36.76,-0.12,0.97,0.39,16.12,-17.25,-3.42,1
1746815111.699866,-2.0,-0.37,-0.65,10.61,15.87,-7.76,-0.12,0.63,0.48,5.83,-26.92,12.64,1
1746815111.716514,-2.0,-0.34,-0.74,18.82,5.22,2.06,-0.02,0.44,0.42,-0.7,-26.42,10.21,1
1746815111.730568,-2.0,-0.35,-0.79,22.81,38.0,-1.18,0.05,0.32,0.45,-11.13,-20.07,-3.02,1
1746815111.739595,-2.0,-0.31,-0.68,-0.56,60.37,-11.41,0.09,0.3,0.48,-9.8,0.11,-17.33,1
1746815111.754044,-2.0,-0.35,-0.7,-12.92,29.01,3.12,0.02,0.33,0.56,0.53,15.58,-22.05,1
1746815111.767835,-2.0,-0.34,-0.71,-30.09,22.83,9.5,-0.01,0.41,0.58,18.09,19.55,-21.46,1
1746815111.78097,-2.0,-0.4,-0.71,-51.07,14.21,9.71,-0.01,0.5,0.64,28.27,20.79,-16.58,1
1746815111.798003,-2.0,-0.45,-0.72,-53.34,12.74,11.62,-0.06,0.59,0.67,23.58,8.47,-3.04,1
1746815111.814626,-2.0,-0.43,-0.72,-58.36,7.7,9.03,-0.04,0.57,0.63,12.53,-0.88,9.11,1
1746815111.831535,-2.0,-0.43,-0.74,-54.0,-0.14,7.6,-0.03,0.51,0.61,5.11,0.85,16.33,1
1746815111.848555,-2.0,-0.43,-0.75,-37.01,-3.03,3.06,-0.02,0.42,0.62,1.26,8.44,17.56,1
1746815111.865197,-2.0,-0.3,-0.62,-17.29,-22.45,4.21,-0.17,0.3,0.68,1.56,9.92,19.37,1
1746815111.880837,-2.0,-0.14,-0.4,-22.25,-79.23,18.17,-0.04,0.24,0.75,11.88,24.37,27.22,1
1746815111.889848,-2.0,-0.55,-0.79,-2.65,13.91,-5.53,-0.01,0.38,0.62,9.98,48.79,18.78,1
1746815111.905447,-2.0,-0.33,-0.55,-5.24,-65.99,19.85,0.07,0.25,0.51,2.12,35.74,19.68,1
1746815111.917935,-2.0,-0.44,-0.87,-42.47,8.05,-2.37,-0.17,0.43,1.04,-13.06,-25.04,23.66,1
1746815111.93159,-2.0,-0.3,-0.77,-21.75,9.37,2.18,-0.04,0.28,0.64,13.35,26.86,23.26,1
1746815111.948149,-2.0,-0.28,-0.85,-25.82,24.44,-3.63,0.13,0.38,0.5,12.83,29.91,18.57,1
1746815111.981147,-2.0,-0.29,-0.7,-1.18,-3.81,12.17,0.19,0.22,0.26,39.47,88.37,4.65,1
1746815111.981147,-2.0,-0.33,-0.65,20.1,-28.35,22.07,0.09,0.35,0.44,22.58,51.01,9.05,1
1746815111.998254,-2.0,-0.4,-0.66,35.27,-1.47,18.02,-0.14,0.4,0.62,12.76,7.89,19.83,1
1746815112.014483,-2.0,-0.32,-0.61,9.44,-17.28,19.11,-0.11,0.44,0.58,15.25,-4.36,25.49,1
1746815112.019879,-2.0,-0.33,-0.68,-7.18,-7.02,9.5,-0.13,0.46,0.57,27.53,-6.58,31.98,1
1746815112.038446,-2.0,-0.3,-0.73,-22.71,-22.17,12.23,-0.07,0.43,0.44,45.72,4.34,40.66,1
1746815112.053299,-2.0,-0.17,-0.75,-32.91,-26.5,8.83,-0.15,0.52,0.51,58.11,-2.68,47.02,1
1746815112.064809,-2.0,-0.21,-0.83,-44.53,-13.54,-8.89,-0.02,0.53,0.33,70.8,13.21,55.76,1
1746815112.081776,-2.0,-0.38,-0.77,-29.31,-14.24,1.47,-0.11,0.58,0.37,76.79,11.59,70.42,1
1746815112.09796,-2.0,-0.28,-0.67,-20.6,-22.39,9.23,-0.19,0.62,0.38,84.04,13.25,83.18,1
1746815112.119231,-2.0,-0.32,-0.71,-6.35,-25.1,19.45,-0.25,0.75,0.42,77.11,-2.37,90.5,0
1746815112.134213,-2.0,-0.3,-0.69,4.06,-30.88,16.56,-0.15,0.69,0.2,88.82,9.51,102.76,0
1746815112.148478,-2.0,-0.32,-0.72,34.72,-33.05,20.21,-0.2,0.72,0.27,91.76,35.15,111.67,0
1746815112.164443,-2.0,-0.23,-0.71,30.92,-28.21,12.56,-0.17,0.7,0.23,90.4,63.46,115.61,0
1746815112.172331,-2.0,-0.24,-0.71,30.9,-23.89,16.47,-0.22,0.73,0.27,73.6,71.46,112.87,0
1746815112.18988,-2.0,-0.25,-0.74,11.68,-14.09,12.08,-0.19,0.72,0.21,53.56,77.8,111.05,0
1746815112.20259,-2.0,-0.24,-0.68,11.66,-15.94,17.73,-0.3,0.54,0.24,59.85,78.28,115.96,0
1746815112.214739,-2.0,-0.29,-0.66,6.9,-24.89,18.31,-0.24,0.47,0.14,76.11,75.28,116.08,0
1746815112.231583,-2.0,-0.3,-0.62,3.47,-59.72,22.76,-0.14,0.46,0.16,81.76,91.18,107.29,0
1746815112.248298,-2.0,-0.31,-0.68,-15.45,-2.81,11.48,-0.11,0.61,0.16,68.18,115.82,94.43,0
1746815112.265201,-2.0,-0.22,-0.42,-21.12,-117.47,29.16,-0.13,0.55,0.12,63.93,132.5,88.89,0
1746815112.28242,-2.0,-0.27,-0.98,-19.38,-14.44,7.73,-0.22,0.51,0.09,54.24,141.79,71.47,0
1746815112.298519,-2.0,-0.23,-0.5,-9.07,-103.38,14.51,-0.18,0.19,-0.1,56.49,169.67,57.58,0
1746815112.314652,-2.0,-0.29,-0.66,8.53,-153.68,38.4,-0.27,0.26,-0.03,77.58,145.16,54.95,0
1746815112.32396,-2.0,-0.01,-0.83,-33.05,-26.54,3.77,-0.28,0.36,0.05,68.26,144.07,48.31,0
1746815112.340111,-2.0,-0.29,-0.6,-10.81,-158.97,16.44,-0.12,0.47,-0.06,59.86,148.86,40.9,0
1746815112.352848,-2.0,-0.51,-0.49,35.82,-166.82,53.59,-0.13,0.49,-0.05,68.07,151.63,24.76,0
1746815112.364905,-2.0,-0.44,-0.83,51.82,-31.97,34.2,-0.31,0.42,-0.06,74.63,153.26,9.07,0
1746815112.382473,-2.0,-0.32,-0.85,-14.69,97.85,-31.75,-0.3,0.46,0.09,88.21,179.5,-6.98,0
1746815112.398265,-2.0,-0.36,-0.62,-15.18,24.98,-9.21,-0.32,0.58,0.17,43.66,187.26,-36.55,0
1746815112.419302,-2.0,-0.38,-1.15,-7.28,181.2,-31.47,-0.45,0.53,0.19,7.21,178.73,-52.31,0
1746815112.432053,-2.0,-0.31,-0.69,-15.54,236.46,-59.47,-0.61,0.35,0.18,12.87,179.44,-65.94,0
1746815112.450998,-2.0,-0.37,-0.82,22.15,250.13,-53.63,-0.6,0.48,0.16,14.26,164.76,-72.5,0
1746815112.465094,-2.0,-0.12,-0.29,-9.63,8.51,-15.05,-0.64,0.55,0.24,12.95,161.76,-81.57,0
1746815112.473003,-2.0,-0.34,-0.82,-2.64,26.61,7.49,-0.74,0.59,0.31,37.54,175.94,-89.89,0
1746815112.490062,-2.0,-0.33,-0.74,-21.74,12.92,10.92,-0.78,0.73,0.42,29.62,176.92,-101.9,0
1746815112.502589,-2.0,-0.37,-0.74,-21.89,-16.56,23.89,-0.89,0.62,0.43,20.2,165.47,-104.19,0
1746815112.515154,-2.0,-0.39,-0.74,-6.6,-2.69,22.76,-0.97,0.6,0.51,17.08,142.07,-112.7,0
1746815112.530898,-2.0,-0.39,-0.72,3.56,-10.47,21.81,-0.99,0.45,0.42,64.29,119.35,-101.29,0
1746815112.55372,-2.0,-0.31,-0.72,2.92,-1.05,14.32,-0.98,0.53,0.37,112.98,107.79,-93.44,0
1746815112.569549,-2.0,-0.28,-0.67,-15.9,-9.8,8.68,-0.98,0.67,0.37,106.53,98.98,-105.25,0
1746815112.585111,-2.0,-0.35,-0.67,-25.79,-20.14,6.63,-1.08,0.66,0.4,102.85,100.85,-117.98,0
1746815112.598896,-2.0,-0.33,-0.79,-31.31,9.98,-4.56,-1.11,0.62,0.34,75.23,101.16,-131.52,0
1746815112.615064,-2.0,-0.28,-0.67,-35.53,-17.7,0.66,-1.26,0.48,0.31,91.83,90.93,-143.78,0
1746815112.622863,-2.0,-0.32,-0.43,-32.69,-96.23,16.72,-1.33,0.53,0.29,66.58,66.91,-142.42,0
1746815112.637094,-2.0,-0.35,-0.79,1.21,-120.79,33.24,-1.31,0.54,0.21,31.79,36.16,-155.24,0
1746815112.652596,-2.0,-0.37,-0.92,12.47,-6.28,14.66,-1.34,0.47,0.07,49.84,32.02,-165.03,0
1746815112.665251,-2.0,-0.32,-0.89,28.21,73.74,3.37,-1.3,0.92,0.07,36.09,18.56,-151.92,0
1746815112.68195,-2.0,-0.36,-0.84,42.78,134.71,-7.95,-1.39,0.71,-0.08,36.0,33.52,-169.68,0
1746815112.698428,-2.0,-0.39,-0.96,21.39,77.37,-12.21,-1.39,0.76,-0.1,35.02,28.98,-158.64,0
1746815112.715268,-2.0,-0.33,-0.78,-7.14,67.38,-19.3,-1.3,0.86,-0.18,43.22,52.32,-143.98,0
1746815112.732147,-2.0,-0.32,-0.71,-20.65,18.73,-6.64,-1.31,1.06,-0.03,35.24,86.5,-126.59,0
1746815112.750803,-2.0,-0.35,-0.72,-25.24,-8.49,4.56,-1.23,1.02,-0.09,20.44,111.05,-102.09,0
1746815112.765331,-2.0,-0.37,-0.73,-11.62,-8.45,10.09,-1.3,1.11,0.04,1.13,125.53,-74.84,0
1746815112.773558,-2.0,-0.37,-0.72,-5.06,3.41,8.69,-1.33,0.95,0.15,-8.49,111.97,-36.62,0
1746815112.790524,-2.0,-0.35,-0.69,-4.3,9.21,4.86,-1.28,0.66,0.09,-6.21,83.13,0.34,0
1746815112.802155,-2.0,-0.34,-0.66,-5.72,-5.73,5.54,-1.25,0.23,0.14,17.95,57.64,19.17,0
1746815112.815671,-2.0,-0.32,-0.75,-1.7,-38.99,15.31,-1.17,-0.02,0.33,77.6,31.86,30.81,0
1746815112.832176,-2.0,-0.33,-0.67,17.75,-49.19,22.65,-1.11,-0.06,0.48,187.63,21.08,30.31,0
1746815112.848788,-2.0,-0.3,-0.71,13.55,-25.28,11.43,-1.09,0.6,0.32,184.15,6.19,18.43,0
1746815112.866122,-2.0,-0.22,-0.59,0.89,-43.49,12.11,-1.03,0.9,0.26,98.38,-38.43,13.68,0
1746815112.88361,-2.0,-0.21,-0.59,-10.97,-56.32,11.35,-0.86,0.73,-0.13,34.69,-29.83,3.44,0
1746815112.899187,-2.0,-0.37,-0.78,-15.85,-15.33,4.21,-0.8,0.71,-0.31,3.78,-1.9,-2.98,0
1746815112.915122,-2.0,-0.36,-0.98,-15.33,7.79,0.23,-0.86,0.63,-0.34,-21.11,12.11,-1.53,0
1746815112.924016,-2.0,-0.28,-0.56,-24.57,25.96,0.5,-0.89,0.53,-0.34,-48.4,20.65,-1.37,0
1746815112.940928,-2.0,-0.42,-0.97,-1.01,9.25,13.16,-0.93,0.42,-0.34,-53.19,21.05,1.08,0
1746815112.953064,-2.0,-0.38,-0.63,0.5,-5.38,19.8,-0.93,0.26,-0.36,-39.9,15.01,0.3,0
1746815112.965602,-2.0,-0.38,-0.66,5.88,0.82,19.76,-0.93,0.26,-0.39,-30.21,6.77,-0.19,0
1746815112.98227,-2.0,-0.38,-0.73,4.59,29.25,5.52,-0.91,0.27,-0.39,-23.94,3.22,2.34,0
1746815112.99892,-2.0,-0.48,-0.96,6.67,11.47,9.65,-0.85,0.2,-0.47,-14.73,7.5,-0.12,0
1746815113.015807,-2.0,-0.32,-0.71,0.15,5.89,2.22,-0.83,0.22,-0.5,-5.03,16.73,-2.06,0
1746815113.035256,-2.0,-0.33,-0.73,-6.47,8.5,-0.36,-0.86,0.27,-0.44,1.06,19.91,-4.3,0
1746815113.051314,-2.0,-0.27,-0.66,-2.86,-9.91,1.95,-0.88,0.29,-0.41,-0.84,25.93,-11.03,0
1746815113.065337,-2.0,-0.35,-0.74,-5.53,-7.5,-1.49,-0.92,0.31,-0.35,-11.02,16.35,-11.74,0
1746815113.073505,-2.0,-0.3,-0.56,-17.64,-39.45,1.66,-0.91,0.33,-0.33,-18.56,8.77,-11.01,0
1746815113.088493,-2.0,-0.32,-0.62,-24.9,-99.29,11.86,-0.91,0.33,-0.36,-19.02,1.88,-6.61,0
1746815113.103277,-2.0,-0.38,-0.86,-14.65,-49.64,10.68,-0.91,0.3,-0.36,-9.42,0.13,-1.02,0
1746815113.115521,-2.0,-0.37,-0.7,-9.13,-25.51,8.25,-0.92,0.31,-0.36,0.93,1.34,2.68,0
1746815113.13267,-2.0,-0.39,-0.78,-6.31,19.8,-3.01,-0.92,0.36,-0.34,2.47,1.73,3.27,0
1746815113.148963,-2.0,-0.35,-0.72,-3.53,18.04,-2.08,-0.93,0.34,-0.32,0.15,1.33,4.69,0
1746815113.166162,-2.0,-0.34,-0.79,-1.03,52.91,-7.29,-0.97,0.33,-0.29,-0.02,1.67,2.89,0
1746815113.184748,-2.0,-0.36,-0.64,-11.31,72.16,-12.99,-0.98,0.35,-0.22,-1.94,-7.89,0.76,0
1746815113.199484,-2.0,-0.37,-0.68,-17.56,79.04,-13.57,-0.95,0.38,-0.27,-19.26,-11.51,0.0,0
1746815113.215327,-2.0,-0.3,-0.51,-20.94,17.13,-4.52,-0.92,0.36,-0.3,-20.97,-13.33,1.19,0
1746815113.225594,-2.0,-0.29,-0.66,-32.19,-0.72,0.4,-0.93,0.15,-0.31,-22.44,-25.82,4.66,0
1746815113.238105,-2.0,-0.37,-0.64,-18.54,0.92,3.88,-0.93,0.31,-0.36,0.09,5.08,0.87,0
1746815113.252864,-2.0,-0.3,-0.65,-17.97,4.38,-1.92,-0.89,0.27,-0.39,-7.43,-3.0,1.82,0
1746815113.265729,-2.0,-0.27,-0.62,-19.81,-4.34,-1.84,-1.01,0.29,-0.16,-9.6,0.43,-0.77,0
1746815113.282129,-2.0,-0.25,-0.62,-36.2,-13.37,-2.79,-0.96,0.36,-0.25,-21.5,-1.98,-2.14,0
1746815113.298905,-2.0,-0.29,-0.76,-38.21,-13.84,-2.33,-0.95,0.33,-0.29,-23.61,3.52,-4.76,0
1746815113.319178,-2.0,-0.29,-0.79,-33.48,-6.6,-6.82,-0.88,0.31,-0.32,-21.75,4.39,-4.06,1
1746815113.332296,-2.0,-0.26,-0.74,-32.79,13.98,-10.27,-0.94,0.4,-0.31,-27.37,2.59,-3.12,1
1746815113.348982,-2.0,-0.28,-0.86,-16.01,43.51,-8.89,-0.93,0.36,-0.27,-31.96,-5.3,-0.9,1
1746815113.357123,-2.0,-0.28,-0.77,-31.04,91.67,-22.79,-0.95,0.41,-0.23,-38.41,-14.86,3.11,1
1746815113.373414,-2.0,-0.3,-0.77,-19.48,25.67,-6.9,-0.95,0.42,-0.23,-42.67,-24.28,11.18,1
1746815113.387668,-2.0,-0.25,-0.7,-11.86,1.85,7.01,-0.97,0.5,-0.2,-42.53,-34.45,23.67,1
1746815113.399227,-2.0,-0.24,-0.7,-8.08,-4.64,17.44,-0.99,0.53,-0.18,-40.6,-49.91,38.44,1
1746815113.416356,-2.0,-0.28,-0.72,-5.23,-5.27,19.8,-0.98,0.57,-0.19,-23.67,-49.85,46.76,1
1746815113.432543,-2.0,-0.28,-0.73,5.62,-2.6,20.5,-0.96,0.59,-0.22,-16.55,-45.18,50.1,1
1746815113.452198,-2.0,-0.26,-0.74,7.83,2.13,14.18,-0.96,0.69,-0.24,-7.7,-35.18,54.49,1
1746815113.465607,-2.0,-0.26,-0.76,15.72,8.36,8.53,-0.96,0.85,-0.29,-12.69,-21.7,56.35,1
1746815113.482783,-2.0,-0.27,-0.7,14.22,6.26,6.44,-1.01,1.04,-0.26,-41.63,-17.27,63.85,1
1746815113.500017,-2.0,-0.3,-0.74,6.77,8.37,5.53,-1.03,1.1,-0.25,-78.44,-22.11,75.41,1
1746815113.515619,-2.0,-0.33,-0.73,0.5,12.17,5.79,-1.03,1.08,-0.32,-90.47,-25.92,91.67,1
1746815113.524907,-2.0,-0.29,-0.72,-8.02,13.04,5.62,-1.03,1.09,-0.36,-87.88,-28.19,112.49,1
1746815113.538941,-2.0,-0.28,-0.73,-5.92,0.34,10.04,-1.04,1.15,-0.44,-72.88,-12.54,126.23,1
1746815113.553005,-2.0,-0.26,-0.72,-10.55,1.1,8.47,-1.03,1.26,-0.49,-77.9,-2.6,146.02,1
1746815113.566171,-2.0,-0.3,-0.73,-11.11,0.08,10.0,-1.07,1.4,-0.51,-94.14,10.01,162.73,1
1746815113.583061,-2.0,-0.32,-0.74,-8.96,2.18,11.89,-1.08,1.44,-0.53,-124.97,27.24,176.28,1
1746815113.599346,-2.0,-0.32,-0.71,-0.3,-2.76,16.95,-1.1,1.31,-0.52,-155.02,17.69,204.94,1
1746815113.616282,-2.0,-0.33,-0.7,20.93,-10.1,24.14,-1.23,1.32,-0.41,-190.14,63.08,209.95,1
1746815113.635004,-2.0,-0.32,-0.71,28.44,-9.95,25.88,-1.26,1.17,-0.37,-139.43,92.26,221.76,1
1746815113.649598,-2.0,-0.33,-0.72,29.13,-7.98,24.93,-1.05,1.22,-0.62,-128.61,45.51,238.05,1
1746815113.665659,-2.0,-0.36,-0.73,24.82,-9.21,24.32,-1.11,1.27,-0.51,-134.43,104.02,240.32,1
1746815113.674622,-2.0,-0.37,-0.75,17.67,-12.39,23.63,-1.23,1.24,-0.37,-142.89,91.26,236.34,1
1746815113.691437,-2.0,-0.39,-0.72,15.81,-18.89,24.33,-1.05,1.22,-0.57,-168.11,73.67,242.79,1
1746815113.702978,-2.0,-0.37,-0.69,12.78,-20.81,24.22,-1.05,0.98,-0.52,-175.9,120.24,249.09,1
1746815113.716931,-2.0,-0.4,-0.75,5.49,-8.44,17.59,-1.07,0.77,-0.45,-165.63,82.21,250.13,1
1746815113.73995,-2.0,-0.44,-0.71,-3.94,-15.16,14.08,-0.96,0.66,-0.4,-151.32,62.15,250.13,1
1746815113.754027,-2.0,-0.43,-0.7,-5.11,-3.48,8.15,-0.86,0.68,-0.32,-157.56,44.0,238.98,1
1746815113.757285,-2.0,-0.34,-0.53,-6.7,-24.53,10.29,-0.78,0.62,-0.27,-172.3,65.92,223.32,1
1746815113.783024,-2.0,-0.27,-0.88,-7.73,22.95,2.98,-0.82,0.67,-0.19,-189.44,82.74,205.19,1
1746815113.800014,-2.0,-0.42,-0.52,-7.24,-26.21,7.19,-0.83,0.46,-0.19,-217.29,51.87,189.1,1
1746815113.807582,-2.0,-0.43,-0.74,-12.63,11.38,-4.83,-0.45,0.31,-0.38,-227.05,85.31,176.89,1
1746815113.824055,-2.0,-0.28,-0.85,-13.5,-4.21,1.47,-0.66,0.29,-0.01,-250.14,8.91,163.34,1
1746815113.839105,-2.0,-0.28,-0.59,-28.35,-4.79,-1.11,-0.58,0.03,-0.02,-234.45,45.99,147.84,1
1746815113.85263,-2.0,-0.34,-0.75,-7.5,-9.08,5.48,-0.48,-0.18,0.04,-194.36,31.63,134.69,1
1746815113.866235,-2.0,-0.31,-0.69,-6.21,6.34,2.63,-0.46,-0.28,0.22,-145.31,4.21,121.85,1
1746815113.88293,-2.0,-0.34,-0.78,-3.99,22.92,0.03,-0.41,-0.24,0.23,-95.29,-3.49,111.51,1
1746815113.899772,-2.0,-0.33,-0.76,2.47,31.5,0.77,-0.37,-0.07,0.3,-89.36,-5.24,88.6,1
1746815113.916054,-2.0,-0.34,-0.66,2.56,22.09,0.97,-0.38,-0.02,0.42,-105.21,-31.2,71.09,1
1746815113.933005,-2.0,-0.35,-0.68,2.76,9.27,4.11,-0.36,-0.01,0.48,-117.28,1.39,41.56,1
1746815113.949111,-2.0,-0.36,-0.68,0.02,6.24,2.37,-0.38,-0.11,0.59,-124.71,-5.93,18.63,1
1746815113.955041,-2.0,-0.33,-0.64,0.26,-5.02,4.27,-0.4,-0.22,0.66,-108.75,-10.77,-8.94,1
1746815113.973825,-2.0,-0.35,-0.71,-4.47,0.37,2.47,-0.35,-0.21,0.7,-86.05,-12.41,-29.21,1
1746815113.987976,-2.0,-0.35,-0.63,-7.88,3.68,0.71,-0.39,-0.25,0.83,-42.94,-25.29,-46.34,1
1746815114.003136,-2.0,-0.31,-0.62,-8.73,-5.39,4.63,-0.35,-0.2,0.8,-17.82,-11.15,-63.18,1
1746815114.016465,-2.0,-0.27,-0.73,-20.31,2.56,-0.42,-0.53,-0.1,0.98,-31.07,-29.4,-93.55,1
1746815114.032863,-2.0,-0.3,-0.68,-19.89,-17.24,2.13,-0.62,0.02,1.02,-36.66,-40.16,-120.54,1
1746815114.049872,-2.0,-0.27,-0.7,-25.89,7.94,-8.0,-0.79,0.13,1.09,-78.76,-75.95,-144.09,1
1746815114.068688,-2.0,-0.29,-0.72,-21.92,6.44,-10.65,-0.74,0.11,1.05,-103.18,-96.59,-163.24,1
1746815114.086207,-2.0,-0.3,-0.73,-18.29,18.79,-13.62,-0.69,0.04,1.0,-99.66,-98.58,-181.02,1
1746815114.100056,-2.0,-0.28,-0.77,-26.4,37.4,-17.69,-0.72,0.05,1.01,-75.71,-93.73,-198.96,1
1746815114.108636,-2.0,-0.3,-0.71,-32.32,40.35,-17.48,-0.75,0.08,1.0,-44.75,-96.08,-207.31,1
1746815114.124722,-2.0,-0.27,-0.57,-36.36,16.67,-12.05,-0.77,0.35,0.95,-28.33,-102.09,-211.97,1
1746815114.138145,-2.0,-0.28,-0.69,-32.0,16.21,-6.83,-0.7,0.63,0.89,-47.08,-110.11,-226.03,1
1746815114.153197,-2.0,-0.27,-0.68,-30.73,13.43,-4.54,-0.63,0.67,0.82,-82.15,-112.6,-235.01,1
1746815114.166739,-2.0,-0.24,-0.7,-23.36,1.69,3.08,-0.55,0.52,0.76,-98.99,-107.69,-238.14,1
1746815114.182955,-2.0,-0.28,-0.71,-28.0,5.41,-3.58,-0.47,0.36,0.72,-91.9,-87.02,-244.67,1
1746815114.200231,-2.0,-0.29,-0.72,-17.11,-7.57,4.56,-0.48,0.27,0.7,-66.38,-70.34,-245.61,1
1746815114.216829,-2.0,-0.29,-0.76,-18.96,3.73,-3.29,-0.54,0.43,0.65,-36.67,-56.37,-249.14,1
1746815114.235507,-2.0,-0.33,-0.75,-15.96,-5.06,-3.56,-0.62,0.68,0.69,-39.4,-64.38,-250.14,1
1746815114.249648,-2.0,-0.32,-0.72,-18.45,-22.92,-0.81,-0.6,0.76,0.7,-58.76,-69.26,-250.14,1
1746815114.25865,-2.0,-0.43,-0.74,-15.18,-13.65,-8.03,-0.37,0.7,0.57,-79.81,-57.82,-247.38,1
1746815114.274893,-2.0,-0.26,-0.85,-17.53,9.33,-11.6,-0.46,0.55,0.67,-86.76,-56.16,-242.23,1
1746815114.288328,-2.0,-0.19,-0.78,-14.44,3.26,-13.1,-0.33,0.46,0.54,-75.98,-58.88,-234.31,1
1746815114.29991,-2.0,-0.3,-0.74,-9.11,2.34,-13.86,-0.4,0.33,0.63,-51.79,-61.39,-228.99,1
1746815114.316668,-2.0,-0.31,-0.78,-1.8,-0.99,-8.21,-0.42,0.23,0.62,-39.45,-51.47,-220.2,1
1746815114.333285,-2.0,-0.31,-0.73,-3.37,-7.03,-5.24,-0.37,0.38,0.65,-46.95,-40.41,-217.5,1
1746815114.35001,-2.0,-0.22,-0.75,-12.39,5.82,-9.42,-0.48,0.31,0.69,-59.21,-7.72,-225.21,1
1746815114.366995,-2.0,-0.3,-0.72,-0.06,-11.37,5.88,-0.64,0.3,0.74,-51.92,0.57,-230.52,1
1746815114.3857,-2.0,-0.28,-0.82,4.47,24.12,0.8,-0.74,0.25,0.75,-23.89,8.22,-234.69,1
1746815114.400255,-2.0,-0.31,-0.7,2.95,0.08,12.56,-0.9,0.33,0.81,5.73,-21.19,-239.35,1
1746815114.409199,-2.0,-0.33,-0.69,2.48,-14.64,19.16,-0.92,0.43,0.79,40.18,-23.66,-245.73,1
1746815114.424665,-2.0,-0.37,-0.72,-4.63,-11.9,14.99,-0.9,0.52,0.64,62.08,-51.36,-247.35,1
1746815114.437738,-2.0,-0.34,-0.74,-7.92,-7.44,7.02,-0.89,0.58,0.47,94.85,-66.79,-240.52,1
1746815114.449819,-2.0,-0.32,-0.7,15.49,-32.15,18.47,-0.78,0.66,0.29,131.27,-78.32,-228.5,1
1746815114.467027,-2.0,-0.37,-0.58,25.56,-67.27,23.51,-0.64,0.8,0.17,172.46,-68.05,-206.77,1
1746815114.487301,-2.0,-0.33,-0.87,21.89,-61.87,20.63,-0.53,1.03,0.12,184.86,-80.52,-172.08,1
1746815114.500293,-2.0,-0.35,-0.84,-18.61,-9.21,-7.92,-0.39,1.28,0.17,156.08,-77.99,-134.48,1
1746815114.517666,-2.0,-0.29,-0.69,-22.47,-15.56,-8.76,-0.28,1.3,0.26,103.64,-63.31,-97.3,1
1746815114.533932,-2.0,-0.31,-0.62,-9.78,-99.35,12.21,-0.22,1.31,0.39,51.52,-51.27,-66.05,1
1746815114.549836,-2.0,-0.4,-1.0,33.38,-17.69,18.96,-0.11,1.13,0.39,17.11,-53.51,-44.27,1
1746815114.558827,-2.0,-0.39,-1.12,39.67,174.46,-23.18,-0.03,0.97,0.38,13.3,-33.84,-22.93,1
1746815114.575465,-2.0,-0.16,-0.19,-10.43,89.6,-41.08,-0.03,0.81,0.48,-0.76,-28.72,-17.29,1
1746815114.587756,-2.0,-0.31,-0.54,-13.73,55.0,-26.63,-0.06,0.68,0.52,0.88,-23.82,-8.4,1
1746815114.603358,-2.0,-0.35,-0.72,3.15,32.58,-4.51,-0.0,0.61,0.51,0.82,-26.73,-2.45,1
1746815114.616651,-2.0,-0.33,-0.69,-11.51,49.07,-7.39,0.0,0.52,0.5,5.36,-19.08,4.39,1
1746815114.633527,-2.0,-0.3,-0.78,-59.4,35.57,-14.25,0.07,0.51,0.48,6.6,-4.99,5.55,1
1746815114.650119,-2.0,-0.37,-0.78,-81.72,14.21,-6.58,0.07,0.45,0.46,16.11,28.11,1.62,1
1746815114.667778,-2.0,-0.34,-0.7,-34.95,-1.43,18.87,-0.01,0.46,0.6,-8.72,3.44,3.9,1
1746815114.684253,-2.0,-0.38,-0.77,-25.76,7.08,19.29,0.03,0.41,0.61,-14.61,6.19,0.4,1
1746815114.70037,-2.0,-0.36,-0.75,-58.71,7.6,6.95,0.0,0.34,0.63,-17.82,2.02,-2.75,1
1746815114.708875,-2.0,-0.36,-0.69,-68.06,-24.38,11.93,-0.01,0.31,0.61,-6.4,8.14,-0.95,1
1746815114.725152,-2.0,-0.36,-0.73,-33.15,-34.34,19.99,0.06,0.37,0.54,7.09,22.13,-1.56,1
1746815114.74373,-2.0,-0.73,-0.99,13.12,-41.24,35.27,-0.04,0.52,0.61,9.27,26.03,-0.78,1
1746815114.758365,-2.0,-0.38,-1.06,-7.14,68.19,-8.49,0.05,0.27,0.6,2.33,15.7,-8.34,1
1746815114.773831,-2.0,-0.31,-0.65,29.96,-24.4,34.45,-0.08,0.52,0.65,-30.8,-3.67,-1.76,1
1746815114.783296,-2.0,-0.31,-0.85,-18.52,23.09,-2.5,-0.1,0.46,0.56,-25.99,27.11,3.43,1
1746815114.800532,-2.0,-0.27,-0.74,-24.98,18.25,-2.21,-0.08,0.33,0.64,-28.32,34.99,8.27,1
1746815114.817538,-2.0,-0.33,-0.77,-29.03,-23.53,9.9,-0.09,0.36,0.74,-13.82,38.08,9.21,1
1746815114.834226,-2.0,-0.29,-0.86,-37.3,25.4,-22.17,-0.01,0.37,0.65,-4.64,49.28,4.05,1
1746815114.850498,-2.0,-0.25,-0.84,-35.06,31.74,-33.13,-0.49,0.24,0.97,2.46,-12.3,3.08,1
1746815114.859756,-2.0,-0.22,-0.81,0.53,20.08,-9.29,0.03,0.39,0.57,11.47,16.83,17.91,1
1746815114.871946,-2.0,-0.37,-0.86,25.26,59.35,-16.4,-0.14,0.39,0.66,4.52,-12.86,21.26,1
1746815114.886478,-2.0,-0.27,-0.59,21.77,2.84,9.27,-0.07,0.38,0.57,2.78,-17.8,21.08,1
1746815114.900676,-2.0,-0.24,-0.77,23.43,26.13,11.4,0.02,0.39,0.5,8.1,7.53,20.62,1
1746815114.916919,-2.0,-0.32,-0.74,11.66,-29.65,35.1,-0.07,0.44,0.6,1.08,17.46,21.6,1
1746815114.933866,-2.0,-0.22,-0.76,-16.94,-32.81,25.87,-0.08,0.41,0.6,-6.63,17.3,22.24,1
1746815114.950429,-2.0,-0.1,-0.62,-7.47,-47.58,28.18,-0.1,0.36,0.58,-3.66,17.29,24.34,1
1746815114.971204,-2.0,-0.33,-0.77,33.21,-14.08,27.27,-0.12,0.39,0.56,3.14,5.73,26.72,0
1746815114.984492,-2.0,-0.29,-0.77,18.11,7.08,14.17,-0.12,0.45,0.48,20.23,12.06,34.18,0
1746815115.000285,-2.0,-0.2,-0.66,-20.35,-7.11,-0.43,-0.12,0.52,0.47,36.02,10.92,44.01,0
1746815115.003113,-2.0,-0.28,-0.7,-11.27,-22.78,6.73,-0.16,0.61,0.46,43.06,15.87,54.62,0
1746815115.03664,-2.0,-0.25,-0.77,3.66,-10.6,3.92,-0.25,0.71,0.5,28.82,6.05,66.5,0
1746815115.03664,-2.0,-0.23,-0.75,7.0,-9.71,0.15,-0.22,0.66,0.36,22.44,16.08,74.36,0
1746815115.050508,-2.0,-0.19,-0.78,24.18,9.59,-4.35,-0.18,0.63,0.32,23.94,20.3,83.76,0
1746815115.067133,-2.0,-0.18,-0.69,12.78,2.62,-3.11,-0.15,0.71,0.23,26.27,28.18,97.13,0
1746815115.083871,-2.0,-0.23,-0.75,1.56,-2.23,1.91,-0.21,0.78,0.2,27.98,61.27,104.08,0
1746815115.101072,-2.0,-0.23,-0.71,-11.58,-20.32,5.69,-0.23,0.86,0.2,-3.41,79.42,118.76,0
1746815115.117155,-2.0,-0.2,-0.72,-3.73,-18.31,14.59,-0.2,0.84,0.06,-19.41,101.06,122.85,0
1746815115.135833,-2.0,-0.3,-0.78,-4.24,-1.18,11.24,-0.42,0.65,0.23,-27.26,119.18,126.79,0
1746815115.150202,-2.0,-0.3,-0.86,-10.15,13.34,3.19,-0.48,0.48,0.09,-7.29,141.95,129.6,0
1746815115.159544,-2.0,-0.12,-0.59,-4.76,-134.08,33.31,-0.47,0.43,0.03,5.67,156.47,131.22,0
1746815115.172969,-2.0,-0.37,-1.05,-23.39,-136.06,27.4,-0.38,0.45,0.02,3.93,150.06,131.47,0
1746815115.18849,-2.0,-0.29,-0.5,-26.83,-152.35,34.4,-0.47,0.43,0.18,13.84,150.25,131.73,0
1746815115.200845,-2.0,-0.2,-0.74,13.89,-139.88,40.41,-0.43,0.36,0.12,24.24,171.24,128.3,0
1746815115.217562,-2.0,-0.44,-0.76,45.6,-182.52,55.3,-0.39,0.32,0.17,34.69,203.54,117.88,0
1746815115.233929,-2.0,-0.31,-0.79,21.69,-58.23,22.03,-0.42,0.35,0.37,18.13,222.98,97.45,0
1746815115.251245,-2.0,-0.24,-0.65,24.26,-19.95,16.63,-0.44,0.24,0.39,10.68,229.21,82.14,0
1746815115.267537,-2.0,-0.22,-0.8,17.1,66.85,-0.4,-0.53,0.12,0.43,9.26,213.8,61.45,0
1746815115.284374,-2.0,-0.33,-0.51,-9.08,29.73,-7.26,-0.55,-0.12,0.39,17.43,196.66,54.62,0
1746815115.300726,-2.0,-0.35,-1.19,-12.35,238.85,-51.7,-0.45,-0.04,0.35,67.34,162.25,56.91,0
1746815115.309825,-2.0,-0.3,-0.62,-8.21,250.13,-63.32,-0.51,-0.04,0.29,102.76,142.97,54.68,0
1746815115.323253,-2.0,-0.21,0.82,-0.87,117.54,-54.8,-0.53,0.04,0.31,146.47,141.05,44.65,0
1746815115.337684,-2.0,-0.31,-0.92,-13.42,46.8,-27.65,-0.47,0.27,0.33,139.17,151.29,24.57,0
1746815115.350893,-2.0,-0.19,-0.72,-26.94,-28.03,1.34,-0.55,0.33,0.36,114.63,147.76,-3.81,0
1746815115.367615,-2.0,-0.15,-0.72,-51.09,-37.62,8.72,-0.58,0.3,0.29,89.78,135.0,-23.47,0
1746815115.384017,-2.0,-0.25,-0.73,-34.39,-20.28,21.95,-0.72,0.4,0.37,83.16,122.6,-37.36,0
1746815115.401127,-2.0,-0.42,-0.78,-27.36,-15.13,22.6,-0.82,0.5,0.28,87.93,115.24,-50.76,0
1746815115.419885,-2.0,-0.56,-0.81,7.42,-30.05,42.95,-0.87,0.61,0.26,101.61,114.0,-56.6,0
1746815115.434444,-2.0,-0.36,-0.71,-15.64,-31.89,24.18,-0.89,0.73,0.25,95.95,113.88,-56.77,0
1746815115.451013,-2.0,-0.35,-0.64,-6.93,-53.78,25.18,-0.94,0.8,0.26,63.3,111.89,-74.63,0
1746815115.459877,-2.0,-0.26,-0.59,-2.56,-88.97,29.06,-0.95,0.73,0.26,54.61,109.75,-76.67,0
1746815115.472882,-2.0,-0.33,-0.76,11.08,-78.58,26.48,-1.02,0.63,0.28,65.56,104.34,-75.69,0
1746815115.487404,-2.0,-0.26,-0.77,-2.62,-57.92,11.17,-1.01,0.59,0.22,93.74,107.28,-76.92,0
1746815115.501316,-2.0,-0.29,-0.74,-16.24,-48.61,8.21,-1.07,0.66,0.32,99.82,95.82,-75.4,0
1746815115.52431,-2.0,-0.37,-0.77,-16.87,-26.36,9.99,-1.16,0.48,0.39,103.09,70.71,-88.28,0
1746815115.533977,-2.0,-0.27,-0.67,-27.11,39.69,-11.37,-1.05,0.67,0.23,106.03,77.29,-97.76,0
1746815115.551198,-2.0,-0.2,-0.55,-31.88,78.84,-27.01,-1.13,0.49,0.18,107.68,76.76,-113.76,0
1746815115.571182,-2.0,-0.18,-0.63,-26.47,97.08,-28.97,-1.18,0.6,0.3,97.02,66.64,-113.7,0
1746815115.584711,-2.0,-0.24,-0.69,-35.66,41.31,-15.73,-1.3,0.52,0.33,110.88,59.46,-122.57,0
1746815115.600818,-2.0,-0.22,-0.76,-48.82,20.44,-8.0,-1.32,0.45,0.19,111.56,38.53,-127.78,0
1746815115.609622,-2.0,-0.37,-0.69,-37.51,0.03,4.34,-1.4,0.56,0.26,119.9,16.01,-125.44,0
1746815115.623444,-2.0,-0.31,-0.64,-8.9,10.46,-1.08,-1.37,0.53,0.06,136.1,-2.51,-121.93,0
1746815115.637577,-2.0,-0.41,-0.61,9.85,-3.38,-1.3,-1.36,0.61,-0.01,147.76,13.1,-132.07,0
1746815115.65167,-2.0,-0.36,-0.65,23.54,-35.03,8.34,-1.32,0.73,-0.1,152.41,23.82,-127.35,0
1746815115.674748,-2.0,-0.28,-0.73,24.78,-45.85,10.99,-1.27,0.87,-0.17,142.67,24.05,-111.78,0
1746815115.683854,-2.0,-0.21,-0.74,16.52,-35.31,10.11,-1.24,0.95,-0.16,114.5,37.49,-99.09,0
1746815115.702436,-2.0,-0.21,-0.78,8.35,-14.36,10.24,-1.22,1.06,-0.13,74.1,52.07,-82.6,0
1746815115.72046,-2.0,-0.22,-0.75,-5.05,12.01,11.2,-1.21,1.08,-0.11,34.47,61.63,-68.47,0
1746815115.734866,-2.0,-0.39,-0.7,-12.94,3.5,21.08,-1.45,1.09,0.14,15.74,45.24,-17.49,0
1746815115.750609,-2.0,-0.35,-0.75,-14.83,-3.1,27.15,-1.38,1.07,0.33,-12.19,-7.11,18.38,0
1746815115.760934,-2.0,-0.27,-0.55,-15.2,-21.89,30.67,-1.17,0.78,0.11,-11.66,-43.47,31.96,0
1746815115.772364,-2.0,-0.11,-0.52,-12.07,-8.69,23.44,-1.0,0.78,-0.12,-7.89,-23.6,36.95,0
1746815115.784724,-2.0,0.0,-0.48,-6.0,44.97,14.35,-0.98,0.53,-0.16,5.98,-13.06,41.83,0
1746815115.801221,-2.0,-0.2,-0.66,-2.7,51.81,0.76,-0.94,0.24,-0.28,11.73,0.66,33.48,0
1746815115.818042,-2.0,-0.25,-0.65,-15.21,72.05,-9.17,-0.86,0.38,-0.37,7.9,16.49,26.77,0
1746815115.834453,-2.0,-0.32,-0.66,1.48,15.37,9.85,-1.07,0.45,0.03,-10.91,-19.57,18.62,0
1746815115.852116,-2.0,-0.31,-0.66,-10.3,8.41,-2.24,-0.67,0.44,-0.31,-18.74,38.3,14.18,0
1746815115.8705,-2.0,-0.24,-0.7,0.62,-13.38,3.78,-0.91,0.34,-0.21,-3.05,-11.18,18.69,0
1746815115.884578,-2.0,-0.34,-0.67,-4.89,-22.1,3.6,-0.95,0.38,-0.14,-104.02,-41.56,-4.02,0
1746815115.893479,-2.0,-0.18,-0.78,1.18,-7.15,11.58,-1.2,0.41,0.17,-6.02,9.78,11.28,0
1746815115.90961,-2.0,-0.12,-0.6,-15.39,-0.07,-7.92,-0.54,0.31,-0.58,9.55,-4.92,15.44,0
1746815115.923855,-2.0,-0.37,-0.68,6.08,-41.8,6.72,-0.81,0.28,-0.33,-17.92,-16.65,9.13,0
1746815115.93811,-2.0,-0.4,-0.65,7.85,-56.18,18.23,-0.85,0.35,-0.27,-17.27,-6.03,8.29,0
1746815115.951543,-2.0,-0.31,-0.74,8.37,-13.91,7.89,-0.87,0.35,-0.34,-26.87,-17.36,4.43,0
1746815115.96805,-2.0,-0.29,-0.44,8.06,-103.27,22.12,-0.88,0.32,-0.31,-21.28,-9.43,0.63,0
1746815115.984537,-2.0,-0.2,-0.94,21.76,-44.87,9.39,-0.83,0.47,-0.27,-31.82,-11.61,-2.25,0
1746815116.001764,-2.0,-0.18,-0.69,4.44,-50.35,-5.6,-1.28,0.33,0.12,4.82,-30.24,-5.56,0
1746815116.018273,-2.0,-0.34,-0.95,-12.98,75.9,-35.27,-0.96,0.37,-0.21,-13.7,15.09,-0.15,0
1746815116.036318,-2.0,-0.25,-0.67,-19.08,72.68,-32.82,-0.89,0.38,-0.31,-12.46,-5.56,-0.92,0
1746815116.043111,-2.0,-0.31,-0.7,-27.64,74.23,-26.67,-0.87,0.5,-0.34,-54.57,-9.25,-4.93,0
1746815116.060544,-2.0,-0.37,-0.52,-32.63,45.01,-23.1,-0.8,0.37,-0.42,-29.98,40.27,1.03,0
1746815116.073039,-2.0,-0.46,-0.71,-12.21,12.1,-0.9,-0.8,0.36,-0.41,-7.23,-0.77,1.79,0
1746815116.084924,-2.0,-0.2,-0.55,-25.35,63.19,-13.73,-0.96,0.34,-0.19,34.18,-44.87,10.19,0
1746815116.10162,-2.0,-0.23,-0.76,-18.78,28.91,-7.8,-0.89,0.48,-0.22,-4.86,20.9,9.96,0
1746815116.118029,-2.0,-0.19,-0.64,-42.37,7.17,-23.37,-0.86,0.37,-0.37,-27.43,-12.92,4.12,0
1746815116.135208,-2.0,-0.29,-0.61,-10.41,-19.91,-11.02,-1.0,0.31,-0.24,-17.17,5.47,-0.19,0
1746815116.151355,-2.0,-0.23,-0.74,-3.63,-16.15,2.48,-0.88,0.36,-0.31,-29.34,-11.41,-7.88,0
1746815116.168307,-2.0,-0.24,-0.71,-16.89,2.86,-1.72,-0.99,0.28,-0.22,-14.0,12.68,1.73,0
1746815116.185,-2.0,-0.25,-0.69,-13.44,-9.02,12.73,-0.85,0.24,-0.39,-9.06,6.1,-2.31,0
1746815116.192334,-2.0,-0.18,-0.71,-32.77,24.82,-5.24,-0.8,0.37,-0.32,-31.93,9.47,-0.65,0
1746815116.20995,-2.0,-0.18,-0.62,-22.69,2.69,4.68,-0.93,0.34,-0.23,-39.5,-0.27,-12.49,0
1746815116.229789,-2.0,-0.22,-0.68,-20.1,2.3,3.78,-0.94,0.35,-0.22,-35.92,18.28,-14.92,0
1746815116.244572,-2.0,-0.26,-0.72,-21.88,-4.7,3.65,-0.93,0.34,-0.27,-39.73,19.02,-21.52,0
1746815116.256678,-2.0,-0.27,-0.69,-20.32,2.4,-1.0,-0.91,0.34,-0.35,-45.6,34.25,-25.18,0
1746815116.268211,-2.0,-0.27,-0.67,-27.14,0.01,-8.52,-0.79,0.36,-0.42,-56.52,63.26,-23.72,0
1746815116.284448,-2.0,-0.28,-0.73,-12.73,-0.73,-6.44,-0.87,0.4,-0.34,-72.98,65.43,-21.71,0
1746815116.301694,-2.0,-0.25,-0.76,-6.15,4.57,-5.63,-0.9,0.34,-0.27,-75.52,86.19,-22.95,0
1746815116.319837,-2.0,-0.23,-0.74,-17.76,9.91,-10.63,-0.97,0.33,-0.19,-81.83,70.25,-25.4,0
1746815116.335027,-2.0,-0.29,-0.75,-15.21,10.52,-8.73,-1.01,0.34,-0.1,-72.64,63.77,-27.12,0
1746815116.344684,-2.0,-0.26,-0.76,-18.4,22.24,-11.38,-0.97,0.34,-0.15,-65.27,48.05,-19.78,0
1746815116.360078,-2.0,-0.26,-0.77,-13.1,27.73,-12.03,-0.94,0.35,-0.22,-58.4,67.93,-10.64,0
1746815116.373065,-2.0,-0.25,-0.79,-19.14,28.62,-14.23,-0.96,0.37,-0.14,-42.27,15.81,-8.22,0
1746815116.385685,-2.0,-0.25,-0.78,-21.84,22.69,-12.45,-0.92,0.36,-0.18,-33.89,12.11,-5.44,0
1746815116.408556,-2.0,-0.31,-0.77,-15.59,26.98,-9.33,-0.93,0.43,-0.16,-22.19,-12.84,-2.33,0
1746815116.418407,-2.0,-0.27,-0.77,-20.19,37.91,-14.37,-1.01,0.55,-0.08,-27.7,-5.02,-4.16,0
1746815116.43531,-2.0,-0.32,-0.77,-0.16,35.67,-6.56,-1.04,0.7,-0.03,-42.01,2.95,4.58,0
1746815116.451957,-2.0,-0.25,-0.71,4.99,15.8,6.94,-1.02,0.65,-0.12,-41.11,11.9,17.85,0
1746815116.472255,-2.0,-0.31,-0.8,1.01,7.69,16.02,-1.17,0.67,0.07,-55.05,-53.66,20.76,1
1746815116.484633,-2.0,-0.32,-0.72,5.87,9.1,14.14,-1.15,0.77,-0.04,-50.13,-54.2,34.82,1
1746815116.492596,-2.0,-0.39,-0.72,25.27,-18.13,26.87,-1.05,0.73,-0.2,-54.67,-34.76,47.56,1
1746815116.507081,-2.0,-0.33,-0.78,23.53,-2.15,14.05,-1.22,0.8,0.01,-35.19,-62.98,61.15,1
1746815116.522468,-2.0,-0.24,-0.75,19.42,-18.46,10.52,-1.02,0.88,-0.17,-36.47,-20.59,82.47,1
1746815116.53492,-2.0,-0.25,-0.8,15.4,-12.62,3.31,-1.17,0.95,-0.05,-5.21,-25.01,102.37,1
1746815116.556398,-2.0,-0.26,-0.74,13.16,-17.66,2.85,-1.15,1.11,-0.12,-9.19,-57.59,114.94,1
1746815116.568227,-2.0,-0.3,-0.75,10.76,-3.84,1.6,-1.15,1.24,-0.25,-66.21,-36.67,124.5,1
1746815116.58493,-2.0,-0.3,-0.72,15.35,7.45,5.64,-1.13,1.24,-0.27,-126.42,0.57,129.4,1
1746815116.601734,-2.0,-0.31,-0.71,22.82,0.59,16.4,-1.14,1.27,-0.3,-138.85,14.55,136.7,1
1746815116.618519,-2.0,-0.33,-0.71,19.5,-10.73,22.51,-1.15,1.22,-0.3,-118.47,1.42,151.69,1
1746815116.635208,-2.0,-0.26,-0.72,7.49,-1.08,16.54,-1.16,1.28,-0.38,-108.85,-17.93,159.82,1
1746815116.642371,-2.0,-0.23,-0.7,7.03,-1.55,15.39,-1.11,1.29,-0.48,-103.96,-29.91,180.18,1
1746815116.660547,-2.0,-0.26,-0.73,-0.88,5.44,8.5,-1.09,1.32,-0.49,-111.08,-28.91,204.94,1
1746815116.672887,-2.0,-0.31,-0.77,-10.24,0.67,5.58,-1.08,1.34,-0.48,-132.51,-20.24,221.32,1
1746815116.685456,-2.0,-0.31,-0.73,-2.85,-5.84,10.07,-1.11,1.25,-0.4,-146.15,-15.17,234.69,1
1746815116.702266,-2.0,-0.32,-0.73,2.53,-6.95,12.58,-1.04,1.16,-0.48,-154.13,-7.21,239.78,1
1746815116.718094,-2.0,-0.3,-0.75,-0.03,-2.02,10.75,-1.02,1.13,-0.48,-147.82,3.62,246.25,1
1746815116.735778,-2.0,-0.31,-0.75,-1.01,-5.17,11.34,-1.02,1.03,-0.51,-143.73,23.93,250.13,1
1746815116.751852,-2.0,-0.32,-0.74,1.13,-13.06,14.39,-1.06,1.04,-0.43,-138.83,37.87,250.13,1
1746815116.770561,-2.0,-0.29,-0.77,-2.89,-2.78,10.18,-1.02,0.98,-0.46,-144.02,45.07,250.13,1
1746815116.785443,-2.0,-0.33,-0.8,-5.89,2.98,7.21,-1.01,0.96,-0.38,-144.01,23.84,250.13,1
1746815116.794238,-2.0,-0.35,-0.78,-4.9,-1.66,8.36,-0.9,0.73,-0.41,-143.83,30.98,250.13,1
1746815116.810532,-2.0,-0.36,-0.77,-5.01,5.34,8.12,-0.8,0.69,-0.41,-137.01,40.65,250.13,1
1746815116.82332,-2.0,-0.34,-0.76,-11.64,8.44,7.2,-0.74,0.62,-0.39,-133.16,73.11,250.13,1
1746815116.835287,-2.0,-0.35,-0.74,-6.3,6.44,10.98,-0.68,0.64,-0.34,-138.9,86.7,244.63,1
1746815116.851997,-2.0,-0.34,-0.72,-8.68,9.63,9.06,-0.74,0.55,-0.14,-143.5,78.18,232.73,1
1746815116.868834,-2.0,-0.3,-0.72,-12.06,11.09,7.99,-0.67,0.38,-0.09,-142.13,49.79,221.68,1
1746815116.885508,-2.0,-0.31,-0.69,-11.66,7.02,7.34,-0.6,0.21,-0.02,-135.83,24.18,209.28,1
1746815116.902466,-2.0,-0.33,-0.71,-7.84,7.49,5.75,-0.42,0.0,-0.08,-127.74,45.38,191.73,1
1746815116.921437,-2.0,-0.32,-0.72,-9.48,14.89,0.09,-0.39,-0.08,0.05,-117.24,43.1,168.02,1
1746815116.935397,-2.0,-0.32,-0.73,-10.72,9.76,-3.48,-0.38,-0.1,0.15,-105.11,47.73,141.39,1
1746815116.944026,-2.0,-0.3,-0.72,-9.07,5.52,-3.33,-0.33,-0.09,0.22,-109.06,47.34,119.54,1
1746815116.960597,-2.0,-0.29,-0.71,-10.62,6.89,-6.9,-0.29,-0.31,0.42,-105.35,31.24,98.38,1
1746815116.972166,-2.0,-0.32,-0.74,-12.27,12.87,-9.63,-0.3,-0.38,0.53,-95.02,10.97,68.34,1
1746815116.985535,-2.0,-0.28,-0.73,-17.16,18.69,-11.37,-0.31,-0.35,0.64,-98.68,3.5,33.26,1
1746815117.002423,-2.0,-0.28,-0.75,-20.41,5.4,-7.21,-0.23,-0.11,0.65,-106.98,-17.79,-3.42,1
1746815117.018664,-2.0,-0.24,-0.66,-22.18,-1.8,-4.66,-0.26,-0.15,0.73,-114.26,-28.81,-32.28,1
1746815117.035692,-2.0,-0.3,-0.72,-26.8,5.75,-5.56,-0.14,-0.08,0.71,-120.95,-26.34,-55.32,1
1746815117.054116,-2.0,-0.28,-0.76,-17.71,3.63,-1.85,-0.27,-0.08,0.92,-92.43,-39.29,-72.41,1
1746815117.070675,-2.0,-0.22,-0.7,-28.03,12.59,-7.47,-0.23,-0.16,0.89,-50.44,-30.95,-80.61,1
1746815117.085255,-2.0,-0.24,-0.72,-25.2,13.02,-7.01,-0.3,-0.01,0.94,-72.6,-57.42,-96.2,1
1746815117.09367,-2.0,-0.26,-0.7,-28.19,-1.9,-4.25,-0.37,-0.01,0.96,-53.35,-64.48,-120.27,1
1746815117.107978,-2.0,-0.21,-0.73,-24.45,7.95,-6.98,-0.39,0.13,0.95,-58.82,-63.95,-147.95,1
1746815117.122275,-2.0,-0.25,-0.7,-18.85,2.69,-3.29,-0.44,0.26,0.97,-102.24,-68.78,-170.71,1
1746815117.135632,-2.0,-0.34,-0.76,-18.95,5.31,-4.68,-0.44,0.22,0.93,-130.06,-60.95,-195.44,1
1746815117.152691,-2.0,-0.29,-0.76,-16.05,-0.27,0.73,-0.49,0.11,0.95,-119.99,-63.4,-197.44,1
1746815117.16902,-2.0,-0.27,-0.77,-20.26,18.92,-5.04,-0.46,0.01,0.91,-87.05,-62.53,-204.68,1
1746815117.186029,-2.0,-0.31,-0.69,-14.03,-1.24,0.21,-0.55,-0.06,0.92,-46.57,-55.5,-209.79,1
1746815117.205676,-2.0,-0.29,-0.72,-10.7,-3.33,-0.4,-0.56,-0.01,0.87,-18.73,-55.03,-220.2,1
1746815117.220049,-2.0,-0.25,-0.73,-6.23,-8.34,2.46,-0.59,0.15,0.85,-11.36,-57.26,-232.81,1
1746815117.235775,-2.0,-0.27,-0.74,-11.89,-1.98,-3.81,-0.61,0.28,0.82,-20.49,-61.06,-244.24,1
1746815117.244257,-2.0,-0.27,-0.77,-12.04,-5.02,-5.67,-0.61,0.34,0.81,-40.61,-61.71,-250.14,1
1746815117.260874,-2.0,-0.26,-0.77,-18.29,-6.23,-7.33,-0.59,0.36,0.82,-61.28,-63.39,-250.14,1
1746815117.272562,-2.0,-0.3,-0.78,-19.63,-2.45,-8.38,-0.57,0.31,0.8,-76.12,-62.12,-250.14,1
1746815117.285802,-2.0,-0.4,-0.83,-21.85,15.37,-14.7,-0.54,0.25,0.77,-79.9,-49.83,-250.14,1
1746815117.302648,-2.0,-0.46,-0.96,-11.84,7.15,-6.81,-0.53,0.26,0.68,-67.76,-20.6,-250.14,1
1746815117.319103,-2.0,-0.39,-0.65,-20.85,-62.57,7.5,-0.62,0.27,0.66,-41.01,-15.86,-250.14,1
1746815117.335966,-2.0,-0.36,-0.96,-20.13,38.41,-22.34,-0.8,0.4,0.87,-29.32,-36.66,-250.14,1
1746815117.354929,-2.0,-0.2,-0.68,-6.92,17.51,-21.24,-0.83,0.4,0.75,-34.7,-43.24,-250.14,1
1746815117.369626,-2.0,-0.28,-0.73,1.85,-0.24,-16.91,-0.87,0.48,0.82,-58.87,-66.79,-250.14,1
1746815117.385539,-2.0,-0.25,-0.73,0.94,15.95,-25.82,-0.84,0.48,0.77,-78.15,-66.32,-250.14,1
1746815117.394047,-2.0,-0.24,-0.82,2.47,29.92,-28.92,-0.89,0.42,0.77,-82.97,-54.98,-250.14,1
1746815117.408255,-2.0,-0.26,-0.72,22.72,15.12,-14.89,-1.01,0.31,0.77,-60.97,-50.73,-250.14,1
1746815117.42326,-2.0,-0.26,-0.8,21.66,-2.88,-6.14,-1.11,0.24,0.74,-7.44,-67.76,-250.14,1
1746815117.435781,-2.0,-0.29,-0.83,11.01,-15.06,1.07,-1.09,0.39,0.72,42.91,-82.13,-250.14,1
1746815117.452397,-2.0,-0.3,-0.79,5.98,-3.53,-4.44,-1.12,0.52,0.65,67.61,-96.4,-250.14,1
1746815117.469292,-2.0,-0.3,-0.77,8.93,-8.09,-1.29,-1.08,0.68,0.59,57.92,-108.01,-250.14,1
1746815117.485816,-2.0,-0.29,-0.79,-4.8,-15.07,-1.51,-0.9,0.77,0.4,43.54,-97.91,-250.14,1
1746815117.50513,-2.0,-0.31,-0.77,-2.64,-9.28,1.68,-0.84,0.72,0.29,48.02,-81.92,-250.05,1
1746815117.520212,-2.0,-0.31,-0.69,-12.15,-52.29,20.65,-0.77,0.73,0.24,78.18,-73.4,-233.2,1
1746815117.52728,-2.0,-0.3,-0.47,-28.28,-114.11,21.32,-0.66,0.79,0.17,116.1,-66.53,-211.9,1
1746815117.543257,-2.0,-0.32,-0.8,-12.96,-131.45,25.37,-0.53,1.0,0.19,138.15,-66.11,-182.53,1
1746815117.557425,-2.0,-0.34,-0.93,15.91,-21.07,15.24,-0.38,1.26,0.2,130.05,-58.21,-155.64,1
1746815117.572165,-2.0,-0.32,-0.84,9.57,35.69,-7.66,-0.26,1.53,0.24,86.52,-39.54,-126.63,1
1746815117.589596,-2.0,-0.34,-0.9,11.82,121.4,-25.6,-0.16,1.58,0.3,27.09,-22.06,-92.18,1
1746815117.602789,-2.0,-0.2,0.22,-4.99,42.34,-32.66,-0.12,1.32,0.36,-5.47,-18.21,-49.67,1
1746815117.619271,-2.0,-0.27,-0.63,-8.26,35.66,-18.87,-0.09,1.08,0.37,-12.5,-20.43,-14.15,1
1746815117.636049,-2.0,-0.34,-0.8,-17.92,30.58,-21.06,-0.06,0.78,0.39,-13.95,-19.77,7.24,1
1746815117.655141,-2.0,-0.31,-0.72,-18.08,25.76,-21.76,0.0,0.55,0.42,-22.89,-14.25,13.95,1
1746815117.669824,-2.0,-0.3,-0.75,-30.0,31.05,-24.18,0.04,0.36,0.54,-36.99,1.01,5.8,1
1746815117.685747,-2.0,-0.25,-0.76,-26.31,13.62,-0.72,-0.02,0.2,0.69,-33.24,22.63,-13.32,1
1746815117.694834,-2.0,-0.3,-0.75,-36.55,3.43,8.41,-0.06,0.18,0.67,-10.35,27.15,-30.88,1
1746815117.70855,-2.0,-0.32,-0.75,-58.31,3.15,5.89,-0.13,0.31,0.68,21.78,10.6,-38.32,1
1746815117.72277,-2.0,-0.34,-0.75,-46.06,0.45,16.84,-0.06,0.42,0.6,50.04,1.35,-26.67,1
1746815117.73632,-2.0,-0.4,-0.75,-18.07,-4.56,30.58,-0.02,0.59,0.63,57.73,15.6,-10.15,1
1746815117.752709,-2.0,-0.39,-0.78,-15.36,0.63,26.93,-0.04,0.69,0.62,40.75,17.86,5.64,1
1746815117.769016,-2.0,-0.37,-0.79,-11.31,5.19,20.98,0.02,0.62,0.59,4.96,-3.08,17.82,1
1746815117.786085,-2.0,-0.37,-0.76,-8.12,-9.9,19.76,-0.04,0.46,0.59,-10.35,5.28,18.85,1
1746815117.80481,-2.0,-0.36,-0.79,1.82,-10.07,15.98,-0.05,0.34,0.57,-3.06,25.02,16.43,1
1746815117.821697,-2.0,-0.34,-0.79,0.08,-4.58,10.05,-0.11,0.31,0.64,3.71,23.72,11.87,1
1746815117.829766,-2.0,-0.33,-0.81,-8.66,8.05,3.64,-0.08,0.31,0.69,0.27,-5.8,15.86,1
1746815117.844691,-2.0,-0.3,-0.8,-17.95,10.56,3.89,-0.07,0.36,0.7,3.44,17.49,14.32,1
1746815117.853076,-2.0,-0.29,-0.85,-17.94,26.91,0.84,-0.03,0.37,0.69,1.67,9.47,13.18,1
1746815117.869094,-2.0,-0.4,-0.87,-5.12,29.71,6.14,0.06,0.35,0.65,7.96,26.53,14.67,1
1746815117.886017,-2.0,-0.36,-0.79,2.23,25.27,12.56,0.02,0.36,0.53,12.76,41.66,16.41,1
1746815117.902623,-2.0,-0.28,-0.86,-6.4,14.7,19.15,0.02,0.34,0.57,16.95,25.1,14.81,1
1746815117.91962,-2.0,-0.27,-0.8,-6.56,-0.01,23.06,-0.11,0.38,0.68,15.33,-2.04,17.51,1
1746815117.936064,-2.0,-0.28,-0.72,-6.08,5.08,16.29,-0.11,0.42,0.65,15.73,-7.21,16.15,1
1746815117.95315,-2.0,-0.33,-0.75,4.72,-19.3,20.95,-0.14,0.44,0.65,16.3,-6.05,18.37,1
1746815117.969761,-2.0,-0.15,-0.65,-6.19,-35.08,6.31,-0.1,0.53,0.58,13.33,-11.5,20.38,1
1746815117.977238,-2.0,-0.14,-0.72,-21.27,-51.66,-1.33,-0.17,0.53,0.68,21.39,-6.95,26.02,1
1746815117.994642,-2.0,-0.17,-0.71,-22.48,-79.06,18.15,-0.1,0.46,0.52,39.61,-7.63,36.7,1
1746815118.008242,-2.0,-0.11,-0.76,-10.92,-54.37,17.81,-0.08,0.48,0.52,61.16,-11.83,48.57,1
1746815118.019845,-2.0,-0.28,-0.78,-5.07,-35.59,17.04,-0.09,0.47,0.48,89.7,4.98,58.21,1
1746815118.036458,-2.0,-0.34,-0.8,3.1,-8.67,9.42,-0.13,0.56,0.47,99.81,6.81,64.91,1
1746815118.053007,-2.0,-0.33,-0.74,19.21,-12.39,19.92,-0.14,0.64,0.42,98.04,6.02,69.65,1
1746815118.069832,-2.0,-0.3,-0.74,22.05,-8.96,23.56,-0.17,0.65,0.29,96.86,20.24,73.36,0
1746815118.087297,-2.0,-0.17,-0.67,20.49,-6.19,24.24,-0.17,0.72,0.23,87.93,26.15,79.93,0
1746815118.102882,-2.0,-0.18,-0.72,19.6,-8.85,24.89,-0.18,0.81,0.21,64.9,32.3,87.85,0
1746815118.120596,-2.0,-0.15,-0.7,15.2,-7.1,20.05,-0.16,0.92,0.24,15.79,39.62,100.53,0
1746815118.126687,-2.0,-0.2,-0.75,13.66,-9.53,14.53,-0.25,0.81,0.22,-14.63,48.03,113.37,0
1746815118.144156,-2.0,-0.24,-0.8,16.4,-3.4,13.83,-0.25,0.73,0.16,-17.6,60.49,116.21,0
1746815118.157554,-2.0,-0.22,-0.86,13.18,10.88,10.63,-0.36,0.6,0.14,-0.08,48.1,124.6,0
1746815118.169806,-2.0,-0.19,-0.68,-4.38,2.03,10.73,-0.3,0.56,0.03,26.11,53.55,134.6,0
1746815118.186708,-2.0,-0.29,-0.65,0.27,-42.34,21.82,-0.23,0.76,0.08,33.42,79.53,141.02,0
1746815118.203201,-2.0,-0.3,-0.7,-6.26,-32.69,19.98,-0.18,0.83,0.12,11.21,126.78,138.83,0
1746815118.220283,-2.0,-0.21,-0.66,-3.42,-43.54,17.53,-0.35,0.68,0.31,-2.92,153.47,126.59,0
1746815118.237006,-2.0,-0.31,-0.81,17.01,-39.26,19.61,-0.4,0.5,0.32,9.23,157.77,121.13,0
1746815118.255468,-2.0,-0.3,-0.66,3.34,-45.69,10.03,-0.45,0.32,0.3,38.4,142.43,119.39,0
1746815118.269992,-2.0,-0.25,-0.78,10.48,-31.24,6.66,-0.36,0.28,0.21,82.45,128.21,123.72,0
1746815118.278731,-2.0,-0.26,-0.7,10.09,-0.21,6.01,-0.25,0.38,0.14,117.33,146.42,124.53,0
1746815118.295163,-2.0,-0.29,-0.76,9.44,21.66,1.68,-0.18,0.44,0.13,133.45,172.69,109.13,0
1746815118.308207,-2.0,-0.29,-0.79,-5.82,61.66,-13.82,-0.22,0.54,0.24,117.43,195.73,90.34,0
1746815118.320028,-2.0,-0.3,-0.8,-0.63,70.9,-14.65,-0.31,0.44,0.3,82.41,203.88,67.95,0
1746815118.336584,-2.0,-0.31,-0.88,-2.11,141.76,-24.31,-0.33,0.32,0.3,54.98,199.33,47.86,0
1746815118.353323,-2.0,-0.14,-0.78,-25.03,75.61,-25.19,-0.33,0.17,0.3,51.09,179.54,34.49,0
1746815118.370243,-2.0,-0.33,-0.75,-35.53,73.68,-27.69,-0.26,0.13,0.3,64.46,164.95,18.11,0
1746815118.386627,-2.0,-0.31,-0.7,-28.67,31.73,-12.76,-0.26,0.13,0.31,76.75,151.02,0.6,0
1746815118.406158,-2.0,-0.27,-0.75,-14.53,14.47,-2.11,-0.24,0.1,0.25,108.79,147.56,-12.34,0
1746815118.419707,-2.0,-0.26,-0.72,-1.67,0.91,7.79,-0.26,0.18,0.18,103.84,152.0,-33.34,0
1746815118.428805,-2.0,-0.27,-0.75,-0.48,4.36,9.07,-0.35,0.2,0.1,113.92,164.46,-54.02,0
1746815118.445227,-2.0,-0.3,-0.75,5.18,2.52,13.83,-0.45,0.22,0.11,124.85,168.5,-87.48,0
1746815118.457563,-2.0,-0.28,-0.7,4.17,-0.91,18.15,-0.59,0.47,0.21,114.05,168.67,-96.27,0
1746815118.470082,-2.0,-0.3,-0.77,10.96,0.06,25.44,-0.82,0.57,0.28,100.15,154.63,-114.19,0
1746815118.486546,-2.0,-0.26,-0.75,-2.54,-4.15,26.95,-0.94,0.66,0.23,89.3,148.75,-129.92,0
1746815118.503454,-2.0,-0.29,-0.74,8.24,-26.5,40.27,-0.93,1.02,0.15,48.18,131.83,-145.9,0
1746815118.520515,-2.0,-0.35,-0.8,7.04,-24.85,41.6,-1.01,1.03,0.11,40.18,132.37,-147.1,0
1746815118.5375,-2.0,-0.37,-0.79,-3.64,-4.76,31.72,-1.06,0.99,0.1,12.39,130.22,-150.11,0
1746815118.556221,-2.0,-0.4,-0.76,-16.82,10.45,23.04,-1.08,0.88,0.05,15.98,126.48,-139.34,0
1746815118.570416,-2.0,-0.37,-0.73,-16.5,31.33,15.24,-1.12,0.76,0.03,29.74,110.07,-128.37,0
1746815118.579004,-2.0,-0.33,-0.71,-23.6,50.66,3.07,-1.09,0.67,-0.04,44.89,104.06,-126.45,0
1746815118.595046,-2.0,-0.3,-0.7,-39.3,45.31,-9.41,-1.06,0.63,-0.1,65.04,99.66,-125.15,0
1746815118.60799,-2.0,-0.31,-0.67,-36.48,11.63,-6.87,-1.21,0.62,-0.03,66.1,89.82,-130.62,0
1746815118.625813,-2.0,-0.3,-0.69,-11.17,-0.6,2.11,-1.28,0.61,0.1,42.7,70.39,-146.7,0
1746815118.638467,-2.0,-0.28,-0.75,-4.04,-0.88,2.34,-1.35,0.65,0.15,19.73,54.62,-150.94,0
1746815118.653421,-2.0,-0.28,-0.78,-2.87,-0.91,4.43,-1.37,0.89,0.19,-7.42,51.38,-135.76,0
1746815118.670497,-2.0,-0.3,-0.79,-1.05,-1.04,7.06,-1.29,0.64,-0.08,-26.34,76.29,-178.95,0
1746815118.686496,-2.0,-0.35,-0.8,7.92,-9.27,14.67,-1.34,0.47,-0.03,-26.49,72.92,-177.02,0
1746815118.703665,-2.0,-0.35,-0.76,20.56,-13.32,20.74,-1.36,0.49,-0.12,13.22,104.95,-169.02,0
1746815118.719965,-2.0,-0.35,-0.73,23.52,-18.05,23.75,-1.35,0.68,-0.09,21.08,126.9,-153.66,0
1746815118.727218,-2.0,-0.31,-0.71,24.12,-35.82,30.69,-1.4,0.72,-0.02,27.54,158.61,-145.12,0
1746815118.745442,-2.0,-0.27,-0.71,9.64,-31.62,24.76,-1.35,0.39,-0.26,105.67,240.52,-134.12,0
1746815118.7578,-2.0,-0.31,-0.7,-5.69,-33.08,21.37,-2.0,2.0,2.0,-102.99,-116.15,2.72,0
1746815118.778933,-2.0,-0.32,-0.75,-10.81,-46.11,22.16,-1.2,-0.95,-0.07,48.51,-76.29,50.86,0
1746815118.792548,-2.0,-0.35,-0.74,-21.45,-13.21,15.6,-1.44,0.66,0.41,69.3,-25.78,61.27,0
1746815118.803595,-2.0,-0.33,-0.82,-11.03,7.15,11.62,-1.02,0.23,-0.38,83.17,-18.53,65.52,0
1746815118.82048,-2.0,-0.27,-0.77,-1.52,46.43,10.57,-1.02,0.22,-0.32,62.94,-18.38,65.73,0
1746815118.836995,-2.0,-0.37,-0.73,0.37,45.04,3.21,-0.77,0.08,-0.5,50.34,6.16,51.66,0
1746815118.855709,-2.0,-0.16,-0.63,-11.39,0.63,12.44,-0.83,0.07,-0.35,26.38,5.18,11.86,0
1746815118.870495,-2.0,-0.22,-0.62,-2.11,-18.35,19.78,-0.76,0.14,-0.43,-31.4,8.22,-35.63,0
1746815118.878862,-2.0,-0.14,-0.59,-5.34,-12.63,13.02,-0.78,0.24,-0.42,-52.69,9.7,-60.66,0
1746815118.895681,-2.0,-0.27,-0.69,-2.28,-14.4,11.53,-0.71,0.3,-0.53,-88.06,5.18,-71.21,0
1746815118.907918,-2.0,-0.23,-0.72,-18.18,12.49,-6.9,-0.75,0.26,-0.58,-54.97,26.34,-63.28,0
1746815118.920625,-2.0,-0.3,-0.69,1.99,-31.56,7.96,-0.76,0.22,-0.59,-43.34,16.22,-44.51,0
1746815118.936929,-2.0,-0.37,-0.83,-9.37,-4.36,-3.03,-0.93,0.47,-0.46,-28.33,6.1,-24.25,0
1746815118.953864,-2.0,-0.31,-0.66,1.75,-67.37,13.69,-0.86,0.26,-0.52,-20.79,15.36,-19.89,0
1746815118.97081,-2.0,-0.35,-0.93,-5.04,-2.46,1.61,-0.87,0.38,-0.5,-31.58,7.56,-9.23,0
1746815118.987531,-2.0,-0.27,-0.66,-7.4,-49.65,8.04,-0.84,0.65,-0.49,-17.53,11.56,1.98,0
1746815119.004251,-2.0,-0.36,-0.89,0.91,-12.31,3.11,-0.93,0.29,-0.47,19.34,10.92,7.31,0
1746815119.020239,-2.0,-0.31,-0.67,-1.11,-17.94,-0.44,-1.02,0.33,-0.24,38.66,-2.98,15.6,0
1746815119.029095,-2.0,-0.34,-0.82,-4.33,29.31,-11.79,-1.07,0.24,-0.24,50.95,-8.92,15.87,0
1746815119.045083,-2.0,-0.25,-0.64,0.71,-2.02,0.89,-1.06,0.46,-0.13,45.62,-26.79,18.78,0
1746815119.058225,-2.0,-0.2,-0.62,-6.05,14.92,-3.6,-0.97,0.36,-0.27,33.5,-21.14,13.11,0
1746815119.07067,-2.0,-0.25,-0.89,1.93,43.58,-5.23,-1.07,0.37,-0.04,10.73,-20.68,10.26,0
1746815119.093448,-2.0,-0.25,-0.75,-11.75,53.92,-13.86,-0.91,0.36,-0.27,15.1,0.46,8.03,0
1746815119.103961,-2.0,-0.24,-0.64,-18.16,40.3,-14.56,-0.91,0.29,-0.21,24.99,1.09,10.92,0
1746815119.120343,-2.0,-0.31,-0.63,-25.53,11.55,-11.06,-0.97,0.33,-0.2,14.32,-4.63,11.34,0
1746815119.137459,-2.0,-0.28,-0.7,-37.11,27.4,-18.55,-0.96,0.1,-0.29,-1.85,-17.18,1.97,0
1746815119.155614,-2.0,-0.3,-0.69,-44.36,20.76,-22.23,-1.01,0.35,-0.16,-35.92,-16.4,-3.75,0
1746815119.161685,-2.0,-0.29,-0.72,-39.45,18.64,-23.14,-0.85,0.25,-0.38,-9.82,18.05,0.44,0
1746815119.178451,-2.0,-0.29,-0.75,-42.09,0.57,-16.69,-1.05,0.14,-0.31,14.12,-7.12,6.76,0
1746815119.192707,-2.0,-0.3,-0.74,-34.81,0.99,-11.69,-0.9,0.27,-0.35,13.33,2.58,7.95,0
1746815119.207111,-2.0,-0.29,-0.77,-24.16,14.83,-6.02,-0.96,0.23,-0.34,24.85,0.46,9.81,0
1746815119.220678,-2.0,-0.24,-0.75,-23.11,15.18,0.33,-0.93,0.32,-0.33,3.4,-0.08,-0.75,0
1746815119.23768,-2.0,-0.34,-0.79,-27.47,4.74,8.84,-0.92,0.31,-0.39,7.44,0.8,0.24,0
1746815119.254074,-2.0,-0.29,-0.76,-22.08,4.31,9.44,-0.93,0.29,-0.37,1.08,-7.21,0.94,0
1746815119.271566,-2.0,-0.27,-0.73,-7.38,13.56,6.98,-0.94,0.36,-0.33,-21.91,-17.38,-2.61,0
1746815119.287848,-2.0,-0.3,-0.78,-11.17,18.35,0.5,-0.92,0.23,-0.37,0.19,-8.92,1.28,0
1746815119.30495,-2.0,-0.31,-0.76,-14.21,19.16,-4.35,-0.91,0.3,-0.33,7.5,-2.39,6.28,0
1746815119.320343,-2.0,-0.32,-0.77,-12.36,18.82,-7.82,-0.94,0.31,-0.3,7.14,8.1,9.21,0
1746815119.329736,-2.0,-0.32,-0.75,-9.28,22.34,-12.95,-0.93,0.32,-0.3,13.72,-1.49,8.96,0
1746815119.343623,-2.0,-0.28,-0.73,-0.31,9.42,-6.17,-0.95,0.36,-0.25,1.9,-10.8,5.03,0
1746815119.357994,-2.0,-0.3,-0.78,3.56,16.81,-8.47,-0.95,0.37,-0.26,-7.75,-15.42,3.52,0
1746815119.37121,-2.0,-0.34,-0.84,6.24,21.05,-6.79,-0.93,0.36,-0.29,-8.61,-0.11,5.9,0
1746815119.387413,-2.0,-0.3,-0.81,6.98,26.24,-12.94,-0.89,0.34,-0.32,-12.63,3.73,6.42,0
1746815119.40793,-2.0,-0.35,-0.86,14.78,25.55,-8.6,-0.96,0.29,-0.23,-10.1,-5.2,4.98,0
1746815119.423521,-2.0,-0.3,-0.79,5.2,30.24,-10.88,-0.95,0.31,-0.23,-6.15,-3.61,4.84,0
1746815119.437348,-2.0,-0.3,-0.79,4.44,28.32,-6.64,-0.93,0.29,-0.24,-11.21,0.24,4.83,0
1746815119.455102,-2.0,-0.31,-0.75,-0.18,25.7,-5.11,-0.96,0.29,-0.25,-18.5,22.56,2.8,1
1746815119.462571,-2.0,-0.31,-0.74,-2.95,24.44,-5.02,-0.89,0.35,-0.33,-14.98,11.95,0.47,1
1746815119.478302,-2.0,-0.31,-0.73,3.14,6.63,2.09,-0.94,0.34,-0.27,-8.35,2.21,0.56,1
1746815119.491507,-2.0,-0.29,-0.72,7.76,1.57,5.57,-0.92,0.36,-0.33,-5.89,0.4,-0.44,1
1746815119.506389,-2.0,-0.27,-0.78,8.37,-0.85,7.15,-0.9,0.4,-0.36,-16.49,6.04,-6.97,1
1746815119.521184,-2.0,-0.19,-0.63,9.43,-7.6,7.91,-0.76,0.56,-0.36,-29.41,17.02,-8.05,1
1746815119.537599,-2.0,-0.24,-0.76,13.84,1.12,7.92,-1.02,0.61,-0.32,-23.18,16.72,-2.57,1
1746815119.553937,-2.0,-0.31,-0.75,18.18,-20.28,15.03,-0.97,0.83,-0.45,-53.31,29.72,1.95,1
1746815119.571406,-2.0,-0.31,-0.8,19.73,5.79,7.17,-0.99,1.02,-0.31,-57.66,2.66,25.13,1
1746815119.587826,-2.0,-0.31,-0.79,11.15,-17.05,14.02,-1.13,1.07,-0.25,-71.17,13.27,46.77,1
1746815119.605261,-2.0,-0.28,-0.71,18.84,-9.38,13.6,-1.19,1.18,-0.25,-71.77,13.92,72.57,1
1746815119.620644,-2.0,-0.29,-0.71,27.66,-21.99,20.12,-1.22,1.35,-0.23,-71.48,-29.26,104.98,1
1746815119.629674,-2.0,-0.34,-0.78,18.21,-12.0,13.89,-1.12,1.47,-0.34,-100.53,-26.23,129.32,1
1746815119.643498,-2.0,-0.32,-0.74,18.1,-0.14,8.5,-1.18,1.51,-0.33,-129.11,-6.82,147.55,1
1746815119.66186,-2.0,-0.34,-0.72,16.97,-11.85,9.11,-1.29,1.43,-0.31,-138.01,-12.95,169.58,1
1746815119.670893,-2.0,-0.35,-0.72,12.85,-22.91,9.98,-1.26,1.29,-0.32,-125.85,-0.4,192.9,1
1746815119.68774,-2.0,-0.32,-0.72,14.95,-11.81,7.63,-1.35,1.24,-0.19,-110.79,-32.62,213.05,1
1746815119.704698,-2.0,-0.33,-0.71,12.67,-10.32,7.82,-1.17,1.23,-0.36,-94.6,-21.34,236.89,1
1746815119.72119,-2.0,-0.36,-0.77,-1.04,-2.18,2.49,-1.23,1.27,-0.37,-90.9,6.29,250.06,1
1746815119.737676,-2.0,-0.3,-0.67,-8.66,-16.32,7.77,-1.38,1.26,-0.22,-107.23,-9.12,250.13,1
1746815119.75411,-2.0,-0.37,-0.71,-5.18,-19.09,11.2,-1.23,1.19,-0.4,-130.81,-15.92,250.13,1
1746815119.769796,-2.0,-0.38,-0.76,0.33,-13.11,15.18,-1.24,1.16,-0.37,-146.13,-1.82,250.13,1
1746815119.776325,-2.0,-0.39,-0.8,-5.21,2.47,11.89,-1.28,1.02,-0.34,-128.47,-12.39,250.13,1
1746815119.79326,-2.0,-0.37,-0.71,-4.27,-5.4,15.44,-1.16,1.06,-0.44,-121.97,2.64,250.13,1
1746815119.80786,-2.0,-0.39,-0.76,-8.18,-5.27,15.22,-1.15,0.98,-0.35,-123.87,-1.59,250.13,1
1746815119.821564,-2.0,-0.37,-0.68,-15.05,-20.44,13.86,-1.0,0.9,-0.42,-131.39,-1.81,250.13,1
1746815119.837729,-2.0,-0.37,-0.74,-6.76,-5.1,9.12,-0.94,0.68,-0.44,-113.59,32.92,250.13,1
1746815119.854166,-2.0,-0.34,-0.71,-3.94,0.73,5.28,-0.91,0.64,-0.33,-127.69,-19.84,245.82,1
1746815119.871599,-2.0,-0.33,-0.69,-5.78,13.05,1.89,-0.75,0.49,-0.37,-110.82,19.35,232.09,1
1746815119.890453,-2.0,-0.33,-0.58,-13.34,-1.02,2.05,-0.7,0.4,-0.21,-115.65,-6.54,213.97,1
1746815119.904659,-2.0,-0.34,-0.71,-11.41,3.44,3.6,-0.58,0.24,-0.17,-111.39,-7.8,197.34,1
1746815119.913793,-2.0,-0.33,-0.71,-13.59,6.26,3.44,-0.52,0.16,-0.04,-94.56,4.04,176.72,1
1746815119.929884,-2.0,-0.31,-0.69,-22.34,19.5,-1.16,-0.47,0.06,0.08,-80.42,15.5,154.12,1
1746815119.942824,-2.0,-0.32,-0.66,-17.04,-6.21,5.08,-0.44,0.05,0.2,-92.18,26.19,136.02,1
1746815119.954728,-2.0,-0.32,-0.75,-17.55,7.81,0.11,-0.4,0.04,0.19,-114.21,0.97,114.17,1
1746815119.971645,-2.0,-0.3,-0.74,-19.05,10.36,-4.11,-0.33,-0.07,0.18,-128.75,-34.19,89.38,1
1746815119.988008,-2.0,-0.32,-0.72,-21.64,6.43,-9.78,-0.18,-0.14,0.09,-123.24,-50.27,71.21,1
1746815120.005097,-2.0,-0.33,-0.74,-16.54,-0.42,-10.04,-0.13,-0.2,0.14,-102.49,-54.18,50.32,1
1746815120.022333,-2.0,-0.32,-0.8,-15.07,5.34,-12.42,-0.18,-0.21,0.26,-94.98,-51.59,17.89,1
1746815120.040654,-2.0,-0.26,-0.77,-18.96,7.66,-12.91,-0.1,-0.1,0.31,-93.23,-27.57,-9.68,1
1746815120.054362,-2.0,-0.34,-0.8,-23.05,21.03,-17.35,-0.01,-0.0,0.38,-95.63,-21.85,-35.76,1
1746815120.063406,-2.0,-0.32,-0.82,-29.11,31.43,-17.9,-0.04,0.15,0.49,-107.05,-16.41,-57.91,1
1746815120.079831,-2.0,-0.33,-0.82,-34.08,16.88,-12.95,-0.25,0.21,0.81,-105.54,-28.55,-77.58,1
1746815120.093441,-2.0,-0.36,-0.8,-31.11,22.18,-11.61,-0.46,0.3,1.01,-123.95,-42.3,-108.03,1
1746815120.107995,-2.0,-0.34,-0.74,-33.28,12.28,-4.52,-0.39,0.31,0.99,-149.19,-46.98,-126.4,1
1746815120.121543,-2.0,-0.38,-0.75,-28.68,17.0,-5.73,-0.47,0.35,1.06,-159.81,-69.0,-140.78,1
1746815120.144793,-2.0,-0.32,-0.71,-20.49,-4.18,4.36,-0.51,0.39,1.0,-191.34,-99.05,-139.78,1
1746815120.15965,-2.0,-0.34,-0.76,-22.19,11.4,-3.27,-0.65,0.34,1.2,-132.08,-119.19,-137.33,1
1746815120.174701,-2.0,-0.33,-0.74,-20.59,2.2,-1.74,-0.56,0.41,1.08,-76.11,-134.82,-138.37,1
1746815120.188017,-2.0,-0.42,-0.83,-11.11,9.73,-1.01,-0.48,0.55,1.08,-35.85,-136.44,-139.72,1
1746815120.204828,-2.0,-0.52,-0.82,-9.79,8.68,-5.98,-0.44,0.72,1.0,-31.43,-126.44,-153.33,1
1746815120.212726,-2.0,-0.36,-0.73,-2.05,-4.85,-2.67,-0.45,0.8,0.95,-50.77,-124.09,-161.79,1
1746815120.230411,-2.0,-0.32,-0.95,2.51,37.01,-21.27,-0.39,0.76,0.88,-82.21,-125.02,-172.14,1
1746815120.24268,-2.0,-0.42,-0.66,19.55,-15.73,-13.43,-0.28,0.64,0.85,-104.04,-126.77,-175.47,1
1746815120.258035,-2.0,-0.33,-0.62,7.77,18.52,-28.73,-0.21,0.48,0.82,-119.46,-114.0,-185.84,1
1746815120.271762,-2.0,-0.34,-0.73,5.41,-16.63,-25.32,-0.13,0.39,0.73,-118.06,-99.68,-195.56,1
1746815120.28801,-2.0,-0.34,-0.76,1.54,22.97,-38.77,-0.15,0.3,0.71,-105.38,-88.27,-208.19,1
1746815120.304925,-2.0,-0.28,-0.67,2.29,-10.95,-25.43,-0.22,0.24,0.66,-85.38,-85.72,-213.69,1
1746815120.321422,-2.0,-0.29,-0.89,1.88,10.89,-24.89,-0.29,0.3,0.63,-71.85,-81.4,-221.05,1
1746815120.340011,-2.0,-0.29,-0.66,-0.24,-10.47,-17.44,-0.46,0.36,0.73,-70.56,-91.49,-223.19,1
1746815120.354712,-2.0,-0.12,-0.58,2.95,-22.14,-6.18,-0.4,0.48,0.68,-73.97,-101.5,-223.44,1
1746815120.36414,-2.0,-0.28,-0.81,-6.05,25.28,-23.22,-0.51,0.37,0.66,-69.19,-114.64,-230.48,1
1746815120.380037,-2.0,-0.32,-0.92,-12.27,-0.81,-7.5,-0.26,0.51,0.37,-75.5,-76.08,-245.47,1
1746815120.393247,-2.0,-0.32,-0.71,-12.5,-0.5,-9.77,-0.44,0.56,0.42,-86.44,-84.12,-250.14,1
1746815120.405211,-2.0,-0.32,-0.79,5.32,1.4,-4.21,-0.58,0.53,0.48,-79.78,-65.86,-246.22,1
1746815120.42742,-2.0,-0.41,-0.89,-0.73,9.66,-9.28,-0.76,0.46,0.56,-57.71,-86.02,-225.83,1
1746815120.444826,-2.0,-0.36,-0.81,-10.84,-1.18,-6.69,-0.69,0.65,0.68,-41.56,-74.8,-215.11,1
1746815120.45517,-2.0,-0.29,-0.69,-9.34,9.65,-10.22,-0.65,0.72,0.72,-55.53,-71.95,-218.37,1
1746815120.471648,-2.0,-0.35,-0.87,11.24,8.18,-1.37,-0.56,0.62,0.73,-67.2,-21.05,-233.44,1
1746815120.48804,-2.0,-0.35,-0.96,-8.76,20.72,-7.4,-0.67,0.6,0.75,-75.11,-14.73,-249.15,1
1746815120.505336,-2.0,-0.4,-0.86,0.92,4.56,9.15,-0.85,0.37,0.78,-29.85,-13.21,-243.0,1
1746815120.514272,-2.0,-0.5,-0.79,14.24,-5.53,23.16,-1.14,0.51,0.96,33.16,-68.65,-236.9,1
1746815120.527972,-2.0,-0.4,-0.71,15.22,-2.56,27.31,-1.07,0.73,0.68,102.01,-95.63,-228.73,1
1746815120.538469,-2.0,-0.41,-0.6,18.16,-31.01,38.24,-0.85,1.03,0.36,131.31,-142.34,-215.57,1
1746815120.554948,-2.0,-0.36,-0.55,16.38,-66.93,40.24,-0.53,1.3,0.1,154.2,-132.68,-190.46,1
1746815120.57166,-2.0,-0.37,-0.64,13.67,-110.7,39.98,-0.24,1.71,-0.04,165.69,-87.05,-157.23,1
1746815120.588514,-2.0,-0.41,-0.77,22.61,-40.43,21.47,-0.06,2.0,-0.08,130.47,-51.38,-106.88,1
1746815120.605288,-2.0,-0.42,-0.98,29.24,61.44,-3.28,-0.09,1.94,0.05,58.85,-34.92,-45.95,1
1746815120.621759,-2.0,-0.48,-1.03,-5.79,180.2,-50.05,-0.02,1.58,0.09,-3.69,-27.79,15.95,1
1746815120.63858,-2.0,-0.46,-1.01,-23.29,101.73,-48.69,-0.05,0.97,0.24,-42.77,-44.73,44.16,1
1746815120.654775,-2.0,-0.3,-0.75,-44.35,58.84,-47.91,-0.0,0.5,0.27,-47.05,-48.75,45.79,1
1746815120.662368,-2.0,-0.26,-0.71,-47.54,11.19,-26.15,0.08,0.19,0.25,-23.3,-27.4,27.18,1
1746815120.677262,-2.0,-0.31,-0.85,-69.19,16.05,-26.71,0.18,0.08,0.21,-6.96,-14.92,9.08,1
1746815120.695533,-2.0,-0.31,-0.72,-72.77,6.06,-11.68,0.08,0.14,0.41,1.4,1.49,-16.69,1
1746815120.705237,-2.0,-0.36,-0.78,-61.88,13.76,-6.32,0.08,0.3,0.5,0.81,18.84,-37.31,1
1746815120.721983,-2.0,-0.35,-0.76,-26.03,13.13,17.19,-0.01,0.31,0.5,10.08,18.6,-36.37,1
1746815120.738426,-2.0,-0.42,-0.77,-21.06,-8.42,39.24,0.04,0.47,0.55,13.44,-0.28,-27.18,1
1746815120.755187,-2.0,-0.38,-0.76,-53.32,-6.17,37.53,-0.01,0.61,0.61,19.51,-8.22,-15.76,1
1746815120.771841,-2.0,-0.4,-0.77,-43.59,6.48,26.66,0.07,0.66,0.53,24.51,-1.48,-3.6,1
1746815120.786216,-2.0,-0.37,-0.78,-9.52,13.07,26.82,0.05,0.67,0.54,22.94,14.62,3.61,1
1746815120.804715,-2.0,-0.37,-0.78,-16.03,9.92,11.25,0.11,0.65,0.45,22.87,33.95,9.23,1
1746815120.809233,-2.0,-0.4,-0.76,-16.61,0.81,-3.78,0.1,0.59,0.44,22.75,61.41,8.75,1
1746815120.828326,-2.0,-0.4,-0.78,-7.06,0.43,-16.85,-0.04,0.56,0.58,18.49,49.92,1.37,1
1746815120.842469,-2.0,-0.39,-0.76,2.21,3.62,-27.18,0.01,0.55,0.52,7.37,6.51,7.57,1
1746815120.855353,-2.0,-0.37,-0.8,3.96,7.49,-33.18,0.05,0.56,0.5,-3.08,-2.56,13.27,1
1746815120.879777,-2.0,-0.35,-0.8,-3.79,4.69,-30.38,0.03,0.47,0.55,-0.31,0.7,12.25,1
1746815120.89476,-2.0,-0.35,-0.81,-13.79,4.69,-20.51,0.06,0.46,0.56,4.45,-1.57,10.74,1
1746815120.905488,-2.0,-0.32,-0.82,-18.78,6.44,-9.54,0.07,0.47,0.56,9.74,1.92,6.65,1
1746815120.924942,-2.0,-0.32,-0.78,-22.45,6.85,0.32,0.06,0.53,0.61,19.8,15.79,7.0,1
1746815120.939234,-2.0,-0.34,-0.8,-19.07,3.94,11.02,0.03,0.56,0.62,18.55,9.42,8.62,1
1746815120.955081,-2.0,-0.3,-0.79,-20.01,4.05,9.29,0.05,0.55,0.61,22.92,3.7,9.95,1
1746815120.964304,-2.0,-0.3,-0.79,-14.0,-10.86,9.56,0.04,0.58,0.58,38.8,-2.3,17.53,1
1746815120.980224,-2.0,-0.31,-0.8,-8.85,-15.26,-0.18,0.05,0.57,0.49,70.42,-3.42,25.18,1
1746815120.992595,-2.0,-0.31,-0.77,2.43,-19.48,-5.13,0.04,0.69,0.5,89.35,-5.93,30.42,1
1746815121.005749,-2.0,-0.33,-0.78,13.28,-8.92,-5.29,0.05,0.8,0.44,95.83,5.88,31.48,1
1746815121.022734,-2.0,-0.31,-0.67,28.66,-39.28,9.39,-0.02,0.88,0.48,90.55,8.89,34.12,1
1746815121.038908,-2.0,-0.31,-0.7,19.47,-98.56,23.4,-0.03,0.88,0.45,84.54,4.22,41.85,1
1746815121.055475,-2.0,-0.4,-0.77,1.65,-115.09,28.34,-0.01,0.9,0.32,97.24,18.76,55.23,1
1746815121.074526,-2.0,-0.44,-0.98,11.08,-43.84,20.23,-0.02,0.94,0.31,104.63,22.11,68.51,1
1746815121.089029,-2.0,-0.37,-0.76,20.08,21.06,11.22,-0.03,1.0,0.26,106.24,39.59,75.46,1
1746815121.103742,-2.0,-0.27,-0.77,20.1,53.82,4.29,-0.05,1.02,0.23,92.92,47.7,82.85,0
1746815121.113042,-2.0,-0.22,-0.58,6.82,43.47,4.87,-0.09,1.02,0.2,77.0,54.39,90.19,0
1746815121.123421,-2.0,-0.25,-0.65,3.08,-20.75,13.8,-0.12,0.9,0.08,75.55,62.19,88.63,0
1746815121.142198,-2.0,-0.26,-0.63,-5.71,-31.14,12.3,-0.13,0.8,0.03,78.72,68.17,100.44,0
1746815121.155757,-2.0,-0.33,-0.67,4.65,-26.11,12.12,-0.17,0.7,-0.06,74.67,69.47,102.43,0
1746815121.172366,-2.0,-0.27,-0.75,25.15,-29.76,17.74,-0.16,0.71,-0.07,62.99,83.93,107.47,0
1746815121.188585,-2.0,-0.23,-0.57,28.51,-72.95,23.92,-0.03,0.71,-0.2,56.8,105.98,114.64,0
1746815121.20944,-2.0,-0.22,-0.88,20.72,-75.06,21.41,-0.08,0.66,-0.24,55.54,119.77,111.14,0
1746815121.222194,-2.0,-0.33,-0.76,7.48,-51.33,16.65,-0.15,0.56,-0.24,51.85,134.4,97.88,0
1746815121.240928,-2.0,-0.32,-0.62,9.05,-70.94,26.24,-0.14,0.47,-0.32,56.17,153.95,79.89,0
1746815121.255433,-2.0,-0.31,-0.67,9.86,-85.99,29.01,-0.11,0.46,-0.29,46.34,189.27,63.96,0
1746815121.264701,-2.0,-0.32,-0.79,9.08,-82.05,22.06,-0.11,0.51,-0.13,24.47,221.04,37.01,0
1746815121.278022,-2.0,-0.31,-0.82,9.42,8.14,14.82,-0.23,0.48,-0.03,-6.73,237.36,21.61,0
1746815121.292744,-2.0,-0.27,-0.7,10.0,40.17,14.97,-0.29,0.36,-0.0,-15.98,234.0,3.77,0
1746815121.305934,-2.0,-0.32,-0.73,-13.06,53.46,3.82,-0.28,0.25,0.0,5.66,219.34,0.21,0
1746815121.32249,-2.0,-0.31,-0.61,-13.12,17.9,6.07,-0.21,0.32,0.04,23.66,210.56,-4.25,0
1746815121.33876,-2.0,-0.34,-0.85,1.7,60.45,0.02,-0.2,0.5,0.22,22.15,232.53,-15.27,0
1746815121.357133,-2.0,-0.35,-0.88,11.16,145.6,-17.32,-0.27,0.47,0.33,11.98,250.13,-43.25,0
1746815121.372268,-2.0,-0.28,-0.68,2.15,158.37,-23.61,-0.33,0.36,0.3,5.58,250.13,-74.95,0
1746815121.389108,-2.0,-0.28,-0.66,-4.3,120.72,-16.21,-0.42,0.25,0.28,27.15,250.13,-93.39,0
1746815121.405581,-2.0,-0.28,-0.46,-20.56,23.36,-14.27,-0.47,0.17,0.17,71.38,250.13,-92.18,0
1746815121.414234,-2.0,-0.32,-0.73,-30.73,34.79,-19.7,-0.4,0.3,0.08,107.92,240.18,-82.95,0
1746815121.428013,-2.0,-0.34,-0.71,-26.44,33.68,-14.18,-0.51,0.47,0.06,134.72,219.08,-73.82,0
1746815121.443062,-2.0,-0.33,-0.71,-17.63,27.85,-0.75,-0.6,0.69,-0.01,133.37,193.3,-71.36,0
1746815121.455879,-2.0,-0.33,-0.69,-14.13,27.4,6.4,-0.73,0.88,-0.11,105.65,165.02,-79.11,0
1746815121.4728,-2.0,-0.31,-0.68,-11.94,-16.37,28.33,-0.8,0.91,-0.14,96.08,156.23,-83.34,0
1746815121.489564,-2.0,-0.33,-0.69,-10.12,-12.6,30.93,-0.86,0.92,-0.08,85.08,156.08,-81.37,0
1746815121.505983,-2.0,-0.36,-0.72,1.13,-5.6,33.3,-0.97,0.87,-0.02,74.86,157.79,-94.98,0
1746815121.525381,-2.0,-0.39,-0.76,3.15,-10.63,34.78,-1.02,0.84,-0.05,64.51,158.44,-109.41,0
1746815121.539722,-2.0,-0.42,-0.74,10.24,-19.93,40.18,-1.02,0.83,-0.07,57.95,131.11,-115.16,0
1746815121.555543,-2.0,-0.39,-0.73,-7.5,-18.72,32.21,-1.0,0.75,-0.11,57.71,103.46,-109.42,0
1746815121.564237,-2.0,-0.39,-0.73,-13.0,-10.72,25.08,-0.99,0.67,-0.13,72.02,83.99,-103.7,0
1746815121.578638,-2.0,-0.42,-0.77,-19.02,-15.46,20.11,-1.01,0.65,-0.16,75.65,71.5,-102.4,0
1746815121.589283,-2.0,-0.39,-0.79,-28.86,1.37,6.46,-1.12,0.69,-0.18,87.37,64.96,-99.93,0
1746815121.60615,-2.0,-0.38,-0.79,-39.25,4.47,-2.34,-1.21,0.73,-0.16,91.76,54.71,-104.22,0
1746815121.622488,-2.0,-0.34,-0.77,-46.11,19.53,-9.27,-1.2,0.9,-0.32,53.82,20.14,-98.92,0
1746815121.639616,-2.0,-0.39,-0.74,-50.22,-0.22,-3.18,-1.41,0.89,0.09,37.43,24.33,-115.22,0
1746815121.656101,-2.0,-0.39,-0.77,-44.4,8.54,-4.44,-1.27,0.75,-0.21,30.1,37.69,-130.93,0
1746815121.675715,-2.0,-0.36,-0.74,-31.08,3.53,3.79,-1.33,0.77,-0.14,2.5,33.6,-140.66,0
1746815121.689863,-2.0,-0.37,-0.74,-27.14,-10.82,4.74,-1.4,0.77,-0.02,-21.11,17.73,-145.54,0
1746815121.698996,-2.0,-0.35,-0.76,-3.32,9.59,6.66,-1.38,0.63,-0.06,-41.27,-8.15,-143.5,0
1746815121.714376,-2.0,-0.35,-0.69,-0.34,-8.69,8.05,-1.38,0.6,-0.06,-33.77,-15.27,-138.69,0
1746815121.730453,-2.0,-0.31,-0.73,18.43,1.27,8.46,-1.25,0.72,-0.2,-34.43,-9.4,-120.22,0
1746815121.739636,-2.0,-0.42,-0.7,23.14,-17.42,14.08,-1.12,0.07,-0.24,2.59,10.38,-109.56,0
1746815121.756143,-2.0,-0.4,-0.67,31.48,-43.31,21.44,-1.26,0.62,-0.23,24.92,15.33,-90.67,0
1746815121.772933,-2.0,-0.29,-0.76,14.37,-10.13,8.85,-1.29,0.78,-0.11,15.6,23.28,-91.61,0
1746815121.78936,-2.0,-0.36,-0.69,5.0,-12.42,2.98,-1.15,0.88,-0.18,-7.05,-11.02,-69.43,0
1746815121.806481,-2.0,-0.41,-0.67,32.49,-85.83,39.38,-1.19,0.86,-0.11,-35.37,31.8,-55.04,0
1746815121.825418,-2.0,-0.36,-0.91,-20.37,-13.91,2.36,-1.18,0.69,-0.02,-64.92,17.65,-44.21,0
1746815121.839832,-2.0,-0.3,-0.72,-18.53,-57.71,18.53,-1.25,0.67,0.11,-124.47,-20.84,-41.21,0
1746815121.848395,-2.0,-0.39,-0.9,-17.05,-8.17,7.46,-1.31,0.49,0.16,-94.26,27.61,-25.54,0
1746815121.864804,-2.0,-0.33,-0.71,-26.14,3.71,0.31,-1.28,0.56,-0.07,-103.62,89.97,-12.21,0
1746815121.877488,-2.0,-0.27,-0.9,-14.8,17.67,4.91,-1.08,0.59,0.1,-48.01,80.79,17.11,0
1746815121.889857,-2.0,-0.32,-0.79,-24.69,5.8,0.37,-0.98,0.39,-0.06,15.96,-51.93,27.89,0
1746815121.906393,-2.0,-0.39,-0.57,-18.01,-35.78,5.76,-1.06,0.45,0.07,59.89,-42.65,33.72,0
1746815121.922867,-2.0,-0.35,-0.75,-26.8,5.91,-8.43,-1.04,0.47,-0.05,70.59,-30.93,35.82,0
1746815121.939781,-2.0,-0.33,-0.7,-17.93,-23.6,-2.55,-0.77,0.44,-0.43,29.51,56.4,26.27,0
1746815121.956521,-2.0,-0.34,-0.64,-13.83,0.15,-5.63,-0.83,0.43,-0.33,14.37,41.89,17.8,0
1746815121.975963,-2.0,-0.29,-0.79,-11.91,-4.89,-5.11,-0.94,0.39,-0.2,0.99,17.49,4.84,0
1746815121.989664,-2.0,-0.27,-0.67,8.49,21.89,2.61,-0.84,0.38,-0.42,-29.27,85.03,-3.41,0
1746815121.998884,-2.0,-0.31,-0.88,27.65,32.8,1.74,-0.82,0.48,-0.29,-41.92,70.9,-1.08,0
1746815122.014928,-2.0,-0.29,-0.62,18.27,-30.81,16.11,-0.94,0.38,-0.26,-27.34,26.02,-2.06,0
1746815122.02745,-2.0,-0.34,-0.81,6.26,37.63,1.65,-0.88,0.32,-0.41,-1.26,17.55,7.27,0
1746815122.039732,-2.0,-0.23,-0.6,7.44,-1.56,12.06,-0.84,0.34,-0.42,-18.89,0.81,2.36,0
1746815122.056399,-2.0,-0.32,-0.9,-4.01,-14.21,4.0,-0.81,0.31,-0.53,-16.79,22.59,4.3,0
1746815122.073141,-2.0,-0.4,-0.73,-11.54,31.74,-8.5,-0.89,0.31,-0.45,-4.11,4.8,4.94,0
1746815122.089541,-2.0,-0.35,-0.72,-18.94,-3.05,-2.5,-0.89,0.29,-0.45,0.49,5.64,-0.77,0
1746815122.108129,-2.0,-0.38,-0.78,-27.44,3.56,0.27,-0.8,0.33,-0.51,-3.21,-4.58,-8.05,0
1746815122.12509,-2.0,-0.4,-0.76,-22.28,28.44,2.75,-0.84,0.32,-0.44,-2.62,-10.21,-8.34,0
1746815122.140003,-2.0,-0.37,-0.68,-20.18,16.39,0.53,-0.88,0.32,-0.44,-26.86,32.01,-9.27,0
1746815122.148814,-2.0,-0.31,-0.73,-21.42,21.18,-3.66,-0.69,0.27,-0.56,-28.76,67.24,-1.32,0
1746815122.164786,-2.0,-0.37,-0.63,-8.67,-16.86,0.25,-0.92,0.25,-0.47,-13.93,59.27,-0.39,0
1746815122.177754,-2.0,-0.25,-0.74,-15.11,-1.02,-6.82,-0.59,0.26,-0.78,-19.95,38.53,-0.06,0
1746815122.189823,-2.0,-0.33,-0.78,-14.98,8.56,-10.89,-0.99,0.32,-0.26,5.27,-10.74,1.53,0
1746815122.207146,-2.0,-0.36,-0.75,-8.22,-3.73,-2.11,-0.93,0.29,-0.39,27.07,-26.72,-1.37,0
1746815122.223067,-2.0,-0.36,-0.72,-7.99,5.92,1.03,-0.8,0.39,-0.5,16.06,-25.22,-0.44,0
1746815122.244193,-2.0,-0.34,-0.75,-16.82,-1.4,2.63,-0.97,0.37,-0.31,13.79,-4.56,1.9,0
1746815122.256593,-2.0,-0.25,-0.65,-27.9,-28.76,8.39,-0.91,0.34,-0.4,13.57,2.0,0.03,0
1746815122.275465,-2.0,-0.35,-0.83,-11.29,-16.15,20.02,-1.0,0.39,-0.27,11.08,-14.55,-3.21,0
1746815122.290461,-2.0,-0.22,-0.83,-18.95,49.49,9.62,-0.87,0.41,-0.44,11.77,16.13,6.73,0
1746815122.299001,-2.0,-0.3,-0.76,-18.18,65.56,6.78,-0.94,0.48,-0.31,2.18,-8.7,6.41,1
1746815122.314129,-2.0,-0.25,-0.8,-12.18,68.43,7.34,-0.86,0.5,-0.44,-15.55,8.27,5.68,1
1746815122.326907,-2.0,-0.33,-0.88,-0.3,109.82,8.03,-0.95,0.57,-0.38,-21.29,5.93,8.47,1
1746815122.339848,-2.0,-0.38,-0.87,7.95,64.02,10.67,-0.98,0.61,-0.36,-22.44,5.16,12.31,1
1746815122.357205,-2.0,-0.39,-0.83,13.82,53.56,14.13,-1.01,0.7,-0.35,-1.22,-28.9,26.89,1
1746815122.373283,-2.0,-0.31,-0.69,19.44,16.57,31.62,-1.08,0.8,-0.45,-6.44,-42.73,39.02,1
1746815122.389644,-2.0,-0.3,-0.7,20.91,4.44,35.92,-1.01,1.08,-0.5,-31.13,-10.66,64.4,1
1746815122.406964,-2.0,-0.29,-0.72,13.47,-1.35,36.94,-1.22,1.21,-0.32,-52.32,-28.95,82.39,1
1746815122.422589,-2.0,-0.32,-0.75,15.39,-1.77,37.5,-1.11,1.26,-0.39,-69.44,-23.84,104.28,1
1746815122.440135,-2.0,-0.3,-0.76,15.12,3.37,31.56,-1.14,1.23,-0.39,-83.7,-35.97,115.83,1
1746815122.448989,-2.0,-0.26,-0.7,7.81,0.68,24.32,-1.06,1.24,-0.56,-60.63,-18.23,144.05,1
1746815122.464546,-2.0,-0.25,-0.7,-1.28,-0.12,15.68,-1.11,1.37,-0.54,-48.2,-25.78,164.11,1
1746815122.477578,-2.0,-0.28,-0.71,-9.71,-10.67,12.83,-1.1,1.51,-0.65,-66.17,10.25,186.05,1
1746815122.491033,-2.0,-0.27,-0.72,-17.2,-3.5,7.12,-1.16,1.59,-0.68,-88.15,35.73,212.7,1
1746815122.506894,-2.0,-0.29,-0.72,-15.07,-17.73,14.22,-1.12,1.65,-0.77,-116.01,86.27,230.87,1
1746815122.523892,-2.0,-0.29,-0.75,-16.11,-14.64,14.19,-1.2,1.56,-0.71,-142.05,82.27,238.7,1
1746815122.540374,-2.0,-0.28,-0.76,-11.34,-11.59,16.76,-1.23,1.4,-0.7,-141.96,42.31,246.22,1
1746815122.556774,-2.0,-0.32,-0.8,-15.4,-0.08,13.66,-0.98,1.29,-0.85,-132.15,53.53,250.13,1
1746815122.573565,-2.0,-0.31,-0.72,-11.27,-5.06,17.21,-0.99,1.24,-0.84,-136.69,47.8,250.13,1
1746815122.589848,-2.0,-0.35,-0.75,-0.29,-15.74,24.36,-1.08,1.25,-0.67,-153.03,40.77,250.13,1
1746815122.599049,-2.0,-0.3,-0.78,-4.18,2.72,18.26,-0.98,1.1,-0.75,-170.67,77.02,250.13,1
1746815122.61885,-2.0,-0.33,-0.74,11.34,-19.63,29.42,-0.97,1.01,-0.71,-190.89,78.85,250.13,1
1746815122.633777,-2.0,-0.36,-0.74,27.11,-13.05,32.05,-0.88,0.92,-0.77,-187.46,100.8,250.13,1
1746815122.648445,-2.0,-0.38,-0.84,31.02,-16.43,34.47,-0.96,0.83,-0.6,-187.79,88.89,248.92,1
1746815122.664677,-2.0,-0.38,-0.8,23.29,-12.12,32.79,-0.88,1.06,-0.67,-205.25,103.4,239.59,1
1746815122.673272,-2.0,-0.38,-0.79,12.76,-7.24,27.92,-0.82,0.88,-0.62,-239.76,98.65,230.83,1
1746815122.690016,-2.0,-0.46,-0.76,18.34,-19.37,32.95,-0.87,0.62,-0.38,-250.14,55.39,226.08,1
1746815122.707213,-2.0,-0.46,-0.73,5.55,-35.87,33.8,-0.94,0.47,-0.24,-250.14,27.02,203.4,1
1746815122.725663,-2.0,-0.48,-0.78,-12.8,6.37,8.58,-0.65,0.35,-0.37,-250.14,71.27,189.51,1
1746815122.740299,-2.0,-0.41,-0.83,-12.41,0.82,6.86,-0.53,0.26,-0.22,-250.14,-2.08,151.45,1
1746815122.74939,-2.0,-0.4,-0.77,-16.6,-19.2,4.32,-0.75,0.02,0.09,-250.14,-19.58,115.05,1
1746815122.765524,-2.0,-0.34,-0.61,-26.21,-24.47,0.67,-0.61,-0.48,0.2,-250.14,9.23,101.95,1
1746815122.777059,-2.0,-0.38,-0.83,-22.49,-8.15,-7.67,-0.51,-0.69,0.26,-250.14,10.15,80.31,1
1746815122.790435,-2.0,-0.32,-0.67,-21.27,-20.5,-5.23,-0.52,-1.11,0.51,-250.14,-21.04,63.14,1
1746815122.806751,-2.0,-0.4,-0.87,-18.8,13.82,-12.4,-0.3,-0.97,0.38,-217.71,-72.01,27.21,1
1746815122.82358,-2.0,-0.33,-0.73,-15.18,16.06,-9.47,-0.2,-0.7,0.45,-220.97,-156.17,-22.97,1
1746815122.840777,-2.0,-0.34,-0.8,-14.13,16.07,-8.29,0.13,-0.76,0.27,-174.88,-62.57,-52.73,1
1746815122.857191,-2.0,-0.32,-0.73,-10.52,16.48,-6.17,-0.1,-0.56,0.57,-129.45,-11.42,-74.76,1
1746815122.876452,-2.0,-0.31,-0.6,-7.6,3.04,-2.96,-0.08,-0.54,0.58,-68.77,-0.87,-77.77,1
1746815122.890039,-2.0,-0.36,-0.91,-3.25,23.83,-5.77,-0.34,-0.59,0.87,7.34,-9.71,-78.62,1
1746815122.899054,-2.0,-0.33,-0.7,-9.76,13.45,-7.43,-0.35,-0.3,0.92,55.73,-10.68,-85.11,1
1746815122.915467,-2.0,-0.3,-0.7,-11.93,18.64,-9.6,-0.35,0.11,0.99,18.28,-28.79,-117.38,1
1746815122.928226,-2.0,-0.3,-0.81,-1.19,11.98,-4.39,-0.47,0.19,1.13,-30.72,-34.42,-163.1,1
1746815122.940593,-2.0,-0.27,-0.71,-3.61,5.98,-2.5,-0.39,0.11,1.14,-131.85,-47.78,-200.4,1
1746815122.956653,-2.0,-0.26,-0.74,-0.6,30.19,-2.47,-0.39,-0.03,1.02,-143.87,-41.74,-219.66,1
1746815122.973891,-2.0,-0.33,-0.72,1.1,27.12,-0.96,-0.44,-0.12,1.02,-114.15,-45.64,-224.79,1
1746815122.990457,-2.0,-0.32,-0.73,-7.99,50.1,-4.72,-0.45,-0.18,0.98,-57.53,-31.0,-225.63,1
1746815123.007367,-2.0,-0.27,-0.69,-20.44,11.21,-4.0,-0.49,-0.07,0.94,1.01,-23.41,-223.85,1
1746815123.023864,-2.0,-0.27,-0.73,-32.29,5.56,-7.57,-0.54,0.11,0.91,19.85,-31.31,-230.4,1
1746815123.040614,-2.0,-0.23,-0.75,-38.98,8.13,-11.05,-0.57,0.34,0.89,-4.47,-37.66,-240.2,1
1746815123.047834,-2.0,-0.25,-0.76,-40.37,16.59,-14.85,-0.56,0.43,0.87,-61.14,-46.37,-250.14,1
1746815123.063296,-2.0,-0.26,-0.78,-34.44,8.3,-8.78,-0.49,0.38,0.72,-107.95,-49.47,-250.14,1
1746815123.07845,-2.0,-0.23,-0.83,-35.28,-11.41,-5.21,-0.5,0.25,0.72,-104.02,-45.94,-250.14,1
1746815123.0905,-2.0,-0.28,-0.64,-43.06,-77.27,7.63,-0.52,0.36,0.72,-76.1,-38.77,-250.14,1
1746815123.107404,-2.0,-0.33,-0.84,-39.33,-46.11,4.54,-0.47,0.55,0.68,-77.78,-16.55,-250.14,1
1746815123.123606,-2.0,-0.24,-0.76,-38.7,-49.39,8.14,-0.5,0.47,0.73,-109.14,-0.22,-250.14,1
1746815123.140888,-2.0,-0.27,-0.93,-43.91,-42.25,0.92,-0.51,0.32,0.76,-133.27,22.04,-250.14,1
1746815123.161097,-2.0,-0.27,-0.8,-43.95,-32.83,1.73,-0.63,0.27,0.82,-148.11,47.8,-250.14,1
1746815123.174417,-2.0,-0.21,-0.52,-41.25,-48.04,13.69,-0.71,0.09,0.96,-106.85,58.43,-250.14,1
1746815123.190246,-2.0,-0.21,-1.08,-33.02,87.3,-14.83,-0.97,-0.2,0.87,-45.36,52.58,-250.14,1
1746815123.197952,-2.0,-0.36,-1.21,2.41,146.96,-24.24,-0.65,0.13,0.56,-36.47,68.44,-250.14,1
1746815123.213563,-2.0,-0.25,-0.8,-34.47,196.73,-35.15,-0.96,0.31,0.92,-47.13,5.66,-250.14,1
1746815123.227696,-2.0,-0.17,-1.14,8.47,8.27,11.47,-1.03,0.25,0.88,-34.06,20.39,-250.14,1
1746815123.241244,-2.0,-0.3,-0.68,5.36,-18.13,15.67,-1.12,0.26,0.84,-15.25,-17.76,-250.14,1
1746815123.26479,-2.0,-0.32,-0.58,-15.73,-49.33,9.26,-1.25,0.24,0.82,24.25,-44.89,-250.14,1
1746815123.278493,-2.0,-0.32,-0.79,-14.0,-58.96,-4.01,-1.11,0.29,0.63,69.04,-60.35,-250.14,1
1746815123.290985,-2.0,-0.33,-0.75,26.02,-14.34,-1.21,-1.06,0.44,0.51,99.45,-61.19,-250.14,1
1746815123.309782,-2.0,-0.23,-1.16,61.61,34.11,-4.16,-0.94,0.66,0.42,110.66,-58.73,-247.5,1
1746815123.324521,-2.0,-0.23,0.04,26.34,-15.76,-13.56,-0.87,0.71,0.37,110.7,-47.16,-238.98,1
1746815123.340482,-2.0,-0.31,-0.83,-13.19,-8.66,-9.91,-0.78,0.76,0.29,123.87,-50.66,-218.98,1
1746815123.349225,-2.0,-0.35,-0.74,-7.32,0.81,-8.77,-0.67,0.87,0.24,152.05,-50.0,-190.68,1
1746815123.362693,-2.0,-0.24,-0.7,-16.7,11.29,-18.63,-0.49,1.03,0.28,170.49,-53.59,-154.26,1
1746815123.374057,-2.0,-0.26,-0.75,-15.22,-6.02,-19.8,-0.35,1.2,0.28,159.37,-48.89,-119.25,1
1746815123.390727,-2.0,-0.18,-0.62,-17.4,-53.44,-2.74,-0.25,1.31,0.33,115.66,-39.4,-82.5,1
1746815123.407446,-2.0,-0.24,-0.51,18.31,-193.62,26.28,-0.19,1.23,0.36,76.3,-24.18,-45.03,1
1746815123.423712,-2.0,-0.3,-1.26,47.9,-30.22,10.4,-0.15,1.04,0.4,39.98,-24.08,-18.21,1
1746815123.441171,-2.0,-0.19,-0.69,40.97,27.5,-10.49,-0.1,0.87,0.46,13.65,-28.09,0.07,1
1746815123.459925,-2.0,-0.34,-1.06,54.31,72.31,-10.27,-0.1,0.69,0.5,1.48,-28.87,7.08,1
1746815123.474825,-2.0,-0.16,0.52,-4.48,90.92,-70.89,-0.05,0.54,0.47,-0.84,-36.43,11.31,1
1746815123.490586,-2.0,-0.37,-0.65,9.55,129.79,-57.24,0.03,0.41,0.47,7.18,-19.21,13.61,1
1746815123.49943,-2.0,-0.23,-0.65,-40.63,106.86,-48.13,0.05,0.33,0.53,41.27,-5.44,15.76,1
1746815123.513448,-2.0,-0.29,-0.57,-41.05,-4.66,0.69,0.02,0.41,0.58,43.21,9.82,9.5,1
1746815123.527578,-2.0,-0.32,-0.82,-71.5,-21.6,14.38,0.01,0.45,0.61,29.4,5.48,2.59,1
1746815123.541027,-2.0,-0.34,-0.71,-66.87,-16.65,21.59,0.02,0.43,0.61,13.66,5.85,-3.93,1
1746815123.557826,-2.0,-0.37,-0.76,-42.23,7.15,23.92,-0.01,0.36,0.64,15.4,18.56,-6.87,1
1746815123.574638,-2.0,-0.35,-0.8,-42.2,-2.84,23.6,-0.02,0.33,0.64,27.27,38.64,-6.01,1
1746815123.591593,-2.0,-0.38,-0.79,-45.09,-19.37,27.86,-0.13,0.39,0.75,30.27,17.03,-5.34,1
1746815123.60815,-2.0,-0.42,-0.83,-28.75,-44.12,32.76,-0.06,0.41,0.65,30.34,-0.69,-3.79,1
1746815123.624467,-2.0,-0.4,-0.85,-0.29,-29.1,25.39,-0.01,0.47,0.58,30.17,4.29,-1.3,1
1746815123.640464,-2.0,-0.2,-0.4,32.13,-39.14,21.82,0.03,0.39,0.6,27.34,22.79,-5.05,1
1746815123.649932,-2.0,-0.54,-0.98,33.53,-36.79,19.73,0.2,0.37,0.39,18.82,38.85,0.31,1
1746815123.662703,-2.0,-0.4,-0.88,46.67,1.86,15.97,-0.06,0.17,0.45,4.21,-9.39,1.69,1
1746815123.677624,-2.0,-0.19,-0.61,-9.05,-29.43,14.9,-0.18,0.4,0.76,4.46,-2.69,7.96,1
1746815123.691592,-2.0,-0.21,-0.76,-24.96,-84.78,41.8,-0.1,0.52,0.8,-10.3,-25.55,19.65,1
1746815123.707807,-2.0,-0.33,-0.75,-44.1,-9.79,2.31,-0.3,0.38,0.96,14.08,-3.82,16.02,1
1746815123.724679,-2.0,-0.28,-0.94,-16.37,29.26,0.66,-0.05,0.37,0.63,12.06,54.43,5.37,1
1746815123.741332,-2.0,-0.22,-0.81,-42.98,44.39,-18.86,-0.07,0.44,0.71,-8.37,4.05,6.47,1
1746815123.759937,-2.0,-0.3,-0.75,30.27,-0.74,24.79,-0.02,0.32,0.62,-7.63,-9.95,9.22,1
1746815123.774565,-2.0,-0.31,-0.84,47.15,24.4,19.3,-0.03,0.28,0.58,-1.09,-15.37,11.96,1
1746815123.7833,-2.0,-0.31,-0.7,25.66,37.6,1.06,0.01,0.31,0.57,12.05,-9.08,9.34,1
1746815123.800419,-2.0,-0.28,-0.76,35.16,45.13,0.29,-0.12,0.36,0.69,28.41,2.1,6.25,1
1746815123.812987,-2.0,-0.27,-0.78,18.95,-1.67,14.23,-0.11,0.39,0.63,41.74,11.16,7.58,1
1746815123.840736,-2.0,-0.27,-0.76,11.77,-19.4,21.9,-0.15,0.44,0.65,37.93,6.44,8.6,1
1746815123.840736,-2.0,-0.28,-0.75,-13.68,0.73,9.34,-0.12,0.5,0.62,29.45,-1.75,9.56,1
1746815123.857469,-2.0,-0.31,-0.76,7.92,3.05,8.64,-0.06,0.47,0.5,34.89,1.94,16.26,1
1746815123.874258,-2.0,-0.27,-0.69,21.55,-21.04,17.76,-0.09,0.53,0.54,39.31,0.32,20.42,1
1746815123.891174,-2.0,-0.27,-0.74,25.17,-24.69,19.81,-0.13,0.65,0.58,32.29,3.4,22.89,1
1746815123.909984,-2.0,-0.28,-0.67,26.27,-69.69,33.96,-0.06,0.68,0.41,5.53,10.94,23.27,1
1746815123.924246,-2.0,-0.27,-0.69,-8.58,-126.08,16.18,-0.16,0.69,0.44,-16.69,19.8,25.27,1
1746815123.934869,-2.0,-0.26,-0.8,-6.6,-82.11,7.21,-0.21,0.7,0.43,-29.39,11.85,31.64,1
1746815123.947319,-2.0,-0.21,-0.85,9.5,-24.21,-3.83,-0.22,0.69,0.43,-34.08,-4.5,43.39,1
1746815123.9617,-2.0,-0.24,-0.81,2.51,16.08,-16.95,-0.23,0.71,0.43,-24.21,-5.25,64.43,1
1746815123.974447,-2.0,-0.22,-0.65,-9.07,1.44,-19.79,-0.23,0.69,0.38,-1.94,17.35,84.79,1
1746815123.991414,-2.0,-0.17,-0.71,-33.75,14.63,-22.9,-0.27,0.69,0.3,27.48,29.87,98.78,1
1746815124.007788,-2.0,-0.39,-0.66,-33.69,48.25,-17.69,-0.34,0.66,0.31,42.53,27.15,112.45,1
1746815124.024529,-2.0,-0.2,-0.51,-22.07,-49.21,-1.84,-0.34,0.65,0.31,63.35,24.6,119.56,1
1746815124.041262,-2.0,-0.31,-0.81,-10.32,-14.85,3.5,-0.28,0.53,0.2,97.48,50.63,126.42,1
1746815124.057893,-2.0,-0.22,-0.67,-8.38,-38.63,6.51,-0.21,0.54,0.17,126.68,68.96,133.58,0
1746815124.074627,-2.0,-0.19,-0.63,13.91,-110.91,24.15,-0.21,0.5,0.12,142.15,84.74,130.6,0
1746815124.07599,-2.0,-0.26,-0.77,37.26,-106.2,28.31,-0.26,0.6,0.16,137.18,79.42,127.2,0
1746815124.096433,-2.0,-0.2,-0.69,21.17,-78.27,12.82,-0.24,0.5,0.08,140.37,99.97,122.81,0
1746815124.112512,-2.0,-0.22,-0.76,56.79,-47.03,36.19,-0.19,0.48,0.05,137.85,120.2,116.55,0
1746815124.124967,-2.0,-0.23,-0.82,6.91,-29.62,16.22,-0.13,0.54,0.12,127.27,155.19,98.89,0
1746815124.141385,-2.0,-0.27,-0.59,-23.5,-27.11,6.31,-0.1,0.51,0.14,121.22,182.6,83.96,0
1746815124.157766,-2.0,-0.25,-0.75,1.78,-41.24,19.02,-0.15,0.49,0.15,112.94,180.09,67.54,0
1746815124.174937,-2.0,-0.39,-0.95,17.02,20.44,7.82,-0.15,0.43,0.08,91.78,169.23,52.53,0
1746815124.191606,-2.0,-0.39,-0.94,12.8,133.65,-18.49,-0.22,0.39,0.14,106.18,163.28,37.56,0
1746815124.210343,-2.0,-0.34,-0.82,7.07,219.49,-30.47,-0.24,0.42,0.17,102.66,173.5,21.88,0
1746815124.224546,-2.0,-0.34,-0.66,-23.41,182.35,-37.21,-0.21,0.54,0.26,87.76,195.39,-0.02,0
1746815124.233503,-2.0,-0.4,-0.81,-21.78,30.6,-11.79,-0.3,0.52,0.35,69.4,201.88,-23.2,0
1746815124.249953,-2.0,-0.35,-0.72,-21.87,18.04,-9.47,-0.38,0.48,0.37,35.6,190.16,-47.02,0
1746815124.262836,-2.0,-0.36,-0.72,-8.29,11.74,1.47,-0.45,0.34,0.3,21.31,176.41,-60.66,0
1746815124.275187,-2.0,-0.36,-0.74,-21.74,12.55,-1.53,-0.54,0.3,0.25,45.06,152.44,-69.89,0
1746815124.298614,-2.0,-0.36,-0.67,-18.45,2.94,2.6,-0.54,0.34,0.14,56.69,135.49,-77.46,0
1746815124.314877,-2.0,-0.35,-0.7,-7.32,-4.8,10.86,-0.62,0.54,0.14,62.15,135.86,-88.07,0
1746815124.324939,-2.0,-0.36,-0.75,-13.69,-6.01,8.7,-0.65,0.72,0.17,25.15,131.61,-102.47,0
1746815124.341961,-2.0,-0.35,-0.7,-22.89,-10.6,4.92,-0.63,0.71,0.09,-44.31,142.5,-122.92,0
1746815124.358822,-2.0,-0.37,-0.69,-9.81,-22.58,11.32,-0.65,0.47,0.02,-83.34,148.71,-139.9,0
1746815124.375084,-2.0,-0.38,-0.69,-8.5,-10.15,8.95,-0.76,0.27,-0.0,-66.09,156.27,-154.17,0
1746815124.383526,-2.0,-0.37,-0.67,-9.32,-44.24,15.54,-0.92,0.3,-0.02,-47.69,148.05,-163.18,0
1746815124.400243,-2.0,-0.33,-0.61,-11.73,-95.24,21.62,-0.94,0.45,-0.03,-1.34,165.3,-160.34,0
1746815124.412587,-2.0,-0.37,-0.86,-6.32,-69.41,20.43,-1.03,0.64,0.03,12.45,171.36,-150.99,0
1746815124.424869,-2.0,-0.33,-0.87,-23.33,-23.44,4.28,-1.19,0.69,0.18,-1.01,173.21,-145.57,0
1746815124.441828,-2.0,-0.35,-0.87,-24.32,30.89,-8.66,-1.34,0.57,0.34,-5.19,155.93,-142.14,0
1746815124.457878,-2.0,-0.37,-0.98,-21.09,127.41,-24.14,-1.38,0.44,0.35,11.89,137.53,-147.4,0
1746815124.475336,-2.0,-0.34,0.47,-22.44,59.17,-38.83,-1.46,0.34,0.26,34.75,107.87,-154.54,0
1746815124.491679,-2.0,-0.38,-0.64,-16.63,66.9,-31.15,-1.49,0.39,0.19,56.57,94.47,-163.66,0
1746815124.51052,-2.0,-0.29,-0.74,-22.11,38.84,-24.74,-1.55,0.27,0.17,85.89,26.47,-155.13,0
1746815124.524783,-2.0,-0.37,-0.76,-7.7,12.6,-8.86,-1.64,0.64,0.16,113.37,71.34,-160.07,0
1746815124.533632,-2.0,-0.3,-0.76,-3.63,-3.98,2.06,-1.33,0.59,-0.78,120.73,122.67,-187.87,0
1746815124.55093,-2.0,-0.33,-0.73,6.85,-13.37,9.93,-1.56,1.05,0.05,108.58,102.26,-163.63,0
1746815124.563533,-2.0,-0.31,-0.75,5.66,-5.53,10.79,-1.5,1.09,-0.02,79.79,125.15,-154.23,0
1746815124.575077,-2.0,-0.34,-0.71,3.53,2.05,10.79,-1.49,0.78,-0.08,63.28,173.31,-144.81,0
1746815124.591771,-2.0,-0.35,-0.72,-1.98,1.61,11.79,-2.0,-0.23,1.75,250.13,174.66,-28.05,0
1746815124.608574,-2.0,-0.34,-0.68,0.77,-7.6,16.1,-2.0,2.0,2.0,250.13,-72.37,78.51,0
1746815124.625386,-2.0,-0.32,-0.65,-1.53,-23.25,19.67,-0.91,1.5,-0.12,-34.93,-176.5,92.21,0
1746815124.642352,-2.0,-0.32,-0.67,-8.22,-50.67,26.69,-0.99,0.35,-0.32,57.99,-44.08,94.7,0
1746815124.661155,-2.0,-0.31,-0.6,-17.37,-77.5,24.92,-1.04,0.54,-0.37,23.24,0.61,84.93,0
1746815124.67541,-2.0,-0.33,-0.8,-18.71,-70.53,21.95,-0.99,0.54,-0.33,-25.73,31.16,57.88,0
1746815124.683746,-2.0,-0.37,-0.85,-8.91,-7.17,13.08,-1.09,0.56,-0.15,-75.66,44.18,34.27,0
1746815124.700548,-2.0,-0.35,-0.85,8.8,49.17,11.27,-0.98,0.29,-0.18,-96.61,32.86,15.41,0
1746815124.713004,-2.0,-0.28,-0.58,-6.16,58.44,7.16,-0.88,0.11,-0.32,-95.83,13.21,6.4,0
1746815124.725386,-2.0,-0.29,-0.64,-9.23,1.85,18.21,-0.79,0.09,-0.37,-80.66,3.63,-5.36,0
1746815124.749414,-2.0,-0.35,-0.7,-7.82,-5.48,17.35,-0.79,0.06,-0.3,-42.68,-10.86,-9.11,0
1746815124.76377,-2.0,-0.36,-0.74,-2.26,-8.96,13.42,-0.75,0.11,-0.39,-18.34,-4.64,-10.73,0
1746815124.775561,-2.0,-0.37,-0.76,3.97,-2.28,5.21,-0.79,0.2,-0.4,0.31,-12.35,-6.48,0
1746815124.794675,-2.0,-0.34,-0.77,8.24,-4.77,1.9,-0.73,0.31,-0.47,-3.07,-13.68,-5.25,0
1746815124.808649,-2.0,-0.37,-0.77,12.36,-11.48,3.61,-0.76,0.45,-0.55,-21.98,-7.57,-9.55,0
1746815124.826191,-2.0,-0.4,-0.8,13.47,-11.79,2.47,-0.81,0.3,-0.53,-32.47,-15.44,-10.96,0
1746815124.834635,-2.0,-0.34,-0.74,14.26,-21.22,5.67,-0.72,0.76,-0.65,-128.33,-7.63,-21.15,0
1746815124.847609,-2.0,-0.39,-0.79,21.56,-29.66,11.62,-0.69,0.39,-0.68,-59.89,29.53,-1.74,0
1746815124.864209,-2.0,-0.39,-0.75,6.11,-40.43,9.14,-0.91,0.38,-0.36,-48.63,-31.56,-2.6,0
1746815124.875223,-2.0,-0.34,-0.68,-4.6,-42.53,7.86,-0.95,0.34,-0.29,-50.18,3.94,2.45,0
1746815124.891714,-2.0,-0.35,-0.69,-5.29,-71.47,14.1,-0.91,0.36,-0.39,-32.93,12.54,6.75,0
1746815124.908395,-2.0,-0.29,-0.68,-8.18,-48.43,13.94,-0.9,0.39,-0.32,-22.41,1.53,8.1,0
1746815124.925209,-2.0,-0.39,-0.81,-1.8,18.18,-1.08,-0.85,0.37,-0.36,-20.14,12.1,3.4,0
1746815124.94227,-2.0,-0.37,-0.79,3.04,25.66,1.36,-0.92,0.3,-0.32,-6.6,4.44,14.26,0
1746815124.961348,-2.0,-0.36,-0.57,-19.06,32.54,-6.87,-0.84,0.32,-0.36,-9.26,5.23,11.35,0
1746815124.975717,-2.0,-0.35,-0.58,-13.21,5.52,3.08,-0.88,0.32,-0.33,2.89,6.66,14.24,0
1746815124.984146,-2.0,-0.31,-0.6,-13.01,11.46,1.83,-0.88,0.34,-0.3,-2.87,7.26,7.11,0
1746815125.000584,-2.0,-0.34,-0.86,-15.29,50.79,-5.13,-0.9,0.35,-0.27,4.05,8.85,3.34,0
1746815125.012791,-2.0,-0.29,-0.62,-31.79,56.85,-15.27,-0.92,0.39,-0.26,3.99,20.34,1.42,0
1746815125.025347,-2.0,-0.34,-0.6,-30.08,5.6,-3.26,-0.89,0.43,-0.26,11.24,15.4,2.37,0
1746815125.042305,-2.0,-0.34,-0.64,-38.11,-37.24,1.78,-0.91,0.44,-0.22,1.39,19.71,7.26,0
1746815125.059101,-2.0,-0.33,-0.8,-26.7,-0.5,-2.32,-0.93,0.36,-0.2,1.54,14.15,4.56,0
1746815125.076459,-2.0,-0.27,-0.72,-29.92,18.76,-7.9,-0.98,0.37,-0.13,-13.25,9.6,1.53,0
1746815125.093118,-2.0,-0.26,-0.75,-22.47,8.73,-3.02,-0.99,0.31,-0.07,-5.87,5.76,2.45,0
1746815125.111375,-2.0,-0.32,-0.73,-26.15,3.7,-1.26,-1.0,0.26,-0.03,2.85,0.11,4.47,0
1746815125.125227,-2.0,-0.31,-0.76,-18.79,22.39,-1.23,-0.98,0.24,-0.07,-1.14,-6.81,1.16,0
1746815125.133984,-2.0,-0.27,-0.73,-10.63,26.99,4.37,-1.13,0.23,0.03,-1.18,-9.43,-1.95,0
1746815125.148052,-2.0,-0.42,-0.57,1.06,29.75,-0.02,-1.06,0.4,-0.04,-16.95,-7.0,-9.18,0
1746815125.163285,-2.0,-0.37,-0.45,-10.58,6.95,-1.01,-0.98,0.52,-0.06,-25.33,-11.54,-7.08,0
1746815125.175757,-2.0,-0.21,-0.82,-17.88,31.82,-4.27,-1.0,0.3,-0.18,15.7,4.72,5.02,0
1746815125.191977,-2.0,-0.35,-0.71,-0.95,-14.53,10.18,-1.02,0.31,-0.22,3.19,-3.1,-2.73,0
1746815125.20882,-2.0,-0.32,-0.81,-0.46,18.37,-0.19,-0.86,0.43,-0.31,-9.35,8.62,-0.01,0
1746815125.225619,-2.0,-0.3,-0.69,-2.75,5.56,2.83,-0.94,0.4,-0.24,-8.66,-2.31,-2.24,0
1746815125.245053,-2.0,-0.36,-0.77,-8.59,13.95,-2.47,-0.95,0.36,-0.24,-5.13,6.12,-1.47,0
1746815125.250273,-2.0,-0.31,-0.74,-9.66,10.21,-3.29,-0.88,0.4,-0.33,-23.61,0.24,-4.5,0
1746815125.266184,-2.0,-0.35,-0.77,-6.86,6.31,-1.82,-0.88,0.37,-0.35,-14.56,18.89,-5.27,0
1746815125.283513,-2.0,-0.33,-0.78,-14.8,20.95,-10.03,-0.76,0.37,-0.45,-3.41,24.11,3.03,0
1746815125.296703,-2.0,-0.34,-0.74,-10.81,3.85,-1.55,-0.96,0.36,-0.23,5.07,-6.79,2.38,0
1746815125.312233,-2.0,-0.4,-0.79,-12.16,1.58,2.27,-1.06,0.44,-0.09,-3.07,-24.57,-0.89,0
1746815125.325564,-2.0,-0.36,-0.76,-13.37,11.01,-1.6,-0.93,0.41,-0.22,-5.11,20.44,1.5,0
1746815125.347278,-2.0,-0.36,-0.76,-6.74,17.25,-4.19,-0.8,0.44,-0.39,-1.94,7.2,3.02,0
1746815125.358686,-2.0,-0.33,-0.73,-14.73,2.99,-6.14,-0.86,0.44,-0.26,-0.27,-16.95,2.54,0
1746815125.375874,-2.0,-0.3,-0.72,-8.18,-1.4,0.19,-0.97,0.35,-0.17,4.65,2.41,6.54,1
1746815125.393433,-2.0,-0.36,-0.75,8.44,-8.13,5.53,-0.9,0.42,-0.22,-6.45,-1.69,0.76,1
1746815125.409264,-2.0,-0.39,-0.78,12.81,-5.67,1.6,-0.87,0.42,-0.31,-4.85,11.56,1.33,1
1746815125.417384,-2.0,-0.31,-0.76,15.8,16.97,-6.28,-0.88,0.53,-0.25,-4.19,-1.37,3.59,1
1746815125.433687,-2.0,-0.29,-0.7,12.7,7.69,-0.78,-0.87,0.65,-0.26,-25.0,15.44,10.33,1
1746815125.447162,-2.0,-0.34,-0.72,20.79,-2.69,10.66,-0.96,0.74,-0.2,-45.85,4.28,15.6,1
1746815125.462531,-2.0,-0.34,-0.71,19.56,-8.95,14.79,-0.97,0.75,-0.19,-63.88,-1.08,26.56,1
1746815125.476152,-2.0,-0.34,-0.7,21.98,-8.73,17.25,-1.04,0.83,-0.17,-67.94,-22.77,37.32,1
1746815125.492834,-2.0,-0.32,-0.75,12.43,-1.46,12.95,-1.03,0.85,-0.24,-52.29,-20.24,56.17,1
1746815125.509419,-2.0,-0.36,-0.76,4.34,-1.28,10.15,-1.03,1.14,-0.24,-40.62,-39.64,78.08,1
1746815125.526252,-2.0,-0.38,-0.73,4.23,-4.07,11.55,-1.05,1.22,-0.3,-44.52,-13.88,101.03,1
1746815125.544751,-2.0,-0.44,-0.75,4.79,2.81,10.34,-0.99,1.39,-0.34,-72.24,-9.63,124.46,1
1746815125.559618,-2.0,-0.36,-0.67,2.15,-1.95,10.19,-1.27,1.32,-0.12,-58.27,-10.18,143.19,1
1746815125.575652,-2.0,-0.34,-0.7,-5.82,-4.38,8.74,-0.99,1.35,-0.43,-71.95,0.6,165.25,1
1746815125.584439,-2.0,-0.39,-0.69,-6.5,-6.75,7.94,-1.2,1.36,-0.26,-63.56,0.52,183.79,1
1746815125.597406,-2.0,-0.35,-0.71,-2.8,-9.66,8.65,-1.12,1.42,-0.34,-68.28,-4.58,205.24,1
1746815125.612447,-2.0,-0.33,-0.72,-6.51,3.73,2.02,-1.2,1.53,-0.25,-86.78,-3.13,219.15,1
1746815125.626479,-2.0,-0.36,-0.69,-8.01,-8.11,5.9,-1.13,1.41,-0.4,-105.67,3.44,236.82,1
1746815125.642784,-2.0,-0.37,-0.75,-5.6,-3.98,6.59,-1.13,1.36,-0.41,-111.36,16.53,241.58,1
1746815125.659132,-2.0,-0.35,-0.71,-1.47,-11.35,11.92,-1.03,1.33,-0.55,-116.83,23.7,249.08,1
1746815125.676236,-2.0,-0.35,-0.75,-0.7,2.52,7.73,-1.14,1.4,-0.48,-106.98,46.09,250.13,1
1746815125.695351,-2.0,-0.34,-0.77,-2.62,2.42,7.86,-1.12,1.47,-0.54,-110.98,45.07,250.13,1
1746815125.709659,-2.0,-0.32,-0.73,-6.21,-1.63,8.64,-1.14,1.42,-0.54,-120.37,35.2,250.13,1
1746815125.719484,-2.0,-0.37,-0.78,-6.8,4.35,7.29,-1.15,1.25,-0.55,-111.42,45.29,250.13,1
1746815125.734325,-2.0,-0.35,-0.76,-6.73,6.79,8.27,-1.02,1.08,-0.61,-101.93,39.53,250.13,1
1746815125.747839,-2.0,-0.34,-0.74,-9.04,7.63,9.64,-0.98,1.06,-0.55,-99.48,67.73,250.13,1
1746815125.759461,-2.0,-0.37,-0.75,-11.18,11.18,9.13,-0.85,0.94,-0.6,-123.66,86.05,250.13,1
1746815125.776033,-2.0,-0.37,-0.74,-10.78,5.12,11.42,-0.91,0.83,-0.43,-143.61,104.43,250.13,1
1746815125.792795,-2.0,-0.32,-0.7,-13.93,9.18,9.47,-0.82,0.6,-0.38,-133.47,114.17,250.13,1
1746815125.809521,-2.0,-0.37,-0.75,-16.95,6.29,9.95,-0.78,0.54,-0.27,-127.25,97.61,250.13,1
1746815125.826651,-2.0,-0.34,-0.7,-20.49,11.79,6.06,-0.57,0.38,-0.36,-133.21,104.56,247.66,1
1746815125.843398,-2.0,-0.36,-0.67,-15.92,0.76,9.34,-0.63,0.31,-0.13,-156.78,91.73,228.17,1
1746815125.86155,-2.0,-0.35,-0.67,-10.15,2.79,7.1,-0.49,0.27,-0.21,-175.68,114.62,203.91,1
1746815125.867563,-2.0,-0.33,-0.69,-8.85,5.0,4.1,-0.44,0.14,-0.1,-220.29,111.25,170.13,1
1746815125.88452,-2.0,-0.31,-0.69,-12.26,2.82,2.34,-0.41,-0.05,0.05,-238.86,111.77,133.76,1
1746815125.897778,-2.0,-0.34,-0.77,-20.66,12.96,-4.34,-0.27,-0.36,0.03,-226.95,104.94,105.09,1
1746815125.912519,-2.0,-0.31,-0.75,-21.85,8.5,-5.46,-0.26,-0.43,0.15,-204.78,92.47,79.1,1
1746815125.926267,-2.0,-0.28,-0.7,-21.12,11.47,-8.58,-0.17,-0.44,0.19,-179.17,91.37,64.97,1
1746815125.942806,-2.0,-0.25,-0.67,-11.0,-1.62,-1.07,-0.24,-0.55,0.53,-144.84,50.67,42.85,1
1746815125.959788,-2.0,-0.34,-0.71,-9.66,4.63,-3.14,-0.24,-0.5,0.61,-122.59,52.01,14.87,1
1746815125.976564,-2.0,-0.3,-0.74,-15.45,4.33,-1.4,-0.28,-0.26,0.73,-122.82,22.4,-15.17,1
1746815125.993413,-2.0,-0.31,-0.72,-14.18,0.34,-0.29,-0.3,-0.27,0.77,-112.37,21.17,-50.39,1
1746815126.011873,-2.0,-0.24,-0.85,-10.53,6.81,-1.69,-0.17,-0.33,0.65,-99.55,33.33,-75.78,1
1746815126.017087,-2.0,-0.33,-0.63,-4.46,-17.4,0.95,-0.31,-0.12,0.86,-109.53,-9.54,-87.44,1
1746815126.035667,-2.0,-0.26,-0.73,-12.51,-21.88,-1.55,-0.46,-0.25,1.01,-62.92,-23.64,-96.74,1
1746815126.048529,-2.0,-0.26,-0.63,-22.37,-14.31,-7.22,-0.4,-0.2,0.92,-45.08,-42.5,-112.8,1
1746815126.05949,-2.0,-0.26,-0.79,-26.7,-2.6,-10.85,-0.34,-0.08,0.92,-68.97,-62.15,-140.44,1
1746815126.07711,-2.0,-0.3,-0.7,-14.37,7.13,-10.42,-0.42,-0.11,0.88,-60.86,-42.23,-167.74,1
1746815126.092601,-2.0,-0.18,-0.62,-10.96,-11.1,-4.95,-0.41,-0.01,0.91,-74.27,-49.74,-189.51,1
1746815126.110203,-2.0,-0.29,-0.64,-9.89,-1.61,-10.73,-0.46,-0.06,0.91,-77.68,-42.04,-213.3,1
1746815126.126507,-2.0,-0.28,-0.63,-1.2,-18.33,-2.47,-0.48,-0.09,0.9,-78.34,-46.6,-228.25,1
1746815126.145095,-2.0,-0.25,-0.89,1.59,37.5,-11.25,-0.53,0.06,0.88,-69.46,-46.63,-247.19,1
1746815126.159671,-2.0,-0.22,-0.72,-0.69,15.63,-8.93,-0.58,0.13,0.86,-64.31,-41.18,-250.14,1
1746815126.16905,-2.0,-0.31,-0.76,6.23,-27.88,-0.21,-0.61,0.23,0.87,-49.92,-46.84,-250.14,1
1746815126.184722,-2.0,-0.3,-0.7,-1.15,-13.47,-2.19,-0.65,0.27,0.87,-36.64,-56.85,-250.14,1
1746815126.197626,-2.0,-0.31,-0.79,-8.08,-12.66,-4.42,-0.61,0.31,0.82,-22.06,-60.4,-250.14,1
1746815126.210053,-2.0,-0.32,-0.74,-19.84,8.4,-11.6,-0.63,0.36,0.77,-12.12,-57.26,-250.14,1
1746815126.226984,-2.0,-0.32,-0.67,-22.79,-27.18,-6.54,-0.63,0.38,0.77,-11.37,-54.87,-250.14,1
1746815126.243387,-2.0,-0.34,-0.82,-20.75,-21.19,-7.04,-0.62,0.34,0.71,-10.03,-54.95,-250.14,1
1746815126.260168,-2.0,-0.33,-0.79,-31.91,3.68,-18.73,-0.6,0.32,0.64,-10.21,-51.4,-250.14,1
1746815126.277196,-2.0,-0.16,-0.43,-21.15,-58.75,2.3,-0.83,0.38,0.79,-13.87,-65.43,-250.14,1
1746815126.295145,-2.0,-0.43,-0.51,-25.14,-38.88,0.03,-0.97,0.38,0.88,-11.49,-89.3,-250.14,1
1746815126.310074,-2.0,-0.29,-0.98,-25.82,-45.37,-6.59,-0.96,0.44,0.83,8.19,-58.89,-250.14,1
1746815126.318895,-2.0,-0.52,-0.73,-6.6,-4.37,-7.31,-0.81,0.63,0.71,-9.53,-66.84,-250.14,1
1746815126.334964,-2.0,-0.35,-0.8,-4.05,17.18,-6.2,-0.77,0.72,0.67,-24.35,-62.33,-250.14,1
1746815126.347356,-2.0,-0.29,-1.04,5.33,112.85,-23.76,-0.67,0.76,0.53,-48.99,-65.08,-250.14,1
1746815126.363426,-2.0,-0.2,0.08,-10.44,22.57,-30.18,-0.77,0.7,0.67,-65.88,-59.41,-250.14,1
1746815126.379659,-2.0,-0.29,-0.66,9.84,39.08,-15.27,-0.78,0.62,0.7,-67.45,-49.21,-250.14,1
1746815126.393254,-2.0,-0.34,-0.71,6.21,10.09,-2.87,-0.83,0.53,0.73,-45.34,-34.62,-247.02,1
1746815126.409866,-2.0,-0.44,-0.75,6.19,-17.91,10.3,-0.84,0.51,0.7,-19.96,-47.7,-240.19,1
1746815126.427196,-2.0,-0.39,-0.76,11.5,-8.12,11.6,-0.87,0.5,0.74,8.74,-67.17,-235.11,1
1746815126.446163,-2.0,-0.35,-0.76,12.58,-16.72,18.42,-0.83,0.54,0.62,35.13,-78.34,-230.8,1
1746815126.459993,-2.0,-0.4,-0.8,-12.21,-8.31,5.81,-0.77,0.65,0.49,49.98,-88.6,-222.32,1
1746815126.46758,-2.0,-0.36,-0.74,-13.62,-22.4,14.71,-0.74,0.75,0.45,64.5,-88.43,-210.66,1
1746815126.483483,-2.0,-0.32,-0.46,-2.89,-108.24,60.07,-0.68,0.83,0.37,81.61,-84.92,-195.86,1
1746815126.497456,-2.0,-0.4,-0.87,-22.35,-152.92,44.05,-0.5,0.93,0.23,92.69,-80.27,-176.34,1
1746815126.518856,-2.0,-0.42,-0.87,-23.5,-97.01,20.89,-0.38,1.05,0.2,92.79,-55.83,-154.59,1
1746815126.531269,-2.0,-0.45,-1.03,17.81,30.63,17.43,-0.27,1.17,0.25,86.18,-38.23,-128.28,1
1746815126.543292,-2.0,-0.42,-0.93,-5.29,123.75,-18.61,-0.19,1.22,0.32,73.28,-22.41,-101.21,1
1746815126.559933,-2.0,-0.43,-1.03,-22.02,250.13,-59.56,-0.13,1.23,0.36,60.4,-10.1,-70.94,1
1746815126.571272,-2.0,-0.26,-1.1,-32.61,72.94,-26.8,-0.13,1.2,0.44,43.47,-2.4,-36.61,1
1746815126.594101,-2.0,-0.35,-0.79,-30.52,18.84,-10.69,-0.11,1.06,0.47,22.45,2.14,-3.76,1
1746815126.609672,-2.0,-0.36,-0.79,-40.77,5.15,-6.24,-0.14,0.83,0.54,-0.78,-9.17,15.58,1
1746815126.617816,-2.0,-0.36,-0.78,-25.82,24.51,-8.85,-0.1,0.57,0.53,-11.82,-20.47,23.28,1
1746815126.63167,-2.0,-0.38,-0.75,-23.38,27.59,-13.79,-0.0,0.37,0.48,-7.65,-17.89,24.19,1
1746815126.647905,-2.0,-0.32,-0.75,-17.24,27.23,-7.73,0.0,0.28,0.52,2.31,1.14,16.58,1
1746815126.659817,-2.0,-0.35,-0.8,-13.15,12.69,10.28,-0.01,0.28,0.61,5.71,17.53,2.31,1
1746815126.693147,-2.0,-0.33,-0.8,-24.15,12.57,9.57,-0.06,0.3,0.7,10.52,25.62,-10.4,1
1746815126.693147,-2.0,-0.34,-0.78,-25.78,14.83,7.16,-0.07,0.31,0.67,17.38,12.38,-12.32,1
1746815126.710157,-2.0,-0.34,-0.78,-17.99,15.43,9.23,-0.1,0.38,0.7,25.09,9.44,-9.6,1
1746815126.726972,-2.0,-0.35,-0.78,-10.97,19.35,10.85,-0.11,0.44,0.72,31.9,19.06,-5.71,1
1746815126.745488,-2.0,-0.39,-0.86,-6.06,8.53,16.09,-0.12,0.52,0.75,22.7,16.18,-1.24,1
1746815126.759938,-2.0,-0.39,-0.73,2.22,-14.44,22.15,-0.07,0.53,0.63,14.18,21.98,6.69,1
1746815126.76881,-2.0,-0.37,-0.77,4.05,-6.12,14.05,-0.01,0.47,0.55,11.23,22.15,10.96,1
1746815126.782173,-2.0,-0.35,-0.78,7.19,13.85,3.54,-0.06,0.45,0.6,10.62,12.86,13.36,1
1746815126.793497,-2.0,-0.32,-0.77,9.0,9.21,4.86,-0.09,0.49,0.64,2.77,5.68,12.21,1
1746815126.810558,-2.0,-0.33,-0.77,2.23,3.85,6.6,-0.08,0.43,0.62,-0.27,12.98,11.51,1
1746815126.827104,-2.0,-0.27,-0.73,-10.79,-9.76,10.87,-0.09,0.38,0.63,1.93,10.85,14.47,1
1746815126.843547,-2.0,-0.27,-0.77,-13.6,8.24,4.38,-0.08,0.4,0.66,-1.22,8.32,14.69,1
1746815126.860639,-2.0,-0.28,-0.75,-4.18,0.69,9.39,-0.12,0.42,0.7,-4.69,-0.82,13.85,1
1746815126.879429,-2.0,-0.27,-0.78,-11.41,5.08,6.23,-0.13,0.39,0.72,0.26,10.27,14.65,1
1746815126.89587,-2.0,-0.24,-0.7,-12.21,-12.92,13.69,-0.18,0.36,0.69,7.18,13.51,13.44,1
1746815126.910435,-2.0,-0.26,-0.65,-13.82,-44.79,25.16,-0.15,0.38,0.72,16.98,14.45,8.74,1
1746815126.919067,-2.0,-0.22,-0.61,14.61,-26.59,24.04,-0.2,0.43,0.81,22.74,-16.12,12.8,1
1746815126.935119,-2.0,-0.37,-0.64,36.71,-49.37,37.08,-0.16,0.51,0.69,33.29,-14.49,20.45,1
1746815126.946898,-2.0,-0.3,-0.69,9.19,-33.08,19.84,-0.06,0.68,0.62,15.05,-3.44,31.95,1
1746815126.960556,-2.0,-0.14,-0.95,2.47,-28.02,9.42,-0.11,0.51,0.56,11.09,-2.23,24.66,1
1746815126.97711,-2.0,-0.36,-0.56,10.17,-52.79,9.51,-0.05,0.44,0.43,15.95,-0.46,30.08,1
1746815126.993908,-2.0,-0.29,-1.18,20.08,63.49,-8.18,-0.1,0.45,0.51,16.84,-1.4,32.53,1
1746815127.010885,-2.0,-0.17,-0.42,25.63,-12.47,2.1,-0.07,0.46,0.5,35.55,6.11,37.91,1
1746815127.027993,-2.0,-0.14,-0.94,26.42,7.38,16.1,-0.14,0.46,0.58,45.73,13.44,40.97,1
1746815127.045916,-2.0,-0.29,-0.82,6.69,-2.78,33.06,-0.1,0.51,0.56,39.91,14.36,42.95,1
1746815127.060098,-2.0,-0.4,-0.78,-6.11,21.4,28.85,-0.1,0.54,0.6,30.23,19.85,42.37,0
1746815127.068222,-2.0,-0.41,-0.71,3.31,23.24,33.78,-0.12,0.5,0.6,13.54,12.34,40.11,0
1746815127.081222,-2.0,-0.34,-0.63,14.91,3.62,42.98,-0.13,0.4,0.61,10.19,11.02,37.83,0
1746815127.09689,-2.0,-0.28,-0.68,-2.07,-1.44,32.83,-0.1,0.36,0.53,13.08,14.36,32.85,0
1746815127.110573,-2.0,-0.25,-0.72,0.79,-54.03,31.47,-0.12,0.35,0.56,22.79,21.41,29.33,0
1746815127.12734,-2.0,-0.22,-0.76,7.94,-31.31,24.05,-0.09,0.44,0.57,32.1,24.79,26.85,0
1746815127.143816,-2.0,-0.32,-0.72,-10.57,-17.77,3.85,-0.16,0.33,0.49,49.21,32.84,24.76,0
1746815127.160513,-2.0,-0.37,-0.7,-4.28,-31.25,3.98,-0.16,0.47,0.48,54.48,38.99,26.5,0
1746815127.179362,-2.0,-0.38,-0.66,-1.68,-67.89,8.89,-0.21,0.55,0.44,59.36,43.31,25.16,0
1746815127.194515,-2.0,-0.48,-0.77,9.48,-57.94,16.13,-0.25,0.59,0.39,58.82,33.01,32.17,0
1746815127.210342,-2.0,-0.35,-0.56,-1.34,-86.37,19.86,-0.23,0.64,0.29,63.88,33.34,41.82,0
1746815127.219137,-2.0,-0.26,-0.67,4.45,-80.66,22.66,-0.24,0.61,0.23,73.09,45.2,47.89,0
1746815127.233016,-2.0,-0.3,-0.88,8.17,-14.43,11.18,-0.21,0.67,0.17,77.18,59.18,56.0,0
1746815127.247563,-2.0,-0.33,-0.69,-2.04,28.59,-3.96,-0.25,0.68,0.12,72.98,73.1,57.26,0
1746815127.261147,-2.0,-0.3,-0.81,-15.68,36.31,-11.87,-0.29,0.67,0.08,65.82,81.55,56.25,0
1746815127.277969,-2.0,-0.33,-0.73,-18.68,13.37,-10.75,-0.32,0.64,0.02,64.89,86.39,52.01,0
1746815127.293613,-2.0,-0.33,-0.66,-21.64,33.15,-11.86,-0.24,0.62,-0.02,76.97,109.11,55.42,0
1746815127.310856,-2.0,-0.3,-0.85,-18.46,111.94,-21.48,-0.28,0.64,0.02,74.73,130.5,54.01,0
1746815127.329294,-2.0,-0.3,-0.74,-17.63,124.57,-25.01,-0.32,0.67,0.05,69.41,138.92,56.07,0
1746815127.34461,-2.0,-0.28,-0.73,-25.08,119.44,-30.49,-0.37,0.66,0.02,60.76,136.23,52.24,0
1746815127.360983,-2.0,-0.26,-0.91,-30.56,18.28,-12.9,-0.38,0.61,-0.03,52.86,136.69,47.33,0
1746815127.369543,-2.0,-0.28,-0.75,-16.85,10.91,-5.54,-0.37,0.66,-0.01,51.69,150.26,37.07,0
1746815127.383208,-2.0,-0.3,-0.71,-13.76,15.3,-7.15,-0.37,0.71,0.07,33.62,171.21,24.01,0
1746815127.394615,-2.0,-0.33,-0.78,-10.03,15.74,-4.9,-0.39,0.69,0.08,23.02,190.02,14.34,0
1746815127.418886,-2.0,-0.31,-0.73,-8.56,22.12,-5.05,-0.47,0.62,0.12,21.85,192.48,5.49,0
1746815127.42739,-2.0,-0.36,-0.75,-3.31,-0.83,7.47,-0.48,0.52,0.09,33.13,189.76,-0.44,0
1746815127.444057,-2.0,-0.36,-0.75,-3.93,-4.89,9.8,-0.47,0.5,0.08,46.69,192.69,-5.27,0
1746815127.460579,-2.0,-0.35,-0.76,-2.69,-5.42,11.59,-0.44,0.6,0.11,49.06,202.15,-8.89,0
1746815127.479398,-2.0,-0.32,-0.78,-4.98,-5.34,10.4,-0.53,0.64,0.21,41.18,208.26,-20.9,0
1746815127.495093,-2.0,-0.31,-0.74,-3.1,-9.66,13.43,-0.67,0.66,0.34,15.2,197.36,-34.01,0
1746815127.503355,-2.0,-0.32,-0.73,-4.79,-16.53,17.35,-0.73,0.64,0.35,-1.74,175.83,-42.6,0
1746815127.51875,-2.0,-0.35,-0.71,8.68,-33.47,31.89,-0.74,0.58,0.27,-6.76,152.28,-48.63,0
1746815127.532661,-2.0,-0.39,-0.79,-4.37,-3.8,18.0,-0.69,0.56,0.26,0.73,124.89,-46.97,0
1746815127.546501,-2.0,-0.39,-0.76,-15.34,2.85,13.89,-0.64,0.58,0.19,27.56,121.47,-52.94,0
1746815127.560904,-2.0,-0.38,-0.75,-19.66,33.63,-0.24,-0.72,0.65,0.31,43.48,120.26,-53.83,0
1746815127.577575,-2.0,-0.4,-0.74,-15.34,34.67,-2.24,-0.77,0.7,0.3,40.12,127.78,-66.18,0
1746815127.593828,-2.0,-0.38,-0.78,-32.43,29.09,-10.56,-0.8,0.64,0.28,34.31,115.0,-70.85,0
1746815127.610848,-2.0,-0.37,-0.74,-44.73,6.53,-11.36,-0.82,0.65,0.26,25.69,95.3,-75.14,0
1746815127.628547,-2.0,-0.38,-0.77,-42.66,7.86,-8.68,-0.92,0.65,0.27,24.95,79.47,-78.19,0
1746815127.644512,-2.0,-0.37,-0.73,-36.58,-3.05,-3.43,-0.94,0.65,0.26,7.35,58.67,-82.95,0
1746815127.660526,-2.0,-0.38,-0.78,-20.56,-1.76,2.85,-0.99,0.67,0.26,10.63,51.2,-82.34,0
1746815127.669352,-2.0,-0.34,-0.79,-9.92,0.9,5.9,-1.0,0.71,0.24,13.08,43.22,-81.62,0
1746815127.682591,-2.0,-0.36,-0.75,1.56,-16.85,15.27,-1.0,0.66,0.14,-3.09,68.55,-104.86,0
1746815127.703848,-2.0,-0.36,-0.78,7.91,-19.69,14.79,-1.0,0.63,0.11,-4.81,83.55,-109.63,0
1746815127.715952,-2.0,-0.35,-0.75,16.27,-22.1,12.69,-1.08,0.62,0.1,-5.89,73.76,-111.95,0
1746815127.727312,-2.0,-0.32,-0.74,29.59,-26.19,16.48,-1.05,0.58,0.08,10.46,83.7,-104.72,0
1746815127.748705,-2.0,-0.35,-0.75,16.91,-23.79,11.24,-1.16,0.55,0.14,5.67,72.7,-106.36,0
1746815127.761298,-2.0,-0.3,-0.75,3.82,-20.75,10.63,-1.13,0.55,0.08,-3.49,55.08,-99.81,0
1746815127.778292,-2.0,-0.32,-0.77,-0.18,-3.27,6.56,-1.17,0.54,0.14,5.19,51.03,-97.95,0
1746815127.794659,-2.0,-0.29,-0.73,-6.75,-2.42,4.19,-1.21,0.54,0.15,6.81,70.79,-99.11,0
1746815127.802697,-2.0,-0.32,-0.74,-8.6,-14.06,5.27,-1.14,0.57,0.08,-13.78,76.35,-101.58,0
1746815127.81898,-2.0,-0.36,-0.75,-9.45,3.65,-1.11,-1.18,0.58,0.09,-4.9,85.24,-89.64,0
1746815127.833484,-2.0,-0.33,-0.71,-17.44,-5.4,-3.3,-1.24,0.58,0.17,11.9,34.31,-84.22,0
1746815127.844582,-2.0,-0.33,-0.67,-12.51,-1.63,-3.28,-0.92,0.68,-0.06,15.53,28.18,-73.14,0
1746815127.861227,-2.0,-0.2,-0.71,-6.37,-20.03,5.51,-1.1,0.51,-0.1,39.5,20.02,-62.82,0
1746815127.878024,-2.0,-0.25,-0.72,-13.23,-17.03,5.41,-1.11,0.48,-0.11,46.32,9.07,-53.12,0
1746815127.894379,-2.0,-0.28,-0.61,-9.92,-30.44,17.56,-1.3,0.7,0.22,41.5,-25.92,-53.02,0
1746815127.912295,-2.0,-0.26,-0.59,-10.21,-21.92,19.05,-0.96,0.45,-0.34,55.24,97.6,-25.27,0
1746815127.930682,-2.0,-0.28,-0.76,-7.11,4.76,17.44,-0.74,0.57,-0.59,35.22,34.62,-15.55,0
1746815127.944714,-2.0,-0.29,-0.73,-2.24,-7.07,21.4,-1.26,0.69,0.22,28.01,-23.16,-17.14,0
1746815127.953108,-2.0,-0.4,-0.77,0.11,-22.97,19.13,-1.19,0.52,0.05,49.71,27.75,-6.95,0
1746815127.970131,-2.0,-0.36,-0.66,11.43,-42.7,25.42,-1.05,0.46,-0.17,87.84,24.69,10.13,0
1746815127.982517,-2.0,-0.29,-0.62,0.41,-48.37,17.93,-0.96,0.54,-0.26,91.62,0.57,22.78,0
1746815127.997965,-2.0,-0.33,-0.72,5.44,-24.31,12.83,-1.07,0.61,-0.07,85.8,-0.23,29.43,0
1746815128.011254,-2.0,-0.34,-0.75,20.03,-13.27,11.96,-0.9,0.58,-0.29,45.39,2.43,22.85,0
1746815128.028165,-2.0,-0.36,-0.76,28.67,-10.51,18.2,-1.06,0.49,-0.12,39.87,-0.66,14.41,0
1746815128.045176,-2.0,-0.32,-0.75,29.11,-1.8,22.01,-0.91,0.43,-0.33,20.68,15.6,9.9,0
1746815128.062222,-2.0,-0.28,-0.73,23.08,-0.77,28.02,-0.89,0.39,-0.39,20.98,13.17,7.73,0
1746815128.080656,-2.0,-0.28,-0.71,16.5,13.02,27.18,-0.82,0.38,-0.44,13.05,10.56,6.47,0
1746815128.094463,-2.0,-0.27,-0.69,5.45,24.86,22.77,-0.92,0.36,-0.3,13.05,-7.71,4.01,0
1746815128.103343,-2.0,-0.26,-0.63,-6.02,4.78,22.96,-0.8,-0.12,-0.64,42.83,31.91,3.68,0
1746815128.120448,-2.0,-0.28,-0.69,-8.02,-0.81,21.29,-0.79,0.09,-0.58,74.56,-7.38,28.33,0
1746815128.132528,-2.0,-0.3,-0.75,-13.85,-7.42,13.05,-1.37,0.41,0.24,-28.82,-20.61,-7.95,0
1746815128.144632,-2.0,-0.34,-0.8,-20.98,9.75,2.81,-0.77,0.32,-0.41,-46.12,-24.26,-6.21,0
1746815128.161298,-2.0,-0.35,-0.75,-26.06,8.11,0.6,-1.0,0.21,-0.12,2.45,-33.31,5.62,0
1746815128.177922,-2.0,-0.32,-0.9,-27.54,41.8,-3.63,-0.61,0.27,-0.56,0.87,-17.58,14.74,0
1746815128.194418,-2.0,-0.42,-0.73,-25.99,11.49,1.44,-0.98,0.33,-0.12,-0.26,-55.22,8.11,0
1746815128.212043,-2.0,-0.42,-0.65,-18.36,23.05,3.69,-0.91,0.47,-0.18,-4.21,-28.02,4.63,0
1746815128.228563,-2.0,-0.27,-0.53,-10.39,-2.64,12.82,-0.94,0.34,-0.29,19.15,-10.31,10.4,0
1746815128.244839,-2.0,-0.36,-0.86,-8.03,53.63,-6.46,-0.67,0.47,-0.44,-35.95,7.28,-2.15,0
1746815128.254163,-2.0,-0.41,-0.8,-0.35,41.84,4.5,-1.24,0.44,0.08,2.7,-1.46,1.67,0
1746815128.269901,-2.0,-0.39,-0.56,-9.5,-1.09,10.54,-0.69,0.54,-0.45,-16.75,-5.36,-5.37,0
1746815128.282692,-2.0,-0.33,-0.9,-8.48,55.14,-5.04,-0.92,0.35,-0.31,-10.16,19.35,3.9,0
1746815128.295091,-2.0,-0.21,-0.5,-3.4,8.15,-0.39,-0.92,0.38,-0.29,-8.66,11.39,-1.79,0
1746815128.312085,-2.0,-0.31,-0.77,-2.65,13.84,-6.98,-0.84,0.33,-0.43,-7.27,23.38,-0.04,0
1746815128.328316,-2.0,-0.37,-0.76,-4.56,18.85,-11.91,-0.92,0.32,-0.33,-3.27,-3.79,-1.01,0
1746815128.346867,-2.0,-0.29,-0.78,-9.11,40.1,-15.83,-0.91,0.34,-0.29,-3.61,13.62,1.25,0
1746815128.361796,-2.0,-0.3,-0.69,-12.13,30.17,-13.95,-0.87,0.36,-0.34,-0.92,-8.11,5.27,0
1746815128.378559,-2.0,-0.34,-0.69,-12.55,17.52,-9.43,-0.92,0.36,-0.27,-23.37,-9.78,1.39,0
1746815128.394658,-2.0,-0.31,-0.7,-13.85,17.82,-6.27,-0.92,0.34,-0.3,-21.75,8.62,0.82,0
1746815128.403594,-2.0,-0.3,-0.74,-4.79,20.89,-1.37,-0.84,0.35,-0.36,-25.68,1.31,2.18,0
1746815128.419618,-2.0,-0.3,-0.7,-6.83,19.49,-2.76,-0.91,0.33,-0.28,-11.95,30.61,6.29,0
1746815128.432715,-2.0,-0.33,-0.69,-9.45,3.76,-3.82,-0.85,0.35,-0.33,6.92,-3.18,7.17,0
1746815128.449465,-2.0,-0.35,-0.72,1.63,-3.56,-1.34,-0.91,0.36,-0.26,8.05,-12.21,4.07,0
1746815128.46127,-2.0,-0.33,-0.7,2.63,-14.06,-1.28,-0.89,0.41,-0.25,-7.71,-9.65,-1.75,0
1746815128.478178,-2.0,-0.28,-0.78,-7.79,-14.98,-8.84,-0.9,0.45,-0.25,-25.92,6.71,-6.48,0
1746815128.494648,-2.0,-0.21,-0.77,-9.0,-15.24,-6.69,-0.86,0.33,-0.36,-10.59,16.41,-4.01,0
1746815128.512012,-2.0,-0.3,-0.71,-19.8,-25.05,-6.59,-0.78,0.43,-0.42,-27.88,18.31,-4.38,0
1746815128.52862,-2.0,-0.35,-0.8,-15.56,-6.95,-4.35,-0.96,0.35,-0.22,-6.79,-3.54,-0.56,0
1746815128.545462,-2.0,-0.35,-0.68,-20.15,8.73,-7.57,-0.84,0.41,-0.37,-17.05,13.63,0.72,0
1746815128.554451,-2.0,-0.35,-0.74,-4.59,5.86,0.07,-0.91,0.41,-0.31,-25.99,16.77,-3.47,0
1746815128.569546,-2.0,-0.37,-0.73,3.09,2.69,4.55,-0.99,0.41,-0.22,-16.44,-14.4,-4.85,0
1746815128.581873,-2.0,-0.37,-0.74,-0.92,-12.96,6.68,-0.84,0.42,-0.42,-36.13,-5.44,-8.31,0
1746815128.595089,-2.0,-0.35,-0.79,7.52,6.37,3.03,-0.89,0.41,-0.37,-42.09,5.77,-4.81,0
1746815128.612141,-2.0,-0.35,-0.77,8.45,11.53,-0.44,-0.84,0.4,-0.37,-51.08,21.29,-2.87,0
1746815128.628624,-2.0,-0.35,-0.77,7.96,18.9,-3.61,-0.91,0.46,-0.23,-58.65,23.47,-6.37,0
1746815128.645531,-2.0,-0.36,-0.74,9.09,16.68,-0.45,-0.92,0.5,-0.21,-73.97,6.76,-11.47,0
1746815128.662381,-2.0,-0.35,-0.71,5.92,3.28,2.84,-0.92,0.45,-0.15,-86.79,13.23,-13.63,0
1746815128.678686,-2.0,-0.39,-0.78,7.98,17.43,1.18,-0.92,0.41,-0.14,-82.48,5.86,-14.75,0
1746815128.695561,-2.0,-0.34,-0.68,-5.53,16.26,-9.74,-0.88,0.41,-0.17,-72.89,-3.21,-11.56,0
1746815128.702786,-2.0,-0.4,-0.7,-0.73,5.37,-8.19,-0.9,0.41,-0.17,-72.75,19.88,-4.82,0
1746815128.720115,-2.0,-0.35,-0.7,5.53,3.9,-6.98,-0.94,0.47,-0.19,-77.42,21.95,-3.51,0
1746815128.732008,-2.0,-0.32,-0.71,4.25,-5.0,-3.85,-1.03,0.54,-0.08,-79.02,2.47,-2.98,0
1746815128.746078,-2.0,-0.31,-0.75,8.89,0.95,-2.15,-0.98,0.72,-0.21,-102.02,22.92,2.79,0
1746815128.761558,-2.0,-0.27,-0.71,6.37,3.08,0.28,-1.02,0.83,-0.2,-106.94,20.78,8.13,1
1746815128.7785,-2.0,-0.29,-0.76,8.26,8.31,6.73,-0.98,1.02,-0.25,-96.76,10.46,28.03,1
1746815128.794966,-2.0,-0.24,-0.76,3.39,10.25,14.88,-1.13,1.19,-0.11,-91.26,0.75,48.52,1
1746815128.814773,-2.0,-0.28,-0.74,-4.4,15.5,16.14,-1.18,1.4,-0.16,-86.9,-11.79,80.49,1
1746815128.828407,-2.0,-0.34,-0.74,-11.02,23.6,12.92,-1.23,1.5,-0.15,-84.95,-13.82,115.94,1
1746815128.845202,-2.0,-0.42,-0.7,-16.38,31.67,10.73,-1.2,1.48,-0.25,-91.25,-5.83,149.11,1
1746815128.853151,-2.0,-0.49,-0.66,-15.37,12.52,14.63,-1.18,1.45,-0.31,-102.7,11.89,176.11,1
1746815128.867804,-2.0,-0.47,-0.64,-8.12,-5.05,19.69,-1.21,1.41,-0.34,-90.18,19.99,202.25,1
1746815128.88239,-2.0,-0.45,-0.75,-1.19,0.96,18.87,-1.37,1.43,-0.25,-72.96,14.78,221.9,1
1746815128.895056,-2.0,-0.4,-0.74,0.08,-1.29,12.52,-1.4,1.44,-0.3,-63.56,-26.97,244.86,1
1746815128.912205,-2.0,-0.35,-0.71,-4.08,-4.42,4.99,-1.36,1.42,-0.4,-52.56,-6.86,250.13,1
1746815128.9285,-2.0,-0.34,-0.77,-6.0,-10.73,2.43,-1.31,1.3,-0.48,-62.16,-0.46,250.13,1
1746815128.945609,-2.0,-0.34,-0.73,-7.37,-10.66,2.66,-1.31,1.24,-0.49,-71.65,-2.72,250.13,1
1746815128.962403,-2.0,-0.38,-0.75,-4.64,-10.99,7.3,-1.19,1.11,-0.55,-86.6,-5.13,250.13,1
1746815128.98116,-2.0,-0.37,-0.74,-4.24,-5.17,10.65,-1.21,1.08,-0.49,-98.56,-2.49,250.13,1
1746815128.995159,-2.0,-0.34,-0.75,-9.37,-15.7,13.37,-1.07,0.9,-0.55,-117.82,11.11,250.13,1
1746815129.003801,-2.0,-0.38,-0.8,-7.97,-4.63,11.94,-1.05,0.81,-0.52,-133.92,25.73,250.13,1
1746815129.016494,-2.0,-0.38,-0.76,-7.62,16.9,6.25,-0.9,0.66,-0.56,-148.32,33.22,250.13,1
1746815129.029055,-2.0,-0.42,-0.79,-5.27,37.37,2.98,-0.95,0.66,-0.43,-153.35,32.34,250.13,1
1746815129.045285,-2.0,-0.44,-0.71,-7.37,48.62,-1.51,-0.85,0.54,-0.47,-165.0,32.34,247.76,1
1746815129.06203,-2.0,-0.4,-0.67,-6.54,5.16,4.82,-0.74,0.44,-0.48,-163.86,46.96,232.95,1
1746815129.078753,-2.0,-0.42,-0.71,-5.3,3.11,3.38,-0.66,0.4,-0.45,-164.59,56.97,218.21,1
1746815129.095896,-2.0,-0.4,-0.73,-6.79,-1.03,0.79,-0.79,0.54,-0.25,-170.18,32.09,196.15,1
1746815129.114664,-2.0,-0.35,-0.74,-10.69,0.46,-5.89,-0.64,0.5,-0.36,-170.06,42.48,189.76,1
1746815129.129037,-2.0,-0.33,-0.68,-13.18,-12.39,-9.24,-0.61,0.47,-0.3,-167.59,28.76,185.97,1
1746815129.145598,-2.0,-0.36,-0.69,-15.3,-25.53,-8.19,-0.56,0.39,-0.27,-147.25,38.92,185.89,1
1746815129.154851,-2.0,-0.37,-0.71,-13.48,-35.42,-4.95,-0.45,0.27,-0.22,-126.34,37.75,191.56,1
1746815129.168148,-2.0,-0.33,-0.73,-13.63,-37.08,-1.69,-0.42,0.26,-0.1,-100.11,36.51,180.79,1
1746815129.183322,-2.0,-0.31,-0.69,-14.31,-43.21,0.85,-0.29,0.22,0.02,-120.01,33.37,148.73,1
1746815129.196016,-2.0,-0.31,-0.76,-8.44,-24.09,-0.65,-0.33,0.08,0.36,-149.54,40.97,108.63,1
1746815129.212478,-2.0,-0.26,-0.72,-6.05,-14.29,-1.76,-0.24,-0.56,0.42,-155.3,34.0,68.1,1
1746815129.229037,-2.0,-0.3,-0.73,-4.24,0.42,-3.77,-0.14,-1.13,0.79,-90.72,30.3,26.24,1
1746815129.246042,-2.0,-0.31,-0.71,-7.22,4.73,-5.0,-0.19,-1.01,0.92,-29.04,2.25,-2.47,1
1746815129.264192,-2.0,-0.31,-0.71,-9.19,3.17,-3.16,-0.18,-0.66,0.94,-15.85,1.63,-43.7,1
1746815129.279365,-2.0,-0.22,-0.7,-12.41,-4.13,1.72,-0.24,-0.19,1.06,-38.69,-1.36,-82.15,1
1746815129.295383,-2.0,-0.3,-0.8,-7.71,19.32,1.53,-0.25,-0.09,1.1,-72.56,1.12,-111.85,1
1746815129.304122,-2.0,-0.43,-0.92,2.79,11.57,4.62,-0.31,-0.19,1.2,-82.02,-24.73,-124.6,1
1746815129.318152,-2.0,-0.41,-0.56,2.24,-3.4,8.15,-0.43,-0.06,1.24,-51.0,-41.1,-131.79,1
1746815129.33212,-2.0,-0.39,-0.54,-3.5,-10.79,8.57,-0.5,0.15,1.19,-52.68,-72.38,-141.84,1
1746815129.345919,-2.0,-0.37,-0.81,-1.45,20.08,5.45,-0.54,0.17,1.18,-59.1,-108.98,-152.21,1
1746815129.362311,-2.0,-0.36,-0.78,0.34,35.2,1.46,-0.53,0.09,1.12,-55.43,-116.2,-166.95,1
1746815129.379048,-2.0,-0.36,-0.74,0.5,13.4,3.56,-0.56,0.02,1.0,-51.84,-124.34,-178.12,1
1746815129.395597,-2.0,-0.35,-0.65,-1.88,-6.02,4.5,-0.6,0.06,0.98,-49.02,-126.37,-198.51,1
1746815129.413334,-2.0,-0.35,-0.74,2.84,-10.73,7.93,-0.56,0.18,0.86,-47.21,-126.4,-218.89,1
1746815129.431722,-2.0,-0.35,-0.69,2.81,5.75,1.59,-0.55,0.3,0.82,-50.63,-119.59,-244.45,1
1746815129.445557,-2.0,-0.4,-0.53,0.7,-7.37,5.89,-0.6,0.44,0.76,-56.51,-115.39,-250.14,1
1746815129.445866,-2.0,-0.38,-0.68,-5.47,4.15,-1.02,-0.62,0.47,0.69,-58.56,-104.56,-250.14,1
1746815129.462235,-2.0,-0.32,-0.69,-0.44,-15.14,5.25,-0.63,0.67,0.6,-65.34,-103.55,-250.14,1
1746815129.483889,-2.0,-0.31,-0.64,-8.89,27.17,-4.98,-0.63,0.67,0.58,-68.56,-96.97,-250.14,1
1746815129.495609,-2.0,-0.33,-0.74,-7.53,-17.94,0.05,-0.64,0.63,0.58,-54.4,-91.37,-250.14,1
1746815129.512423,-2.0,-0.36,-0.73,-19.85,13.31,-12.67,-0.65,0.56,0.55,-36.6,-91.4,-250.14,1
1746815129.529189,-2.0,-0.3,-0.86,-13.54,0.19,-8.16,-0.76,0.52,0.6,-18.98,-103.23,-250.14,1
1746815129.546296,-2.0,-0.36,-0.81,-18.06,5.83,-10.79,-0.72,0.66,0.48,-23.31,-110.92,-250.14,1
1746815129.562651,-2.0,-0.39,-0.71,-30.06,29.11,-15.34,-0.65,0.8,0.38,-70.52,-102.5,-250.14,1
1746815129.581224,-2.0,-0.37,-0.69,-20.26,-9.26,-5.76,-0.65,0.68,0.37,-121.83,-78.23,-250.14,1
1746815129.595544,-2.0,-0.36,-0.78,-13.84,-0.34,-0.9,-0.69,0.52,0.49,-146.83,-42.38,-250.14,1
1746815129.604864,-2.0,-0.44,-1.04,-4.38,69.84,-13.36,-0.92,0.31,0.64,-130.77,-21.24,-250.14,1
1746815129.617752,-2.0,-0.46,-0.51,-11.09,25.98,-14.52,-1.1,0.3,0.75,-83.5,-29.85,-250.14,1
1746815129.629311,-2.0,-0.43,-0.8,11.16,48.28,-14.52,-1.23,0.33,0.82,-25.07,-46.89,-250.14,1
1746815129.646175,-2.0,-0.4,-0.64,0.93,-27.18,0.53,-1.35,0.46,0.81,-7.5,-75.27,-250.14,1
1746815129.662437,-2.0,-0.43,-0.79,-15.42,2.14,-14.86,-1.27,0.67,0.7,-2.33,-73.15,-250.14,1
1746815129.679535,-2.0,-0.42,-0.69,1.56,-35.85,0.82,-1.35,0.73,0.54,9.01,-84.18,-250.14,1
1746815129.69641,-2.0,-0.39,-0.72,11.01,-22.59,0.37,-1.22,0.84,0.39,39.36,-89.63,-250.14,1
1746815129.714815,-2.0,-0.28,-0.61,22.33,-41.69,7.09,-1.07,0.97,0.28,74.63,-85.27,-250.14,1
1746815129.729242,-2.0,-0.39,-0.84,15.44,-36.78,-6.96,-0.77,1.22,0.22,94.55,-63.92,-227.12,1
1746815129.738937,-2.0,-0.43,-0.61,2.27,-63.92,-8.6,-0.66,1.51,0.34,93.37,-45.97,-201.36,1
1746815129.759364,-2.0,-0.46,-1.0,-7.17,10.44,-18.65,-0.47,1.71,0.39,72.85,-21.82,-162.21,1
1746815129.762704,-2.0,-0.4,-0.6,-23.29,20.92,-27.56,-0.44,1.75,0.44,62.6,-14.01,-102.53,1
1746815129.779526,-2.0,-0.36,-0.79,-29.67,53.56,-35.14,-0.4,1.58,0.52,44.52,-21.22,-28.17,1
1746815129.795976,-2.0,-0.38,-0.78,-20.92,-8.48,-19.02,-0.37,1.36,0.57,12.86,-44.74,25.87,1
1746815129.81264,-2.0,-0.33,-0.73,-21.02,12.37,-24.79,-0.26,1.02,0.54,-16.44,-63.91,46.35,1
1746815129.82974,-2.0,-0.28,-0.66,-22.26,-6.92,-18.66,-0.18,0.75,0.46,-27.2,-65.34,45.53,1
1746815129.846142,-2.0,-0.3,-0.71,-15.92,-8.54,-12.03,-0.06,0.5,0.32,-8.19,-43.15,38.55,1
1746815129.864882,-2.0,-0.29,-0.71,-18.05,-3.58,-6.54,-0.03,0.41,0.32,8.98,-23.13,30.31,1
1746815129.879706,-2.0,-0.34,-0.76,-12.37,17.66,1.67,-0.04,0.39,0.41,13.63,-15.45,25.92,1
1746815129.888641,-2.0,-0.35,-0.73,-27.0,30.92,7.89,-0.02,0.41,0.45,2.41,-1.73,21.27,1
1746815129.904973,-2.0,-0.4,-0.77,-44.97,16.98,18.05,-0.02,0.4,0.52,-11.59,4.84,12.39,1
1746815129.917762,-2.0,-0.44,-0.76,-53.74,23.58,19.21,-0.04,0.39,0.56,-19.38,12.6,7.18,1
1746815129.932784,-2.0,-0.51,-0.74,-31.56,32.8,25.13,-0.12,0.39,0.64,-16.41,13.11,3.47,1
1746815129.946581,-2.0,-0.52,-0.74,-22.85,46.56,22.68,-0.14,0.39,0.65,-10.49,6.81,8.34,1
1746815129.969274,-2.0,-0.49,-0.78,-40.27,34.02,10.74,-0.16,0.32,0.65,10.0,2.58,15.79,1
1746815129.979604,-2.0,-0.5,-0.78,-45.11,9.87,2.63,-0.1,0.31,0.58,36.01,12.61,21.02,1
1746815129.99619,-2.0,-0.45,-0.8,-40.46,4.44,-13.03,-0.13,0.35,0.58,55.96,34.14,18.56,1
1746815130.0148,-2.0,-0.42,-0.81,-21.24,8.26,-23.16,-0.09,0.4,0.55,45.88,-3.81,27.88,1
1746815130.029769,-2.0,-0.35,-0.81,-24.34,15.28,-34.05,-0.1,0.46,0.53,30.42,0.34,24.53,1
1746815130.038296,-2.0,-0.37,-0.78,-21.02,8.25,-34.27,-0.04,0.47,0.47,10.56,13.04,23.61,1
1746815130.054782,-2.0,-0.38,-0.76,-2.66,-5.31,-16.82,-0.08,0.4,0.51,-9.96,16.18,20.95,1
1746815130.067312,-2.0,-0.3,-0.75,3.06,-25.82,-0.51,-0.12,0.38,0.6,-20.44,18.48,21.06,1
1746815130.079877,-2.0,-0.23,-0.77,-6.51,-29.75,3.29,-0.04,0.32,0.53,-15.29,27.35,20.89,1
1746815130.096784,-2.0,-0.26,-0.66,-4.25,-55.02,19.4,-0.12,0.15,0.61,8.07,33.01,19.5,1
1746815130.113204,-2.0,-0.32,-0.87,-27.69,-4.2,0.18,-0.18,0.15,0.68,15.94,26.5,16.07,1
1746815130.130208,-2.0,-0.35,-0.8,-24.04,-24.23,12.39,-0.15,0.22,0.55,26.02,30.08,16.56,1
1746815130.146766,-2.0,-0.49,-0.75,-28.49,-19.76,11.83,0.03,0.31,0.38,30.52,13.5,10.84,1
1746815130.165567,-2.0,-0.41,-0.69,4.13,-57.92,38.73,-0.11,0.32,0.38,45.74,43.6,9.31,0
1746815130.179406,-2.0,-0.41,-0.72,9.81,-64.02,44.9,-0.24,0.33,0.37,64.27,33.45,5.9,0
1746815130.188014,-2.0,-0.33,-0.78,7.02,-50.42,27.89,-0.33,0.32,0.38,89.91,31.55,5.35,0
1746815130.200796,-2.0,-0.23,-0.75,10.87,-59.27,21.31,-0.16,0.78,0.23,100.02,18.77,20.38,0
1746815130.224129,-2.0,-0.18,-0.6,-5.79,-90.93,11.96,-0.27,0.69,0.25,125.2,21.61,25.69,0
1746815130.23852,-2.0,-0.26,-0.94,-11.19,-76.86,-6.37,-0.18,0.75,0.04,123.41,43.62,38.86,0
1746815130.254572,-2.0,-0.34,-0.88,-2.73,-47.18,-5.21,-0.36,0.94,0.2,90.83,31.35,50.15,0
1746815130.268562,-2.0,-0.27,-0.93,-2.29,41.82,-11.58,-0.42,0.88,0.14,74.21,65.13,60.32,0
1746815130.283474,-2.0,-0.23,-0.68,0.19,21.53,-3.91,-0.36,0.77,-0.05,56.36,75.92,73.21,0
1746815130.29802,-2.0,-0.27,-0.99,13.25,120.66,-12.16,-0.35,0.7,-0.13,43.18,98.98,79.89,0
1746815130.313857,-2.0,-0.28,-0.39,10.09,70.88,-3.19,-0.38,0.64,-0.11,30.98,97.31,86.46,0
1746815130.329705,-2.0,-0.24,-0.81,11.31,17.98,-0.37,-0.38,0.59,-0.07,-0.67,107.75,84.5,0
1746815130.338734,-2.0,-0.17,-0.68,13.16,-0.98,4.53,-0.42,0.53,0.09,-21.39,115.89,75.53,0
1746815130.354932,-2.0,-0.25,-0.83,30.76,14.54,4.53,-0.38,0.4,0.05,-31.76,127.56,63.69,0
1746815130.366757,-2.0,-0.26,-0.64,36.4,8.05,10.0,-0.43,0.27,0.12,-40.7,127.8,46.29,0
1746815130.379876,-2.0,-0.25,-0.7,30.0,6.47,17.9,-0.53,0.12,0.11,-29.26,118.72,33.83,0
1746815130.396557,-2.0,-0.22,-0.68,18.4,-16.88,34.64,-0.37,0.08,0.03,-2.74,120.41,32.48,0
1746815130.413334,-2.0,-0.28,-0.89,10.91,-12.56,32.55,-0.28,0.29,0.06,11.07,148.34,25.18,0
1746815130.430176,-2.0,-0.24,-0.57,-7.97,-66.24,38.74,-0.4,0.26,0.11,11.03,160.16,15.34,0
1746815130.447667,-2.0,-0.32,-0.77,-4.31,-101.12,52.01,-0.54,0.29,0.2,12.76,152.32,-7.54,0
1746815130.465782,-2.0,-0.35,-0.72,-21.08,-70.44,41.92,-0.56,0.33,0.16,20.21,145.3,-11.48,0
1746815130.480815,-2.0,-0.41,-0.68,-1.95,-120.95,57.05,-0.68,0.31,0.14,32.01,174.13,-26.85,0
1746815130.488868,-2.0,-0.46,-0.88,-2.66,-57.18,35.46,-0.63,0.46,0.17,59.8,189.46,-40.21,0
1746815130.502033,-2.0,-0.47,-0.65,1.02,-79.31,42.61,-0.7,0.55,0.24,48.21,186.42,-51.46,0
1746815130.517429,-2.0,-0.39,-0.67,-3.81,-50.75,33.05,-0.84,0.46,0.27,62.5,199.65,-53.23,0
1746815130.529932,-2.0,-0.38,-0.75,-8.85,-10.11,28.57,-0.98,0.51,0.34,32.4,157.93,-72.17,0
1746815130.547654,-2.0,-0.43,-0.78,-26.89,-17.03,19.88,-1.03,0.6,0.26,48.01,149.11,-67.51,0
1746815130.563506,-2.0,-0.41,-0.72,-37.12,25.02,6.38,-1.05,0.58,0.3,74.95,147.88,-64.66,0
1746815130.580539,-2.0,-0.36,-0.62,-34.21,18.69,2.36,-1.07,0.76,0.38,66.66,169.95,-75.99,0
1746815130.597704,-2.0,-0.48,-1.01,-32.5,102.27,-8.43,-1.17,0.81,0.43,38.83,158.72,-91.95,0
1746815130.614043,-2.0,-0.38,-0.72,-46.48,166.51,-27.73,-1.15,0.7,0.34,46.15,170.66,-94.68,0
1746815130.62987,-2.0,-0.44,-0.99,-12.96,232.87,-35.77,-1.16,0.68,0.29,37.39,153.21,-97.5,0
1746815130.639267,-2.0,-0.35,-0.58,-20.46,195.25,-44.84,-1.17,0.59,0.23,55.96,146.3,-92.02,0
1746815130.654889,-2.0,-0.4,-0.96,21.25,37.89,-1.69,-1.14,0.6,0.16,68.37,132.97,-84.69,0
1746815130.666568,-2.0,-0.36,-0.73,20.05,7.43,10.63,-1.16,0.76,0.2,49.58,120.38,-78.92,0
1746815130.680535,-2.0,-0.35,-0.72,16.86,-17.34,23.21,-1.13,0.87,0.21,4.95,124.6,-81.8,0
1746815130.696534,-2.0,-0.37,-0.73,4.92,-6.36,16.88,-1.23,0.74,0.26,-43.29,122.81,-94.81,0
1746815130.713196,-2.0,-0.38,-0.79,-1.42,-1.65,14.3,-1.2,0.58,0.22,-66.86,124.86,-100.21,0
1746815130.730339,-2.0,-0.33,-0.76,9.16,23.9,10.01,-1.27,0.34,0.24,-31.35,122.04,-101.21,0
1746815130.747284,-2.0,-0.38,-0.78,8.02,-19.08,23.65,-1.28,0.35,0.23,-3.98,108.21,-90.44,0
1746815130.765869,-2.0,-0.38,-0.77,4.05,-3.89,18.66,-1.27,0.4,0.2,26.11,103.04,-86.83,0
1746815130.780447,-2.0,-0.36,-0.67,7.92,-32.32,30.23,-1.24,0.53,0.13,35.42,109.21,-79.45,0
1746815130.794741,-2.0,-0.47,-0.86,16.18,-8.8,28.82,-1.25,0.59,0.06,54.18,112.25,-78.21,0
1746815130.802878,-2.0,-0.43,-0.81,-2.18,18.74,11.02,-1.22,0.75,0.09,42.35,117.89,-71.26,0
1746815130.814034,-2.0,-0.36,-0.68,-6.11,28.4,6.02,-1.55,0.64,0.45,72.78,135.71,-58.97,0
1746815130.830388,-2.0,-0.34,-0.67,-10.67,45.51,-2.89,-2.0,1.74,2.0,-1.38,-9.49,5.6,0
1746815130.846992,-2.0,-0.36,-0.68,-13.2,19.34,0.9,-1.2,0.18,0.05,-52.24,-132.27,31.95,0
1746815130.863761,-2.0,-0.37,-0.7,-21.32,14.31,-2.42,-1.12,0.29,0.0,50.85,-24.93,33.56,0
1746815130.880749,-2.0,-0.3,-0.73,-31.28,-9.74,-0.24,-0.9,0.42,-0.32,39.74,27.16,45.9,0
1746815130.900291,-2.0,-0.31,-0.55,-14.2,-9.28,5.44,-1.07,0.28,-0.24,37.34,24.31,38.24,0
1746815130.914389,-2.0,-0.28,-0.7,-11.25,-5.61,6.41,-0.69,0.41,-0.58,-2.56,4.76,20.61,0
1746815130.930272,-2.0,-0.31,-0.71,-20.63,2.36,1.69,-1.02,0.16,-0.28,15.08,38.82,7.4,0
1746815130.939655,-2.0,-0.35,-0.72,-1.44,-23.01,16.26,-0.72,0.27,-0.53,5.58,24.47,-1.34,0
1746815130.952967,-2.0,-0.35,-0.81,6.6,-15.53,16.32,-0.94,0.16,-0.34,29.43,4.07,-8.34,0
1746815130.96721,-2.0,-0.37,-0.61,26.26,-42.87,25.08,-0.9,0.22,-0.37,32.07,-4.98,-13.95,0
1746815130.980726,-2.0,-0.33,-0.63,36.31,-44.48,28.21,-0.78,0.16,-0.54,27.33,13.9,-7.69,0
1746815130.999916,-2.0,-0.34,-0.77,16.09,-9.95,10.83,-0.83,0.31,-0.51,-9.74,-1.51,-13.33,0
1746815131.013634,-2.0,-0.37,-0.69,3.38,-30.16,11.92,-0.81,0.36,-0.5,-10.94,4.29,-12.57,0
1746815131.030265,-2.0,-0.43,-0.86,-9.99,5.31,-5.92,-0.78,0.4,-0.55,-38.16,10.24,-5.48,0
1746815131.047465,-2.0,-0.36,-0.57,-2.29,-64.06,12.38,-0.83,0.36,-0.51,-52.08,17.24,-6.57,0
1746815131.064254,-2.0,-0.4,-1.04,2.98,41.36,-9.57,-0.77,0.41,-0.56,-64.01,29.35,-6.03,0
1746815131.071736,-2.0,-0.34,-0.58,4.48,-4.86,-3.58,-0.91,0.41,-0.35,-44.02,-11.95,-0.18,0
1746815131.088297,-2.0,-0.35,-0.7,-6.7,14.65,-12.01,-0.95,0.38,-0.25,-32.0,-8.34,3.99,0
1746815131.102602,-2.0,-0.36,-0.67,-8.83,5.73,-10.38,-0.89,0.41,-0.29,-23.02,-18.47,7.69,0
1746815131.117533,-2.0,-0.36,-0.71,-9.52,13.89,-10.95,-0.87,0.3,-0.33,-23.19,-2.56,5.33,0
1746815131.131022,-2.0,-0.38,-0.75,-10.64,11.06,-8.53,-1.01,0.35,-0.22,-12.21,4.15,5.74,0
1746815131.147551,-2.0,-0.35,-0.74,-15.27,24.93,-12.67,-1.03,0.35,-0.2,5.6,-4.35,11.43,0
1746815131.163456,-2.0,-0.35,-0.7,-2.01,-0.43,-0.82,-1.07,0.35,-0.13,12.82,-18.74,12.13,0
1746815131.18088,-2.0,-0.34,-0.72,-2.26,0.79,-1.23,-0.87,0.33,-0.28,-2.44,11.86,9.12,0
1746815131.197245,-2.0,-0.33,-0.59,-8.18,-28.63,4.34,-1.04,0.33,-0.23,-10.76,28.15,8.05,0
1746815131.21608,-2.0,-0.36,-0.66,-14.02,-29.91,5.6,-1.27,0.43,0.19,1.21,-55.9,3.21,0
1746815131.230275,-2.0,-0.26,-0.63,-17.33,-34.44,8.5,-0.85,0.3,-0.41,0.55,41.13,4.21,0
1746815131.239207,-2.0,-0.29,-0.68,-12.18,-32.86,11.95,-0.9,0.37,-0.37,-8.87,-40.11,-1.11,0
1746815131.25313,-2.0,-0.28,-0.8,-7.95,-54.69,18.46,-0.72,0.38,-0.5,-16.72,25.75,3.9,0
1746815131.267794,-2.0,-0.34,-0.88,-13.34,-1.91,7.61,-0.9,0.32,-0.37,-5.97,-9.98,2.47,0
1746815131.2816,-2.0,-0.29,-0.71,-21.76,-26.45,18.63,-0.51,0.47,-0.49,-5.73,-0.07,6.1,0
1746815131.304783,-2.0,-0.39,-0.79,-27.42,-7.3,2.92,-1.1,0.4,-0.04,-16.03,-49.37,-5.73,0
1746815131.314027,-2.0,-0.42,-1.21,-20.76,68.47,-6.08,-0.99,0.47,0.0,-19.38,-70.49,-2.68,0
1746815131.331578,-2.0,-0.5,-0.78,-15.21,29.15,-8.44,-1.3,0.37,0.19,-13.63,20.77,-4.31,0
1746815131.350159,-2.0,-0.52,-0.79,-21.2,83.1,-23.85,-0.57,0.42,-0.61,-18.35,-10.47,-2.88,0
1746815131.364462,-2.0,-0.34,-0.4,-35.89,-1.24,-12.7,-0.9,0.35,-0.36,-5.55,34.73,5.85,0
1746815131.374205,-2.0,-0.34,-0.9,-15.57,17.47,-10.56,-0.82,0.42,-0.47,7.92,48.72,11.82,0
1746815131.389471,-2.0,-0.46,-0.66,-10.79,-12.35,-8.84,-1.12,0.33,-0.18,17.76,-37.49,5.6,0
1746815131.402919,-2.0,-0.52,-0.6,2.0,-9.73,1.31,-1.34,0.37,0.18,9.21,-73.03,-13.08,0
1746815131.417487,-2.0,-0.21,-0.88,-17.4,27.93,-12.58,-0.59,0.28,-0.79,2.47,72.81,8.84,0
1746815131.430743,-2.0,-0.26,-0.8,-0.2,26.8,1.08,-1.02,0.4,-0.18,-6.27,-0.19,3.42,0
1746815131.453289,-2.0,-0.33,-0.63,-18.18,14.29,-2.81,-0.91,0.41,-0.28,-9.14,-13.65,-1.95,0
1746815131.469333,-2.0,-0.35,-0.79,-6.34,24.23,4.22,-1.01,0.4,-0.12,3.19,-5.41,4.85,0
1746815131.484177,-2.0,-0.16,-0.55,-20.45,5.75,6.72,-0.96,0.41,-0.2,13.05,-5.77,6.08,1
1746815131.497434,-2.0,-0.32,-0.89,-10.2,27.79,16.79,-0.87,0.44,-0.27,-6.08,-18.57,-3.48,1
1746815131.514774,-2.0,-0.25,-0.72,-15.92,60.25,11.37,-0.85,0.46,-0.28,-15.85,12.51,-0.06,1
1746815131.522116,-2.0,-0.29,-0.7,-20.08,-0.24,20.46,-0.79,0.49,-0.36,-13.88,68.45,9.69,1
1746815131.543586,-2.0,-0.38,-0.74,-15.07,-1.56,20.6,-1.03,0.55,-0.11,27.82,43.32,19.93,1
1746815131.551677,-2.0,-0.41,-0.77,4.85,-8.55,22.93,-0.97,0.65,-0.28,66.11,28.84,33.98,1
1746815131.564382,-2.0,-0.39,-0.87,1.73,16.25,3.13,-1.09,0.92,-0.27,97.69,2.5,62.45,1
1746815131.58792,-2.0,-0.36,-0.82,-2.42,15.97,-4.95,-1.1,1.23,-0.37,96.73,19.37,96.34,1
1746815131.598017,-2.0,-0.37,-0.78,-3.1,37.93,-12.31,-1.13,1.45,-0.46,77.02,39.52,127.03,1
1746815131.614433,-2.0,-0.41,-0.76,-3.48,29.43,-6.52,-1.08,1.53,-0.58,12.23,-35.86,142.65,1
1746815131.630732,-2.0,-0.42,-0.75,-1.03,18.91,0.12,-1.12,1.52,-0.62,-27.24,-21.79,162.44,1
1746815131.649427,-2.0,-0.33,-0.72,-1.11,7.92,4.34,-1.11,1.4,-0.83,-33.92,-8.01,170.1,1
1746815131.663946,-2.0,-0.31,-0.74,-0.81,10.39,4.05,-1.05,1.52,-0.96,-59.81,-21.21,187.08,1
1746815131.672131,-2.0,-0.29,-0.73,-3.43,4.2,2.56,-0.97,1.65,-1.05,-83.98,42.32,215.85,1
1746815131.686619,-2.0,-0.33,-0.78,3.15,-0.61,5.95,-1.36,1.77,-0.86,-129.99,93.86,234.04,1
1746815131.701725,-2.0,-0.3,-0.71,9.85,-7.23,10.94,-1.15,1.54,-1.05,-135.73,165.37,250.13,1
1746815131.717314,-2.0,-0.27,-0.73,4.05,7.98,8.95,-1.22,1.38,-0.92,-149.38,51.18,250.13,1
1746815131.730969,-2.0,-0.3,-0.71,-4.73,-7.9,14.76,-0.9,1.26,-1.11,-124.34,98.99,250.13,1
1746815131.747576,-2.0,-0.35,-0.74,15.82,-14.56,26.39,-1.09,1.34,-0.8,-121.23,-5.1,250.13,1
1746815131.764262,-2.0,-0.36,-0.77,21.6,-13.22,29.27,-0.91,1.42,-0.94,-118.21,74.65,250.13,1
1746815131.78131,-2.0,-0.35,-0.77,15.4,-7.96,26.85,-0.94,1.35,-0.8,-148.6,88.65,250.13,1
1746815131.800704,-2.0,-0.33,-0.75,16.94,-12.02,31.97,-0.86,1.2,-0.8,-169.86,141.76,250.13,1
1746815131.814587,-2.0,-0.41,-0.75,19.49,-12.51,37.27,-0.87,1.09,-0.74,-179.53,161.46,250.13,1
1746815131.823988,-2.0,-0.4,-0.82,-3.39,8.45,25.27,-0.67,1.02,-0.81,-142.78,192.62,250.13,1
1746815131.839381,-2.0,-0.4,-0.75,-0.54,16.84,22.6,-0.88,1.08,-0.53,-147.29,163.76,250.13,1
1746815131.852484,-2.0,-0.45,-0.82,-9.43,21.86,17.7,-0.57,1.03,-0.74,-180.1,178.34,250.13,1
1746815131.864544,-2.0,-0.4,-0.65,-4.32,-1.68,24.42,-0.8,0.75,-0.42,-229.14,103.92,240.61,1
1746815131.881174,-2.0,-0.43,-0.77,-5.82,2.66,18.39,-0.75,0.38,-0.4,-246.82,134.23,223.04,1
1746815131.897501,-2.0,-0.4,-0.77,-14.65,1.7,11.7,-0.53,0.07,-0.41,-250.14,129.16,203.09,1
1746815131.914839,-2.0,-0.38,-0.74,-15.4,6.66,7.39,-0.53,-0.05,-0.24,-245.56,100.24,166.34,1
1746815131.932043,-2.0,-0.35,-0.72,-16.47,-15.54,11.04,-0.3,-0.16,-0.43,-227.17,108.61,136.5,1
1746815131.950362,-2.0,-0.4,-0.74,-9.36,-24.68,15.13,-0.21,-0.09,-0.44,-220.61,121.76,121.87,1
1746815131.964312,-2.0,-0.33,-0.63,-13.74,-42.89,16.27,-0.34,-0.03,-0.16,-206.07,135.78,96.88,1
1746815131.973596,-2.0,-0.35,-0.73,0.33,-49.18,23.92,-0.24,0.04,-0.16,-190.3,114.73,75.12,1
1746815131.989677,-2.0,-0.32,-0.71,-2.01,-53.24,26.24,-0.23,0.07,-0.14,-173.3,109.78,63.21,1
1746815132.00292,-2.0,-0.42,-0.83,-6.41,-37.6,21.85,-0.19,0.13,-0.05,-158.41,105.09,50.5,1
1746815132.014578,-2.0,-0.37,-0.59,-7.05,-35.63,22.15,-0.31,0.16,0.18,-140.41,74.25,35.03,1
1746815132.036275,-2.0,-0.36,-0.66,2.01,-34.86,28.14,-0.25,0.13,0.15,-128.56,43.34,21.18,1
1746815132.048014,-2.0,-0.35,-0.7,2.4,-20.41,23.05,-0.33,0.25,0.5,-150.39,-0.02,-0.21,1
1746815132.064879,-2.0,-0.37,-0.73,7.15,10.54,14.58,-0.29,0.08,0.52,-128.81,67.21,-8.44,1
1746815132.081604,-2.0,-0.32,-0.61,0.88,29.49,4.69,-0.29,0.01,0.58,-109.34,51.5,-7.91,1
1746815132.098686,-2.0,-0.3,-0.72,0.44,28.22,0.98,-0.35,0.02,0.79,-93.44,24.02,-15.35,1
1746815132.116398,-2.0,-0.3,-0.75,-5.69,31.93,-6.11,-0.42,-0.05,0.89,-63.59,1.17,-23.2,1
1746815132.122364,-2.0,-0.32,-0.68,-5.44,26.47,-8.54,-0.38,-0.01,0.86,-56.9,-15.96,-34.93,1
1746815132.139777,-2.0,-0.33,-0.72,-2.21,31.77,-9.42,-0.41,-0.07,0.92,-53.76,-38.77,-48.81,1
1746815132.153101,-2.0,-0.32,-0.87,-1.11,59.77,-11.3,-0.42,-0.12,0.97,-40.06,-47.94,-71.69,1
1746815132.165091,-2.0,-0.32,-0.75,-19.11,55.44,-17.37,-0.53,-0.23,0.94,-11.09,-59.08,-96.6,1
1746815132.181695,-2.0,-0.32,-0.61,-17.76,10.27,-3.21,-0.46,-0.13,0.98,6.77,-64.98,-120.72,1
1746815132.19826,-2.0,-0.27,-0.67,-22.08,0.27,3.18,-0.52,-0.21,0.99,35.4,-57.88,-140.33,1
1746815132.214528,-2.0,-0.36,-0.84,-27.06,-3.65,-4.53,-0.4,-0.22,0.73,73.85,-48.25,-133.8,1
1746815132.231432,-2.0,-0.32,-0.58,-33.31,-18.26,2.83,-0.53,-0.11,0.86,75.44,-56.79,-179.02,1
1746815132.248109,-2.0,-0.26,-0.65,-24.17,-32.58,4.89,-0.7,0.12,0.91,89.61,-70.27,-191.42,1
1746815132.26423,-2.0,-0.31,-0.69,-28.67,-41.72,3.73,-0.81,0.31,0.9,71.73,-84.23,-211.09,1
1746815132.26423,-2.0,-0.25,-0.73,-35.94,-34.49,-5.67,-0.84,0.4,0.84,46.16,-115.21,-226.59,1
1746815132.286295,-2.0,-0.3,-0.82,-33.53,-55.15,-4.57,-0.86,0.49,0.83,20.72,-155.56,-239.53,1
1746815132.302697,-2.0,-0.32,-0.63,-34.33,-78.96,0.49,-0.85,0.53,0.76,24.32,-180.82,-244.66,1
1746815132.314696,-2.0,-0.31,-0.82,-23.0,-34.09,-3.89,-0.82,0.58,0.68,48.26,-210.05,-242.17,1
1746815132.331601,-2.0,-0.26,-0.64,-17.09,-27.98,1.85,-0.76,0.75,0.6,57.47,-215.99,-241.17,1
1746815132.348123,-2.0,-0.39,-0.72,-17.67,14.92,-12.76,-0.74,1.02,0.56,17.98,-189.65,-250.14,1
1746815132.366531,-2.0,-0.29,-0.64,-32.26,3.02,-12.6,-0.69,1.2,0.46,-31.85,-167.91,-250.14,1
1746815132.381765,-2.0,-0.24,-0.92,-33.04,71.1,-25.6,-0.91,1.13,0.64,-39.0,-157.37,-250.14,1
1746815132.398791,-2.0,-0.25,-0.78,-16.15,90.68,-27.66,-0.87,1.02,0.45,-29.52,-176.31,-250.14,1
1746815132.415331,-2.0,-0.36,-0.8,-14.6,94.98,-34.95,-0.82,1.0,0.5,-39.14,-183.48,-246.3,1
1746815132.424215,-2.0,-0.31,-0.81,-6.48,140.16,-37.42,-0.69,1.03,0.44,-28.46,-178.18,-234.21,1
1746815132.439566,-2.0,-0.34,-0.76,2.31,135.76,-37.26,-0.7,1.15,0.49,-67.79,-161.72,-236.86,1
1746815132.452435,-2.0,-0.3,-1.08,5.72,48.69,-26.61,-0.66,1.15,0.53,-122.07,-144.8,-249.74,1
1746815132.464857,-2.0,-0.29,-0.76,8.85,5.43,-10.33,-0.7,0.93,0.63,-176.46,-140.06,-250.14,1
1746815132.481793,-2.0,-0.35,-0.8,10.66,-9.62,0.12,-0.66,0.8,0.61,-195.31,-142.67,-250.14,1
1746815132.4987,-2.0,-0.37,-0.75,19.35,-26.11,10.25,-0.69,0.58,0.62,-174.58,-153.66,-250.14,1
1746815132.515396,-2.0,-0.33,-0.78,6.87,-6.31,2.82,-0.7,0.39,0.63,-128.84,-157.61,-250.14,1
1746815132.531914,-2.0,-0.32,-0.76,2.85,-12.44,9.54,-0.77,0.34,0.62,-72.46,-153.26,-244.76,1
1746815132.550596,-2.0,-0.32,-0.76,-12.15,-1.31,5.18,-1.04,0.15,0.64,-0.36,-130.08,-245.23,1
1746815132.564741,-2.0,-0.31,-0.76,-22.94,-11.63,11.98,-0.92,0.45,0.44,23.05,-143.6,-250.14,1
1746815132.573206,-2.0,-0.3,-0.72,-35.55,-38.82,24.45,-0.9,0.5,0.22,42.35,-152.23,-243.4,1
1746815132.587578,-2.0,-0.31,-0.42,-39.25,-148.25,44.74,-0.82,0.62,0.02,56.93,-142.34,-244.51,1
1746815132.601349,-2.0,-0.39,-0.78,-24.81,-210.64,59.08,-0.77,0.67,-0.09,82.73,-125.85,-246.23,1
1746815132.614983,-2.0,-0.45,-1.01,-4.13,-160.59,47.27,-0.71,0.81,-0.18,119.03,-99.65,-243.4,1
1746815132.637538,-2.0,-0.48,-1.04,12.99,-43.82,22.27,-0.54,1.18,-0.14,148.08,-57.73,-227.54,1
1746815132.648756,-2.0,-0.46,-1.02,30.78,85.42,1.44,-0.42,1.74,0.07,126.27,-25.04,-201.79,1
1746815132.669187,-2.0,-0.42,-1.13,33.65,249.23,-41.56,-0.26,2.0,0.23,72.37,-0.08,-157.52,1
1746815132.682075,-2.0,-0.46,-0.87,0.64,250.13,-66.44,-0.14,1.9,0.27,26.47,12.96,-77.17,1
1746815132.69878,-2.0,-0.36,-1.13,8.73,42.6,-22.4,-0.23,1.42,0.43,30.91,-26.19,12.82,1
1746815132.715032,-2.0,-0.34,-0.74,-10.21,26.73,-29.52,-0.27,1.07,0.58,32.52,-49.7,53.19,1
1746815132.722167,-2.0,-0.27,-0.7,2.27,12.67,-15.56,-0.15,0.83,0.44,27.66,-47.37,52.58,1
1746815132.737503,-2.0,-0.32,-0.72,31.66,10.35,-4.79,-0.08,0.72,0.27,4.15,-51.75,24.97,1
1746815132.752963,-2.0,-0.31,-0.79,14.18,10.76,-1.51,0.02,0.6,0.17,-1.33,-43.56,5.59,1
1746815132.765242,-2.0,-0.31,-0.79,-10.1,18.15,-2.08,0.03,0.52,0.12,9.76,-27.72,4.11,1
1746815132.781709,-2.0,-0.23,-0.71,-28.32,28.89,-0.78,0.08,0.51,0.13,33.31,8.11,2.23,1
1746815132.798298,-2.0,-0.27,-0.73,-39.96,1.71,15.74,0.11,0.52,0.18,38.44,36.62,-6.44,1
1746815132.811009,-2.0,-0.31,-0.71,-47.67,-5.93,27.18,0.02,0.55,0.28,14.15,18.47,-16.13,1
1746815132.831739,-2.0,-0.38,-0.8,-58.88,-9.51,30.4,-0.03,0.59,0.43,-9.2,15.66,-27.6,1
1746815132.84852,-2.0,-0.38,-0.76,-49.18,-17.74,36.48,0.05,0.59,0.41,-15.07,25.54,-22.75,1
1746815132.856354,-2.0,-0.39,-0.77,-30.08,-25.99,42.21,-0.03,0.55,0.45,10.18,25.19,-24.32,1
1746815132.87282,-2.0,-0.41,-0.74,-16.18,-30.21,44.92,-0.02,0.62,0.38,21.27,29.05,-19.02,1
1746815132.886423,-2.0,-0.39,-0.8,-25.0,-27.24,37.1,-0.07,0.59,0.37,36.85,16.94,-9.55,1
1746815132.898676,-2.0,-0.42,-0.85,-36.08,-16.98,26.25,-0.14,0.65,0.36,54.18,0.59,3.34,1
1746815132.915334,-2.0,-0.41,-0.81,-40.45,-26.49,20.92,0.0,0.69,0.23,87.23,25.79,22.04,1
1746815132.931476,-2.0,-0.04,-0.32,-56.69,-74.19,14.84,-0.26,0.5,0.31,98.82,40.83,9.77,1
1746815132.948314,-2.0,-0.36,-0.57,-45.21,-34.14,-27.93,0.2,1.05,0.0,99.68,87.42,36.62,1
1746815132.964931,-2.0,-0.13,-0.85,1.1,-21.34,-2.96,-0.11,0.76,0.13,36.54,51.29,30.95,1
1746815132.983715,-2.0,-0.31,-0.8,-13.11,-38.64,-6.05,-0.73,1.01,0.84,2.32,-14.15,46.95,1
1746815132.998158,-2.0,-0.21,-0.85,17.02,18.27,-14.55,-0.15,0.81,0.13,23.59,64.22,54.64,1
1746815133.00509,-2.0,-0.23,-0.83,5.56,-3.95,4.1,-0.18,0.75,0.06,29.05,74.11,65.08,1
1746815133.020101,-2.0,-0.44,-0.87,-5.47,6.65,11.78,-0.21,0.74,0.12,27.44,111.93,73.6,1
1746815133.043293,-2.0,-0.39,-0.72,6.78,-0.56,19.5,-0.22,0.89,0.2,-10.78,94.3,74.7,0
1746815133.04927,-2.0,-0.45,-0.79,28.0,3.08,25.47,-0.38,0.74,0.31,-35.46,82.94,70.87,0
1746815133.0687,-2.0,-0.28,-0.66,19.62,-0.94,20.08,-0.23,0.56,0.1,-49.04,55.44,73.89,0
1746815133.081824,-2.0,-0.31,-0.83,2.96,-19.77,17.61,-0.14,0.43,0.08,-37.07,55.64,73.95,0
1746815133.098554,-2.0,-0.17,-0.74,-11.05,-27.11,20.05,-0.06,0.43,0.11,-23.76,72.27,73.86,0
1746815133.115568,-2.0,-0.14,-0.68,-7.59,-35.92,20.73,-0.14,0.41,0.22,-7.65,87.2,64.11,0
1746815133.132213,-2.0,-0.27,-0.49,9.56,-114.82,25.12,-0.22,0.36,0.28,-6.77,89.82,49.35,0
1746815133.149188,-2.0,-0.3,-0.9,15.4,-61.01,24.37,-0.21,0.39,0.26,-14.09,88.28,38.44,0
1746815133.165269,-2.0,-0.22,-0.87,6.52,-36.94,9.5,-0.26,0.38,0.23,-2.95,89.92,34.15,0
1746815133.17401,-2.0,-0.26,-0.69,-4.23,13.76,-1.49,-0.27,0.44,0.28,-0.65,91.28,24.61,0
1746815133.18834,-2.0,-0.28,-0.81,17.15,41.43,1.02,-0.13,0.52,0.18,-3.58,103.69,27.63,0
1746815133.202457,-2.0,-0.25,-0.65,12.79,93.87,-9.97,-0.32,0.44,0.27,8.56,99.11,16.56,0
1746815133.215716,-2.0,-0.14,-0.63,8.35,42.37,-8.6,-0.28,0.48,0.15,7.95,100.56,11.33,0
1746815133.232125,-2.0,-0.18,-0.73,1.15,21.19,-7.27,-0.48,0.43,0.32,7.18,113.5,1.17,0
1746815133.249134,-2.0,-0.22,-0.71,1.66,-15.19,-1.55,-0.43,0.61,0.3,-6.68,126.29,-3.18,0
1746815133.265824,-2.0,-0.29,-0.66,-3.29,-24.79,-2.22,-0.45,0.58,0.22,0.44,122.5,5.69,0
1746815133.282818,-2.0,-0.24,-0.81,-0.07,17.25,-1.44,-0.49,0.58,0.21,22.25,100.63,1.79,0
1746815133.29975,-2.0,-0.22,-0.39,0.14,-62.38,17.17,-0.53,0.62,0.22,46.64,77.19,11.03,0
1746815133.31543,-2.0,-0.23,-0.77,3.3,-109.3,30.23,-0.39,0.7,0.12,66.41,92.78,10.05,0
1746815133.324885,-2.0,-0.15,-0.68,-3.14,-86.66,28.11,-0.38,0.87,0.16,66.26,123.46,-3.8,0
1746815133.337036,-2.0,-0.21,-0.58,18.81,-119.99,42.49,-0.47,0.88,0.26,54.27,151.56,-12.52,0
1746815133.352812,-2.0,-0.27,-0.71,-3.71,-171.63,36.07,-0.53,0.81,0.17,46.14,175.78,-11.34,0
1746815133.366073,-2.0,-0.46,-0.92,21.0,-154.18,45.18,-0.62,0.71,0.17,16.18,159.97,-30.77,0
1746815133.382824,-2.0,-0.4,-0.75,-4.99,-22.15,18.67,-0.63,0.59,0.1,63.27,162.85,-31.85,0
1746815133.39865,-2.0,-0.35,-0.67,4.27,14.69,15.1,-0.65,0.72,0.11,79.17,152.73,-41.39,0
1746815133.417451,-2.0,-0.4,-0.89,12.45,98.47,-5.83,-0.57,0.84,-0.01,80.98,183.69,-46.15,0
1746815133.435171,-2.0,-0.36,-0.91,34.66,184.92,-19.74,-0.73,0.96,0.11,45.67,189.6,-55.01,0
1746815133.44906,-2.0,-0.4,-0.9,31.74,246.98,-35.63,-0.84,0.87,0.2,-7.59,176.25,-67.25,0
1746815133.456877,-2.0,-0.28,0.53,-22.07,101.72,-44.1,-0.88,0.71,0.21,-40.13,164.9,-75.68,0
1746815133.473512,-2.0,-0.43,-0.74,-16.88,33.85,-7.4,-0.96,0.57,0.24,-28.1,161.6,-77.81,0
1746815133.485901,-2.0,-0.39,-0.71,-29.66,-6.99,7.81,-1.0,0.46,0.2,-15.04,141.47,-80.39,0
1746815133.499109,-2.0,-0.43,-0.69,-26.12,-6.24,11.85,-0.98,0.38,0.11,13.88,124.73,-74.12,0
1746815133.515766,-2.0,-0.41,-0.69,-8.73,8.0,12.92,-0.97,0.4,0.19,34.27,119.23,-69.27,0
1746815133.532183,-2.0,-0.39,-0.69,3.15,6.33,14.43,-1.01,0.4,0.25,29.27,109.99,-75.02,0
1746815133.54922,-2.0,-0.36,-0.73,-5.56,-7.79,10.73,-1.08,0.37,0.22,48.3,111.45,-84.47,0
1746815133.56551,-2.0,-0.35,-0.71,-10.58,-29.53,8.71,-1.17,0.36,0.25,49.3,103.79,-95.46,0
1746815133.584864,-2.0,-0.37,-0.75,-2.12,-22.66,6.02,-1.17,0.39,0.17,48.69,97.22,-101.85,0
1746815133.599324,-2.0,-0.4,-0.78,-0.56,-7.36,1.98,-1.17,0.44,0.1,40.18,93.97,-108.21,0
1746815133.605033,-2.0,-0.4,-0.78,-10.28,3.82,-2.14,-1.18,0.43,0.02,50.16,93.42,-110.72,0
1746815133.623089,-2.0,-0.42,-0.74,-3.38,-7.34,7.21,-1.19,0.48,-0.03,50.91,99.76,-113.27,0
1746815133.637902,-2.0,-0.41,-0.75,1.11,6.6,7.79,-1.24,0.55,-0.06,57.52,109.47,-110.3,0
1746815133.649786,-2.0,-0.38,-0.74,-1.88,20.94,2.98,-1.28,0.7,0.01,31.18,114.58,-110.61,0
1746815133.665997,-2.0,-0.35,-0.72,-5.29,29.31,-1.82,-1.29,0.79,0.05,-11.07,119.45,-112.18,0
1746815133.682508,-2.0,-0.33,-0.72,-5.44,25.68,-2.2,-1.35,0.75,0.1,-50.8,108.07,-111.47,0
1746815133.699288,-2.0,-0.36,-0.73,-11.44,30.79,-7.72,-1.31,0.67,0.1,-58.34,99.26,-107.8,0
1746815133.715774,-2.0,-0.36,-0.69,-11.71,19.02,-6.69,-1.29,0.58,0.06,-57.09,90.21,-94.89,0
1746815133.732513,-2.0,-0.39,-0.76,-12.66,19.85,-8.16,-1.26,0.61,0.08,-50.79,70.45,-75.52,0
1746815133.751003,-2.0,-0.33,-0.7,-18.66,8.73,-4.98,-1.06,0.64,-0.09,-19.14,69.72,-37.37,0
1746815133.756246,-2.0,-0.38,-0.74,-18.29,-0.15,-0.5,-1.16,0.44,-0.02,-6.75,36.6,-19.66,0
1746815133.773915,-2.0,-0.35,-0.69,-18.06,1.31,-1.02,-1.16,0.3,0.06,45.3,39.08,-9.81,0
1746815133.786801,-2.0,-0.31,-0.68,-17.91,-8.25,3.05,-1.3,0.61,0.3,99.79,8.3,19.63,0
1746815133.80264,-2.0,-0.28,-0.68,-20.43,-6.44,3.31,-1.22,0.9,0.35,88.09,-59.79,45.06,0
1746815133.824384,-2.0,-0.27,-0.65,-16.21,-25.48,13.63,-0.93,0.62,-0.18,86.09,-30.79,42.02,0
1746815133.837988,-2.0,-0.28,-0.68,-4.99,-17.4,17.9,-0.83,0.63,-0.33,57.64,-3.77,24.84,0
1746815133.849325,-2.0,-0.31,-0.72,-5.97,-29.5,21.63,-0.81,0.55,-0.4,15.11,6.6,7.42,0
1746815133.865865,-2.0,-0.26,-0.71,-13.31,-13.5,14.92,-0.83,0.47,-0.45,-12.68,20.62,-8.8,0
1746815133.882879,-2.0,-0.25,-0.73,-17.15,-2.86,10.31,-0.85,0.4,-0.44,-34.34,24.38,-18.08,0
1746815133.899127,-2.0,-0.27,-0.73,-15.07,-4.22,11.32,-0.87,0.38,-0.41,-37.95,21.71,-18.44,0
1746815133.905744,-2.0,-0.26,-0.74,-15.19,4.37,9.91,-0.9,0.3,-0.39,-27.42,13.66,-11.92,0
1746815133.923511,-2.0,-0.28,-0.72,-13.77,5.22,13.98,-0.87,0.35,-0.42,-19.59,7.95,-6.27,0
1746815133.938822,-2.0,-0.29,-0.7,-10.96,3.48,17.72,-0.85,0.4,-0.43,-16.24,2.3,-1.46,0
1746815133.949083,-2.0,-0.38,-0.82,-6.21,0.56,21.5,-0.86,0.37,-0.44,-15.8,-0.81,1.35,0
1746815133.965873,-2.0,-0.31,-0.79,-10.89,9.95,17.04,-0.87,0.37,-0.46,-22.54,-0.93,1.17,0
1746815133.982552,-2.0,-0.32,-0.72,-9.85,-2.66,19.46,-0.87,0.36,-0.46,-27.53,2.35,1.23,0
1746815133.999485,-2.0,-0.33,-0.77,-12.16,1.78,16.5,-0.91,0.34,-0.38,-25.96,0.53,1.33,0
1746815134.016437,-2.0,-0.35,-0.76,-13.81,-11.38,17.79,-0.92,0.3,-0.34,-18.33,-1.67,3.21,0
1746815134.033145,-2.0,-0.36,-0.75,-12.34,-0.6,12.75,-0.94,0.27,-0.31,-7.27,-6.15,5.61,0
1746815134.049263,-2.0,-0.34,-0.75,-7.77,-15.58,14.41,-0.93,0.25,-0.32,5.86,-10.5,7.23,0
1746815134.056828,-2.0,-0.26,-0.64,-10.83,-28.85,13.05,-0.93,0.31,-0.33,8.4,-9.5,7.37,0
1746815134.071902,-2.0,-0.26,-0.51,-13.63,-64.01,19.69,-0.92,0.32,-0.35,10.52,-7.62,5.99,0
1746815134.086244,-2.0,-0.27,-0.71,-21.3,-77.68,15.4,-0.92,0.38,-0.35,8.28,-5.36,4.43,0
1746815134.103968,-2.0,-0.3,-0.69,-15.2,-70.48,17.8,-0.93,0.4,-0.35,2.69,-5.65,3.56,0
1746815134.116191,-2.0,-0.35,-0.84,-5.24,-11.88,1.82,-0.88,0.44,-0.38,-2.85,-3.59,2.54,0
1746815134.132777,-2.0,-0.27,-0.64,-5.65,-19.79,2.56,-0.92,0.38,-0.37,-8.84,-3.31,1.21,0
1746815134.149834,-2.0,-0.28,-0.61,-1.85,-23.44,2.72,-0.93,0.35,-0.34,-8.59,-2.86,0.82,0
1746815134.166487,-2.0,-0.38,-0.81,-0.98,-4.82,-9.47,-0.93,0.27,-0.37,-13.21,2.21,1.07,0
1746815134.185204,-2.0,-0.38,-0.73,-3.13,35.02,-10.42,-0.97,0.3,-0.28,-15.95,-20.56,2.86,0
1746815134.199513,-2.0,-0.18,-0.61,-11.53,-18.22,-6.69,-0.9,0.29,-0.37,-1.75,2.21,0.58,0
1746815134.208645,-2.0,-0.31,-0.8,-9.46,61.46,-12.9,-0.92,0.34,-0.32,-12.64,-3.56,-0.89,0
1746815134.225652,-2.0,-0.24,-0.49,-10.58,-17.41,1.69,-0.89,0.33,-0.37,-11.18,2.96,-2.92,0
1746815134.237712,-2.0,-0.36,-0.98,9.88,19.66,3.02,-0.91,0.33,-0.37,-14.41,5.69,-6.79,0
1746815134.249758,-2.0,-0.38,-0.52,7.61,10.83,3.28,-0.9,0.2,-0.35,-17.11,-6.34,-5.84,0
1746815134.26634,-2.0,-0.38,-0.79,9.41,15.23,3.7,-0.92,0.44,-0.3,-35.39,-5.77,-9.63,0
1746815134.282968,-2.0,-0.34,-0.86,6.09,71.81,-10.39,-0.89,0.44,-0.31,-28.77,-6.13,-3.54,0
1746815134.300054,-2.0,-0.3,-0.75,-0.74,49.63,-15.6,-0.83,0.32,-0.38,-14.05,1.53,-0.95,0
1746815134.31635,-2.0,-0.32,-0.84,-0.21,58.15,-18.92,-0.93,0.39,-0.33,-22.12,-0.99,-4.59,0
1746815134.332936,-2.0,-0.24,-0.44,-12.05,51.91,-25.55,-0.91,0.48,-0.36,-24.98,1.35,-3.05,0
1746815134.349686,-2.0,-0.29,-0.69,-12.23,30.44,-12.63,-0.94,0.47,-0.34,-31.68,3.73,-2.78,0
1746815134.357313,-2.0,-0.34,-0.73,-10.98,32.15,-9.18,-0.94,0.53,-0.32,-42.46,0.69,-2.07,0
1746815134.371981,-2.0,-0.33,-0.7,-14.29,13.87,0.44,-0.97,0.62,-0.31,-57.79,-2.69,-1.56,1
1746815134.383885,-2.0,-0.32,-0.71,-6.18,1.87,10.29,-1.0,0.94,-0.32,-86.91,-6.53,-5.98,1
1746815134.399857,-2.0,-0.29,-0.72,5.65,1.59,17.5,-1.03,1.26,-0.27,-154.5,-12.82,-18.63,1
1746815134.416385,-2.0,-0.28,-0.72,6.24,-1.04,21.56,-1.06,1.47,-0.19,-227.11,-17.59,-32.58,1
1746815134.433122,-2.0,-0.25,-0.54,4.33,-9.25,25.54,-1.09,1.58,-0.14,-250.14,-26.95,-34.14,1
1746815134.449677,-2.0,-0.27,-0.68,5.44,0.17,27.96,-1.12,1.69,-0.15,-250.14,-23.98,-18.98,1
1746815134.466593,-2.0,-0.25,-0.65,5.08,-30.01,32.06,-1.21,1.62,-0.03,-250.14,-39.94,18.79,1
1746815134.483543,-2.0,-0.23,-0.82,4.66,26.79,24.21,-1.33,1.43,0.16,-193.27,-66.48,60.77,1
1746815134.499826,-2.0,-0.22,-0.69,-0.23,24.18,12.69,-1.31,1.37,0.05,-149.04,-73.87,96.63,1
1746815134.508341,-2.0,-0.2,-0.69,-5.98,16.37,12.68,-1.45,1.2,-0.06,-118.64,-72.24,130.56,1
1746815134.524921,-2.0,-0.25,-0.73,-12.93,22.92,5.73,-1.41,1.41,-0.29,-142.32,-60.2,172.2,1
1746815134.536534,-2.0,-0.25,-0.71,-11.89,-4.4,11.18,-1.57,1.25,-0.35,-156.73,-43.46,206.66,1
1746815134.550066,-2.0,-0.29,-0.83,-13.73,10.59,3.87,-1.63,1.19,-0.42,-171.92,-30.65,242.94,1
1746815134.566942,-2.0,-0.35,-0.85,-6.63,7.95,8.79,-1.71,0.99,-0.38,-149.5,-24.65,250.13,1
1746815134.583515,-2.0,-0.33,-0.87,-4.63,25.18,5.68,-1.78,0.94,-0.47,-134.15,-28.2,250.13,1
1746815134.600085,-2.0,-0.34,-0.68,9.66,-6.84,23.04,-1.73,1.0,-0.49,-138.21,-38.44,250.13,1
1746815134.617263,-2.0,-0.4,-0.85,6.4,5.69,23.8,-1.76,0.91,-0.53,-147.83,-29.37,250.13,1
1746815134.635206,-2.0,-0.44,-0.78,10.85,-6.55,34.3,-1.62,0.75,-0.51,-151.83,-26.99,250.13,1
1746815134.650277,-2.0,-0.41,-0.73,4.98,1.72,36.99,-1.61,0.47,-0.31,-126.68,-43.37,250.13,1
1746815134.658817,-2.0,-0.41,-0.69,14.17,-3.26,47.85,-1.28,0.33,-0.46,-112.96,-9.0,250.13,1
1746815134.672234,-2.0,-0.43,-0.71,5.14,14.41,40.79,-1.13,0.32,-0.44,-121.99,-20.93,250.13,1
1746815134.688149,-2.0,-0.42,-0.7,10.21,-6.44,46.28,-1.1,0.33,-0.27,-124.82,-15.12,250.13,1
1746815134.70031,-2.0,-0.37,-0.66,4.15,4.53,34.82,-0.94,0.26,-0.34,-131.68,-12.11,250.13,1
1746815134.71701,-2.0,-0.35,-0.67,7.37,2.76,24.31,-0.7,0.12,-0.44,-134.88,-18.18,250.0,1
1746815134.73336,-2.0,-0.32,-0.7,-1.25,5.53,5.98,-0.67,0.07,-0.32,-125.44,-15.28,226.07,1
1746815134.750014,-2.0,-0.27,-0.68,-5.05,-4.31,-8.66,-0.53,0.08,-0.31,-112.98,-4.88,202.55,1
1746815134.766817,-2.0,-0.3,-0.72,-9.5,-1.82,-24.32,-0.44,0.07,-0.24,-108.14,-13.5,184.11,1
1746815134.783774,-2.0,-0.3,-0.75,-7.81,2.28,-30.47,-0.38,-0.01,-0.14,-101.09,-11.47,163.63,1
1746815134.791552,-2.0,-0.3,-0.75,-10.36,2.58,-31.96,-0.23,-0.05,-0.12,-99.69,6.7,141.34,1
1746815134.80845,-2.0,-0.31,-0.75,-9.55,-6.13,-25.19,-0.18,-0.19,0.01,-86.85,15.06,110.91,1
1746815134.821745,-2.0,-0.3,-0.69,-8.85,-13.08,-17.38,-0.25,-0.11,0.15,-85.86,27.25,64.84,1
1746815134.834077,-2.0,-0.29,-0.75,-0.68,-1.93,-7.01,-0.07,0.01,0.14,-106.95,26.31,29.79,1
1746815134.850579,-2.0,-0.24,-0.65,-0.56,-7.63,1.56,-0.14,-0.11,0.47,-152.32,-18.97,-12.66,1
1746815134.866938,-2.0,-0.34,-0.76,12.81,-7.44,17.55,-0.17,-0.38,0.62,-152.01,20.22,-25.02,1
1746815134.883683,-2.0,-0.28,-0.67,4.39,-12.94,19.78,-0.21,-0.47,0.82,-115.88,-65.53,-34.17,1
1746815134.900242,-2.0,-0.23,-0.64,-5.69,-4.53,12.49,-0.2,-0.43,0.88,-89.53,-56.34,-47.45,1
1746815134.91721,-2.0,-0.32,-0.73,1.89,-6.56,14.69,0.09,-0.3,0.71,-43.51,-10.98,-53.03,1
1746815134.934059,-2.0,-0.2,-0.68,-2.34,-5.59,7.51,-0.05,-0.25,0.62,1.89,-37.28,-84.76,1
1746815134.950266,-2.0,-0.21,-0.82,-22.62,21.01,-9.62,0.14,-0.04,0.49,-67.98,-10.42,-98.67,1
1746815134.959355,-2.0,-0.26,-0.76,-4.91,27.73,-4.05,-0.65,0.03,1.28,-28.08,-99.36,-124.13,1
1746815134.973369,-2.0,-0.21,-0.63,-33.85,22.53,-12.07,-0.32,0.28,0.96,-50.05,-66.2,-122.81,1
1746815134.98737,-2.0,-0.4,-0.92,-36.15,8.3,-2.59,-0.51,0.34,1.02,-80.82,-113.05,-145.07,1
1746815135.000365,-2.0,-0.34,-0.73,-47.53,21.62,-5.8,-0.47,0.41,1.03,-105.47,-97.11,-167.53,1
1746815135.017213,-2.0,-0.35,-0.71,-27.67,-0.78,11.21,-0.5,0.28,0.99,-107.4,-103.89,-168.15,1
1746815135.05396,-2.0,-0.32,-0.74,-43.46,13.63,-2.96,-0.54,0.27,0.98,-104.46,-94.95,-182.53,1
1746815135.055217,-2.0,-0.38,-0.73,-43.16,-12.5,4.43,-0.61,0.15,1.01,-66.0,-97.45,-186.53,1
1746815135.068885,-2.0,-0.32,-0.69,-19.63,4.95,3.09,-0.53,0.15,0.86,-25.8,-94.56,-189.0,1
1746815135.0843,-2.0,-0.19,-0.36,-41.23,-62.25,10.81,-0.5,0.13,0.79,21.08,-80.89,-178.85,1
1746815135.101215,-2.0,-0.25,-1.06,-45.28,-14.53,-12.84,-0.49,0.25,0.72,46.27,-105.91,-170.95,1
1746815135.110425,-2.0,-0.28,-0.47,-42.22,-96.69,5.91,-0.47,0.24,0.62,42.45,-117.4,-173.56,1
1746815135.122578,-2.0,-0.29,-0.88,-42.95,-61.55,1.31,-0.56,0.32,0.64,30.59,-141.69,-182.95,1
1746815135.141534,-2.0,-0.24,-0.71,-41.84,-16.52,-10.95,-0.44,0.65,0.53,-24.17,-145.22,-192.02,1
1746815135.1543,-2.0,-0.21,-0.68,-35.53,-44.94,-8.27,-0.57,0.4,0.66,-77.45,-129.47,-225.16,1
1746815135.170982,-2.0,-0.21,-1.06,-20.49,42.63,-22.37,-0.44,0.24,0.58,-97.87,-104.14,-240.42,1
1746815135.187081,-2.0,-0.22,-0.89,-8.95,51.09,-28.13,-0.34,0.19,0.61,-94.06,-64.72,-250.14,1
1746815135.204257,-2.0,-0.24,-0.78,-37.13,107.39,-51.31,-0.35,0.19,0.61,-59.01,-75.79,-240.75,1
1746815135.220008,-2.0,-0.13,-0.77,8.18,86.92,-30.77,-0.49,0.23,0.81,-42.16,-61.82,-232.3,1
1746815135.23604,-2.0,-0.14,-0.64,-4.95,79.03,-32.79,-0.6,0.29,0.99,-84.24,-100.44,-244.5,1
1746815135.250071,-2.0,-0.24,-0.88,7.98,39.04,-16.57,-0.55,0.1,0.85,-99.05,-99.72,-250.14,1
1746815135.254057,-2.0,-0.28,-0.85,18.29,34.19,2.53,-0.65,0.12,0.96,-108.42,-96.02,-250.14,1
1746815135.273001,-2.0,-0.4,-0.85,19.3,-0.68,28.13,-0.48,0.02,0.66,-87.41,-50.66,-250.14,1
1746815135.28703,-2.0,-0.35,-0.79,3.69,11.27,27.65,-0.67,0.11,0.82,-80.55,-54.1,-250.14,1
1746815135.304549,-2.0,-0.33,-0.7,10.85,-17.89,44.47,-0.87,0.17,0.85,-67.0,-62.81,-250.14,1
1746815135.320911,-2.0,-0.29,-0.79,-13.6,9.79,25.61,-0.94,0.04,0.72,-48.01,-68.03,-250.14,1
1746815135.336236,-2.0,-0.32,-0.75,-8.97,-21.41,36.02,-1.09,0.17,0.73,-25.83,-95.92,-250.14,1
1746815135.354436,-2.0,-0.23,-0.65,-39.42,-18.62,18.85,-1.24,0.29,0.72,13.01,-104.58,-250.14,1
1746815135.369944,-2.0,-0.23,-0.43,-40.54,-93.88,27.82,-1.23,0.47,0.58,44.68,-62.87,-250.14,1
1746815135.384977,-2.0,-0.28,-0.75,-42.2,-173.11,30.75,-1.29,0.68,0.52,59.85,-40.56,-250.14,1
1746815135.400301,-2.0,-0.42,-0.75,-21.13,-221.14,43.48,-1.29,0.86,0.55,53.92,-45.34,-250.14,1
1746815135.410455,-2.0,-0.43,-1.05,-1.06,-182.4,35.29,-1.25,0.94,0.46,53.74,-56.31,-250.14,1
1746815135.422431,-2.0,-0.23,-0.84,-12.62,-73.57,11.0,-1.1,1.02,0.33,60.32,-81.15,-250.14,1
1746815135.437467,-2.0,-0.31,-0.91,2.73,17.22,-7.47,-0.74,1.32,0.22,69.89,-70.95,-240.85,1
1746815135.453602,-2.0,-0.28,-0.86,10.73,82.51,-16.06,-0.58,1.58,0.25,79.34,-42.07,-201.58,1
1746815135.470568,-2.0,-0.4,-0.77,16.61,95.28,-23.91,-0.43,1.93,0.4,63.98,-14.48,-151.58,1
1746815135.487843,-2.0,-0.32,-0.79,29.08,165.11,-26.52,-0.41,1.72,0.45,47.15,4.76,-81.79,1
1746815135.503607,-2.0,-0.16,-0.57,21.89,145.42,-25.24,-0.38,1.41,0.51,33.31,-7.65,-8.31,1
1746815135.519989,-2.0,-0.23,-0.68,14.56,74.22,-12.79,-0.37,1.1,0.6,-4.71,-46.85,32.47,1
1746815135.53474,-2.0,-0.25,-0.71,11.47,51.34,-6.98,-0.28,0.75,0.54,-23.21,-72.18,39.49,1
1746815135.542629,-2.0,-0.18,-0.58,25.12,19.44,6.79,-0.07,0.48,0.37,-21.23,-76.56,32.01,1
1746815135.559883,-2.0,-0.28,-0.77,18.13,43.59,3.89,0.13,0.33,0.2,0.39,-42.98,18.73,1
1746815135.572322,-2.0,-0.33,-0.78,13.6,56.03,6.61,0.16,0.31,0.25,19.45,1.61,0.22,1
1746815135.58773,-2.0,-0.34,-0.79,-7.19,44.55,15.68,0.07,0.38,0.42,21.6,24.15,-13.85,1
1746815135.604169,-2.0,-0.36,-0.7,-29.65,40.95,16.95,-0.03,0.39,0.47,17.95,28.08,-22.8,1
1746815135.621239,-2.0,-0.43,-0.75,-30.43,11.79,32.25,-0.14,0.43,0.53,20.79,15.14,-21.4,1
1746815135.63778,-2.0,-0.48,-0.78,-38.73,14.44,28.11,-0.08,0.52,0.52,13.9,-2.2,-14.89,1
1746815135.653987,-2.0,-0.46,-0.83,-40.2,13.7,21.54,-0.02,0.53,0.49,11.57,-4.78,-0.93,1
1746815135.67026,-2.0,-0.46,-0.85,-42.99,6.34,12.86,-0.03,0.49,0.48,4.87,-7.69,4.53,1
1746815135.686008,-2.0,-0.46,-0.85,-29.95,-4.0,6.56,-0.02,0.44,0.48,6.44,-4.6,8.9,1
1746815135.693751,-2.0,-0.4,-0.81,-6.48,-18.52,3.59,-0.0,0.43,0.48,9.53,7.97,7.98,1
1746815135.710911,-2.0,-0.36,-0.86,10.18,-16.98,-3.59,0.01,0.44,0.49,5.77,14.21,7.55,1
1746815135.722086,-2.0,-0.3,-0.85,9.64,-11.5,-12.56,-0.01,0.44,0.53,4.4,22.1,11.31,1
1746815135.737509,-2.0,-0.22,-0.81,-1.91,9.66,-22.51,-0.05,0.43,0.53,3.16,34.46,14.69,1
1746815135.754114,-2.0,-0.22,-0.77,-2.89,24.47,-23.36,-0.06,0.39,0.55,10.92,47.32,19.69,1
1746815135.769848,-2.0,-0.24,-0.76,6.29,24.28,-8.69,-0.04,0.45,0.57,16.33,57.82,24.31,1
1746815135.787146,-2.0,-0.22,-0.74,14.21,11.87,7.3,-0.09,0.39,0.52,16.38,37.59,23.56,1
1746815135.803833,-2.0,-0.22,-0.88,15.34,9.06,12.18,-0.08,0.4,0.54,25.78,26.34,26.59,1
1746815135.819599,-2.0,-0.08,-0.74,13.27,12.53,4.06,-0.05,0.39,0.37,50.85,42.65,27.25,1
1746815135.835191,-2.0,-0.05,-0.72,-3.69,7.34,-9.53,-0.1,0.42,0.31,74.32,48.82,29.79,1
1746815135.843517,-2.0,-0.07,-0.72,-21.83,11.63,-25.08,-0.16,0.6,0.24,82.63,47.36,34.05,1
1746815135.86032,-2.0,-0.12,-0.76,-42.71,36.59,-42.22,-0.18,0.69,0.17,73.12,49.5,44.41,1
1746815135.873082,-2.0,-0.31,-0.73,-59.94,3.15,-34.88,-0.14,0.71,0.04,57.95,65.16,55.11,1
1746815135.897244,-2.0,-0.32,-0.75,-66.61,5.71,-35.31,-0.22,0.74,0.04,43.87,81.73,64.02,0
1746815135.90919,-2.0,-0.36,-0.77,-56.85,-6.79,-28.63,-0.23,0.74,-0.0,34.04,96.24,73.41,0
1746815135.924333,-2.0,-0.28,-0.79,-38.5,-11.5,-18.35,-0.24,0.68,-0.03,28.55,119.51,79.33,0
1746815135.939116,-2.0,-0.27,-0.79,-27.34,-32.44,3.27,-0.31,0.65,0.0,19.04,138.37,82.22,0
1746815135.953978,-2.0,-0.24,-0.79,-17.71,-46.77,18.66,-0.38,0.67,0.01,12.1,163.77,83.3,0
1746815135.969219,-2.0,-0.2,-0.75,1.65,-60.88,26.68,-0.49,0.56,-0.01,5.84,173.66,79.81,0
1746815135.983928,-2.0,-0.18,-0.88,8.34,-42.38,21.99,-0.53,0.56,-0.04,9.6,196.26,75.45,0
1746815135.998969,-2.0,-0.22,-0.85,17.1,-11.11,12.69,-0.5,0.57,0.07,3.25,198.76,76.7,0
1746815136.013967,-2.0,-0.26,-0.87,31.37,31.07,3.55,-0.57,0.62,0.3,0.29,205.57,71.84,0
1746815136.021313,-2.0,-0.25,-0.69,26.94,23.45,-1.42,-0.61,0.62,0.27,-20.72,209.89,67.34,0
1746815136.03717,-2.0,-0.23,-0.8,27.47,10.57,-0.34,-0.55,0.58,0.17,-38.92,201.78,70.76,0
1746815136.053958,-2.0,-0.27,-0.72,9.84,-7.08,-3.33,-0.71,0.38,0.23,-13.0,179.15,71.67,0
1746815136.070819,-2.0,-0.27,-0.81,8.63,-0.1,0.44,-0.67,0.39,0.13,2.01,166.09,58.57,0
1746815136.087316,-2.0,-0.27,-0.75,0.33,-0.16,0.5,-0.61,0.42,0.15,24.33,167.47,59.22,0
1746815136.104359,-2.0,-0.29,-0.73,3.66,-7.55,7.98,-0.59,0.5,0.21,48.24,180.57,58.09,0
1746815136.120752,-2.0,-0.33,-0.8,3.44,-10.49,11.51,-0.7,0.51,0.25,42.59,181.07,48.98,0
1746815136.135906,-2.0,-0.25,-0.53,0.59,-61.19,23.49,-0.71,0.61,0.31,7.26,159.4,36.28,0
1746815136.144011,-2.0,-0.23,-0.99,-4.21,-39.73,14.85,-0.86,0.48,0.25,23.9,158.06,28.98,0
1746815136.160192,-2.0,-0.45,-0.57,22.9,-89.23,32.79,-0.73,0.69,0.22,4.35,149.56,18.08,0
1746815136.175313,-2.0,-0.34,-0.73,-15.21,-35.47,14.13,-0.8,0.86,0.33,4.52,166.04,13.03,0
1746815136.187191,-2.0,-0.34,-0.93,11.45,-43.5,17.78,-0.95,0.3,0.3,26.53,172.74,-2.24,0
1746815136.204615,-2.0,0.04,-0.82,4.32,-14.89,0.42,-0.91,0.41,0.18,40.53,199.53,0.31,0
1746815136.221053,-2.0,-0.34,-0.97,-0.76,-29.23,-11.91,-0.79,0.65,0.18,-16.15,170.79,-16.18,0
1746815136.239167,-2.0,-0.58,-0.83,20.18,-49.52,-1.44,-1.02,0.56,0.35,32.41,176.62,-19.37,0
1746815136.254193,-2.0,-0.46,-0.78,11.47,109.74,-30.41,-0.9,0.64,0.15,15.66,180.63,-21.38,0
1746815136.269358,-2.0,-0.26,-0.52,8.2,15.4,-14.5,-1.01,0.72,0.13,-1.13,172.67,-21.15,0
1746815136.284137,-2.0,-0.34,-0.78,-2.95,55.92,-24.85,-0.99,0.71,0.03,-29.24,195.4,-28.18,0
1746815136.292294,-2.0,-0.26,-0.5,0.75,-43.66,-0.75,-1.05,0.63,0.05,-52.67,183.34,-45.75,0
1746815136.30604,-2.0,-0.35,-0.85,-2.64,49.74,-14.98,-1.03,0.51,0.02,-67.05,176.71,-59.54,0
1746815136.320438,-2.0,-0.29,-0.64,-12.5,27.01,-17.37,-1.05,0.45,0.07,-47.66,162.11,-62.85,0
1746815136.336876,-2.0,-0.34,-0.67,-14.11,2.22,-10.07,-1.03,0.41,0.06,-36.27,162.2,-59.76,0
1746815136.353458,-2.0,-0.41,-0.73,3.76,-2.37,-3.61,-1.16,0.41,0.16,-7.7,152.83,-52.63,0
1746815136.369668,-2.0,-0.26,-0.67,6.82,18.11,-7.88,-1.25,0.24,0.27,15.82,136.57,-56.1,0
1746815136.386132,-2.0,-0.27,-0.76,26.03,3.48,2.61,-1.25,0.34,0.29,9.54,122.47,-59.43,0
1746815136.403815,-2.0,-0.31,-0.76,19.63,-4.11,9.68,-1.31,0.26,0.35,26.05,100.59,-69.05,0
1746815136.419579,-2.0,-0.35,-0.74,7.13,-8.29,12.5,-1.3,0.29,0.3,24.08,85.42,-77.52,0
1746815136.425214,-2.0,-0.33,-0.62,-2.43,-37.58,22.12,-1.29,0.17,0.23,64.01,84.18,-78.95,0
1746815136.441884,-2.0,-0.29,-0.57,1.52,-38.2,23.61,-1.22,0.25,0.11,104.08,98.21,-76.74,0
1746815136.455878,-2.0,-0.38,-0.69,17.01,-58.98,36.52,-1.09,0.43,0.09,56.0,60.63,-76.47,0
1746815136.470679,-2.0,-0.34,-0.74,3.27,-48.67,24.89,-1.32,0.4,0.01,114.22,83.6,-72.4,0
1746815136.487315,-2.0,-0.45,-0.79,13.07,4.06,12.01,-2.0,1.56,1.8,176.5,16.48,-12.7,0
1746815136.504619,-2.0,-0.34,-0.76,15.0,20.27,8.79,-1.53,1.38,0.84,167.24,-111.6,39.89,0
1746815136.521173,-2.0,-0.39,-0.87,12.18,110.6,-10.95,-1.3,1.22,0.13,198.88,-30.89,26.47,0
1746815136.538499,-2.0,-0.26,-0.73,-7.36,66.19,-11.43,-1.18,1.11,-0.15,99.69,-65.03,27.47,0
1746815136.553596,-2.0,-0.28,-0.62,-32.17,45.1,-14.33,-1.03,0.79,-0.37,33.35,-48.8,14.08,0
1746815136.570746,-2.0,-0.39,-0.8,-22.24,8.27,10.11,-0.81,0.55,-0.61,-13.92,22.86,6.7,0
1746815136.585682,-2.0,-0.34,-0.72,-52.5,0.21,7.02,-0.93,0.46,-0.45,-21.3,23.29,-8.69,0
1746815136.593906,-2.0,-0.32,-0.66,-33.88,13.69,10.98,-0.85,0.37,-0.45,-63.08,36.85,-16.58,0
1746815136.61055,-2.0,-0.33,-0.69,-13.81,2.44,24.17,-0.89,0.33,-0.39,-60.27,30.66,-32.44,0
1746815136.623194,-2.0,-0.32,-0.69,-32.59,1.28,20.3,-0.92,0.28,-0.32,-71.31,13.45,-40.04,0
1746815136.63778,-2.0,-0.36,-0.67,-21.31,-10.47,24.23,-0.81,0.25,-0.38,-75.73,7.34,-44.02,0
1746815136.654703,-2.0,-0.35,-0.63,-6.01,-40.48,31.44,-0.82,0.18,-0.39,-46.18,-10.85,-39.69,0
1746815136.671371,-2.0,-0.32,-0.79,2.81,-2.55,18.27,-0.6,0.27,-0.48,-38.33,-6.16,-34.05,0
1746815136.689703,-2.0,-0.38,-0.79,2.65,-0.63,8.92,-0.75,0.2,-0.39,6.36,-15.57,-22.67,0
1746815136.704767,-2.0,-0.38,-0.7,14.88,-30.6,15.3,-0.83,0.13,-0.35,10.3,-12.35,-24.3,0
1746815136.720465,-2.0,-0.3,-0.78,0.05,-5.3,3.67,-0.84,0.2,-0.32,19.23,-7.54,-32.18,0
1746815136.735476,-2.0,-0.34,-0.69,-1.44,-33.47,8.18,-0.83,0.24,-0.32,9.93,-24.73,-41.21,0
1746815136.744332,-2.0,-0.41,-1.04,-2.19,29.24,-2.6,-0.95,0.2,-0.28,11.93,-26.4,-54.55,0
1746815136.760107,-2.0,-0.36,-0.77,-5.66,4.92,2.54,-0.89,0.33,-0.28,9.36,-24.11,-46.27,0
1746815136.771375,-2.0,-0.33,-0.67,-17.8,3.35,-0.24,-0.91,0.32,-0.35,-3.35,-29.13,-43.11,0
1746815136.78766,-2.0,-0.33,-0.73,-10.42,12.56,2.38,-0.81,0.37,-0.47,-22.6,-7.82,-34.79,0
1746815136.805304,-2.0,-0.34,-0.76,-4.32,4.87,7.42,-0.94,0.38,-0.32,-13.18,12.25,-36.65,0
1746815136.821226,-2.0,-0.33,-0.73,-5.82,7.74,5.72,-1.04,0.29,-0.32,16.44,0.44,-42.05,0
1746815136.838268,-2.0,-0.36,-0.74,-1.41,2.69,8.31,-0.84,0.41,-0.52,30.56,-31.51,-32.54,0
1746815136.854526,-2.0,-0.35,-0.72,-4.21,2.27,8.13,-0.95,0.48,-0.36,25.15,-0.86,-25.63,0
1746815136.870901,-2.0,-0.34,-0.71,-11.94,-3.27,7.33,-0.98,0.49,-0.4,22.36,40.08,-14.83,0
1746815136.885494,-2.0,-0.22,-0.51,-22.69,-41.28,12.58,-1.16,0.42,-0.23,28.24,-10.83,-14.71,0
1746815136.89463,-2.0,-0.25,-0.78,-18.89,-37.96,8.05,-0.83,0.47,-0.44,14.6,11.5,-12.11,0
1746815136.907991,-2.0,-0.42,-0.95,-17.32,-17.93,1.12,-0.61,0.59,-0.62,-31.28,-12.46,-9.44,0
1746815136.921342,-2.0,-0.29,-0.49,-28.7,-88.97,13.12,-1.05,0.48,-0.15,-25.89,20.09,1.19,0
1746815136.937438,-2.0,-0.31,-0.89,-25.11,-18.81,3.77,-0.97,0.41,-0.39,-26.37,46.91,5.28,0
1746815136.954466,-2.0,-0.35,-0.89,-9.31,-6.96,5.43,-1.04,0.39,-0.21,-4.41,-20.55,14.69,0
1746815136.971122,-2.0,-0.27,-0.53,-19.6,-13.51,-1.18,-0.93,0.39,-0.25,-5.67,8.69,16.13,0
1746815136.988611,-2.0,-0.39,-0.97,10.41,13.98,3.93,-0.92,0.39,-0.45,-16.82,-14.99,11.01,0
1746815137.004562,-2.0,-0.44,-0.84,7.68,58.03,-12.52,-1.03,0.42,-0.15,-14.53,-31.51,10.56,0
1746815137.020081,-2.0,-0.33,-0.82,12.46,43.31,-1.97,-1.02,0.34,-0.18,-4.66,-1.44,14.98,0
1746815137.035048,-2.0,-0.25,-0.61,-12.26,41.25,-7.48,-0.8,0.28,-0.43,-1.34,16.31,18.96,0
1746815137.045044,-2.0,-0.35,-0.81,1.2,36.84,1.78,-1.08,0.26,-0.08,8.16,-18.27,17.51,0
1746815137.058129,-2.0,-0.38,-0.67,-8.63,49.95,-4.79,-0.8,0.29,-0.46,-9.42,12.83,8.57,0
1746815137.071891,-2.0,-0.26,-0.57,-18.85,21.73,-7.69,-0.95,0.32,-0.2,-4.85,-43.56,6.28,0
1746815137.088461,-2.0,-0.29,-0.73,-17.95,2.33,-0.73,-0.94,0.28,-0.25,13.13,2.78,17.54,0
1746815137.105212,-2.0,-0.33,-0.77,-20.82,8.17,-2.36,-0.95,0.28,-0.27,10.12,-3.66,15.01,0
1746815137.12186,-2.0,-0.34,-0.77,-34.44,20.24,-7.75,-0.88,0.29,-0.32,4.34,16.39,14.98,0
1746815137.139047,-2.0,-0.34,-0.81,-44.5,27.18,-15.06,-0.94,0.29,-0.29,4.24,19.72,15.79,0
1746815137.153726,-2.0,-0.35,-0.75,-29.04,25.11,-11.73,-0.9,0.33,-0.29,-1.01,12.4,12.27,0
1746815137.171404,-2.0,-0.38,-0.75,-17.13,7.76,-5.89,-0.97,0.34,-0.22,-4.76,-12.06,4.71,0
1746815137.185347,-2.0,-0.37,-0.78,-15.82,12.23,-9.44,-0.88,0.35,-0.34,1.25,20.5,9.48,0
1746815137.194751,-2.0,-0.26,-0.71,-14.83,6.53,-5.43,-0.91,0.38,-0.32,20.15,32.36,19.42,0
1746815137.210496,-2.0,-0.33,-0.73,-11.65,5.14,-2.58,-1.0,0.37,-0.28,40.02,31.04,24.36,0
1746815137.22117,-2.0,-0.34,-0.74,-6.95,1.55,-1.29,-0.96,0.47,-0.31,49.16,-7.73,31.05,0
1746815137.238256,-2.0,-0.29,-0.72,-3.24,-9.72,1.56,-1.04,0.56,-0.26,59.99,4.35,42.27,0
1746815137.255097,-2.0,-0.3,-0.76,3.87,-14.39,3.28,-1.1,0.76,-0.24,60.35,-8.02,60.49,1
1746815137.271104,-2.0,-0.3,-0.76,4.62,-10.01,0.22,-1.12,0.94,-0.28,43.6,-5.97,79.5,1
1746815137.288622,-2.0,-0.3,-0.77,-0.04,-2.37,-2.82,-1.12,1.08,-0.36,21.15,-13.08,100.15,1
1746815137.304187,-2.0,-0.34,-0.81,-0.31,8.94,-4.54,-1.17,1.09,-0.42,-2.99,5.67,121.24,1
1746815137.320721,-2.0,-0.28,-0.75,-1.24,3.18,-1.97,-1.25,1.17,-0.37,-40.34,-18.39,134.75,1
1746815137.335275,-2.0,-0.32,-0.79,-0.36,15.8,-3.21,-1.15,1.21,-0.5,-64.2,-12.83,145.38,1
1746815137.345079,-2.0,-0.33,-0.79,12.92,14.46,0.95,-1.19,1.28,-0.54,-90.31,-0.62,151.19,1
1746815137.358094,-2.0,-0.27,-0.72,1.9,32.05,-6.49,-1.1,1.23,-0.65,-99.67,10.11,165.12,1
1746815137.372213,-2.0,-0.28,-0.75,-6.47,5.37,-0.8,-1.1,1.29,-0.68,-123.34,28.38,175.62,1
1746815137.389115,-2.0,-0.3,-0.72,-5.74,9.35,-0.56,-1.23,1.32,-0.55,-117.56,2.18,192.85,1
1746815137.405313,-2.0,-0.3,-0.74,-2.08,3.31,5.24,-1.16,1.33,-0.61,-137.6,17.21,201.85,1
1746815137.421958,-2.0,-0.31,-0.73,-0.53,4.67,6.96,-1.07,1.29,-0.66,-163.82,18.83,207.13,1
1746815137.439357,-2.0,-0.28,-0.73,-3.16,3.63,7.72,-1.01,1.21,-0.68,-175.25,36.62,211.29,1
1746815137.454342,-2.0,-0.31,-0.72,8.15,-8.5,15.48,-0.93,1.2,-0.71,-183.35,44.13,214.88,1
1746815137.469409,-2.0,-0.32,-0.73,10.56,-8.16,16.69,-0.99,1.17,-0.64,-177.93,38.37,225.06,1
1746815137.477186,-2.0,-0.33,-0.74,9.89,-8.79,17.82,-0.89,1.14,-0.72,-178.82,43.05,238.24,1
1746815137.49419,-2.0,-0.35,-0.76,11.94,-18.32,23.18,-0.83,1.18,-0.77,-183.12,54.05,243.03,1
1746815137.507363,-2.0,-0.14,-0.65,3.84,-26.06,26.91,-0.93,1.11,-0.64,-206.8,60.65,241.56,1
1746815137.5288,-2.0,-0.33,-0.74,15.57,-31.28,36.29,-0.62,1.06,-0.81,-202.75,110.63,249.74,1
1746815137.540315,-2.0,-0.37,-0.7,18.85,-57.05,40.62,-0.85,1.04,-0.53,-229.6,55.27,241.01,1
1746815137.552579,-2.0,-0.42,-0.76,-1.94,-9.79,27.37,-1.22,0.97,-0.1,-223.8,86.85,238.34,1
1746815137.56903,-2.0,-0.43,-0.71,10.76,-35.39,35.66,-0.63,0.69,-0.7,-236.48,107.69,242.24,1
1746815137.586083,-2.0,-0.43,-1.01,6.63,30.4,17.03,-0.83,0.47,-0.27,-239.66,75.1,243.89,1
1746815137.60504,-2.0,-0.4,-0.6,12.94,9.82,22.68,-0.76,0.27,-0.18,-204.44,83.82,246.49,1
1746815137.619473,-2.0,-0.42,-0.73,5.24,8.08,15.75,-0.59,0.15,-0.12,-186.13,77.9,230.1,1
1746815137.62828,-2.0,-0.41,-0.65,4.35,2.28,12.46,-0.54,0.08,-0.06,-169.44,86.04,215.38,1
1746815137.644787,-2.0,-0.37,-0.88,-1.15,-2.33,9.19,-0.48,-0.06,0.05,-139.6,102.93,198.24,1
1746815137.652741,-2.0,-0.37,-0.52,-4.24,-22.03,4.53,-0.55,-0.1,0.26,-129.36,48.78,165.58,1
1746815137.672539,-2.0,-0.42,-0.8,-10.17,10.28,-6.74,-0.35,-0.17,0.21,-127.18,60.89,132.61,1
1746815137.68586,-2.0,-0.37,-0.71,-2.45,-34.41,2.85,-0.46,-0.2,0.49,-162.9,21.66,102.4,1
1746815137.702477,-2.0,-0.35,-0.68,-3.76,-20.79,-2.03,-0.5,-0.44,0.5,-200.71,13.92,60.92,1
1746815137.724479,-2.0,-0.33,-0.6,-14.01,-52.09,1.39,-0.45,-0.6,0.49,-196.98,-17.41,25.9,1
1746815137.735907,-2.0,-0.41,-0.72,-5.21,-38.3,1.89,-0.34,-0.8,0.44,-161.15,-29.09,-9.5,1
1746815137.75231,-2.0,-0.34,-0.73,1.02,-44.31,8.45,-0.3,-0.73,0.45,-88.23,-13.74,-37.45,1
1746815137.769372,-2.0,-0.36,-0.83,0.8,-12.42,1.19,-0.45,-0.47,0.61,-2.31,-15.8,-51.61,1
1746815137.769372,-2.0,-0.33,-0.62,-8.05,-18.56,-3.37,-0.61,-0.09,0.77,41.11,-26.11,-69.06,1
1746815137.791387,-2.0,-0.31,-0.62,-9.6,-14.85,-8.22,-0.67,0.09,0.88,49.52,-42.01,-93.47,1
1746815137.806516,-2.0,-0.35,-0.72,-3.8,-12.57,-7.47,-0.66,0.53,0.89,1.2,-69.98,-111.97,1
1746815137.81929,-2.0,-0.37,-0.69,-5.15,3.72,-17.06,-0.63,0.56,0.91,-75.41,-94.07,-138.2,1
1746815137.835952,-2.0,-0.34,-0.63,-1.06,21.05,-20.43,-0.58,0.41,0.96,-107.51,-112.55,-152.08,1
1746815137.852462,-2.0,-0.39,-0.79,15.31,53.4,-20.94,-0.48,0.22,0.95,-122.4,-110.92,-147.51,1
1746815137.869196,-2.0,-0.31,-0.58,5.73,71.34,-26.65,-0.4,0.12,0.91,-119.08,-94.19,-169.74,1
1746815137.886156,-2.0,-0.28,-0.61,-13.14,46.66,-31.12,-0.35,0.06,0.92,-87.47,-89.89,-182.53,1
1746815137.904823,-2.0,-0.29,-0.65,-2.56,40.05,-25.27,-0.44,0.08,0.91,-64.0,-81.71,-206.44,1
1746815137.919702,-2.0,-0.29,-0.63,-14.94,18.59,-28.88,-0.48,0.14,0.91,-45.37,-78.33,-223.8,1
1746815137.928544,-2.0,-0.26,-0.56,-21.34,0.69,-24.69,-0.44,0.34,0.86,-49.04,-77.58,-240.36,1
1746815137.944675,-2.0,-0.21,-0.57,-30.23,-7.88,-23.43,-0.47,0.42,0.82,-56.91,-74.98,-250.14,1
1746815137.957466,-2.0,-0.26,-0.7,-27.75,-2.58,-20.47,-0.49,0.44,0.78,-58.21,-70.85,-250.14,1
1746815137.969987,-2.0,-0.28,-0.7,-37.44,-20.13,-15.08,-0.56,0.37,0.78,-55.92,-82.48,-250.14,1
1746815137.986369,-2.0,-0.28,-0.73,-50.62,-16.43,-18.09,-0.55,0.37,0.75,-54.21,-101.76,-250.14,1
1746815138.002998,-2.0,-0.32,-0.59,-37.15,-64.99,0.98,-0.56,0.33,0.7,-46.34,-123.93,-250.14,1
1746815138.020073,-2.0,-0.19,-0.73,-40.46,-43.37,-0.27,-0.55,0.43,0.68,-51.45,-103.91,-250.14,1
1746815138.036381,-2.0,-0.28,-0.79,-30.84,-15.63,-10.2,-0.56,0.35,0.64,-50.47,-70.48,-250.14,1
1746815138.055366,-2.0,-0.36,-0.89,-31.53,2.27,-12.5,-0.56,0.45,0.6,-72.6,-39.96,-250.14,1
1746815138.070959,-2.0,-0.31,-0.71,-50.98,21.95,-22.5,-0.61,0.42,0.58,-66.56,-23.56,-250.14,1
1746815138.078553,-2.0,-0.34,-1.05,-33.82,95.17,-31.98,-0.69,0.33,0.53,-53.98,-42.05,-250.14,1
1746815138.092686,-2.0,-0.45,-0.66,-28.99,72.49,-34.66,-0.87,0.24,0.58,-10.78,-62.64,-250.14,1
1746815138.107988,-2.0,-0.44,-0.16,-26.99,18.49,-34.53,-0.85,0.37,0.47,27.7,-92.27,-250.14,1
1746815138.119681,-2.0,-0.41,-0.68,-26.84,6.63,-26.03,-0.96,0.58,0.6,43.18,-76.56,-250.14,1
1746815138.136931,-2.0,-0.42,-0.8,-17.77,5.34,-22.35,-0.94,0.71,0.57,28.97,-50.44,-250.14,1
1746815138.153051,-2.0,-0.39,-0.83,-17.18,0.74,-22.77,-1.07,0.78,0.7,-5.17,-56.4,-250.14,1
1746815138.169655,-2.0,-0.38,-0.76,-9.86,-8.98,-18.1,-0.88,0.66,0.44,-11.35,-49.6,-250.14,1
1746815138.186742,-2.0,-0.42,-0.75,-2.61,-10.96,-10.93,-0.91,0.53,0.45,-5.38,-84.16,-250.14,1
1746815138.202447,-2.0,-0.36,-0.79,-16.32,15.15,-19.26,-0.82,0.57,0.36,9.07,-89.07,-238.85,1
1746815138.219928,-2.0,-0.35,-0.65,-7.27,-9.27,-5.65,-0.98,0.6,0.6,29.52,-88.53,-232.31,1
1746815138.228716,-2.0,-0.43,-0.73,-8.76,-12.24,0.37,-0.91,0.59,0.41,68.37,-74.44,-229.44,1
1746815138.244327,-2.0,-0.36,-0.71,-8.05,-11.5,6.44,-0.88,0.62,0.25,115.49,-89.82,-215.7,1
1746815138.257365,-2.0,-0.32,-0.67,-9.11,-27.68,15.48,-0.73,0.77,0.02,165.08,-109.82,-193.86,1
1746815138.26966,-2.0,-0.32,-0.62,-9.3,-71.53,18.7,-0.51,1.1,-0.09,180.98,-118.5,-168.81,1
1746815138.286467,-2.0,-0.38,-0.71,1.89,-105.24,25.47,-0.25,1.37,-0.13,161.89,-78.04,-140.37,1
1746815138.30326,-2.0,-0.36,-0.94,25.33,-60.89,19.31,-0.12,1.66,-0.03,110.71,-28.83,-107.6,1
1746815138.320072,-2.0,-0.39,-1.03,32.61,65.12,-1.98,-0.14,1.66,0.13,51.85,3.62,-70.75,1
1746815138.336673,-2.0,-0.4,-1.01,26.93,154.94,-25.08,-0.2,1.45,0.26,6.4,4.24,-25.92,1
1746815138.353365,-2.0,-0.25,-0.68,-1.56,70.48,-22.55,-0.25,1.09,0.45,-17.07,-10.65,13.4,1
1746815138.370001,-2.0,-0.44,-0.76,-12.18,65.57,-20.05,-0.17,0.76,0.47,-22.27,-14.15,34.26,1
1746815138.379039,-2.0,-0.41,-0.76,-14.27,41.66,-7.77,-0.14,0.61,0.5,-24.04,-26.02,40.1,1
1746815138.394669,-2.0,-0.34,-0.73,-18.87,44.05,-4.85,-0.06,0.5,0.49,-13.74,-4.73,19.85,1
1746815138.408019,-2.0,-0.31,-0.69,-23.7,10.95,7.15,-0.03,0.41,0.53,-0.92,10.74,10.72,1
1746815138.42006,-2.0,-0.34,-0.73,-28.21,2.56,10.21,-0.03,0.45,0.58,9.2,30.15,1.58,1
1746815138.436874,-2.0,-0.31,-0.77,-40.33,2.69,20.23,-0.09,0.46,0.61,16.21,30.63,2.05,1
1746815138.45347,-2.0,-0.38,-0.76,-24.79,4.46,27.59,-0.11,0.47,0.64,25.25,30.45,1.53,1
1746815138.469837,-2.0,-0.39,-0.76,-23.1,0.93,30.43,-0.15,0.53,0.73,23.95,19.29,2.84,1
1746815138.486996,-2.0,-0.44,-0.73,-15.31,-16.28,35.51,-0.11,0.55,0.69,9.85,13.46,7.08,1
1746815138.505674,-2.0,-0.44,-0.75,6.16,-24.32,40.07,-0.12,0.53,0.69,4.18,18.21,5.7,1
1746815138.519839,-2.0,-0.4,-0.77,14.37,-35.76,40.19,-0.09,0.51,0.63,6.83,28.83,10.81,1
1746815138.528499,-2.0,-0.41,-0.82,21.19,-25.7,34.3,-0.11,0.52,0.59,10.56,40.45,12.57,1
1746815138.544323,-2.0,-0.41,-0.88,14.16,-21.03,30.4,-0.14,0.5,0.66,12.48,60.15,5.9,1
1746815138.556922,-2.0,-0.25,-0.83,6.19,14.75,8.84,0.02,0.49,0.46,16.23,59.74,18.73,1
1746815138.570285,-2.0,-0.35,-0.54,10.05,-83.16,34.11,-0.06,0.33,0.54,-3.79,6.35,17.53,1
1746815138.586841,-2.0,-0.45,-1.09,-23.34,63.17,-14.72,-0.48,0.52,0.94,-8.44,-6.51,37.05,1
1746815138.603644,-2.0,-0.43,-0.85,-13.18,38.21,-18.24,-0.28,0.35,0.73,15.44,16.31,28.37,1
1746815138.621065,-2.0,-0.35,-0.79,1.31,12.39,-6.89,-0.18,0.36,0.58,37.81,11.54,33.53,1
1746815138.636916,-2.0,-0.34,-0.69,-12.31,-10.75,-8.75,-0.14,0.39,0.5,57.41,23.44,29.5,1
1746815138.654009,-2.0,-0.35,-0.72,9.03,-9.46,-9.04,-0.44,0.53,0.74,68.54,-4.6,28.89,1
1746815138.66994,-2.0,-0.32,-0.7,25.69,0.19,-10.07,-0.03,0.75,0.29,70.23,44.5,35.75,1
1746815138.677702,-2.0,-0.29,-0.69,27.61,-7.62,-5.74,-0.24,0.76,0.29,39.75,5.72,43.31,1
1746815138.695314,-2.0,-0.34,-0.68,19.95,-8.89,2.19,-0.33,0.84,0.28,2.51,-11.92,48.24,1
1746815138.70737,-2.0,-0.3,-0.72,6.13,-9.82,7.31,-0.24,0.77,0.16,-11.69,-21.79,60.15,1
1746815138.730377,-2.0,-0.36,-0.75,-0.58,-16.33,8.7,-0.29,0.68,0.04,15.89,23.04,74.61,0
1746815138.741935,-2.0,-0.35,-0.7,-3.18,-11.17,5.47,-0.27,0.6,-0.05,34.85,26.23,88.61,0
1746815138.758356,-2.0,-0.3,-0.63,7.76,-14.62,8.38,-0.31,0.59,-0.01,52.85,29.02,99.89,0
1746815138.769852,-2.0,-0.27,-0.69,17.05,-17.29,10.07,-0.34,0.64,0.1,66.79,8.53,115.08,0
1746815138.786814,-2.0,-0.28,-0.85,3.79,-0.82,0.44,-0.22,0.54,-0.1,84.79,55.21,121.58,0
1746815138.803126,-2.0,-0.24,-0.56,-3.08,21.03,-7.85,-0.31,0.69,0.06,62.38,74.17,124.05,0
1746815138.809914,-2.0,-0.37,-0.81,3.38,2.04,0.13,-0.31,0.75,0.0,38.82,97.38,115.82,0
1746815138.828263,-2.0,-0.28,-0.75,-3.26,5.56,0.79,-0.52,0.51,0.08,47.78,96.82,101.1,0
1746815138.842685,-2.0,-0.31,-0.69,4.04,-5.57,12.06,-0.37,0.49,-0.07,43.37,111.82,78.66,0
1746815138.857862,-2.0,-0.36,-0.76,3.95,9.57,11.55,-0.26,0.42,-0.06,50.8,138.47,67.27,0
1746815138.870489,-2.0,-0.33,-0.65,-10.52,-11.73,18.68,-0.2,0.54,0.01,40.08,174.89,53.3,0
1746815138.88691,-2.0,-0.32,-0.71,-22.82,-5.68,13.24,-0.18,0.52,0.05,38.17,206.18,53.39,0
1746815138.903562,-2.0,-0.36,-0.8,-24.37,-4.89,11.27,-0.37,0.38,0.08,34.27,200.33,39.92,0
1746815138.920743,-2.0,-0.29,-0.57,-31.8,-68.02,25.2,-0.42,0.4,0.17,15.33,226.68,12.49,0
1746815138.937458,-2.0,-0.36,-0.49,-26.18,-134.11,40.9,-0.54,0.45,0.35,14.95,202.16,9.82,0
1746815138.95628,-2.0,-0.34,-0.63,-5.72,-187.96,51.89,-0.64,0.38,0.43,16.71,211.24,-6.92,0
1746815138.970052,-2.0,-0.41,-0.79,-1.98,-160.63,48.47,-0.51,0.37,0.26,15.56,198.38,-19.21,0
1746815138.979093,-2.0,-0.34,-0.71,-2.21,-103.99,37.14,-0.55,0.41,0.32,34.59,173.08,-34.55,0
1746815138.992979,-2.0,-0.44,-0.67,10.69,-91.17,39.69,-0.44,0.48,0.32,58.58,181.42,-38.83,0
1746815139.008271,-2.0,-0.42,-0.77,6.63,-80.83,24.59,-0.57,0.55,0.43,53.79,176.22,-47.31,0
1746815139.020803,-2.0,-0.42,-0.75,7.76,-13.66,9.44,-0.66,0.62,0.43,42.4,158.51,-55.65,0
1746815139.043301,-2.0,-0.44,-0.79,25.01,73.95,0.34,-0.76,0.59,0.39,51.98,129.63,-53.87,0
1746815139.053989,-2.0,-0.33,-0.83,6.93,158.7,-18.53,-0.87,0.65,0.36,64.53,87.57,-54.65,0
1746815139.071906,-2.0,-0.42,-0.75,-3.91,146.47,-17.35,-0.85,0.78,0.35,52.27,47.6,-53.85,0
1746815139.087355,-2.0,-0.36,-0.79,-5.27,193.39,-26.6,-0.77,0.85,0.37,46.89,42.14,-45.08,0
1746815139.105101,-2.0,-0.44,-0.8,6.08,181.77,-23.24,-0.67,0.88,0.35,9.66,52.57,-56.89,0
1746815139.120136,-2.0,-0.31,0.11,-15.51,68.91,-28.27,-0.68,0.74,0.33,29.0,88.71,-59.75,0
1746815139.129029,-2.0,-0.49,-0.71,-5.54,36.5,0.79,-0.75,0.65,0.34,25.03,97.4,-72.6,0
1746815139.142697,-2.0,-0.38,-0.71,-12.91,6.76,7.53,-0.82,0.55,0.3,37.21,97.9,-83.56,0
1746815139.157694,-2.0,-0.43,-0.72,-8.92,-0.6,12.02,-0.83,0.54,0.23,43.95,100.89,-93.34,0
1746815139.170943,-2.0,-0.43,-0.73,-0.45,4.37,16.21,-0.93,0.64,0.25,50.07,113.77,-93.83,0
1746815139.193663,-2.0,-0.39,-0.72,1.98,2.92,20.29,-0.96,0.71,0.27,19.27,118.72,-105.83,0
1746815139.204498,-2.0,-0.39,-0.71,-11.24,0.27,20.2,-1.02,0.73,0.24,18.77,134.24,-111.08,0
1746815139.221527,-2.0,-0.38,-0.68,-15.12,-11.96,21.95,-1.11,0.73,0.24,2.39,137.59,-122.8,0
1746815139.239274,-2.0,-0.4,-0.69,-6.15,-21.02,27.22,-1.18,0.75,0.24,16.73,134.36,-124.52,0
1746815139.256052,-2.0,-0.39,-0.76,-7.35,-33.55,29.67,-1.23,0.74,0.24,52.51,144.82,-116.41,0
1746815139.270343,-2.0,-0.43,-0.63,-10.02,-50.79,29.88,-1.3,0.74,0.32,69.63,144.59,-103.99,0
1746815139.279779,-2.0,-0.36,-0.73,-9.26,-80.08,40.5,-1.29,0.75,0.25,74.84,117.52,-99.2,0
1746815139.292827,-2.0,-0.49,-0.88,-18.69,-42.42,30.6,-1.32,0.71,0.22,124.92,112.05,-82.31,0
1746815139.306929,-2.0,-0.45,-0.83,-15.21,16.48,18.77,-1.26,0.77,0.19,126.17,87.21,-60.5,0
1746815139.320821,-2.0,-0.42,-1.03,-7.48,125.05,-0.59,-1.21,1.07,0.23,60.31,41.29,-42.19,0
1746815139.337005,-2.0,-0.31,0.38,-20.89,90.63,-25.65,-1.1,1.08,0.2,33.0,4.76,-14.76,0
1746815139.354142,-2.0,-0.43,-0.56,-14.09,76.25,-12.91,-0.94,0.8,-0.02,48.5,33.44,4.95,0
1746815139.370621,-2.0,-0.34,-0.49,-27.11,18.98,-7.01,-0.95,0.69,0.04,1.02,31.9,-4.54,0
1746815139.389236,-2.0,-0.41,-0.67,-13.18,-2.25,6.15,-1.12,0.57,0.17,10.67,17.13,-5.45,0
1746815139.40399,-2.0,-0.37,-0.63,-2.27,-9.72,6.05,-1.01,0.46,0.1,3.65,1.8,2.76,0
1746815139.412921,-2.0,-0.34,-0.65,11.69,-2.32,6.14,-0.94,0.24,-0.11,43.98,-0.03,1.09,0
1746815139.429335,-2.0,-0.31,-0.66,15.27,-7.88,8.96,-0.91,0.36,-0.19,73.27,5.57,-4.32,0
1746815139.443098,-2.0,-0.29,-0.68,6.07,-12.45,10.97,-0.88,0.55,-0.19,69.78,12.31,-15.58,0
1746815139.457098,-2.0,-0.3,-0.64,7.95,-26.31,18.89,-0.82,0.66,-0.27,40.77,9.27,-26.08,0
1746815139.470643,-2.0,-0.27,-0.63,11.6,-43.66,29.37,-0.9,0.53,-0.26,-5.8,-3.27,-39.31,0
1746815139.487595,-2.0,-0.31,-0.68,-0.56,-42.02,30.25,-0.84,0.47,-0.37,-27.92,-1.06,-44.49,0
1746815139.504496,-2.0,-0.31,-0.62,-12.8,-54.5,29.24,-0.84,0.48,-0.38,-82.93,-21.37,-51.85,0
1746815139.521313,-2.0,-0.33,-0.65,-18.6,-108.74,35.48,-0.78,0.34,-0.45,-87.76,-20.69,-54.11,0
1746815139.53951,-2.0,-0.38,-0.83,-26.18,-103.27,26.59,-0.81,0.33,-0.4,-91.69,-21.73,-57.56,0
1746815139.555766,-2.0,-0.39,-0.78,-23.95,-86.01,17.04,-0.81,0.24,-0.41,-49.41,3.28,-49.15,0
1746815139.563002,-2.0,-0.39,-0.93,-11.41,11.57,-3.03,-0.85,0.26,-0.36,-32.69,5.04,-45.91,0
1746815139.579245,-2.0,-0.31,-0.81,-9.7,47.82,-8.43,-0.92,0.27,-0.33,-48.79,-5.37,-44.19,0
1746815139.593543,-2.0,-0.29,-0.76,-20.08,76.57,-17.18,-0.82,0.23,-0.37,-37.84,19.82,-32.88,0
1746815139.607492,-2.0,-0.35,-0.7,-15.63,49.2,-9.63,-0.91,0.19,-0.26,-7.82,51.73,-25.07,0
1746815139.621188,-2.0,-0.36,-0.77,-14.23,53.34,-6.12,-0.95,0.28,-0.22,22.37,27.82,-24.31,0
1746815139.637671,-2.0,-0.3,-0.53,-17.56,32.93,-4.17,-1.05,0.33,-0.19,58.74,1.94,-22.0,0
1746815139.654367,-2.0,-0.32,-0.72,-7.32,16.92,6.21,-0.93,0.44,-0.4,66.25,-8.6,-23.13,0
1746815139.67141,-2.0,-0.3,-0.7,0.11,3.22,14.31,-0.97,0.5,-0.38,39.73,-25.78,-30.33,0
1746815139.688396,-2.0,-0.3,-0.7,-1.2,4.7,12.79,-1.03,0.52,-0.38,11.01,-8.25,-35.94,0
1746815139.705486,-2.0,-0.35,-0.72,4.11,0.13,13.73,-1.03,0.54,-0.35,-4.33,-26.76,-40.12,0
1746815139.713728,-2.0,-0.35,-0.64,13.31,-4.47,16.65,-0.88,0.47,-0.47,-5.85,11.39,-27.73,0
1746815139.729586,-2.0,-0.37,-0.68,7.91,-7.01,15.18,-0.9,0.46,-0.4,-3.79,10.44,-14.26,0
1746815139.743239,-2.0,-0.3,-0.49,-6.27,-53.71,20.48,-0.99,0.5,-0.22,8.11,24.22,3.63,0
1746815139.763287,-2.0,-0.36,-0.89,1.7,-42.22,20.96,-1.03,0.42,-0.19,10.63,9.1,7.5,0
1746815139.778633,-2.0,-0.38,-0.71,-12.66,-19.69,8.12,-1.0,0.42,-0.19,-7.19,-11.35,4.63,0
1746815139.793709,-2.0,-0.34,-0.67,-14.95,-41.96,13.43,-0.82,0.36,-0.37,-22.24,17.27,6.95,0
1746815139.804167,-2.0,-0.44,-0.75,-16.96,-5.51,6.31,-0.85,0.18,-0.42,-4.59,2.71,6.55,0
1746815139.821505,-2.0,-0.34,-0.65,-26.89,-1.56,-0.09,-0.66,0.26,-0.57,-8.66,-6.51,5.27,0
1746815139.839383,-2.0,-0.38,-0.79,-13.85,-19.21,4.96,-1.02,0.25,-0.18,-6.27,7.08,1.88,0
1746815139.854337,-2.0,-0.3,-0.84,-12.27,52.7,-5.11,-0.82,0.29,-0.41,-13.64,21.14,-3.66,0
1746815139.862227,-2.0,-0.31,-0.79,-19.27,59.12,-10.9,-0.88,0.33,-0.32,-25.75,12.17,-8.27,0
1746815139.875646,-2.0,-0.29,-0.66,-17.32,23.68,-4.32,-1.03,0.31,-0.25,-25.27,21.55,-11.58,0
1746815139.891122,-2.0,-0.36,-0.72,-8.49,34.5,-3.21,-1.03,0.31,-0.21,-10.99,-6.69,-8.75,0
1746815139.904677,-2.0,-0.31,-0.65,-5.16,-1.21,5.64,-0.91,0.3,-0.33,-12.4,-4.06,-8.34,0
1746815139.920774,-2.0,-0.38,-0.85,-13.66,65.6,-9.62,-0.87,0.26,-0.43,-1.65,34.02,3.15,0
1746815139.937618,-2.0,-0.32,-0.47,-12.79,17.82,0.27,-0.92,0.24,-0.34,-9.4,-1.82,0.48,0
1746815139.954376,-2.0,-0.38,-0.78,-7.18,11.26,1.44,-0.94,0.26,-0.29,-9.63,-7.11,0.5,0
1746815139.97112,-2.0,-0.35,-0.78,-9.33,21.36,-0.13,-0.94,0.25,-0.28,-10.36,2.25,-1.73,0
1746815139.987914,-2.0,-0.33,-0.73,-16.76,25.34,-5.11,-1.01,0.22,-0.27,11.36,-7.55,3.5,0
1746815140.004408,-2.0,-0.29,-0.73,-9.73,36.51,-1.83,-0.84,0.28,-0.46,1.59,20.69,5.3,0
1746815140.010973,-2.0,-0.36,-0.72,-3.19,28.37,7.36,-0.9,0.31,-0.33,-6.59,-16.06,4.57,0
1746815140.029422,-2.0,-0.33,-0.73,-13.77,26.89,6.14,-0.93,0.33,-0.29,-6.03,21.49,13.76,0
1746815140.042795,-2.0,-0.36,-0.73,2.69,14.45,20.4,-1.0,0.34,-0.21,1.53,11.18,14.35,0
1746815140.054929,-2.0,-0.37,-0.78,8.56,25.89,17.22,-0.97,0.36,-0.28,16.85,-1.05,16.52,0
1746815140.078387,-2.0,-0.38,-0.74,7.78,19.31,11.78,-0.98,0.43,-0.24,15.96,-25.63,20.56,1
1746815140.093636,-2.0,-0.37,-0.85,-0.22,40.63,-4.99,-0.9,0.44,-0.3,19.26,-17.57,31.8,1
1746815140.104528,-2.0,-0.24,-0.71,-1.65,17.44,0.79,-0.99,0.59,-0.16,-1.79,-36.85,48.43,1
1746815140.121424,-2.0,-0.41,-0.82,-2.76,24.59,-1.24,-1.06,0.6,-0.16,5.02,-23.4,70.69,1
1746815140.1398,-2.0,-0.41,-0.71,-1.05,25.26,0.44,-1.09,0.49,-0.12,85.07,-54.5,103.77,1
1746815140.156006,-2.0,-0.34,-0.67,-6.67,10.71,5.07,-0.85,0.57,-0.44,130.96,4.26,127.68,1
1746815140.163713,-2.0,-0.29,-0.66,-16.32,6.89,3.53,-1.02,0.61,-0.39,187.62,-37.87,140.56,1
1746815140.176808,-2.0,-0.27,-0.68,-24.6,4.5,1.9,-0.88,0.91,-0.52,228.25,-12.65,162.71,1
1746815140.192018,-2.0,-0.3,-0.73,-9.76,12.12,0.92,-0.75,1.24,-0.76,194.05,-33.85,171.59,1
1746815140.205171,-2.0,-0.37,-0.72,-2.89,-11.76,7.38,-1.06,1.58,-0.49,120.54,-35.05,177.43,1
1746815140.22156,-2.0,-0.29,-0.73,-14.99,-5.23,-3.4,-0.93,1.65,-0.75,5.06,7.37,175.27,1
1746815140.238028,-2.0,-0.31,-0.72,-6.89,-12.98,-0.17,-1.02,1.41,-0.75,-73.31,2.47,174.58,1
1746815140.255066,-2.0,-0.31,-0.73,-3.4,-12.5,-0.08,-0.94,1.28,-0.87,-128.24,43.08,172.7,1
1746815140.271509,-2.0,-0.31,-0.76,-0.33,-8.84,2.01,-1.0,1.18,-0.84,-125.7,76.92,181.0,1
1746815140.290164,-2.0,-0.3,-0.7,6.48,-22.24,11.76,-0.99,1.19,-0.83,-112.85,65.1,196.59,1
1746815140.306012,-2.0,-0.32,-0.74,14.26,-19.81,20.28,-1.12,1.31,-0.65,-98.82,40.08,213.58,1
1746815140.314448,-2.0,-0.36,-0.73,21.4,-17.96,27.56,-1.09,1.37,-0.7,-119.61,35.74,223.24,1
1746815140.330099,-2.0,-0.37,-0.73,14.31,-11.85,26.05,-0.98,1.31,-0.82,-163.23,57.45,224.93,1
1746815140.343294,-2.0,-0.36,-0.71,13.68,-12.14,25.17,-0.88,1.15,-0.88,-179.18,98.48,229.72,1
1746815140.355272,-2.0,-0.42,-0.76,17.4,-0.57,20.62,-0.72,1.05,-0.96,-182.52,149.49,230.21,1
1746815140.37183,-2.0,-0.42,-0.76,6.45,-13.78,20.31,-0.89,1.1,-0.82,-155.05,176.72,234.1,1
1746815140.388454,-2.0,-0.39,-0.71,-4.08,6.04,10.69,-1.05,1.19,-0.57,-148.64,151.42,239.11,1
1746815140.405407,-2.0,-0.35,-0.58,-8.67,-36.11,21.84,-1.02,1.28,-0.59,-158.02,146.08,239.92,1
1746815140.421978,-2.0,-0.34,-0.66,-12.5,9.02,8.76,-0.58,1.27,-1.01,-186.08,212.68,240.43,1
1746815140.438848,-2.0,-0.4,-0.78,-10.64,-18.34,19.61,-0.63,1.25,-0.91,-234.73,173.26,224.28,1
1746815140.45509,-2.0,-0.41,-0.67,-7.36,4.76,17.63,-0.86,1.09,-0.42,-232.18,152.37,213.67,1
1746815140.462463,-2.0,-0.39,-0.78,-11.18,5.05,17.03,-0.35,0.86,-1.0,-228.05,210.44,216.76,1
1746815140.477146,-2.0,-0.44,-0.68,-17.77,-44.5,21.25,-0.9,0.76,-0.2,-219.39,149.67,217.32,1
1746815140.492711,-2.0,-0.44,-0.64,-21.82,-54.61,15.98,-0.42,0.65,-0.64,-193.38,219.72,218.46,1
1746815140.50493,-2.0,-0.42,-0.73,-7.66,-55.18,19.47,-0.62,0.55,-0.3,-183.2,136.79,209.85,1
1746815140.52182,-2.0,-0.4,-0.8,-6.59,-20.08,9.06,-0.43,0.62,-0.37,-175.02,138.36,206.14,1
1746815140.538263,-2.0,-0.37,-0.73,-2.44,-14.18,9.2,-0.42,0.44,-0.21,-180.37,101.88,196.21,1
1746815140.555193,-2.0,-0.4,-0.79,2.85,3.99,5.27,-0.26,0.31,-0.32,-161.23,144.66,190.79,1
1746815140.572353,-2.0,-0.34,-0.62,1.95,3.34,5.89,-0.36,0.25,-0.05,-173.77,101.56,164.92,1
1746815140.589004,-2.0,-0.41,-0.77,5.6,5.13,3.1,-0.38,0.23,0.04,-163.85,117.6,146.11,1
1746815140.604813,-2.0,-0.34,-0.64,10.63,2.37,3.85,-0.41,0.02,0.16,-165.69,64.9,126.04,1
1746815140.614597,-2.0,-0.35,-0.66,9.04,-11.23,3.45,-0.24,0.0,0.14,-159.26,89.4,118.87,1
1746815140.628091,-2.0,-0.39,-0.68,8.31,6.87,-1.85,-0.44,-0.18,0.41,-126.27,72.18,117.43,1
1746815140.641784,-2.0,-0.33,-0.64,4.01,5.11,-1.89,-0.33,-0.19,0.44,-109.2,31.43,100.55,1
1746815140.655378,-2.0,-0.35,-0.8,7.22,12.14,-4.07,-0.42,-0.21,0.67,-103.99,11.5,78.95,1
1746815140.677368,-2.0,-0.4,-0.68,5.02,23.92,-6.11,-0.47,0.05,0.86,-114.52,-36.91,43.67,1
1746815140.688481,-2.0,-0.34,-0.73,-3.22,23.33,-7.1,-0.29,-0.04,0.75,-132.91,-40.0,14.18,1
1746815140.705887,-2.0,-0.28,-0.62,-19.54,45.11,-15.89,-0.32,-0.05,0.84,-164.1,33.09,-21.08,1
1746815140.72259,-2.0,-0.34,-0.83,-6.25,48.42,-12.23,-0.15,-0.16,0.72,-166.98,10.62,-52.98,1
1746815140.739257,-2.0,-0.36,-0.72,-18.31,68.12,-21.32,-0.16,-0.36,0.8,-126.94,-7.62,-70.34,1
1746815140.755498,-2.0,-0.3,-0.55,-27.69,18.11,-20.58,-0.2,-0.33,0.82,-81.09,-4.55,-75.7,1
1746815140.764148,-2.0,-0.29,-0.69,-28.8,12.99,-16.35,-0.28,-0.21,0.88,-44.22,-0.34,-87.65,1
1746815140.771515,-2.0,-0.27,-0.66,-19.88,5.79,-11.35,-0.33,0.04,0.93,-33.75,-8.68,-113.17,1
1746815140.804872,-2.0,-0.25,-0.68,-15.63,5.71,-11.11,-0.34,0.27,0.86,-75.4,-14.45,-140.63,1
1746815140.804872,-2.0,-0.24,-0.68,-15.44,5.0,-13.84,-0.34,0.31,0.9,-111.84,-25.04,-165.67,1
1746815140.825996,-2.0,-0.27,-0.68,-8.56,-6.4,-6.45,-0.37,0.2,0.92,-133.64,-31.21,-180.1,1
1746815140.838718,-2.0,-0.25,-0.68,-13.38,-1.17,-6.6,-0.39,-0.02,0.92,-118.43,-30.47,-186.31,1
1746815140.854902,-2.0,-0.3,-0.68,-14.36,-9.31,-4.01,-0.42,-0.15,0.94,-77.65,-30.66,-193.68,1
1746815140.872009,-2.0,-0.31,-0.67,-13.64,-11.62,-4.47,-0.43,-0.19,0.92,-38.28,-36.74,-202.94,1
1746815140.890541,-2.0,-0.31,-0.67,-13.48,-24.47,-4.37,-0.46,-0.13,0.91,-15.48,-50.46,-215.49,1
1746815140.904938,-2.0,-0.3,-0.74,-14.87,-10.7,-9.23,-0.47,-0.04,0.87,-13.34,-64.57,-232.92,1
1746815140.914693,-2.0,-0.27,-0.73,-16.54,-2.37,-11.77,-0.5,0.04,0.82,-27.0,-68.31,-250.14,1
1746815140.927994,-2.0,-0.29,-0.74,-18.06,10.99,-13.69,-0.47,0.08,0.77,-50.91,-67.95,-250.14,1
1746815140.94876,-2.0,-0.33,-0.68,-27.49,22.36,-18.4,-0.48,0.13,0.72,-72.69,-51.15,-250.14,1
1746815140.955503,-2.0,-0.32,-0.8,-34.25,15.06,-20.79,-0.48,0.1,0.7,-87.89,-27.47,-250.14,1
1746815140.972286,-2.0,-0.28,-0.69,-40.1,3.73,-18.27,-0.52,0.06,0.66,-82.38,4.41,-250.14,1
1746815140.994515,-2.0,-0.31,-0.75,-39.62,14.51,-20.88,-0.73,0.12,0.85,-69.39,-6.26,-250.14,1
1746815141.009153,-2.0,-0.32,-0.74,-34.9,10.48,-14.05,-0.76,0.15,0.8,-39.3,-0.06,-250.14,1
1746815141.02235,-2.0,-0.34,-0.75,-35.4,9.01,-11.14,-0.88,0.26,0.86,-15.6,-23.27,-250.14,1
1746815141.040629,-2.0,-0.26,-0.77,-25.59,16.47,-5.11,-0.91,0.44,0.79,-6.99,-23.98,-250.14,1
1746815141.054339,-2.0,-0.39,-0.74,-10.51,-5.56,7.88,-0.91,0.47,0.78,-9.4,-18.36,-250.14,1
1746815141.064421,-2.0,-0.34,-0.67,-14.19,-19.39,4.31,-1.03,0.51,0.84,-15.94,-43.54,-250.14,1
1746815141.077932,-2.0,-0.31,-0.83,-9.73,-5.21,0.11,-1.2,0.48,0.95,12.85,-40.22,-250.14,1
1746815141.092371,-2.0,-0.36,-0.77,-2.16,-12.07,-1.65,-1.26,0.58,0.8,56.47,-59.15,-250.14,1
1746815141.105833,-2.0,-0.41,-0.81,16.95,-30.12,11.87,-1.19,0.76,0.7,88.92,-88.83,-250.14,1
1746815141.121892,-2.0,-0.33,-0.75,-8.89,-12.03,-2.62,-1.17,0.94,0.71,86.11,-111.53,-250.14,1
1746815141.138901,-2.0,-0.35,-0.81,2.24,-17.79,8.09,-1.04,1.01,0.59,61.53,-109.0,-250.14,1
1746815141.156116,-2.0,-0.36,-0.74,-12.05,-27.94,5.78,-0.94,0.94,0.53,39.03,-102.31,-250.14,1
1746815141.17428,-2.0,-0.38,-0.58,4.02,-69.85,27.05,-0.96,0.8,0.49,48.77,-100.57,-250.14,1
1746815141.18937,-2.0,-0.36,-0.77,1.05,-66.1,25.28,-0.95,0.72,0.33,85.65,-107.16,-250.14,1
1746815141.204583,-2.0,-0.39,-0.86,6.93,-39.36,22.5,-0.86,0.78,0.15,130.19,-124.37,-229.24,1
1746815141.213935,-2.0,-0.37,-0.78,7.94,-15.55,18.12,-0.68,0.95,-0.03,166.19,-134.51,-200.0,1
1746815141.228118,-2.0,-0.38,-0.69,1.53,9.47,9.31,-0.5,1.3,-0.11,169.61,-119.62,-173.87,1
1746815141.24219,-2.0,-0.37,-0.65,11.59,7.37,13.58,-0.29,1.64,-0.12,129.82,-90.38,-146.14,1
1746815141.256564,-2.0,-0.36,-0.72,6.82,19.25,6.21,-0.13,1.8,-0.08,69.2,-49.19,-110.66,1
1746815141.278626,-2.0,-0.37,-0.69,3.25,24.71,-0.97,-0.05,1.64,0.03,17.78,-15.3,-65.51,1
1746815141.293223,-2.0,-0.34,-0.72,9.15,8.69,-1.05,-0.08,1.32,0.19,-4.34,13.05,-16.26,1
1746815141.306234,-2.0,-0.35,-0.74,17.6,-6.5,5.03,-0.1,0.96,0.38,-11.47,21.97,21.11,1
1746815141.323217,-2.0,-0.36,-0.81,18.23,25.03,-6.41,-0.14,0.69,0.51,-25.1,9.47,31.99,1
1746815141.340269,-2.0,-0.34,-0.79,-8.07,55.45,-22.69,-0.11,0.47,0.55,-40.3,-12.37,20.96,1
1746815141.347839,-2.0,-0.35,-0.79,-32.15,59.28,-27.07,-0.01,0.31,0.47,-36.86,-16.35,-2.13,1
1746815141.363482,-2.0,-0.31,-0.64,-40.55,6.31,-5.98,0.06,0.3,0.48,-14.82,-5.07,-21.89,1
1746815141.376722,-2.0,-0.36,-0.69,-57.82,9.5,0.19,0.04,0.36,0.45,16.63,15.41,-31.02,1
1746815141.392647,-2.0,-0.39,-0.74,-55.27,14.65,7.99,-0.04,0.53,0.5,37.02,20.76,-28.1,1
1746815141.406572,-2.0,-0.37,-0.72,-44.77,5.03,22.61,-0.05,0.7,0.57,36.29,12.4,-14.19,1
1746815141.422243,-2.0,-0.41,-0.75,-28.14,7.05,28.5,-0.09,0.72,0.59,28.56,-2.19,2.53,1
1746815141.444386,-2.0,-0.41,-0.72,-16.88,-6.08,36.52,-0.04,0.7,0.58,17.75,-10.63,15.95,1
1746815141.458309,-2.0,-0.43,-0.78,-22.39,-9.03,32.11,-0.02,0.61,0.55,14.13,-5.54,19.78,1
1746815141.472524,-2.0,-0.41,-0.79,-16.97,-1.08,23.56,-0.03,0.58,0.57,5.18,-3.6,19.63,1
1746815141.489351,-2.0,-0.4,-0.8,-11.89,30.18,4.92,-0.02,0.52,0.53,2.0,6.3,18.74,1
1746815141.498347,-2.0,-0.32,-0.79,-26.0,41.79,-13.73,0.0,0.53,0.58,0.67,16.21,16.98,1
1746815141.513989,-2.0,-0.3,-0.7,-19.77,17.44,-12.9,-0.01,0.43,0.53,5.31,40.79,10.18,1
1746815141.527618,-2.0,-0.36,-0.75,-0.09,10.85,-4.69,-0.07,0.45,0.62,7.37,35.36,16.48,1
1746815141.542558,-2.0,-0.37,-0.78,14.95,11.42,-0.47,-0.08,0.43,0.63,7.47,33.39,11.27,1
1746815141.555972,-2.0,-0.35,-0.78,36.27,25.66,-4.73,-0.12,0.46,0.71,7.5,16.59,9.44,1
1746815141.572393,-2.0,-0.32,-0.76,41.67,22.37,-7.11,-0.05,0.43,0.61,12.62,12.04,12.12,1
1746815141.589582,-2.0,-0.35,-0.77,48.56,22.47,-7.6,-0.09,0.44,0.6,18.53,0.02,14.04,1
1746815141.606731,-2.0,-0.35,-0.76,41.79,25.88,-9.38,-0.09,0.45,0.57,23.49,-3.89,14.79,1
1746815141.624777,-2.0,-0.31,-0.76,25.53,16.99,7.16,-0.05,0.52,0.5,25.74,3.6,14.56,1
1746815141.639101,-2.0,-0.41,-0.73,4.92,3.73,14.96,-0.02,0.61,0.42,18.53,17.61,13.76,1
1746815141.653816,-2.0,-0.36,-0.68,5.59,-10.05,23.72,-0.09,0.61,0.41,10.13,24.61,14.75,0
1746815141.655788,-2.0,-0.39,-0.72,-7.25,-9.31,17.68,-0.07,0.63,0.37,2.72,25.07,16.15,0
1746815141.676633,-2.0,-0.31,-0.72,-21.86,-3.24,11.34,-0.17,0.59,0.4,6.31,22.67,20.85,0
1746815141.689479,-2.0,-0.23,-0.68,-34.07,-10.28,10.44,-0.12,0.56,0.33,19.47,27.89,29.12,0
1746815141.706475,-2.0,-0.21,-0.67,-46.66,-28.2,9.99,-0.08,0.75,0.31,33.5,31.71,43.6,0
1746815141.722646,-2.0,-0.25,-0.56,-25.83,-74.79,20.96,-0.14,0.59,0.24,66.2,36.09,48.7,0
1746815141.739395,-2.0,-0.2,-0.55,-9.95,-163.43,23.34,-0.19,0.64,0.23,94.03,53.4,57.69,0
1746815141.756384,-2.0,-0.37,-1.05,13.53,-73.33,4.97,-0.26,0.72,0.17,98.75,55.94,68.98,0
1746815141.775077,-2.0,-0.23,-0.84,-6.35,25.27,-12.3,-0.24,0.84,0.08,85.54,70.76,80.04,0
1746815141.789596,-2.0,-0.29,-0.97,-1.5,92.58,-22.29,-0.28,0.97,0.09,48.31,80.32,88.44,0
1746815141.798387,-2.0,-0.18,-0.63,-1.27,108.49,-22.02,-0.31,0.92,0.02,13.13,112.51,95.88,0
1746815141.814496,-2.0,-0.24,-0.78,-1.42,109.15,-18.56,-0.37,0.77,0.04,-16.08,115.3,101.82,0
1746815141.827327,-2.0,-0.24,-0.71,-9.72,-2.79,2.56,-0.48,0.65,0.06,-24.1,119.92,101.95,0
1746815141.842443,-2.0,-0.28,-0.69,-8.38,-29.75,10.23,-0.41,0.7,0.01,-26.66,123.08,104.11,0
1746815141.861544,-2.0,-0.28,-0.72,2.48,-34.27,11.76,-0.4,0.59,0.12,-18.5,135.21,99.64,0
1746815141.872325,-2.0,-0.28,-0.67,17.21,-21.19,11.87,-0.41,0.51,0.17,-17.02,137.63,93.53,0
1746815141.88988,-2.0,-0.31,-0.67,26.82,-38.88,19.08,-0.36,0.48,0.13,-17.9,131.17,92.03,0
1746815141.905865,-2.0,-0.3,-0.63,20.95,-102.08,27.6,-0.38,0.42,0.14,-1.82,125.44,88.31,0
1746815141.922856,-2.0,-0.37,-0.73,3.23,-103.28,28.28,-0.36,0.36,0.09,10.75,130.79,85.45,0
1746815141.939463,-2.0,-0.27,-0.66,-12.45,-92.2,24.64,-0.29,0.34,0.06,30.79,160.18,78.11,0
1746815141.946136,-2.0,-0.37,-0.81,-1.56,-64.16,24.93,-0.22,0.44,0.16,38.09,191.59,64.85,0
1746815141.964021,-2.0,-0.37,-0.83,-15.86,-23.81,5.48,-0.3,0.5,0.27,15.78,218.88,39.05,0
1746815141.977215,-2.0,-0.33,-0.62,-22.63,0.56,1.11,-0.4,0.4,0.27,-2.12,229.65,16.76,0
1746815141.989858,-2.0,-0.25,-0.61,-25.88,-36.42,11.11,-0.41,0.31,0.25,4.63,236.62,-0.79,0
1746815142.013353,-2.0,-0.35,-0.66,-32.95,-7.8,4.3,-0.46,0.28,0.16,-3.59,212.4,-20.53,0
1746815142.029474,-2.0,-0.39,-0.71,-34.42,13.37,-0.98,-0.56,0.19,0.12,23.12,183.47,-24.88,0
1746815142.044237,-2.0,-0.42,-1.01,-25.68,40.29,-8.0,-0.69,0.1,0.19,58.82,164.6,-22.41,0
1746815142.05645,-2.0,-0.53,-0.59,-5.02,-15.53,9.27,-0.52,0.56,0.16,34.04,176.66,-23.03,0
1746815142.073239,-2.0,-0.52,-0.78,23.01,80.9,1.85,-0.68,0.54,0.27,33.79,170.51,-33.89,0
1746815142.090221,-2.0,-0.26,-0.84,12.01,199.66,-30.37,-0.79,0.4,0.25,26.37,167.55,-51.94,0
1746815142.098704,-2.0,-0.36,-0.86,33.69,211.95,-35.09,-0.94,0.44,0.34,34.17,166.95,-69.23,0
1746815142.115048,-2.0,-0.37,-0.91,7.4,31.27,-7.56,-0.88,0.37,0.1,53.48,195.17,-73.23,0
1746815142.126992,-2.0,-0.44,-0.69,-1.55,-5.74,6.28,-0.81,0.58,0.14,35.98,195.31,-92.0,0
1746815142.140068,-2.0,-0.39,-0.65,-8.53,-1.25,5.44,-0.89,0.53,0.2,43.08,201.01,-105.7,0
1746815142.156435,-2.0,-0.33,-0.73,-13.77,6.97,-0.08,-0.97,0.46,0.23,52.72,193.67,-112.8,0
1746815142.173034,-2.0,-0.37,-0.68,-11.66,-2.91,1.8,-1.03,0.33,0.17,88.63,169.05,-115.08,0
1746815142.190159,-2.0,-0.38,-0.68,-9.43,-3.3,2.27,-1.09,0.41,0.13,95.47,137.45,-114.14,0
1746815142.206296,-2.0,-0.39,-0.7,-6.72,-18.59,7.67,-1.09,0.41,0.03,127.13,109.09,-104.04,0
1746815142.223207,-2.0,-0.4,-0.83,-2.4,-6.7,8.08,-1.13,0.45,-0.08,149.59,91.28,-101.24,0
1746815142.239511,-2.0,-0.35,-0.69,-1.15,-8.23,12.66,-1.35,0.63,-0.03,166.78,84.35,-94.53,0
1746815142.248548,-2.0,-0.37,-0.75,-11.44,-16.66,15.05,-1.43,0.78,-0.05,140.89,80.73,-112.05,0
1746815142.264744,-2.0,-0.37,-0.76,-29.42,-22.21,13.21,-1.49,0.84,-0.09,92.05,67.92,-128.92,0
1746815142.277726,-2.0,-0.41,-0.88,-20.4,-0.98,11.4,-1.47,0.81,-0.15,60.05,68.24,-138.02,0
1746815142.289846,-2.0,-0.43,-0.57,-18.19,40.5,0.7,-1.56,0.72,-0.13,31.63,49.67,-133.07,0
1746815142.306345,-2.0,-0.44,-0.75,-42.38,66.19,-19.1,-1.49,0.77,-0.23,-6.81,31.6,-123.66,0
1746815142.32307,-2.0,-0.39,-0.66,-47.47,28.27,-15.96,-1.5,0.73,-0.16,-1.47,42.51,-110.22,0
1746815142.339554,-2.0,-0.42,-0.66,-25.9,4.21,-4.21,-1.47,0.85,-0.13,-30.02,24.85,-91.63,0
1746815142.35685,-2.0,-0.43,-0.67,8.62,-16.28,15.81,-1.42,0.77,-0.1,-21.95,39.12,-71.07,0
1746815142.375023,-2.0,-0.34,-0.7,6.98,7.71,1.51,-1.35,0.8,-0.07,-28.17,46.27,-48.74,0
1746815142.391458,-2.0,-0.35,-0.69,17.63,-7.14,5.02,-1.32,0.77,-0.0,-38.56,55.06,-27.27,0
1746815142.397681,-2.0,-0.34,-0.72,28.37,-1.9,1.0,-1.37,0.63,0.06,-32.63,48.82,-9.0,0
1746815142.415273,-2.0,-0.3,-0.68,35.98,-25.37,14.21,-1.3,0.6,0.06,-42.42,51.75,11.89,0
1746815142.427571,-2.0,-0.32,-0.75,43.93,-18.46,16.69,-1.44,0.69,0.32,-52.99,18.59,23.66,0
1746815142.440012,-2.0,-0.32,-0.7,30.54,-9.22,14.73,-1.42,0.64,0.54,-120.66,-48.11,33.57,0
1746815142.456619,-2.0,-0.31,-0.69,29.44,-33.79,30.95,-1.13,0.11,0.24,-98.71,-63.53,33.27,0
1746815142.473047,-2.0,-0.33,-0.65,18.92,-52.98,37.34,-0.98,-0.07,0.06,-25.5,-53.83,19.53,0
1746815142.490014,-2.0,-0.29,-0.67,3.65,-53.31,29.27,-0.93,0.05,0.06,26.77,-26.21,11.02,0
1746815142.506879,-2.0,-0.35,-0.77,-7.38,-22.56,19.95,-0.88,0.15,-0.06,45.53,-11.03,5.89,0
1746815142.523677,-2.0,-0.29,-0.73,-15.76,-5.08,13.98,-0.87,0.21,-0.16,48.77,9.4,9.49,0
1746815142.531962,-2.0,-0.32,-0.7,-18.18,4.3,12.08,-0.86,0.34,-0.15,31.81,16.73,8.45,0
1746815142.547715,-2.0,-0.32,-0.74,-25.55,26.27,10.27,-0.96,0.28,-0.18,22.09,15.51,-6.47,0
1746815142.56225,-2.0,-0.38,-0.82,-19.11,15.58,13.8,-0.88,0.3,-0.26,26.44,21.54,-6.47,0
1746815142.576624,-2.0,-0.38,-0.63,-18.89,-9.87,17.9,-0.95,0.31,-0.22,6.95,3.75,-15.02,0
1746815142.590162,-2.0,-0.42,-0.7,-12.0,23.8,12.87,-0.87,0.35,-0.37,1.08,6.95,-10.52,0
1746815142.613949,-2.0,-0.39,-0.65,-9.14,8.0,14.31,-0.88,0.35,-0.38,-21.35,2.66,-10.63,0
1746815142.623405,-2.0,-0.38,-0.84,-6.61,1.49,11.97,-0.83,0.33,-0.42,-17.78,-2.76,-9.37,0
1746815142.640351,-2.0,-0.38,-0.73,-7.65,-0.21,8.74,-0.88,0.28,-0.41,-11.35,2.16,-10.93,0
1746815142.656999,-2.0,-0.38,-0.74,-11.66,-4.02,8.15,-0.83,0.29,-0.47,-12.0,-3.54,-15.98,0
1746815142.673034,-2.0,-0.35,-0.63,-19.02,-19.11,6.98,-0.83,0.25,-0.47,-6.0,13.82,-15.19,0
1746815142.67972,-2.0,-0.37,-0.71,-4.98,-75.13,24.28,-0.84,0.31,-0.43,-0.43,5.47,-16.93,0
1746815142.697903,-2.0,-0.39,-0.77,-2.98,-32.21,18.88,-0.89,0.3,-0.38,-7.5,8.73,-20.79,0
1746815142.711649,-2.0,-0.33,-0.75,1.61,-31.02,20.48,-0.86,0.31,-0.4,-12.6,9.13,-22.5,0
1746815142.727208,-2.0,-0.33,-0.67,-9.08,-31.04,16.16,-0.94,0.33,-0.3,-19.87,11.59,-24.76,0
1746815142.740569,-2.0,-0.3,-0.67,-6.98,-51.98,23.94,-0.82,0.35,-0.49,-28.13,42.18,-20.01,0
1746815142.764442,-2.0,-0.37,-0.65,-14.44,-47.15,11.62,-0.89,0.37,-0.34,-17.24,46.69,-12.45,0
1746815142.778395,-2.0,-0.43,-0.78,-14.14,9.47,-4.1,-0.99,0.44,-0.14,15.94,3.25,-0.12,0
1746815142.793693,-2.0,-0.38,-0.79,-8.21,15.65,-2.5,-1.13,0.43,-0.09,37.5,20.11,5.37,0
1746815142.806603,-2.0,-0.34,-0.69,-18.16,76.47,-8.96,-0.97,0.51,-0.21,45.73,-21.51,6.92,0
1746815142.824141,-2.0,-0.27,-0.46,-36.95,6.82,-2.21,-0.96,0.59,-0.25,23.96,-0.98,4.07,0
1746815142.839938,-2.0,-0.39,-0.85,-22.16,26.75,2.17,-0.99,0.69,-0.24,7.29,-0.68,5.89,0
1746815142.849488,-2.0,-0.29,-0.64,-34.92,48.74,-8.08,-1.03,0.78,-0.23,-15.58,-9.79,11.24,0
1746815142.863143,-2.0,-0.38,-0.81,-17.57,42.57,-4.74,-1.17,0.78,-0.18,-30.67,-6.85,23.6,0
1746815142.878124,-2.0,-0.33,-0.7,-22.76,70.63,-7.16,-1.1,0.83,-0.3,-28.62,-6.48,44.5,0
1746815142.89058,-2.0,-0.28,-0.69,-16.29,39.49,-8.37,-1.08,1.0,-0.32,-30.82,-30.73,67.18,0
1746815142.914412,-2.0,-0.36,-0.75,-9.42,53.71,-10.18,-1.31,1.07,-0.16,-23.47,-38.08,89.5,0
1746815142.923694,-2.0,-0.3,-0.64,-2.93,39.15,-7.43,-1.13,1.19,-0.4,-39.2,-19.38,113.86,0
1746815142.940624,-2.0,-0.3,-0.63,-0.79,12.52,2.99,-1.16,1.1,-0.42,-43.76,10.61,135.4,0
1746815142.957599,-2.0,-0.34,-0.72,-0.97,30.79,1.1,-1.18,1.12,-0.53,-48.21,15.19,152.59,0
1746815142.973458,-2.0,-0.27,-0.73,-3.97,5.95,1.18,-1.1,1.24,-0.62,-74.75,-13.03,165.05,0
1746815142.990097,-2.0,-0.26,-0.73,-1.7,2.49,4.02,-1.32,1.35,-0.39,-94.58,-26.53,181.07,0
1746815143.00376,-2.0,-0.28,-0.73,-6.34,9.12,2.31,-1.2,1.28,-0.61,-117.17,12.92,200.42,1
1746815143.010678,-2.0,-0.28,-0.67,-3.13,-14.82,8.21,-1.33,1.31,-0.52,-137.05,12.01,213.24,1
1746815143.02332,-2.0,-0.29,-0.76,-3.43,-5.34,8.5,-1.27,1.21,-0.58,-125.83,-1.11,226.91,1
1746815143.040206,-2.0,-0.29,-0.8,-4.92,16.35,6.34,-1.15,1.14,-0.67,-113.76,-21.05,237.52,1
1746815143.056996,-2.0,-0.32,-0.84,-7.77,38.02,3.04,-1.09,1.23,-0.65,-133.48,-16.91,246.63,1
1746815143.073334,-2.0,-0.35,-0.8,-23.0,73.4,-11.35,-1.14,1.25,-0.6,-145.32,10.1,250.13,1
1746815143.091259,-2.0,-0.35,-0.81,-12.04,20.25,-1.12,-1.12,1.18,-0.61,-167.37,26.55,250.13,1
1746815143.109799,-2.0,-0.29,-0.76,-13.97,14.87,1.24,-1.01,1.09,-0.66,-179.38,39.9,250.13,1
1746815143.124399,-2.0,-0.3,-0.76,-13.44,10.83,5.22,-1.04,1.08,-0.56,-182.7,39.15,250.13,1
1746815143.140211,-2.0,-0.34,-0.76,-14.38,8.86,7.07,-0.93,0.94,-0.59,-188.99,38.43,250.13,1
1746815143.148758,-2.0,-0.33,-0.76,-12.68,10.18,6.96,-0.88,0.94,-0.54,-193.73,40.37,250.13,1
1746815143.162905,-2.0,-0.32,-0.73,-9.39,-1.62,12.56,-0.88,0.85,-0.46,-200.85,33.62,246.81,1
1746815143.173845,-2.0,-0.33,-0.72,-8.21,-4.14,12.11,-0.86,0.85,-0.42,-217.63,31.65,236.04,1
1746815143.197773,-2.0,-0.36,-0.77,-3.65,-0.32,9.37,-0.75,0.73,-0.42,-239.25,20.93,225.23,1
1746815143.214457,-2.0,-0.35,-0.74,-1.82,0.54,5.62,-0.76,0.74,-0.35,-250.14,20.3,208.69,1
1746815143.223979,-2.0,-0.35,-0.73,4.28,-7.2,7.01,-0.66,0.57,-0.31,-250.14,16.04,199.16,1
1746815143.243463,-2.0,-0.35,-0.74,8.22,-9.43,7.2,-0.52,0.21,-0.29,-250.14,18.75,204.06,1
1746815143.257577,-2.0,-0.35,-0.76,9.5,-10.11,6.87,-0.51,-0.06,-0.16,-215.7,16.22,207.82,1
1746815143.274652,-2.0,-0.35,-0.77,8.28,-2.0,3.4,-0.34,-0.22,-0.11,-149.97,9.86,212.53,1
1746815143.283121,-2.0,-0.29,-0.64,14.34,-8.05,7.3,-0.15,-0.3,-0.18,-79.57,33.27,210.17,1
1746815143.299042,-2.0,-0.36,-0.76,21.15,6.41,3.35,-0.21,-0.18,0.13,-62.45,33.21,183.05,1
1746815143.312944,-2.0,-0.29,-0.69,28.7,1.91,10.51,-0.3,-0.17,0.19,-58.02,37.86,149.51,1
1746815143.327663,-2.0,-0.33,-0.71,21.57,7.63,9.83,-0.15,-0.18,0.21,-117.44,31.97,105.62,1
1746815143.340423,-2.0,-0.39,-0.82,8.13,-10.18,15.34,-0.33,-0.19,0.53,-166.61,-2.73,55.66,1
1746815143.357226,-2.0,-0.4,-0.69,16.83,10.46,9.77,-0.3,-0.35,0.56,-158.55,14.5,-1.15,1
1746815143.374073,-2.0,-0.49,-0.8,17.16,-2.76,15.06,-0.1,-0.4,0.42,-164.53,-19.3,-13.46,1
1746815143.391237,-2.0,-0.42,-0.68,3.56,-17.93,16.81,-0.29,-0.4,0.73,-114.28,-6.56,-42.25,1
1746815143.409502,-2.0,-0.41,-0.73,-5.77,6.89,7.09,-0.21,-0.38,0.57,-92.95,4.99,-51.66,1
1746815143.424352,-2.0,-0.39,-0.71,1.81,6.33,10.15,-0.27,-0.23,0.77,-59.27,-1.92,-61.19,1
1746815143.433241,-2.0,-0.41,-0.75,-7.94,-4.73,8.68,-0.39,-0.2,0.91,-23.95,1.95,-70.21,1
1746815143.448606,-2.0,-0.37,-0.68,-25.15,-7.28,1.04,-0.38,-0.06,0.9,2.94,9.41,-81.31,1
1746815143.462385,-2.0,-0.35,-0.62,-23.37,-34.58,3.4,-0.53,-0.03,1.01,4.78,-15.94,-111.09,1
1746815143.474761,-2.0,-0.33,-0.52,-24.24,-72.87,10.5,-0.55,0.09,1.05,-27.02,-30.69,-134.61,1
1746815143.491031,-2.0,-0.4,-0.77,-19.19,-51.95,4.78,-0.57,-0.06,1.23,-74.74,-55.08,-157.01,1
1746815143.507509,-2.0,-0.3,-0.68,-8.08,-47.69,3.25,-0.57,-0.35,1.18,-70.6,-49.77,-180.82,1
1746815143.52948,-2.0,-0.24,-0.74,3.58,28.31,-0.79,-0.67,-0.29,1.33,-74.02,-73.2,-210.22,1
1746815143.540515,-2.0,-0.34,-0.97,-1.62,23.71,-5.95,-0.65,-0.26,1.23,-43.53,-85.47,-224.67,1
1746815143.557106,-2.0,-0.32,-0.68,-10.56,25.73,-7.67,-0.64,-0.04,1.09,-48.57,-97.85,-250.14,1
1746815143.574085,-2.0,-0.36,-0.64,2.77,-30.73,10.4,-0.6,0.28,0.98,-58.47,-95.27,-250.14,1
1746815143.579744,-2.0,-0.36,-0.83,-0.23,42.61,-3.57,-0.58,0.31,0.91,-67.32,-77.05,-250.14,1
1746815143.598124,-2.0,-0.37,-0.58,-11.88,9.25,-8.03,-0.54,0.32,0.81,-68.39,-55.37,-250.14,1
1746815143.611752,-2.0,-0.4,-0.72,-15.11,-15.66,-6.78,-0.65,0.19,0.86,-49.0,-65.18,-250.14,1
1746815143.624341,-2.0,-0.31,-0.55,-21.62,-20.24,-7.66,-0.65,0.13,0.78,-19.18,-103.17,-250.14,1
1746815143.641324,-2.0,-0.31,-0.83,-13.73,-17.76,-3.26,-0.81,0.21,0.77,25.2,-154.54,-250.14,1
1746815143.657517,-2.0,-0.34,-0.72,-30.8,-25.53,-8.27,-0.73,0.45,0.61,45.13,-214.32,-250.14,1
1746815143.674322,-2.0,-0.46,-0.7,-26.4,-37.18,-6.49,-0.83,0.99,0.75,36.27,-137.42,-250.14,1
1746815143.691158,-2.0,-0.28,-0.5,-26.32,-94.05,8.19,-0.77,1.11,0.62,-36.18,-113.14,-250.14,1
1746815143.709628,-2.0,-0.4,-1.02,1.49,-36.77,8.66,-0.58,0.98,0.5,-111.31,-89.21,-250.14,1
1746815143.724503,-2.0,-0.31,-0.5,-17.56,-38.54,0.32,-0.54,0.74,0.5,-119.85,-74.93,-250.14,1
1746815143.732984,-2.0,-0.35,-0.81,-26.5,-13.16,-11.21,-0.52,0.43,0.49,-83.08,-39.48,-250.14,1
1746815143.749769,-2.0,-0.29,-0.95,-44.98,14.23,-18.47,-0.84,0.16,0.69,-16.54,-49.66,-250.14,1
1746815143.76211,-2.0,-0.39,-1.1,-32.73,70.69,-27.05,-0.78,0.28,0.54,35.63,-68.77,-250.14,1
1746815143.774712,-2.0,-0.43,-0.71,-47.29,138.91,-47.63,-0.97,0.43,0.61,77.35,-80.71,-250.14,1
1746815143.791025,-2.0,-0.21,-0.43,-21.54,79.25,-20.85,-1.06,0.62,0.55,84.4,-72.27,-250.14,1
1746815143.80799,-2.0,-0.35,-0.84,-29.98,-6.21,-13.96,-1.05,0.69,0.55,66.18,-81.28,-250.14,1
1746815143.824572,-2.0,-0.39,-0.76,-18.54,-14.08,-6.25,-1.04,0.75,0.53,39.76,-105.69,-250.14,1
1746815143.84091,-2.0,-0.32,-0.66,-0.41,-36.38,3.14,-1.07,0.71,0.46,30.55,-136.92,-248.02,1
1746815143.857935,-2.0,-0.41,-0.53,1.92,-11.74,-7.89,-0.83,0.63,0.19,43.82,-144.73,-239.34,1
1746815143.874565,-2.0,-0.33,-0.68,15.08,-45.89,4.98,-0.83,0.72,0.17,87.18,-125.46,-227.62,1
1746815143.89074,-2.0,-0.31,-0.75,-12.02,-54.75,-2.4,-0.65,0.94,0.05,125.8,-89.15,-217.72,1
1746815143.899601,-2.0,-0.31,-0.63,-25.44,-89.83,0.18,-0.49,1.26,0.05,133.67,-67.95,-198.76,1
1746815143.912026,-2.0,-0.32,-0.61,-15.63,-113.99,11.98,-0.36,1.63,0.18,109.42,-38.12,-170.64,1
1746815143.924609,-2.0,-0.31,-0.53,7.64,-215.95,38.4,-0.19,1.89,0.25,51.4,-13.43,-132.44,1
1746815143.948756,-2.0,-0.4,-1.16,22.44,-101.58,18.24,-0.22,1.81,0.31,0.72,-1.38,-82.07,1
1746815143.961783,-2.0,-0.34,-0.91,7.73,66.21,-18.41,-0.21,1.5,0.36,-13.4,1.05,-25.46,1
1746815143.974111,-2.0,-0.32,-0.84,5.72,126.24,-30.06,-0.23,1.23,0.43,-15.39,-7.92,11.81,1
1746815143.991422,-2.0,-0.25,-0.5,-6.57,102.18,-26.63,-0.19,0.97,0.43,-21.48,-20.75,26.75,1
1746815144.007672,-2.0,-0.27,-0.74,11.18,66.02,-10.26,-0.15,0.79,0.42,-27.6,-60.74,32.47,1
1746815144.024567,-2.0,-0.32,-0.95,23.51,150.97,-20.71,-0.05,0.62,0.37,-30.76,-76.37,27.22,1
1746815144.032827,-2.0,-0.26,0.08,-5.43,86.43,-30.74,0.1,0.47,0.24,-6.03,-46.55,30.56,1
1746815144.04973,-2.0,-0.38,-0.64,-37.8,84.87,-30.66,0.15,0.41,0.23,9.7,-29.68,30.53,1
1746815144.06281,-2.0,-0.32,-0.72,-58.59,46.63,-7.03,0.08,0.44,0.38,21.95,2.95,17.73,1
1746815144.074758,-2.0,-0.45,-0.75,-80.43,29.83,0.76,0.07,0.49,0.45,19.84,22.92,3.94,1
1746815144.091408,-2.0,-0.41,-0.79,-113.62,34.06,-10.76,0.03,0.54,0.5,9.48,29.95,-11.56,1
1746815144.108159,-2.0,-0.44,-0.68,-70.56,3.68,16.38,0.02,0.51,0.48,11.51,47.11,-17.08,1
1746815144.124946,-2.0,-0.51,-0.78,-28.7,-7.85,31.44,-0.16,0.48,0.63,7.28,14.89,-4.02,1
1746815144.141794,-2.0,-0.44,-0.8,-6.42,-11.05,34.63,-0.04,0.56,0.5,12.61,18.79,3.57,1
1746815144.160346,-2.0,-0.42,-0.79,-8.97,-7.63,23.4,-0.03,0.58,0.48,12.28,16.98,8.83,1
1746815144.174474,-2.0,-0.42,-0.82,5.1,3.18,13.8,-0.06,0.59,0.46,19.52,25.24,13.69,1
1746815144.183347,-2.0,-0.42,-0.82,5.87,4.1,5.53,-0.05,0.59,0.45,22.58,32.28,14.1,1
1746815144.200085,-2.0,-0.37,-0.79,-3.53,2.4,-2.5,-0.04,0.57,0.45,28.9,34.98,18.75,1
1746815144.211986,-2.0,-0.29,-0.85,3.53,-35.95,10.71,-0.07,0.57,0.43,46.55,40.27,22.85,1
1746815144.224741,-2.0,-0.06,-0.62,20.08,-31.2,10.02,-0.01,0.74,0.26,71.34,50.65,33.81,1
1746815144.241604,-2.0,-0.22,-0.72,5.79,-42.69,13.21,-0.21,0.84,0.47,67.48,30.93,42.55,1
1746815144.258184,-2.0,-0.16,-1.04,-44.92,43.66,-34.28,-0.43,0.81,0.66,73.21,4.52,50.56,1
1746815144.274985,-2.0,-0.5,-0.9,-18.3,58.71,-21.34,-0.27,0.81,0.39,89.1,95.77,64.16,1
1746815144.296439,-2.0,-0.31,-0.76,1.47,55.45,-6.3,-0.21,1.08,0.26,38.11,78.85,67.11,0
1746815144.310031,-2.0,-0.48,-0.72,-7.35,31.31,5.53,-0.27,1.0,0.16,-1.38,110.05,64.79,0
1746815144.316133,-2.0,-0.38,-0.71,16.95,-9.12,30.06,-0.18,0.87,0.07,-41.22,99.67,80.69,0
1746815144.332451,-2.0,-0.17,-0.69,24.8,-10.63,30.85,-0.34,0.71,0.15,-39.66,121.12,81.94,0
1746815144.346527,-2.0,-0.17,-0.73,25.14,-39.62,30.82,-0.08,0.58,0.01,-50.79,80.3,90.65,0
1746815144.361245,-2.0,-0.25,-0.81,32.43,-17.6,17.01,-0.23,0.56,0.11,-51.57,61.69,93.37,0
1746815144.374707,-2.0,-0.16,-0.72,16.66,30.69,-9.4,-0.26,0.46,0.1,-21.08,93.82,101.92,0
1746815144.391319,-2.0,-0.25,-0.85,6.48,15.03,0.25,-0.24,0.56,0.08,-6.82,136.58,98.71,0
1746815144.408356,-2.0,-0.22,-0.75,-10.62,-10.73,11.14,-0.43,0.46,0.18,5.11,136.66,92.63,0
1746815144.425051,-2.0,-0.24,-0.7,-1.69,-28.81,30.88,-0.23,0.5,0.1,1.14,145.02,89.64,0
1746815144.441505,-2.0,-0.24,-0.73,23.31,-16.58,45.27,-0.25,0.47,0.13,0.31,125.53,83.55,0
1746815144.460219,-2.0,-0.2,-0.8,4.51,5.89,29.84,-0.27,0.34,0.22,5.2,113.92,77.37,0
1746815144.475138,-2.0,-0.24,-0.58,-15.64,-27.2,29.88,-0.32,0.31,0.21,24.02,121.5,79.79,0
1746815144.483618,-2.0,-0.25,-0.42,-8.42,-203.47,60.53,-0.32,0.34,0.1,27.4,129.68,69.86,0
1746815144.499774,-2.0,-0.27,-0.92,15.3,-126.85,56.11,-0.31,0.3,0.13,45.22,151.55,65.08,0
1746815144.511697,-2.0,-0.35,-0.85,37.68,-40.63,35.31,-0.34,0.44,0.19,38.88,155.02,53.75,0
1746815144.524945,-2.0,-0.36,-1.03,35.18,58.82,3.54,-0.39,0.41,0.19,32.89,167.43,39.19,0
1746815144.541533,-2.0,-0.35,-0.82,21.78,131.22,-14.92,-0.41,0.43,0.23,27.18,168.43,20.78,0
1746815144.558543,-2.0,-0.34,-0.62,10.88,96.21,-8.56,-0.53,0.4,0.23,14.34,140.92,13.91,0
1746815144.574844,-2.0,-0.32,-0.79,12.83,102.6,-3.76,-0.45,0.4,0.17,23.37,136.56,8.8,0
1746815144.592199,-2.0,-0.17,-0.43,-28.56,55.78,-23.18,-0.5,0.45,0.18,66.34,159.44,6.81,0
1746815144.61017,-2.0,-0.29,-0.69,-27.94,-6.47,1.6,-0.52,0.54,0.19,45.85,170.26,-10.33,0
1746815144.625335,-2.0,-0.29,-0.76,-53.98,-9.18,-3.5,-0.61,0.56,0.3,45.53,177.2,-16.25,0
1746815144.633862,-2.0,-0.26,-0.79,-47.67,0.89,-6.64,-0.78,0.47,0.3,32.0,172.5,-32.32,0
1746815144.650462,-2.0,-0.28,-0.75,-26.83,-17.05,6.88,-0.86,0.44,0.3,3.1,151.18,-45.63,0
1746815144.662935,-2.0,-0.24,-0.74,-35.83,-2.51,-1.76,-0.87,0.5,0.23,35.26,143.24,-52.5,0
1746815144.675091,-2.0,-0.35,-0.43,-29.74,-144.04,27.31,-0.89,0.6,0.21,46.4,142.12,-51.69,0
1746815144.698488,-2.0,-0.33,-0.79,-15.92,-154.54,39.51,-0.92,0.67,0.2,43.15,148.36,-55.05,0
1746815144.71351,-2.0,-0.34,-0.91,-8.6,-85.68,30.4,-0.97,0.91,0.24,0.3,147.18,-60.82,0
1746815144.725425,-2.0,-0.31,-0.63,-12.82,-135.75,36.91,-1.03,0.93,0.26,-81.56,151.01,-82.56,0
1746815144.741961,-2.0,-0.35,-1.0,-37.82,-73.89,14.77,-1.02,0.73,0.26,-147.68,150.66,-100.76,0
1746815144.758445,-2.0,-0.34,-0.86,-43.73,28.53,-3.88,-1.01,0.47,0.3,-179.25,145.96,-108.06,0
1746815144.774986,-2.0,-0.37,-1.02,-27.56,159.06,-27.89,-0.99,0.2,0.34,-169.24,150.75,-105.66,0
1746815144.782908,-2.0,-0.43,-1.01,-7.86,250.13,-55.24,-0.98,0.1,0.34,-122.2,164.46,-95.35,0
1746815144.797239,-2.0,-0.39,-0.56,-1.35,248.79,-51.94,-1.05,0.05,0.38,-61.14,161.94,-79.76,0
1746815144.811523,-2.0,-0.21,-1.19,-17.51,36.46,-18.29,-1.05,0.07,0.34,18.13,154.9,-62.96,0
1746815144.825156,-2.0,-0.31,-0.65,-7.68,-4.11,-8.01,-1.13,0.16,0.36,55.55,131.83,-56.72,0
1746815144.842136,-2.0,-0.29,-0.71,-0.88,0.16,-9.07,-1.11,0.33,0.29,74.15,121.21,-60.62,0
1746815144.858464,-2.0,-0.28,-0.72,11.67,10.92,-10.7,-1.14,0.47,0.29,88.85,116.05,-65.84,0
1746815144.875165,-2.0,-0.28,-0.72,15.82,19.92,-14.2,-1.19,0.54,0.23,67.74,100.89,-77.92,0
1746815144.8926,-2.0,-0.28,-0.72,3.67,-6.75,-3.89,-1.16,0.46,0.22,52.24,83.47,-87.92,0
1746815144.910331,-2.0,-0.29,-0.77,-5.57,-24.18,3.66,-1.16,0.38,0.16,52.31,78.18,-94.42,0
1746815144.925328,-2.0,-0.26,-0.78,-12.08,-21.03,4.34,-1.21,0.31,0.16,73.35,66.67,-95.16,0
1746815144.933854,-2.0,-0.25,-0.77,-10.7,-15.76,8.27,-1.24,0.34,0.13,103.48,55.92,-91.57,0
1746815144.94788,-2.0,-0.24,-0.79,-18.18,-6.4,8.16,-1.27,0.39,0.09,130.42,36.71,-88.21,0
1746815144.962953,-2.0,-0.35,-0.78,-16.18,0.9,10.98,-1.29,0.39,-0.0,159.97,21.02,-84.53,0
1746815144.980028,-2.0,-0.33,-0.75,-20.23,-17.31,22.16,-1.27,0.57,-0.09,193.5,26.23,-76.42,0
1746815144.992212,-2.0,-0.3,-0.71,-11.18,-12.53,24.97,-1.3,0.73,-0.08,188.93,2.57,-72.18,0
1746815145.008932,-2.0,-0.37,-0.8,-1.87,0.63,24.6,-1.23,0.76,-0.18,178.17,1.68,-64.93,0
1746815145.025797,-2.0,-0.37,-0.83,-3.07,16.17,18.41,-1.14,0.91,-0.24,166.64,13.14,-47.98,0
1746815145.042417,-2.0,-0.3,-0.76,-11.24,18.61,13.57,-1.2,0.97,-0.1,137.37,16.21,-36.76,0
1746815145.059697,-2.0,-0.31,-0.69,-14.32,6.54,16.34,-1.17,1.01,-0.08,86.84,14.76,-17.97,0
1746815145.075093,-2.0,-0.35,-0.81,-15.85,15.63,14.22,-1.13,0.93,-0.12,45.23,19.89,-1.21,0
1746815145.084146,-2.0,-0.38,-0.76,-12.08,10.8,16.73,-1.15,0.83,-0.08,7.82,15.38,11.89,0
1746815145.097773,-2.0,-0.37,-0.76,-3.96,2.96,23.32,-1.18,0.65,-0.02,-25.56,6.75,21.05,0
1746815145.109065,-2.0,-0.35,-0.75,-3.37,1.5,24.79,-1.11,0.45,-0.03,-35.33,-3.77,27.88,0
1746815145.126447,-2.0,-0.33,-0.75,-0.57,-5.2,28.38,-1.1,0.34,0.01,-44.13,-22.43,24.22,0
1746815145.142164,-2.0,-0.32,-0.74,1.17,-16.27,31.82,-1.04,0.28,-0.07,-45.07,-22.59,26.34,0
1746815145.159111,-2.0,-0.34,-0.74,3.98,-15.08,34.79,-0.97,0.27,-0.1,-58.1,-29.91,28.38,0
1746815145.176003,-2.0,-0.34,-0.7,3.92,-24.1,40.31,-0.89,0.12,-0.21,-33.26,-17.57,32.08,0
1746815145.192563,-2.0,-0.33,-0.77,-2.43,-22.37,31.11,-0.89,0.14,-0.19,-13.8,-19.96,31.94,0
1746815145.211621,-2.0,-0.36,-0.67,6.53,-77.15,41.65,-0.96,0.15,-0.13,12.98,-19.74,34.82,0
1746815145.225638,-2.0,-0.38,-0.86,0.86,-17.53,25.89,-0.9,0.3,-0.21,13.83,4.26,29.58,0
1746815145.234081,-2.0,-0.3,-0.79,-0.87,-10.5,18.94,-0.92,0.38,-0.23,-13.56,5.07,23.14,0
1746815145.248003,-2.0,-0.35,-0.8,2.07,2.25,15.12,-0.92,0.34,-0.24,-40.96,2.58,12.25,0
1746815145.262261,-2.0,-0.38,-0.78,-10.76,4.98,10.83,-0.87,0.37,-0.28,-50.21,2.53,2.12,0
1746815145.275682,-2.0,-0.4,-0.78,-8.27,14.15,11.31,-0.91,0.25,-0.3,-60.17,-10.13,-5.76,0
1746815145.292084,-2.0,-0.3,-0.6,-4.45,-1.46,14.81,-0.9,0.24,-0.26,-55.43,-11.47,-11.5,0
1746815145.308767,-2.0,-0.3,-0.89,0.18,57.63,4.8,-0.79,0.22,-0.4,-41.92,-2.6,-6.77,0
1746815145.32594,-2.0,-0.28,-0.58,-6.08,26.5,3.12,-0.87,0.16,-0.32,-42.57,-12.34,-7.38,0
1746815145.342726,-2.0,-0.31,-0.83,5.52,24.28,5.4,-0.86,0.17,-0.32,-25.26,-10.06,-8.89,0
1746815145.35914,-2.0,-0.26,-0.61,-0.4,7.04,7.24,-0.84,0.2,-0.33,-33.91,-4.85,-6.9,0
1746815145.36674,-2.0,-0.3,-0.91,2.05,30.23,7.85,-0.88,0.23,-0.28,-33.04,4.57,-13.36,0
1746815145.384384,-2.0,-0.32,-0.66,-2.26,14.47,12.2,-0.84,0.22,-0.35,-28.69,56.04,-12.55,0
1746815145.397931,-2.0,-0.35,-0.79,4.24,-1.14,18.95,-0.91,0.26,-0.26,-25.26,38.53,-16.91,0
1746815145.412612,-2.0,-0.32,-0.74,0.02,13.57,15.24,-0.99,0.27,-0.2,-13.63,36.92,-21.17,0
1746815145.425722,-2.0,-0.3,-0.71,-3.77,-13.89,16.11,-0.87,0.31,-0.31,-11.33,25.18,-20.72,0
1746815145.442388,-2.0,-0.3,-0.73,-5.94,-32.45,13.08,-0.96,0.27,-0.2,2.95,22.67,-13.73,0
1746815145.459222,-2.0,-0.36,-0.87,2.41,-10.58,6.46,-1.07,0.28,-0.08,11.24,-3.34,-12.67,0
1746815145.475803,-2.0,-0.35,-0.8,1.48,10.11,-1.82,-1.09,0.26,-0.05,17.61,7.84,-7.95,0
1746815145.495043,-2.0,-0.33,-0.74,-3.43,14.06,-4.93,-0.95,0.3,-0.2,20.93,25.23,1.24,0
1746815145.509621,-2.0,-0.24,-0.75,-13.22,14.39,-3.21,-0.98,0.32,-0.2,26.32,-7.47,5.07,0
1746815145.525854,-2.0,-0.21,-0.77,-7.15,-2.15,2.12,-0.93,0.42,-0.26,14.57,10.22,9.21,1
1746815145.531403,-2.0,-0.2,-0.66,-14.02,-33.63,7.3,-1.01,0.41,-0.24,7.17,12.43,5.29,1
1746815145.545721,-2.0,-0.21,-0.8,-6.37,26.4,4.89,-0.92,0.45,-0.35,-1.04,27.79,9.13,1
1746815145.559136,-2.0,-0.23,-0.88,-11.26,19.98,6.35,-1.03,0.74,-0.21,-48.31,2.84,-1.3,1
1746815145.575762,-2.0,-0.23,-0.82,-34.01,62.82,-1.6,-1.23,1.13,-0.03,-101.27,11.5,-7.0,1
1746815145.592157,-2.0,-0.22,-0.63,-21.76,13.23,8.41,-1.34,1.25,-0.07,-192.7,-42.6,-20.49,1
1746815145.609229,-2.0,-0.24,-0.71,-10.73,-0.29,11.02,-1.3,1.34,-0.08,-250.14,-14.18,-13.05,1
1746815145.626016,-2.0,-0.22,-0.76,-1.85,19.71,4.73,-1.33,1.2,-0.18,-250.14,-45.22,17.8,1
1746815145.645331,-2.0,-0.24,-0.69,-2.09,17.36,-0.48,-1.59,1.13,0.01,-250.14,-92.99,55.8,1
1746815145.659461,-2.0,-0.24,-0.85,-6.11,56.7,-12.44,-1.39,0.89,-0.32,-211.97,-89.58,121.89,1
1746815145.668927,-2.0,-0.18,-0.61,0.27,35.24,-12.19,-1.4,0.79,-0.12,-133.34,-75.29,182.36,1
1746815145.68486,-2.0,-0.24,-0.7,3.25,7.82,-4.6,-1.36,0.86,-0.03,-43.22,-45.5,223.91,1
1746815145.697589,-2.0,-0.25,-0.74,12.02,-4.66,4.44,-1.32,1.11,-0.07,0.94,-48.49,247.63,1
1746815145.709504,-2.0,-0.23,-0.75,5.29,-4.68,7.02,-1.49,1.27,0.02,22.29,-63.4,250.13,1
1746815145.725904,-2.0,-0.22,-0.76,2.0,-10.13,8.51,-1.37,1.29,-0.09,1.81,-45.65,250.13,1
1746815145.742644,-2.0,-0.25,-0.77,7.48,-2.05,7.57,-1.32,1.28,-0.14,-19.77,-15.05,250.13,1
1746815145.759668,-2.0,-0.27,-0.74,8.44,-8.92,11.34,-1.23,1.1,-0.23,-23.78,-15.65,250.13,1
1746815145.776215,-2.0,-0.26,-0.8,-3.28,10.94,1.98,-1.04,1.16,-0.45,-55.18,-24.62,250.13,1
1746815145.793044,-2.0,-0.27,-0.73,-8.62,-11.34,7.87,-1.17,1.1,-0.33,-82.32,12.15,250.13,1
1746815145.809578,-2.0,-0.3,-0.8,-6.97,-6.73,8.86,-1.14,0.96,-0.24,-83.4,-26.56,250.13,1
1746815145.818676,-2.0,-0.3,-0.78,-10.91,-4.33,8.6,-1.08,0.87,-0.27,-61.14,-14.19,250.13,1
1746815145.834249,-2.0,-0.35,-0.77,-9.08,-3.69,9.84,-0.91,0.93,-0.46,-40.44,14.93,250.13,1
1746815145.847522,-2.0,-0.4,-0.81,-1.08,-8.44,14.15,-1.01,1.17,-0.27,-57.37,36.71,250.13,1
1746815145.859497,-2.0,-0.39,-0.82,3.47,0.28,10.78,-0.94,1.46,-0.41,-86.47,66.5,250.13,1
1746815145.882196,-2.0,-0.29,-0.87,-15.78,8.6,1.83,-0.99,1.22,-0.35,-120.03,60.87,250.13,1
1746815145.892926,-2.0,-0.4,-0.83,-11.63,9.17,1.7,-1.19,1.17,-0.16,-168.85,43.43,250.13,1
1746815145.909518,-2.0,-0.46,-0.81,2.27,17.43,3.06,-0.82,0.72,-0.59,-204.67,77.31,250.13,1
1746815145.926376,-2.0,-0.39,-0.71,5.12,-0.01,9.53,-0.77,0.53,-0.5,-250.14,38.77,250.13,1
1746815145.945053,-2.0,-0.45,-0.76,24.92,-19.88,20.88,-0.86,0.27,-0.29,-250.14,24.78,218.89,1
1746815145.959717,-2.0,-0.41,-0.73,16.11,-1.69,10.11,-0.65,-0.01,-0.41,-250.14,15.75,194.57,1
1746815145.967305,-2.0,-0.35,-0.72,19.83,2.95,7.98,-0.61,-0.26,-0.25,-250.14,3.73,152.07,1
1746815145.982183,-2.0,-0.35,-0.71,11.07,-14.63,6.44,-0.59,-0.38,-0.07,-250.14,24.6,102.92,1
1746815145.995992,-2.0,-0.37,-0.76,20.98,-29.15,11.86,-0.45,-0.54,0.12,-250.14,28.0,59.32,1
1746815146.012727,-2.0,-0.32,-0.69,8.85,-22.92,3.01,-0.5,-0.64,0.37,-250.14,34.43,10.27,1
1746815146.02624,-2.0,-0.36,-0.82,6.34,8.5,-6.95,-0.32,-0.79,0.29,-250.14,36.18,-18.14,1
1746815146.042421,-2.0,-0.3,-0.59,-3.79,-24.98,-5.49,-0.41,-1.09,0.54,-213.51,1.92,-44.49,1
1746815146.05985,-2.0,-0.43,-1.12,-3.73,17.92,-22.18,-0.05,-1.29,0.38,-134.36,1.83,-42.6,1
1746815146.077044,-2.0,-0.41,-0.71,-4.21,-14.1,-19.53,-0.13,-1.03,0.48,-60.24,-28.58,-39.13,1
1746815146.093794,-2.0,-0.42,-0.46,1.23,-48.38,-12.97,-0.48,-0.7,0.82,5.15,-50.12,-54.29,1
1746815146.109405,-2.0,-0.31,-1.01,-15.46,40.33,-37.92,-0.27,-0.59,0.6,33.22,3.72,-84.89,1
1746815146.117317,-2.0,-0.26,-0.61,-6.67,-38.24,-20.49,-0.34,-0.31,0.67,-4.45,-12.52,-130.28,1
1746815146.134869,-2.0,-0.3,-0.84,-9.79,4.69,-25.74,-0.32,-0.24,0.63,-65.36,-14.18,-180.79,1
1746815146.147608,-2.0,-0.24,-0.55,-30.53,-17.81,-26.16,-0.35,-0.33,0.67,-116.37,-6.0,-232.75,1
1746815146.16001,-2.0,-0.31,-0.82,-11.23,-25.22,-15.0,-0.41,-0.42,0.76,-144.56,-4.34,-250.14,1
1746815146.176059,-2.0,-0.27,-0.71,-5.14,-2.46,-16.07,-0.46,-0.53,0.87,-132.27,0.66,-250.14,1
1746815146.192871,-2.0,-0.3,-0.77,7.06,-14.57,-5.54,-0.53,-0.61,0.87,-104.63,2.63,-250.14,1
1746815146.20966,-2.0,-0.25,-0.67,-9.51,35.4,-23.16,-0.56,-0.57,0.84,-57.89,4.67,-250.14,1
1746815146.226938,-2.0,-0.26,-0.66,-5.83,-25.28,-12.94,-0.68,-0.43,0.85,-25.78,-6.79,-250.14,1
1746815146.245355,-2.0,-0.26,-0.72,-11.11,12.27,-20.12,-0.82,-0.09,0.81,-9.41,-3.69,-250.14,1
1746815146.259854,-2.0,-0.28,-0.78,-16.53,16.13,-21.28,-0.93,0.38,0.94,-44.48,-12.36,-250.14,1
1746815146.268741,-2.0,-0.3,-0.66,-18.21,-5.24,-17.0,-0.83,0.4,0.91,-79.7,-6.22,-250.14,1
1746815146.284701,-2.0,-0.3,-0.74,-26.24,-13.41,-15.54,-0.75,0.23,0.87,-80.42,-3.24,-250.14,1
1746815146.297828,-2.0,-0.28,-0.59,-35.5,-25.08,-11.58,-0.72,0.05,0.87,-45.74,-12.44,-250.14,1
1746815146.310048,-2.0,-0.32,-0.69,-46.37,-46.57,-13.71,-0.66,-0.09,0.79,15.8,-16.58,-250.14,1
1746815146.326786,-2.0,-0.39,-0.77,-35.92,-72.02,-1.36,-0.7,-0.02,0.79,67.14,-40.15,-236.28,1
1746815146.343196,-2.0,-0.27,-0.63,-38.08,-35.53,-5.92,-0.84,0.31,0.86,94.2,-38.29,-241.79,1
1746815146.359944,-2.0,-0.23,-0.83,-36.34,-36.18,-3.72,-0.8,0.45,0.71,73.64,-12.66,-250.14,1
1746815146.376333,-2.0,-0.21,-0.58,-59.21,-78.48,-0.88,-0.82,0.58,0.73,36.01,13.23,-250.14,1
1746815146.39315,-2.0,-0.24,-0.75,-71.06,-91.96,-4.66,-1.01,0.42,0.84,11.84,11.97,-250.14,1
1746815146.409351,-2.0,-0.28,-0.95,-65.77,-30.65,-18.53,-1.07,0.41,0.91,-8.37,-30.51,-250.14,1
1746815146.415274,-2.0,-0.39,-0.78,-65.5,4.05,-28.35,-0.98,0.33,0.77,-0.27,-58.5,-244.05,1
1746815146.430775,-2.0,-0.45,-0.82,-67.56,46.79,-39.51,-0.99,0.22,0.67,30.99,-84.63,-235.67,1
1746815146.446337,-2.0,-0.5,-0.78,-64.73,76.37,-49.18,-1.0,0.22,0.58,74.99,-73.55,-236.16,1
1746815146.46232,-2.0,-0.4,-0.96,-48.6,138.57,-54.5,-1.03,0.31,0.51,101.85,-73.51,-239.81,1
1746815146.478943,-2.0,-0.41,-0.85,-16.27,144.65,-48.85,-0.99,0.5,0.45,103.93,-74.95,-243.11,1
1746815146.496321,-2.0,-0.37,-0.69,-13.67,104.59,-37.6,-0.95,0.55,0.36,103.46,-67.65,-242.06,1
1746815146.514083,-2.0,-0.23,-0.55,4.84,-0.62,-14.92,-0.89,0.59,0.23,111.11,-70.04,-236.34,1
1746815146.529167,-2.0,-0.37,-0.83,17.47,-9.25,-3.02,-0.77,0.63,0.12,131.03,-75.28,-223.81,1
1746815146.546069,-2.0,-0.36,-0.82,7.1,-21.11,0.0,-0.7,0.75,0.1,165.16,-53.11,-207.16,1
1746815146.560848,-2.0,-0.32,-0.8,-6.42,-11.83,-0.52,-0.64,0.96,0.09,183.18,-46.76,-185.34,1
1746815146.569407,-2.0,-0.25,-0.79,-17.69,9.94,-8.5,-0.44,1.24,0.08,175.9,-37.15,-154.88,1
1746815146.582533,-2.0,-0.21,-0.66,-5.81,-15.98,8.08,-0.29,1.4,0.15,149.12,-25.27,-119.23,1
1746815146.596797,-2.0,-0.32,-0.49,21.34,-124.2,46.44,-0.18,1.42,0.24,110.69,-16.99,-78.11,1
1746815146.613422,-2.0,-0.37,-0.97,9.36,-148.36,35.69,-0.15,1.34,0.29,75.18,-4.56,-36.8,1
1746815146.629835,-2.0,-0.33,-1.09,7.69,-26.65,12.14,-0.19,1.12,0.44,41.75,0.06,-2.59,1
1746815146.646531,-2.0,-0.29,-1.01,36.27,72.19,9.48,-0.19,0.95,0.52,10.66,-5.84,11.89,1
1746815146.663571,-2.0,-0.35,-1.14,59.16,186.26,2.31,-0.17,0.73,0.54,-5.95,-18.92,13.47,1
1746815146.678885,-2.0,-0.19,-0.51,-11.5,105.89,-22.66,-0.11,0.59,0.54,-7.21,-33.63,10.9,1
1746815146.694641,-2.0,-0.37,-0.71,-47.25,89.71,-29.03,-0.03,0.48,0.5,5.63,-24.67,8.01,1
1746815146.710043,-2.0,-0.28,-0.8,-66.18,32.64,-0.78,-0.0,0.47,0.5,28.04,3.66,7.12,1
1746815146.719508,-2.0,-0.36,-0.83,-51.25,30.71,12.15,-0.01,0.59,0.55,33.59,22.11,7.28,1
1746815146.73294,-2.0,-0.42,-0.86,-66.23,50.81,-2.76,-0.07,0.58,0.61,27.08,24.02,6.47,1
1746815146.747667,-2.0,-0.37,-0.83,-79.47,27.64,-4.39,-0.08,0.58,0.65,6.73,25.13,4.53,1
1746815146.763503,-2.0,-0.38,-0.71,-64.71,-0.73,9.48,-0.08,0.58,0.69,-11.12,19.43,4.66,1
1746815146.779566,-2.0,-0.41,-0.75,-24.93,-5.71,19.36,-0.1,0.54,0.7,-17.0,14.37,3.8,1
1746815146.797318,-2.0,-0.35,-0.78,-14.41,1.43,15.97,-0.08,0.46,0.67,-9.01,17.21,7.74,1
1746815146.813399,-2.0,-0.29,-0.77,-9.66,2.37,12.6,-0.11,0.46,0.66,5.35,17.55,12.28,1
1746815146.829474,-2.0,-0.31,-0.76,-1.98,-10.02,13.55,-0.1,0.49,0.61,22.43,29.39,13.77,1
1746815146.844883,-2.0,-0.29,-0.76,17.34,-4.86,13.18,-0.12,0.54,0.61,34.15,49.92,12.55,1
1746815146.8604,-2.0,-0.27,-0.75,42.53,-15.73,20.93,-0.14,0.54,0.56,36.5,42.31,9.29,1
1746815146.870115,-2.0,-0.26,-0.85,40.89,-14.21,19.4,-0.39,0.53,0.68,33.23,-6.43,14.34,1
1746815146.882715,-2.0,-0.13,-0.78,35.31,23.86,4.64,-0.28,0.47,0.68,25.86,-19.23,15.68,1
1746815146.897372,-2.0,-0.06,-0.64,36.82,-49.94,40.98,-0.16,0.82,0.58,19.32,-5.15,35.12,1
1746815146.913514,-2.0,-0.13,-0.79,-18.21,-25.11,26.24,-0.21,0.7,0.41,22.31,1.25,44.14,1
1746815146.930484,-2.0,-0.08,-0.87,-31.37,4.64,22.25,-0.39,0.93,0.58,2.22,-10.27,41.26,1
1746815146.946951,-2.0,-0.01,-0.93,-60.65,96.19,-12.36,-0.3,1.06,0.4,-11.69,33.29,53.92,1
1746815146.964128,-2.0,-0.33,-0.81,-19.07,32.73,42.22,-0.32,1.22,0.28,-52.74,30.46,71.89,1
1746815146.982339,-2.0,-0.37,-0.76,-1.58,16.21,71.92,-0.46,1.14,0.31,-91.88,23.58,95.84,0
1746815146.99515,-2.0,-0.24,-0.75,8.96,31.74,69.11,-0.53,1.06,0.38,-127.37,-8.8,114.49,0
1746815147.002124,-2.0,-0.28,-0.7,52.17,6.41,76.14,-0.54,0.86,0.37,-136.02,-14.97,126.44,0
1746815147.018448,-2.0,-0.11,-0.68,46.73,-11.49,69.47,-0.54,0.55,0.37,-117.97,-2.7,137.15,0
1746815147.036489,-2.0,-0.12,-0.6,31.27,-19.78,49.27,-0.54,0.45,0.5,-81.4,20.69,149.09,0
1746815147.046292,-2.0,-0.18,-0.8,15.3,-49.48,42.95,-0.39,0.31,0.47,-5.38,18.62,160.6,0
1746815147.062113,-2.0,-0.14,-0.83,4.56,-9.38,20.69,-0.29,0.23,0.33,62.75,45.27,165.15,0
1746815147.079609,-2.0,-0.24,-0.69,2.81,-41.73,26.19,-0.18,0.24,0.18,103.42,43.35,166.8,0
1746815147.098758,-2.0,-0.23,-0.88,-4.27,15.19,11.54,-0.09,0.34,0.11,110.15,56.54,159.48,0
1746815147.114042,-2.0,-0.2,-0.68,-11.62,-31.7,25.5,-0.06,0.38,0.13,99.94,77.11,153.25,0
1746815147.129329,-2.0,-0.15,-0.64,-35.99,-63.44,29.53,-0.07,0.45,0.16,75.89,103.18,143.78,0
1746815147.14506,-2.0,-0.2,-0.7,-36.44,-117.48,42.0,-0.04,0.44,0.14,43.28,122.36,135.49,0
1746815147.159987,-2.0,-0.22,-0.73,-25.91,-133.42,53.6,-0.07,0.26,0.1,45.37,143.36,133.39,0
1746815147.169447,-2.0,-0.18,-0.85,-14.88,-92.47,39.79,-0.12,0.2,0.13,47.22,163.0,111.27,0
1746815147.182083,-2.0,-0.25,-0.86,1.07,-69.54,30.67,-0.19,0.27,0.25,29.31,181.73,93.59,0
1746815147.19656,-2.0,-0.28,-0.78,13.62,-45.9,28.19,-0.2,0.27,0.25,8.19,202.13,68.46,0
1746815147.213722,-2.0,-0.24,-0.73,2.96,-52.61,23.28,-0.23,0.27,0.28,12.84,208.27,56.08,0
1746815147.230311,-2.0,-0.24,-0.96,-19.09,1.08,6.76,-0.31,0.23,0.3,19.85,194.16,41.45,0
1746815147.246773,-2.0,-0.23,-0.86,-37.27,65.4,-14.02,-0.35,0.23,0.3,23.56,173.39,28.74,0
1746815147.264345,-2.0,-0.26,-0.73,-37.79,55.03,-16.95,-0.33,0.24,0.31,19.02,161.37,20.77,0
1746815147.280223,-2.0,-0.28,-0.77,-32.48,46.12,-13.95,-0.36,0.25,0.4,12.66,177.56,18.77,0
1746815147.294723,-2.0,-0.25,-0.71,-31.15,25.82,-12.71,-0.35,0.22,0.4,9.32,194.03,10.66,0
1746815147.303524,-2.0,-0.31,-0.78,-24.73,-20.2,-0.65,-0.42,0.17,0.42,34.88,194.02,0.18,0
1746815147.320474,-2.0,-0.31,-0.8,-11.47,8.73,-2.68,-0.57,0.16,0.41,62.43,176.96,-10.81,0
1746815147.33122,-2.0,-0.22,-0.68,-13.48,0.97,-2.88,-0.68,0.34,0.37,91.65,156.51,-19.18,0
1746815147.346802,-2.0,-0.2,-0.72,-14.81,-14.05,-2.25,-0.7,0.53,0.35,103.94,140.13,-24.34,0
1746815147.364032,-2.0,-0.16,-0.78,-14.98,-32.02,-2.86,-0.69,0.57,0.31,79.22,134.13,-32.03,0
1746815147.380097,-2.0,-0.27,-0.86,-5.08,-36.8,-5.49,-0.66,0.54,0.24,86.78,150.95,-32.25,0
1746815147.396918,-2.0,-0.25,-0.91,-12.32,25.42,-19.03,-0.73,0.46,0.27,92.94,161.17,-42.01,0
1746815147.414664,-2.0,-0.3,-0.81,-28.68,39.79,-22.3,-0.73,0.48,0.21,103.44,168.6,-55.49,0
1746815147.430447,-2.0,-0.32,-0.95,-32.8,66.11,-25.09,-0.85,0.63,0.18,116.63,176.56,-71.2,0
1746815147.445878,-2.0,-0.35,-1.0,-20.89,153.91,-33.6,-0.96,0.84,0.15,76.78,177.7,-98.49,0
1746815147.453288,-2.0,-0.4,-0.99,7.94,250.13,-43.04,-1.01,0.85,0.2,30.92,183.92,-117.79,0
1746815147.470805,-2.0,-0.24,-1.11,12.73,59.85,-19.11,-1.04,0.73,0.19,10.4,192.34,-122.39,0
1746815147.481886,-2.0,-0.28,-0.81,20.73,-8.76,2.18,-1.12,0.6,0.31,-7.89,175.5,-122.84,0
1746815147.496693,-2.0,-0.29,-0.77,35.95,-45.1,5.4,-1.12,0.43,0.27,1.5,164.2,-119.18,0
1746815147.514418,-2.0,-0.28,-0.82,49.88,-23.66,0.08,-1.17,0.37,0.29,34.91,140.7,-111.61,0
1746815147.530452,-2.0,-0.24,-0.82,50.62,-18.72,-3.51,-1.2,0.37,0.25,76.03,121.36,-98.89,0
1746815147.548424,-2.0,-0.28,-0.82,37.85,-8.74,-6.02,-1.26,0.35,0.22,102.44,95.4,-85.05,0
1746815147.56358,-2.0,-0.33,-0.74,11.02,-22.32,-6.89,-1.26,0.46,0.21,132.64,81.06,-71.54,0
1746815147.580258,-2.0,-0.33,-0.69,-3.18,-38.4,-4.73,-1.3,0.4,0.14,147.37,64.11,-67.93,0
1746815147.5958,-2.0,-0.31,-0.7,6.07,-44.15,-0.04,-1.36,0.49,0.15,144.26,43.53,-72.63,0
1746815147.603566,-2.0,-0.31,-0.75,-1.02,-36.15,-8.28,-1.35,0.54,0.09,147.95,34.06,-75.39,0
1746815147.620145,-2.0,-0.26,-0.78,-20.94,-10.99,-29.11,-1.32,0.55,0.01,131.69,22.78,-85.92,0
1746815147.632316,-2.0,-0.26,-0.76,-21.68,-10.89,-30.65,-1.34,0.6,-0.01,99.53,5.74,-94.32,0
1746815147.647446,-2.0,-0.23,-0.79,-19.86,15.55,-37.39,-1.37,0.62,-0.0,66.15,-6.67,-97.27,0
1746815147.6646,-2.0,-0.26,-0.8,-13.17,18.6,-33.56,-1.29,0.6,-0.06,41.34,-14.98,-97.26,0
1746815147.680735,-2.0,-0.28,-0.8,-7.63,32.8,-30.54,-1.25,0.6,-0.07,21.25,-11.96,-91.17,0
1746815147.698199,-2.0,-0.33,-0.67,0.47,10.68,-13.84,-1.19,0.41,-0.13,39.6,2.14,-85.43,0
1746815147.713855,-2.0,-0.37,-0.73,-1.85,-2.69,-5.63,-1.26,0.57,-0.05,46.22,21.15,-72.44,0
1746815147.729054,-2.0,-0.33,-0.71,8.06,-22.36,8.55,-1.19,0.59,-0.09,122.89,24.99,-45.24,0
1746815147.744937,-2.0,-0.2,-0.8,-4.11,6.28,-0.2,-1.26,0.93,0.1,149.34,22.3,1.26,0
1746815147.752431,-2.0,-0.2,-0.68,7.52,-15.09,7.69,-1.24,0.9,-0.05,122.65,-6.41,28.91,0
1746815147.770345,-2.0,-0.25,-0.76,11.21,-20.27,7.27,-1.18,0.75,-0.14,69.79,-21.38,35.33,0
1746815147.781958,-2.0,-0.31,-0.72,7.63,-24.46,1.43,-1.1,0.76,-0.24,13.15,-29.37,33.24,0
1746815147.79686,-2.0,-0.4,-0.7,22.02,-75.26,17.92,-1.01,0.61,-0.36,-25.08,-25.53,23.96,0
1746815147.814441,-2.0,-0.34,-0.68,17.45,-58.33,15.71,-0.97,0.44,-0.34,-43.79,-24.17,18.99,0
1746815147.833375,-2.0,-0.27,-0.71,14.86,-78.4,22.66,-0.91,0.34,-0.38,-48.35,-17.59,16.21,0
1746815147.848055,-2.0,-0.31,-0.77,-6.41,-48.09,9.74,-0.87,0.28,-0.38,-40.95,-4.9,12.63,0
1746815147.864323,-2.0,-0.28,-0.76,-12.04,3.73,-5.49,-0.84,0.26,-0.37,-30.04,2.14,9.95,0
1746815147.879424,-2.0,-0.33,-0.73,-4.18,5.6,0.05,-0.84,0.29,-0.36,-18.89,5.97,9.06,0
1746815147.895103,-2.0,-0.3,-0.76,-16.33,21.63,-2.25,-0.83,0.29,-0.37,-7.8,7.76,7.79,0
1746815147.904911,-2.0,-0.29,-0.7,-20.01,29.94,-5.15,-0.82,0.3,-0.38,-3.43,5.21,3.22,0
1746815147.920741,-2.0,-0.24,-0.75,-21.02,22.9,-0.01,-0.86,0.4,-0.3,-9.75,-3.57,-1.6,0
1746815147.932162,-2.0,-0.23,-0.86,-35.59,29.74,-6.77,-0.84,0.4,-0.35,-30.44,-10.25,-8.08,0
1746815147.947523,-2.0,-0.25,-0.77,-32.92,13.85,-3.11,-0.77,0.36,-0.42,-50.35,-11.89,-9.94,0
1746815147.964746,-2.0,-0.31,-0.71,-31.12,-4.19,-0.21,-0.8,0.26,-0.38,-56.71,-12.15,-12.18,0
1746815147.980479,-2.0,-0.33,-0.83,-12.49,23.31,-2.46,-0.8,0.36,-0.38,-46.88,-3.73,-11.56,0
1746815147.997883,-2.0,-0.31,-0.72,-14.41,27.44,-6.34,-0.86,0.3,-0.32,-30.11,-8.15,-16.84,0
1746815148.014613,-2.0,-0.34,-0.77,16.7,-5.06,11.08,-0.85,0.23,-0.39,-14.33,5.28,-14.58,0
1746815148.029895,-2.0,-0.32,-0.81,21.04,14.63,8.62,-0.91,0.37,-0.28,-4.29,13.05,-9.06,0
1746815148.044437,-2.0,-0.33,-0.75,8.09,-6.18,12.35,-0.92,0.36,-0.3,4.51,14.3,-6.44,0
1746815148.052677,-2.0,-0.3,-0.76,10.39,12.19,12.33,-0.92,0.38,-0.31,9.73,13.76,-3.5,0
1746815148.068188,-2.0,-0.3,-0.75,-10.5,-8.18,18.3,-0.95,0.4,-0.31,7.55,13.61,-2.34,0
1746815148.080885,-2.0,-0.31,-0.84,-33.81,10.88,6.98,-0.95,0.41,-0.31,2.63,12.28,-0.4,0
1746815148.097054,-2.0,-0.31,-0.69,-46.23,9.4,-1.84,-0.96,0.4,-0.3,-2.43,11.83,1.86,0
1746815148.114147,-2.0,-0.33,-0.71,-41.37,-16.02,2.15,-0.96,0.37,-0.29,-3.39,12.4,4.47,0
1746815148.130251,-2.0,-0.31,-0.79,-35.06,2.44,1.93,-0.97,0.36,-0.27,-4.76,10.85,6.64,0
1746815148.148022,-2.0,-0.29,-0.7,-41.31,5.28,-4.02,-0.96,0.34,-0.26,-4.69,12.25,6.08,0
1746815148.164379,-2.0,-0.31,-0.73,-28.25,-17.21,0.1,-0.97,0.39,-0.23,-12.44,7.65,6.19,0
1746815148.18001,-2.0,-0.31,-0.78,-22.32,-14.05,-4.74,-0.96,0.4,-0.23,-24.21,1.0,4.29,0
1746815148.195183,-2.0,-0.34,-0.75,-9.74,-7.16,-2.37,-0.92,0.4,-0.23,-25.24,-2.83,3.73,0
1746815148.204079,-2.0,-0.21,-0.69,-6.51,4.7,-0.66,-0.95,0.26,-0.25,-31.21,-1.3,0.86,0
1746815148.21975,-2.0,-0.23,-0.86,-9.19,35.2,-8.24,-0.93,0.3,-0.24,-31.22,-2.52,5.72,0
1746815148.232472,-2.0,-0.29,-0.8,-25.92,42.26,-16.53,-0.94,0.2,-0.26,-24.73,1.18,3.57,0
1746815148.247441,-2.0,-0.32,-0.8,-25.76,13.46,-5.19,-0.98,0.24,-0.16,-15.2,-6.11,7.03,0
1746815148.263664,-2.0,-0.16,-0.62,-23.54,-0.69,1.97,-0.93,0.19,-0.25,-1.98,2.24,4.29,0
1746815148.280924,-2.0,-0.31,-0.71,-16.52,-0.76,4.06,-0.92,0.29,-0.26,0.31,13.58,3.44,0
1746815148.298297,-2.0,-0.25,-0.81,-19.27,-3.53,4.91,-0.91,0.27,-0.31,-15.59,-1.25,6.37,0
1746815148.31427,-2.0,-0.27,-0.74,-11.11,-3.18,1.67,-0.94,0.33,-0.24,-17.67,-8.13,5.11,0
1746815148.330131,-2.0,-0.28,-0.76,6.77,-1.63,5.87,-0.91,0.32,-0.25,-24.81,-14.31,6.69,0
1746815148.345671,-2.0,-0.37,-0.86,8.4,1.24,1.08,-0.87,0.35,-0.25,-20.27,-11.37,4.78,0
1746815148.354042,-2.0,-0.3,-0.79,6.11,-3.49,3.97,-0.93,0.35,-0.24,-15.25,2.07,1.4,0
1746815148.365652,-2.0,-0.32,-0.78,3.5,5.76,-0.71,-0.91,0.37,-0.28,-12.3,4.76,1.18,0
1746815148.381603,-2.0,-0.3,-0.8,7.76,23.47,-5.8,-0.91,0.46,-0.29,-17.8,6.82,2.08,0
1746815148.397992,-2.0,-0.31,-0.81,3.42,27.92,-6.74,-0.96,0.62,-0.24,-31.01,8.56,1.27,0
1746815148.415562,-2.0,-0.29,-0.76,-3.34,19.21,-1.27,-0.97,0.67,-0.21,-64.21,2.69,1.75,0
1746815148.431353,-2.0,-0.31,-0.84,-5.07,18.15,5.47,-0.98,0.67,-0.19,-88.29,-6.55,7.18,0
1746815148.448534,-2.0,-0.29,-0.83,-11.03,28.79,3.85,-1.01,0.62,-0.19,-92.53,-13.26,15.47,0
1746815148.463727,-2.0,-0.33,-0.85,-15.09,41.49,0.4,-1.08,0.72,-0.18,-80.75,-20.44,28.28,0
1746815148.480838,-2.0,-0.29,-0.72,-7.86,40.23,9.7,-1.05,0.78,-0.23,-61.21,-22.77,52.39,0
1746815148.495055,-2.0,-0.33,-0.82,-16.29,19.4,20.48,-1.22,0.88,-0.15,-75.44,-47.66,71.92,0
1746815148.503538,-2.0,-0.41,-0.72,-3.36,2.53,27.0,-1.08,1.16,-0.24,-110.85,-46.65,90.66,0
1746815148.519673,-2.0,-0.46,-0.7,36.5,-27.4,41.76,-1.12,1.1,-0.29,-106.62,-38.86,109.24,1
1746815148.530964,-2.0,-0.2,-0.81,15.36,13.85,16.15,-1.18,1.13,-0.24,-144.4,-45.5,122.31,1
1746815148.54736,-2.0,-0.34,-0.76,28.76,-8.89,16.7,-1.08,1.07,-0.37,-127.36,-10.24,140.9,1
1746815148.568384,-2.0,-0.32,-0.77,21.57,7.76,7.22,-1.12,1.22,-0.31,-119.42,-8.05,159.78,1
1746815148.583857,-2.0,-0.29,-0.71,32.75,-1.4,10.81,-1.14,1.17,-0.29,-115.26,3.4,173.18,1
1746815148.597405,-2.0,-0.32,-0.74,14.89,-22.56,8.5,-1.26,1.14,-0.25,-117.3,13.98,181.32,1
1746815148.614416,-2.0,-0.26,-0.73,22.2,-17.53,12.08,-1.2,1.23,-0.28,-127.09,16.02,197.09,1
1746815148.630739,-2.0,-0.25,-0.75,40.22,-11.07,22.31,-1.21,1.13,-0.25,-125.79,34.69,212.84,1
1746815148.645182,-2.0,-0.3,-0.81,29.56,-2.97,21.64,-1.28,1.11,-0.16,-120.77,8.37,217.51,1
1746815148.654192,-2.0,-0.34,-0.88,13.18,8.08,16.31,-1.03,1.05,-0.43,-119.17,44.44,224.38,1
1746815148.667301,-2.0,-0.38,-0.78,13.82,-13.25,27.66,-1.01,1.12,-0.44,-135.1,39.11,229.92,1
1746815148.682474,-2.0,-0.38,-0.81,13.44,-9.65,32.08,-1.1,1.18,-0.28,-146.99,27.22,235.93,1
1746815148.698332,-2.0,-0.38,-0.81,1.26,-2.09,27.51,-1.15,1.15,-0.27,-152.42,62.26,246.92,1
1746815148.714752,-2.0,-0.36,-0.83,-11.92,13.93,18.47,-0.98,1.1,-0.31,-167.52,64.65,250.13,1
1746815148.731428,-2.0,-0.41,-0.84,-19.87,-4.41,19.69,-1.09,1.07,-0.06,-170.2,-0.76,250.13,1
1746815148.748792,-2.0,-0.31,-0.64,-27.97,-22.76,22.98,-0.97,0.82,-0.26,-151.31,75.85,250.13,1
1746815148.763655,-2.0,-0.3,-0.83,-20.07,3.15,16.11,-0.51,0.72,-0.72,-182.48,68.14,243.34,1
1746815148.780708,-2.0,-0.4,-0.82,-12.69,-8.4,18.23,-1.01,0.66,0.09,-184.3,28.02,227.34,1
1746815148.795833,-2.0,-0.35,-0.69,-22.99,11.12,7.63,-0.77,0.51,-0.18,-146.69,45.47,231.95,1
1746815148.805375,-2.0,-0.29,-0.61,-20.34,-67.22,22.07,-0.79,0.4,0.02,-142.64,-24.46,223.71,1
1746815148.813913,-2.0,-0.38,-0.93,-11.68,15.14,6.31,-0.66,0.3,-0.02,-123.5,5.27,220.74,1
1746815148.831967,-2.0,-0.36,-0.8,-3.53,34.73,3.8,-0.55,0.14,-0.04,-119.52,10.56,203.16,1
1746815148.847774,-2.0,-0.33,-0.82,2.85,30.21,6.15,-0.52,0.06,0.07,-116.02,-3.53,184.85,1
1746815148.865143,-2.0,-0.25,-0.68,-7.24,6.15,8.7,-0.52,0.04,0.17,-112.51,-29.77,155.35,1
1746815148.881293,-2.0,-0.34,-0.81,-8.8,23.25,4.84,-0.32,-0.05,0.0,-118.24,-2.28,131.98,1
1746815148.898912,-2.0,-0.36,-0.77,-0.69,11.52,7.31,-0.43,-0.07,0.23,-118.98,-20.59,107.4,1
1746815148.914987,-2.0,-0.3,-0.73,-1.14,9.23,8.05,-0.38,-0.04,0.26,-117.97,-16.15,86.94,1
1746815148.930714,-2.0,-0.29,-0.74,-8.0,12.41,4.29,-0.44,-0.1,0.42,-135.34,-49.76,57.53,1
1746815148.944896,-2.0,-0.31,-0.74,-5.79,13.56,5.33,-0.37,-0.04,0.47,-158.15,-49.32,33.05,1
1746815148.956018,-2.0,-0.33,-0.75,-3.41,4.24,8.12,-0.24,-0.1,0.5,-166.79,-16.56,-2.85,1
1746815148.966028,-2.0,-0.3,-0.77,-18.01,19.69,-0.25,-0.18,-0.28,0.49,-162.24,-17.05,-26.05,1
1746815148.981346,-2.0,-0.32,-0.72,-14.45,8.07,2.02,-0.37,-0.31,0.84,-104.79,-25.03,-48.45,1
1746815148.998158,-2.0,-0.33,-0.84,-16.76,17.14,-3.47,-0.36,-0.32,0.85,-45.47,-12.25,-55.12,1
1746815149.014545,-2.0,-0.25,-0.77,-40.24,16.5,-11.48,-0.39,-0.22,0.9,1.52,-18.47,-70.92,1
1746815149.031093,-2.0,-0.29,-0.71,-36.35,6.36,-10.13,-0.42,-0.01,0.95,-7.92,-36.18,-96.63,1
1746815149.048887,-2.0,-0.27,-0.72,-33.98,11.34,-10.73,-0.53,0.11,1.01,-13.05,-61.95,-120.58,1
1746815149.064335,-2.0,-0.26,-0.78,-40.15,17.21,-14.12,-0.44,0.31,0.83,-88.71,-81.76,-157.43,1
1746815149.079285,-2.0,-0.28,-0.74,-45.48,4.56,-12.74,-0.49,0.28,0.87,-111.55,-83.43,-181.95,1
1746815149.087915,-2.0,-0.27,-0.76,-40.05,6.36,-14.15,-0.44,0.23,0.85,-131.74,-94.18,-201.8,1
1746815149.103781,-2.0,-0.32,-0.75,-23.89,-6.1,-8.2,-0.44,0.2,0.83,-126.22,-90.84,-211.03,1
1746815149.115592,-2.0,-0.33,-0.78,-22.15,7.66,-18.42,-0.44,0.13,0.83,-103.5,-87.46,-215.89,1
1746815149.130621,-2.0,-0.31,-0.78,-17.05,6.21,-20.11,-0.41,0.13,0.82,-72.4,-89.14,-219.52,1
1746815149.147516,-2.0,-0.24,-0.75,-19.87,3.69,-23.69,-0.42,0.13,0.8,-42.25,-89.69,-222.59,1
1746815149.173347,-2.0,-0.26,-0.77,-12.31,4.13,-22.11,-0.41,0.15,0.76,-19.63,-92.64,-226.76,1
1746815149.183461,-2.0,-0.24,-0.78,-14.17,3.94,-23.09,-0.43,0.26,0.74,-7.94,-86.85,-233.74,1
1746815149.199019,-2.0,-0.21,-0.77,-15.92,2.45,-23.76,-0.43,0.4,0.71,-17.1,-84.11,-246.43,1
1746815149.214255,-2.0,-0.24,-0.82,-9.99,5.15,-18.02,-0.42,0.43,0.7,-24.79,-85.69,-250.14,1
1746815149.228801,-2.0,-0.21,-0.8,-15.92,3.95,-16.82,-0.49,0.38,0.74,-20.52,-92.94,-250.14,1
1746815149.23622,-2.0,-0.23,-0.73,-20.59,3.7,-16.58,-0.29,0.4,0.49,-21.11,-69.13,-250.14,1
1746815149.250857,-2.0,-0.33,-0.81,-22.42,-8.37,-10.4,-0.42,0.52,0.65,-13.53,-87.77,-250.14,1
1746815149.265542,-2.0,-0.29,-0.83,-23.31,2.59,-12.45,-0.49,0.52,0.68,-19.18,-98.99,-243.82,1
1746815149.280489,-2.0,-0.3,-0.84,-7.7,-1.97,-2.89,-0.65,0.47,0.76,-19.32,-107.44,-241.88,1
1746815149.297725,-2.0,-0.26,-0.68,-4.98,-10.3,-0.97,-0.56,0.49,0.6,-3.43,-91.87,-246.57,1
1746815149.314142,-2.0,-0.28,-0.86,-7.1,-4.6,-3.7,-0.6,0.52,0.59,17.33,-73.91,-250.14,1
1746815149.331,-2.0,-0.28,-0.81,-9.95,-6.85,-3.12,-0.54,0.72,0.55,13.12,-67.41,-250.14,1
1746815149.34781,-2.0,-0.25,-0.79,-6.26,0.98,-6.96,-0.7,0.87,0.66,-10.73,-69.53,-245.07,1
1746815149.363338,-2.0,-0.31,-0.78,5.96,-11.11,3.28,-0.67,0.82,0.62,-42.08,-84.47,-225.14,1
1746815149.379341,-2.0,-0.38,-0.81,14.21,-26.25,15.1,-0.64,0.74,0.56,-54.85,-103.39,-211.56,1
1746815149.386492,-2.0,-0.3,-0.79,-6.79,-8.83,4.21,-0.61,0.56,0.54,-37.72,-114.4,-204.42,1
1746815149.403344,-2.0,-0.29,-0.8,6.95,-5.86,10.53,-0.65,0.45,0.53,3.5,-109.03,-204.89,1
1746815149.415869,-2.0,-0.28,-0.74,11.2,-33.69,18.74,-0.61,0.4,0.37,58.27,-92.64,-210.48,1
1746815149.430976,-2.0,-0.31,-0.56,22.43,-122.66,37.95,-0.64,0.55,0.34,100.97,-81.63,-214.19,1
1746815149.447864,-2.0,-0.3,-0.93,28.2,-102.66,36.5,-0.67,0.79,0.3,108.5,-84.37,-206.25,1
1746815149.4648,-2.0,-0.37,-0.97,29.34,-23.6,21.28,-0.66,0.94,0.28,90.58,-96.79,-191.21,1
1746815149.481738,-2.0,-0.36,-0.76,21.53,-34.05,22.63,-0.55,1.0,0.17,64.38,-108.29,-170.85,1
1746815149.498423,-2.0,-0.37,-0.96,-2.69,36.07,-6.44,-0.42,0.96,0.08,55.43,-92.92,-152.12,1
1746815149.514442,-2.0,-0.3,-0.56,3.09,-14.29,3.15,-0.33,1.01,0.06,54.89,-73.18,-136.65,1
1746815149.529422,-2.0,-0.36,-0.87,29.46,19.31,9.43,-0.18,1.06,0.05,54.96,-46.89,-122.45,1
1746815149.537034,-2.0,-0.29,-0.77,23.9,65.57,-8.21,-0.14,1.12,0.2,47.49,-23.1,-104.4,1
1746815149.550325,-2.0,-0.34,-1.01,42.35,160.56,-21.9,-0.12,1.13,0.28,47.21,-11.28,-80.55,1
1746815149.565371,-2.0,-0.31,-1.09,7.85,40.62,-11.53,-0.18,1.05,0.37,42.42,-6.94,-52.67,1
1746815149.582058,-2.0,-0.38,-0.8,4.89,18.53,-4.55,-0.11,1.09,0.41,26.86,-13.24,-23.5,1
1746815149.59873,-2.0,-0.3,-0.77,-18.0,76.77,-28.46,-0.06,1.02,0.47,10.55,-18.75,-0.76,1
1746815149.618628,-2.0,-0.31,-0.76,-41.26,49.53,-31.42,-0.04,0.88,0.47,2.49,-14.66,13.68,1
1746815149.6318,-2.0,-0.24,-0.76,-64.66,20.78,-27.9,-0.04,0.72,0.45,3.47,-13.18,18.63,1
1746815149.648407,-2.0,-0.24,-0.68,-37.02,2.63,0.5,-0.01,0.58,0.43,16.29,-9.69,21.12,1
1746815149.663798,-2.0,-0.24,-0.72,-30.19,2.29,6.04,-0.02,0.61,0.49,15.4,1.07,16.24,1
1746815149.67919,-2.0,-0.23,-0.81,-27.66,22.72,6.56,-0.04,0.58,0.51,11.53,8.19,13.52,1
1746815149.687438,-2.0,-0.29,-0.77,-40.89,0.02,14.99,0.06,0.56,0.47,4.42,28.02,17.14,1
1746815149.701593,-2.0,-0.32,-0.73,-54.64,-47.73,27.77,-0.01,0.56,0.54,-3.29,18.38,16.07,1
1746815149.71632,-2.0,-0.32,-0.81,-9.98,-9.25,29.69,-0.04,0.51,0.59,0.53,16.26,12.63,1
1746815149.73189,-2.0,-0.33,-0.8,-4.74,4.33,24.33,-0.01,0.47,0.57,17.17,13.45,10.98,1
1746815149.748434,-2.0,-0.35,-0.81,-9.11,28.89,10.34,-0.02,0.5,0.51,36.06,17.89,9.49,1
1746815149.764904,-2.0,-0.33,-0.77,-20.95,25.83,-0.58,-0.04,0.6,0.49,41.92,6.38,8.6,1
1746815149.78381,-2.0,-0.31,-0.74,-10.09,1.18,7.4,-0.02,0.7,0.41,41.53,18.19,10.21,1
1746815149.798323,-2.0,-0.35,-0.8,0.21,8.73,2.14,-0.04,0.77,0.4,34.47,29.86,17.54,1
1746815149.81396,-2.0,-0.34,-0.81,24.75,6.66,4.06,-0.07,0.78,0.35,39.28,32.02,28.34,1
1746815149.828676,-2.0,-0.31,-0.78,21.53,12.27,-4.25,-0.17,0.83,0.34,61.46,28.96,41.85,1
1746815149.837174,-2.0,-0.27,-0.82,6.78,5.07,-7.14,-0.2,0.98,0.24,72.99,12.04,56.12,1
1746815149.851091,-2.0,-0.22,-0.76,-7.6,-6.0,-9.88,-0.07,1.05,-0.07,63.71,26.55,73.42,1
1746815149.866273,-2.0,-0.18,-0.76,-9.82,-9.81,-4.73,-0.26,1.1,0.05,39.18,24.97,94.31,1
1746815149.882162,-2.0,-0.18,-0.7,-32.89,-16.98,-9.38,-0.29,1.13,0.03,5.69,35.76,103.89,1
1746815149.898925,-2.0,-0.22,-0.75,-48.51,-8.26,-4.37,-0.29,1.06,-0.03,-14.91,64.81,119.62,1
1746815149.915843,-2.0,-0.46,-0.82,-50.07,-6.27,2.99,-0.38,0.9,-0.02,-25.12,86.73,130.13,1
1746815149.931823,-2.0,-0.21,-0.72,-30.24,-37.3,20.76,-0.4,0.71,-0.04,-15.88,120.6,134.47,0
1746815149.949004,-2.0,-0.31,-0.77,-13.24,-46.02,26.13,-0.38,0.55,-0.04,11.02,128.05,141.99,0
1746815149.963623,-2.0,-0.21,-0.74,-0.16,-56.3,26.29,-0.45,0.45,0.04,34.3,126.14,141.89,0
1746815149.978941,-2.0,-0.22,-0.79,4.91,-75.7,27.03,-0.31,0.44,-0.04,41.74,118.27,135.79,0
1746815149.987689,-2.0,-0.18,-0.84,3.42,-62.53,8.02,-0.27,0.4,-0.03,46.2,133.18,123.51,0
1746815150.000682,-2.0,-0.25,-1.0,9.6,25.98,-4.05,-0.22,0.4,-0.02,43.12,139.62,115.06,0
1746815150.015529,-2.0,-0.17,-0.37,17.48,37.22,-12.37,-0.18,0.4,0.02,26.56,173.82,96.25,0
1746815150.03202,-2.0,-0.24,-0.72,11.85,31.6,-3.69,-0.13,0.41,0.1,-6.29,190.96,78.62,0
1746815150.048536,-2.0,-0.26,-0.79,1.23,-3.31,16.62,-0.21,0.3,0.16,-31.97,205.4,60.52,0
1746815150.066255,-2.0,-0.26,-0.75,6.61,-22.24,23.52,-0.28,0.16,0.15,-41.6,213.73,38.06,0
1746815150.081869,-2.0,-0.24,-0.76,6.47,-7.5,14.64,-0.34,0.11,0.17,-17.67,221.15,27.03,0
1746815150.099072,-2.0,-0.23,-0.72,22.34,6.57,10.28,-0.39,0.16,0.26,9.5,206.82,18.18,0
1746815150.114203,-2.0,-0.21,-0.73,18.74,-1.68,12.6,-0.32,0.21,0.28,23.42,210.16,8.27,0
1746815150.129658,-2.0,-0.24,-0.75,5.18,-21.08,18.95,-0.32,0.29,0.37,23.72,219.53,-7.29,0
1746815150.139257,-2.0,-0.26,-0.68,2.31,-45.98,24.6,-0.36,0.25,0.4,31.85,228.53,-22.22,0
1746815150.150671,-2.0,-0.24,-0.78,3.91,-50.51,24.69,-0.51,0.16,0.39,54.31,223.77,-48.51,0
1746815150.167244,-2.0,-0.24,-0.71,8.24,-37.21,29.38,-0.6,0.12,0.3,78.34,237.85,-70.37,0
1746815150.18198,-2.0,-0.2,-0.68,1.91,-15.18,23.34,-0.62,0.32,0.17,108.56,250.13,-85.66,0
1746815150.199776,-2.0,-0.2,-0.84,-14.6,-47.26,22.02,-0.94,0.38,0.29,109.21,239.71,-104.68,0
1746815150.215948,-2.0,-0.15,-0.64,-24.21,-48.83,20.34,-0.97,0.51,0.2,116.95,225.54,-103.63,0
1746815150.23269,-2.0,-0.23,-1.03,-8.51,-18.37,19.52,-0.86,0.84,-0.04,65.94,231.08,-118.12,0
1746815150.249064,-2.0,-0.35,-0.63,-16.96,3.83,4.71,-1.4,0.79,0.39,80.74,184.63,-102.92,0
1746815150.265658,-2.0,-0.43,-0.85,-21.87,32.1,2.36,-1.04,0.86,0.09,55.48,152.86,-92.97,0
1746815150.280534,-2.0,-0.36,-0.79,1.39,3.52,17.11,-1.35,0.76,0.37,33.39,127.69,-100.74,0
1746815150.289248,-2.0,-0.3,-0.81,-13.47,96.06,-10.06,-1.24,0.67,0.22,32.57,161.3,-99.31,0
1746815150.305891,-2.0,-0.36,-0.84,2.92,97.38,-2.05,-1.3,0.46,0.02,55.37,123.08,-112.85,0
1746815150.316434,-2.0,-0.2,-0.85,-18.25,2.39,5.94,-1.0,0.63,-0.19,62.42,143.14,-104.45,0
1746815150.333813,-2.0,-0.37,-0.8,-11.48,-9.66,6.17,-1.48,0.58,0.19,103.18,92.9,-90.46,0
1746815150.349194,-2.0,-0.42,-0.73,-13.96,-34.24,10.99,-1.21,0.67,-0.19,121.47,110.16,-73.8,0
1746815150.366013,-2.0,-0.35,-0.77,-12.32,12.77,-5.63,-1.35,0.75,-0.02,104.45,58.15,-77.95,0
1746815150.382501,-2.0,-0.29,-0.71,-4.53,-7.05,3.47,-1.39,0.67,-0.01,106.48,52.92,-75.27,0
1746815150.398628,-2.0,-0.23,-0.86,-27.98,22.55,-12.6,-1.34,0.75,-0.05,58.61,43.68,-88.5,0
1746815150.41561,-2.0,-0.29,-0.72,-17.58,-3.6,-3.5,-1.35,0.69,0.01,27.85,75.82,-95.49,0
1746815150.430651,-2.0,-0.3,-0.78,-6.66,-2.02,-0.71,-1.38,0.6,0.03,28.17,48.6,-99.36,0
1746815150.439369,-2.0,-0.32,-0.74,12.34,-13.66,7.56,-1.34,0.58,0.02,38.97,63.92,-96.89,0
1746815150.456311,-2.0,-0.3,-0.77,12.82,11.62,2.85,-1.24,0.59,-0.06,56.12,67.78,-89.42,0
1746815150.465963,-2.0,-0.26,-0.73,3.97,16.76,2.12,-1.37,0.59,0.09,91.85,43.34,-84.89,0
1746815150.48319,-2.0,-0.27,-0.73,-4.48,-5.5,8.21,-1.33,0.67,-0.03,127.88,74.2,-64.47,0
1746815150.499996,-2.0,-0.3,-0.76,-8.27,-3.49,7.14,-2.0,1.23,1.16,40.82,-58.98,8.42,0
1746815150.516155,-2.0,-0.32,-0.76,11.53,-6.83,15.62,-1.58,1.16,0.46,-27.42,-90.79,26.6,0
1746815150.533228,-2.0,-0.33,-0.76,13.39,-7.27,19.09,-1.04,0.61,0.1,53.85,-96.04,24.85,0
1746815150.549085,-2.0,-0.34,-0.71,8.4,0.24,16.51,-1.22,0.61,0.28,101.66,-58.66,11.63,0
1746815150.563643,-2.0,-0.36,-0.76,-1.44,3.75,12.93,-0.96,0.77,-0.12,114.38,-43.18,19.71,0
1746815150.579503,-2.0,-0.38,-0.78,-2.17,6.73,10.24,-1.05,0.89,-0.01,39.76,-36.11,20.24,0
1746815150.58799,-2.0,-0.34,-0.71,2.69,-3.37,13.21,-0.95,0.61,-0.23,35.34,-0.66,11.13,0
1746815150.601891,-2.0,-0.35,-0.68,-1.74,-10.52,14.49,-0.85,0.52,-0.36,-4.13,5.35,-7.37,0
1746815150.616847,-2.0,-0.31,-0.74,-7.73,5.55,9.98,-0.91,0.46,-0.27,-29.09,-4.25,-27.76,0
1746815150.63243,-2.0,-0.2,-0.81,-22.08,-4.94,12.86,-0.96,0.57,-0.33,-72.02,24.31,-29.09,0
1746815150.65374,-2.0,-0.33,-0.71,-12.72,1.4,13.64,-1.05,0.31,-0.14,-48.29,-9.51,-31.37,0
1746815150.665481,-2.0,-0.35,-0.67,-8.79,-28.1,25.4,-0.78,0.28,-0.63,-62.92,33.49,-16.89,0
1746815150.683254,-2.0,-0.32,-0.78,-20.87,16.73,7.94,-0.91,0.29,-0.38,-58.95,1.94,-22.31,0
1746815150.699231,-2.0,-0.38,-0.81,-23.79,0.16,11.24,-0.7,0.19,-0.61,-20.83,28.18,-11.82,0
1746815150.715795,-2.0,-0.37,-0.83,-1.49,-15.06,20.43,-0.82,0.25,-0.42,-2.11,-21.57,-16.66,0
1746815150.730208,-2.0,-0.34,-0.76,0.47,2.74,10.49,-0.79,0.26,-0.48,10.44,17.74,-12.42,0
1746815150.739546,-2.0,-0.37,-0.84,10.21,-13.83,15.43,-0.84,0.28,-0.43,9.27,-11.07,-21.12,0
1746815150.752789,-2.0,-0.33,-0.84,-0.37,21.65,-2.56,-0.76,0.32,-0.5,-8.88,24.43,-22.02,0
1746815150.767472,-2.0,-0.32,-0.78,9.62,-2.57,5.59,-0.82,0.27,-0.43,-3.5,16.37,-27.44,0
1746815150.783607,-2.0,-0.33,-0.79,6.68,5.19,4.29,-0.77,0.3,-0.44,-7.55,22.34,-31.29,0
1746815150.799751,-2.0,-0.32,-0.77,2.55,13.37,2.22,-0.86,0.33,-0.33,-22.61,3.09,-29.44,0
1746815150.816611,-2.0,-0.32,-0.77,3.6,24.86,1.49,-0.88,0.27,-0.33,-37.92,-1.51,-25.8,0
1746815150.834039,-2.0,-0.3,-0.75,5.24,14.42,5.44,-0.86,0.3,-0.37,-47.98,20.33,-28.34,0
1746815150.849241,-2.0,-0.31,-0.76,5.5,19.4,4.62,-0.94,0.29,-0.31,-31.5,27.68,-28.15,0
1746815150.866083,-2.0,-0.3,-0.79,2.37,25.13,0.98,-0.99,0.32,-0.25,5.66,-6.98,-21.44,0
1746815150.880489,-2.0,-0.29,-0.77,1.83,28.72,-1.57,-0.96,0.34,-0.31,40.53,-27.92,-13.78,0
1746815150.889767,-2.0,-0.3,-0.76,1.15,11.6,2.32,-0.9,0.41,-0.38,28.44,-11.95,-8.35,0
1746815150.902753,-2.0,-0.33,-0.74,0.66,14.09,1.11,-1.01,0.42,-0.27,23.01,-3.28,-5.8,0
1746815150.917454,-2.0,-0.35,-0.72,9.56,11.47,4.02,-0.98,0.48,-0.33,11.59,-15.21,-7.59,0
1746815150.933443,-2.0,-0.34,-0.74,13.2,15.82,3.29,-1.02,0.48,-0.3,-2.17,-19.79,-4.62,0
1746815150.950465,-2.0,-0.35,-0.75,11.24,7.33,4.69,-0.97,0.5,-0.32,-21.23,-12.54,-1.18,0
1746815150.966206,-2.0,-0.34,-0.72,4.07,-3.86,3.29,-0.95,0.45,-0.35,-34.4,9.4,5.5,0
1746815150.983293,-2.0,-0.4,-0.75,-14.96,-24.18,-6.01,-1.13,0.26,-0.18,-26.9,-3.44,9.66,0
1746815150.99975,-2.0,-0.15,-0.74,-11.34,-4.8,3.73,-0.69,0.42,-0.57,-54.56,29.53,8.35,0
1746815151.014616,-2.0,-0.08,-0.79,-31.78,51.15,-16.41,-0.92,0.32,-0.43,-54.4,-36.18,3.77,0
1746815151.030026,-2.0,-0.29,-0.89,-0.3,-6.38,0.78,-1.35,0.29,0.19,-21.85,-29.72,1.09,0
1746815151.039658,-2.0,-0.31,-0.54,-48.05,32.59,-22.03,-0.74,0.41,-0.5,-33.5,-55.07,1.56,0
1746815151.052845,-2.0,-0.24,-0.51,-19.24,-49.45,1.95,-0.89,0.29,-0.27,-5.39,5.25,12.54,0
1746815151.067286,-2.0,-0.15,-1.01,-13.02,42.85,-8.6,-0.45,0.26,-0.69,-14.71,47.92,19.58,0
1746815151.083074,-2.0,-0.34,-0.65,-2.52,44.68,-4.47,-0.66,0.14,-0.78,-4.81,66.86,13.39,0
1746815151.10024,-2.0,-0.21,-1.03,-3.34,42.01,-4.31,-0.57,0.36,-0.62,-21.7,-36.69,6.53,0
1746815151.116703,-2.0,-0.22,-0.48,0.01,8.85,1.35,-1.03,0.3,-0.19,-16.05,61.42,12.37,0
1746815151.133726,-2.0,-0.35,-0.93,3.98,15.92,6.56,-0.55,0.37,-0.64,-7.5,-3.97,9.93,0
1746815151.150068,-2.0,-0.31,-0.69,-10.17,11.13,2.72,-1.01,0.32,-0.18,-11.22,-1.8,5.44,0
1746815151.165455,-2.0,-0.33,-0.75,-4.74,-13.42,13.81,-0.88,0.3,-0.31,-1.98,11.8,9.04,0
1746815151.174173,-2.0,-0.35,-0.86,-5.35,3.16,7.38,-1.03,0.24,-0.23,18.01,-2.95,7.87,0
1746815151.189064,-2.0,-0.29,-0.77,-19.02,13.73,-1.75,-0.76,0.32,-0.44,-7.32,-17.74,0.79,0
1746815151.201752,-2.0,-0.32,-0.78,-26.14,10.17,-5.15,-0.97,0.31,-0.2,-20.11,-9.21,-2.88,0
1746815151.216815,-2.0,-0.34,-0.75,-20.12,0.27,-0.89,-0.93,0.34,-0.27,-21.81,15.14,-4.02,0
1746815151.233054,-2.0,-0.32,-0.8,-12.34,9.98,-0.6,-0.86,0.34,-0.38,-20.45,12.5,-1.94,0
1746815151.250572,-2.0,-0.33,-0.75,-11.73,6.24,2.37,-0.89,0.29,-0.35,-23.79,13.6,-3.52,0
1746815151.266855,-2.0,-0.32,-0.76,-6.72,13.1,1.08,-0.91,0.31,-0.33,-26.02,21.43,-3.18,0
1746815151.284316,-2.0,-0.3,-0.73,6.94,18.64,-0.05,-0.83,0.31,-0.44,-21.72,48.23,3.85,0
1746815151.298646,-2.0,-0.31,-0.73,5.82,12.81,-3.34,-1.0,0.33,-0.26,-13.38,31.18,4.76,0
1746815151.314064,-2.0,-0.28,-0.73,-6.16,-7.14,-0.37,-0.83,0.33,-0.42,-3.38,33.18,8.48,0
1746815151.322157,-2.0,-0.35,-0.88,-7.5,-1.01,-2.91,-1.08,0.31,-0.19,5.87,8.72,9.43,0
1746815151.33928,-2.0,-0.24,-0.73,-17.39,-0.15,-3.32,-0.88,0.4,-0.29,-2.05,1.02,7.47,0
1746815151.35232,-2.0,-0.35,-0.75,-13.09,8.1,-5.38,-0.99,0.41,-0.25,-1.23,-11.08,10.12,0
1746815151.366973,-2.0,-0.32,-0.75,0.25,-3.42,2.85,-0.91,0.39,-0.33,2.18,24.58,11.69,0
1746815151.383963,-2.0,-0.3,-0.72,-3.79,-5.32,1.98,-1.05,0.47,-0.18,11.31,4.94,14.01,0
1746815151.399844,-2.0,-0.3,-0.82,-13.21,-8.94,3.1,-1.0,0.68,-0.21,-6.72,13.23,17.79,0
1746815151.417471,-2.0,-0.27,-0.72,-5.24,-1.67,2.2,-1.05,0.59,-0.11,-19.02,10.82,20.91,0
1746815151.434309,-2.0,-0.32,-0.74,16.82,-6.13,8.74,-1.17,0.75,-0.02,-17.34,-17.43,18.28,0
1746815151.450483,-2.0,-0.3,-0.73,4.08,-1.99,4.95,-1.03,0.7,-0.3,-25.36,-9.64,27.01,0
1746815151.464894,-2.0,-0.31,-0.69,7.08,-18.08,13.45,-1.05,0.76,-0.3,-45.64,20.07,45.88,0
1746815151.473309,-2.0,-0.33,-0.71,13.47,-6.49,14.99,-1.1,0.82,-0.29,-24.24,3.24,64.56,0
1746815151.490316,-2.0,-0.37,-0.78,-0.5,-3.4,12.34,-1.02,0.95,-0.42,-22.68,23.07,87.18,0
1746815151.503068,-2.0,-0.4,-0.74,-8.05,-5.32,10.75,-1.13,1.03,-0.37,-33.04,14.31,101.66,0
1746815151.517253,-2.0,-0.39,-0.72,6.63,-18.56,17.92,-1.1,1.11,-0.45,-40.53,25.4,118.11,0
1746815151.534324,-2.0,-0.4,-0.78,23.16,-16.37,20.11,-1.13,1.14,-0.46,-49.14,32.15,130.06,0
1746815151.550734,-2.0,-0.4,-0.77,15.85,-3.91,6.22,-1.22,1.2,-0.44,-53.93,14.98,134.69,0
1746815151.568106,-2.0,-0.43,-0.86,8.2,5.61,-3.78,-1.24,1.17,-0.5,-71.49,-8.78,134.15,0
1746815151.584409,-2.0,-0.42,-0.85,2.55,5.69,-3.75,-1.12,1.27,-0.63,-103.58,-2.63,146.61,0
1746815151.600169,-2.0,-0.45,-0.82,3.02,-4.3,3.86,-1.08,1.38,-0.51,-125.57,-34.23,170.18,0
1746815151.614806,-2.0,-0.41,-0.71,-4.07,-24.94,12.1,-1.16,1.15,-0.62,-131.38,39.12,179.41,0
1746815151.623357,-2.0,-0.43,-0.77,-4.6,12.05,2.9,-0.9,1.26,-0.91,-159.51,38.83,195.12,0
1746815151.640219,-2.0,-0.37,-0.76,-9.47,-3.98,7.4,-1.19,1.33,-0.59,-187.37,-1.85,196.54,0
1746815151.651809,-2.0,-0.34,-0.73,-17.28,-17.04,8.17,-0.93,1.27,-0.85,-208.66,27.11,206.42,0
1746815151.667412,-2.0,-0.4,-0.74,-18.37,-44.4,10.27,-1.14,1.26,-0.61,-219.59,3.61,207.67,0
1746815151.689041,-2.0,-0.41,-0.9,-0.79,-8.15,6.96,-0.92,1.26,-0.82,-236.24,37.09,214.12,0
1746815151.700308,-2.0,-0.32,-0.68,-6.95,0.18,6.82,-1.07,1.25,-0.62,-240.64,42.58,220.27,0
1746815151.716684,-2.0,-0.27,-0.69,-17.89,-34.67,12.27,-1.08,1.17,-0.53,-250.14,51.6,220.4,0
1746815151.734265,-2.0,-0.29,-0.73,-22.48,-44.24,11.9,-1.06,1.02,-0.53,-245.72,63.63,227.89,0
1746815151.750223,-2.0,-0.33,-0.77,-13.23,-37.45,10.76,-0.89,0.77,-0.59,-235.92,51.32,231.24,0
1746815151.76508,-2.0,-0.38,-0.76,-3.89,-29.28,12.81,-0.86,0.54,-0.48,-199.31,42.21,235.85,0
1746815151.783173,-2.0,-0.42,-0.81,-2.02,5.75,6.37,-0.75,0.41,-0.45,-145.83,56.58,241.98,1
1746815151.790394,-2.0,-0.38,-0.65,-6.17,-12.85,8.73,-0.72,0.42,-0.37,-95.43,62.56,248.6,1
1746815151.802084,-2.0,-0.34,-0.72,-3.32,-27.69,15.98,-0.72,0.39,-0.23,-61.0,67.84,250.13,1
1746815151.817145,-2.0,-0.33,-0.73,-0.25,-18.32,17.52,-0.57,0.39,-0.25,-46.72,88.92,248.15,1
1746815151.833356,-2.0,-0.35,-0.82,3.4,17.56,12.65,-0.58,0.3,-0.09,-50.85,93.23,230.73,1
1746815151.850382,-2.0,-0.35,-0.77,-0.4,41.61,5.01,-0.58,0.33,-0.01,-71.56,75.14,200.31,1
1746815151.866749,-2.0,-0.36,-0.68,-1.78,15.27,7.4,-0.56,0.3,0.09,-105.14,47.79,166.37,1
1746815151.884168,-2.0,-0.36,-0.76,-4.81,15.82,5.1,-0.49,0.24,0.13,-133.82,29.07,134.88,1
1746815151.900215,-2.0,-0.41,-0.75,-5.18,37.14,-0.7,-0.42,0.19,0.18,-145.97,19.55,108.18,1
1746815151.91516,-2.0,-0.37,-0.77,-6.95,45.4,-5.16,-0.36,0.02,0.14,-132.45,-0.58,89.02,1
1746815151.924032,-2.0,-0.35,-0.7,-12.79,25.69,-7.63,-0.18,-0.02,0.09,-120.28,4.82,77.25,1
1746815151.950165,-2.0,-0.37,-0.69,-20.92,12.05,-10.97,-0.23,0.01,0.25,-99.53,2.21,65.34,1
1746815151.950165,-2.0,-0.33,-0.71,-20.9,-0.89,-10.14,-0.19,0.08,0.25,-77.66,22.57,54.66,1
1746815151.973642,-2.0,-0.33,-0.77,-16.92,15.23,-11.0,-0.28,0.18,0.45,-69.58,-6.48,30.99,1
1746815151.984088,-2.0,-0.33,-0.7,-15.76,5.51,-7.74,-0.35,0.26,0.54,-66.49,-17.47,7.73,1
1746815152.000318,-2.0,-0.3,-0.72,-21.2,9.11,-9.27,-0.31,0.33,0.57,-84.12,-33.48,-17.38,1
1746815152.017837,-2.0,-0.3,-0.79,-17.49,28.9,-10.83,-0.37,0.25,0.73,-86.08,-54.44,-33.01,1
1746815152.034545,-2.0,-0.31,-0.68,-14.72,11.82,-9.12,-0.25,0.18,0.67,-72.15,-47.21,-49.71,1
1746815152.05069,-2.0,-0.37,-0.86,-5.59,35.37,-12.04,-0.24,0.12,0.71,-44.35,-42.85,-52.84,1
1746815152.065274,-2.0,-0.33,-0.7,-8.32,43.91,-12.92,-0.29,0.13,0.76,-35.18,-55.64,-70.14,1
1746815152.073881,-2.0,-0.28,-0.75,-17.1,57.85,-17.76,-0.32,0.21,0.78,-27.66,-54.76,-92.16,1
1746815152.090148,-2.0,-0.33,-0.72,-4.92,48.71,-12.61,-0.4,0.35,0.82,-28.58,-58.54,-119.15,1
1746815152.102879,-2.0,-0.3,-0.71,-6.3,40.44,-10.27,-0.39,0.48,0.79,-60.53,-65.04,-144.07,1
1746815152.117583,-2.0,-0.32,-0.73,-3.46,16.43,-8.69,-0.43,0.62,0.81,-71.86,-80.96,-161.23,1
1746815152.133723,-2.0,-0.31,-0.71,-5.08,9.38,-5.27,-0.47,0.56,0.84,-91.36,-98.83,-174.07,1
1746815152.15008,-2.0,-0.35,-0.75,-5.14,2.76,-3.05,-0.5,0.39,0.89,-97.49,-113.46,-173.21,1
1746815152.167177,-2.0,-0.33,-0.71,-5.34,2.34,-3.21,-0.45,0.25,0.85,-67.34,-116.19,-181.31,1
1746815152.184554,-2.0,-0.34,-0.76,-12.16,10.36,-8.9,-0.46,0.22,0.82,-24.09,-125.54,-186.79,1
1746815152.20024,-2.0,-0.34,-0.75,-2.02,14.02,-7.53,-0.47,0.35,0.79,-0.52,-132.15,-190.6,1
1746815152.214592,-2.0,-0.37,-0.77,-2.31,-11.05,0.37,-0.52,0.44,0.75,-0.36,-146.4,-200.2,1
1746815152.224063,-2.0,-0.31,-0.78,-15.99,7.7,-8.86,-0.52,0.64,0.7,-32.2,-159.56,-211.07,1
1746815152.239778,-2.0,-0.27,-0.71,-8.39,-1.85,-3.16,-0.5,0.66,0.7,-70.13,-170.56,-226.4,1
1746815152.252553,-2.0,-0.32,-0.75,-16.83,-4.42,-4.0,-0.36,0.6,0.57,-94.44,-144.61,-237.27,1
1746815152.26712,-2.0,-0.37,-0.79,-17.82,-7.07,-2.64,-0.39,0.48,0.54,-81.81,-141.02,-250.14,1
1746815152.283911,-2.0,-0.34,-0.81,-21.05,2.56,-6.94,-0.4,0.46,0.53,-74.48,-144.34,-247.09,1
1746815152.301092,-2.0,-0.33,-0.78,-12.08,0.92,-3.73,-0.43,0.53,0.58,-71.87,-136.02,-247.51,1
1746815152.318245,-2.0,-0.37,-0.8,-10.78,-3.58,-1.96,-0.4,0.68,0.61,-91.81,-104.95,-250.14,1
1746815152.333993,-2.0,-0.31,-0.65,-3.18,-11.67,3.27,-0.46,0.75,0.69,-126.81,-99.46,-250.14,1
1746815152.350896,-2.0,-0.28,-0.63,5.82,-0.59,0.96,-0.49,0.71,0.64,-140.51,-102.81,-250.14,1
1746815152.365607,-2.0,-0.36,-0.75,14.42,2.35,3.77,-0.51,0.42,0.7,-107.79,-106.32,-250.14,1
1746815152.373816,-2.0,-0.4,-0.77,11.88,-19.34,11.97,-0.51,0.51,0.72,-63.5,-108.88,-250.14,1
1746815152.390481,-2.0,-0.34,-0.82,9.29,10.42,1.04,-0.68,0.62,0.83,-31.35,-88.08,-250.14,1
1746815152.40141,-2.0,-0.39,-0.74,13.42,-19.69,12.85,-0.69,0.83,0.81,-45.72,-84.51,-250.14,1
1746815152.417788,-2.0,-0.35,-0.79,18.68,0.64,6.15,-0.73,0.88,0.77,-91.26,-91.53,-250.14,1
1746815152.434449,-2.0,-0.37,-0.72,25.25,-25.43,15.9,-0.72,0.77,0.73,-123.85,-106.48,-245.44,1
1746815152.451172,-2.0,-0.37,-0.83,21.21,-11.79,12.2,-0.69,0.49,0.64,-110.29,-108.93,-236.24,1
1746815152.46806,-2.0,-0.33,-0.78,-2.34,-8.14,0.79,-0.7,0.31,0.55,-58.21,-107.74,-231.87,1
1746815152.484401,-2.0,-0.39,-0.78,-2.53,-21.8,7.37,-0.72,0.29,0.47,4.16,-100.45,-231.76,1
1746815152.500603,-2.0,-0.41,-0.76,-4.63,-14.71,5.05,-0.73,0.42,0.46,47.66,-93.4,-231.47,1
1746815152.515161,-2.0,-0.42,-0.83,-7.8,-4.79,0.44,-0.77,0.58,0.44,64.72,-91.27,-226.7,1
1746815152.524304,-2.0,-0.36,-0.77,-15.4,7.71,-5.5,-0.7,0.7,0.39,64.76,-97.64,-219.56,1
1746815152.543662,-2.0,-0.43,-0.79,-9.84,19.02,-9.6,-0.63,0.78,0.31,64.92,-97.47,-209.53,1
1746815152.552982,-2.0,-0.38,-0.8,-11.25,3.6,-6.25,-0.57,0.87,0.29,65.82,-99.04,-194.39,1
1746815152.567721,-2.0,-0.33,-0.76,-21.76,19.07,-15.39,-0.43,0.92,0.26,76.15,-88.73,-178.22,1
1746815152.588279,-2.0,-0.39,-0.76,-6.76,11.21,-10.61,-0.31,1.0,0.23,91.44,-72.43,-158.51,1
1746815152.603303,-2.0,-0.34,-0.72,-7.4,13.59,-12.39,-0.2,1.13,0.21,96.04,-59.84,-136.96,1
1746815152.619338,-2.0,-0.33,-0.76,-18.98,16.53,-19.54,-0.13,1.36,0.24,88.95,-38.77,-108.02,1
1746815152.633958,-2.0,-0.35,-0.73,-14.8,8.31,-18.18,-0.09,1.41,0.32,66.16,-23.87,-72.77,1
1746815152.648892,-2.0,-0.33,-0.72,-9.47,5.06,-12.4,-0.09,1.34,0.35,44.62,-20.98,-31.07,1
1746815152.664403,-2.0,-0.25,-0.53,-5.54,-4.8,-5.56,-0.04,1.11,0.27,30.61,-20.57,-3.0,1
1746815152.673364,-2.0,-0.26,-0.69,-16.64,-9.03,-2.24,0.02,0.87,0.25,18.0,-36.05,11.16,1
1746815152.687662,-2.0,-0.35,-0.77,-14.73,-9.15,5.24,-0.0,0.79,0.35,5.95,-11.69,14.08,1
1746815152.7017,-2.0,-0.25,-0.7,-32.15,-21.13,9.84,0.16,0.68,0.21,-8.78,16.41,-0.98,1
1746815152.723053,-2.0,-0.34,-0.85,-23.84,-19.79,16.95,0.09,0.59,0.4,-20.75,33.94,-13.43,1
1746815152.734213,-2.0,-0.3,-0.66,-39.85,-17.63,20.3,0.12,0.47,0.42,-18.77,26.73,-17.26,1
1746815152.751125,-2.0,-0.3,-0.86,-59.36,3.56,14.08,0.02,0.53,0.53,-4.83,25.37,-18.43,1
1746815152.767969,-2.0,-0.43,-0.9,-34.09,10.02,24.52,-0.04,0.54,0.59,18.07,11.72,-8.58,1
1746815152.784627,-2.0,-0.39,-0.51,-47.79,34.08,10.69,-0.0,0.68,0.63,24.89,8.3,-2.0,1
1746815152.800455,-2.0,-0.43,-0.73,-33.47,23.23,10.72,-0.04,0.65,0.64,8.61,-35.16,7.04,1
1746815152.808257,-2.0,-0.38,-0.79,-17.94,6.02,16.76,-0.01,0.69,0.64,10.26,-10.65,16.04,1
1746815152.82472,-2.0,-0.44,-0.82,-17.71,-3.77,11.37,-0.07,0.61,0.68,-1.21,-11.3,13.85,1
1746815152.836375,-2.0,-0.4,-0.81,4.13,4.58,7.24,0.11,0.55,0.49,10.94,19.89,22.5,1
1746815152.85246,-2.0,-0.39,-0.81,3.8,11.57,-7.65,0.05,0.51,0.57,7.09,30.04,24.26,1
1746815152.868486,-2.0,-0.32,-0.77,12.15,-4.71,-3.06,0.06,0.49,0.61,4.69,32.79,18.43,1
1746815152.884065,-2.0,-0.32,-0.75,15.93,-11.34,1.4,0.03,0.48,0.66,3.79,24.99,14.98,1
1746815152.901213,-2.0,-0.18,-0.77,7.86,-26.62,5.86,-0.02,0.47,0.66,3.31,20.43,12.12,1
1746815152.917488,-2.0,-0.14,-0.83,-12.18,-18.69,7.37,-0.02,0.48,0.65,2.49,16.08,11.75,1
1746815152.933743,-2.0,-0.73,-0.74,-0.53,-21.5,13.74,0.01,0.53,0.64,3.9,24.91,12.49,1
1746815152.952906,-2.0,-0.35,-0.69,-1.49,-32.89,15.42,-0.03,0.55,0.66,-0.35,25.66,14.06,0
1746815152.956968,-2.0,-0.41,-0.71,2.03,-45.84,17.79,-0.06,0.5,0.66,-1.92,19.21,16.01,0
1746815152.973477,-2.0,-0.38,-0.73,0.53,-53.32,20.28,-0.04,0.48,0.62,3.9,13.82,16.84,0
1746815152.985615,-2.0,-0.29,-0.77,2.79,-34.85,13.75,-0.03,0.47,0.56,13.93,12.11,17.12,0
1746815153.001216,-2.0,-0.3,-0.79,4.92,-6.69,3.72,-0.03,0.49,0.53,24.82,10.75,17.68,0
1746815153.018778,-2.0,-0.31,-0.77,10.39,1.41,3.98,-0.04,0.53,0.48,32.77,12.71,16.72,0
1746815153.034476,-2.0,-0.27,-0.76,1.44,7.99,2.29,-0.09,0.57,0.44,36.98,9.85,16.33,0
1746815153.050982,-2.0,-0.29,-0.76,-9.45,12.07,3.08,-0.1,0.61,0.36,43.98,10.94,20.12,0
1746815153.068119,-2.0,-0.29,-0.72,-4.66,18.95,3.33,-0.15,0.71,0.29,42.85,6.57,25.47,0
1746815153.083838,-2.0,-0.3,-0.71,0.84,21.03,1.73,-0.1,0.77,0.19,29.26,8.18,37.53,0
1746815153.099896,-2.0,-0.27,-0.71,5.11,7.47,3.84,-0.08,0.82,0.16,6.56,26.33,51.02,0
1746815153.114988,-2.0,-0.23,-0.72,7.06,-3.61,4.34,-0.13,0.74,0.16,-14.22,45.88,60.16,0
1746815153.124527,-2.0,-0.18,-0.71,9.73,-5.56,4.49,-0.15,0.64,0.11,-22.66,61.73,61.95,0
1746815153.137104,-2.0,-0.22,-0.72,9.85,-2.9,3.37,-0.17,0.55,0.07,-13.03,77.37,61.21,0
1746815153.152395,-2.0,-0.24,-0.73,16.94,-0.63,9.31,-0.19,0.44,0.07,9.98,89.39,56.11,0
1746815153.168466,-2.0,-0.25,-0.54,17.18,-49.57,24.55,-0.32,0.5,0.08,40.19,107.02,64.87,0
1746815153.185899,-2.0,-0.26,-0.79,19.56,-55.6,30.29,-0.18,0.58,0.03,43.29,135.75,65.62,0
1746815153.202123,-2.0,-0.26,-0.76,2.63,-38.88,20.68,-0.3,0.66,0.1,31.54,153.21,67.39,0
1746815153.219374,-2.0,-0.32,-0.73,8.21,-46.6,23.45,-0.43,0.58,0.14,9.59,142.55,69.65,0
1746815153.235269,-2.0,-0.34,-0.8,2.73,-19.83,17.62,-0.44,0.58,0.07,-5.36,145.74,70.01,0
1746815153.24971,-2.0,-0.32,-0.8,-10.75,21.69,1.96,-0.46,0.49,0.1,-14.21,133.95,72.48,0
1746815153.257938,-2.0,-0.35,-0.78,-11.53,35.31,0.47,-0.35,0.52,0.22,-26.28,151.07,67.14,0
1746815153.275234,-2.0,-0.29,-0.85,-19.92,54.42,-3.58,-0.43,0.46,0.24,-32.71,171.53,53.82,0
1746815153.287609,-2.0,-0.32,-0.71,-23.27,44.06,1.02,-0.32,0.41,0.15,-22.44,180.55,44.23,0
1746815153.302232,-2.0,-0.46,-0.77,-20.09,50.14,-2.37,-0.44,0.35,0.11,4.16,185.04,45.98,0
1746815153.318765,-2.0,-0.36,-0.95,-1.9,79.79,-5.8,-0.65,0.23,0.18,47.02,167.98,49.36,0
1746815153.335685,-2.0,-0.48,-0.85,-15.34,14.34,2.58,-0.36,0.37,-0.02,79.01,190.11,62.08,0
1746815153.352348,-2.0,-0.38,-0.8,-22.5,26.53,-6.83,-0.43,0.52,0.15,101.59,188.85,66.15,0
1746815153.368613,-2.0,-0.31,-0.69,-23.33,5.6,-3.99,-0.51,0.62,0.19,73.31,211.39,50.39,0
1746815153.385065,-2.0,-0.38,-0.78,-11.26,2.38,-0.03,-0.58,0.64,0.23,49.87,204.44,31.66,0
1746815153.3997,-2.0,-0.37,-0.75,-15.84,14.55,-6.81,-0.72,0.56,0.18,34.92,197.61,13.6,0
1746815153.407677,-2.0,-0.35,-0.76,-19.13,3.82,-1.53,-0.8,0.56,0.3,13.69,189.53,-10.85,0
1746815153.42487,-2.0,-0.4,-0.77,-9.2,-8.94,11.51,-0.69,0.61,0.32,3.95,199.82,-18.08,0
1746815153.436976,-2.0,-0.38,-0.77,-8.1,-2.67,12.34,-0.81,0.61,0.44,-2.89,200.43,-29.95,0
1746815153.452156,-2.0,-0.39,-0.76,-13.07,-5.79,11.6,-0.79,0.54,0.36,-7.48,192.62,-34.36,0
1746815153.469197,-2.0,-0.44,-0.76,-13.32,-1.82,9.41,-0.82,0.45,0.34,24.92,179.98,-33.05,0
1746815153.485141,-2.0,-0.44,-0.72,-13.34,-7.55,8.61,-0.92,0.4,0.27,60.02,160.24,-28.45,0
1746815153.502739,-2.0,-0.44,-0.77,-7.12,-4.0,5.82,-0.95,0.5,0.22,89.53,145.9,-28.29,0
1746815153.518959,-2.0,-0.42,-0.77,-2.69,0.82,2.5,-0.93,0.66,0.22,103.26,152.36,-32.06,0
1746815153.535244,-2.0,-0.42,-0.78,-3.77,5.21,-0.82,-0.97,0.71,0.25,90.44,159.05,-43.47,0
1746815153.551002,-2.0,-0.42,-0.79,-9.26,13.2,-5.69,-0.97,0.66,0.19,78.78,160.58,-58.98,0
1746815153.558544,-2.0,-0.42,-0.72,-7.99,6.94,-4.09,-1.02,0.62,0.18,69.98,158.33,-71.61,0
1746815153.575647,-2.0,-0.44,-0.73,-19.14,14.62,-10.79,-1.02,0.57,0.14,61.72,150.78,-80.42,0
1746815153.587069,-2.0,-0.44,-0.78,-22.48,27.61,-17.44,-1.07,0.61,0.15,71.92,145.41,-75.75,0
1746815153.602236,-2.0,-0.37,-0.73,-19.44,9.36,-10.34,-1.11,0.65,0.13,65.82,137.97,-85.21,0
1746815153.6196,-2.0,-0.37,-0.76,-6.47,15.86,-8.05,-1.18,0.66,0.27,62.0,124.7,-87.17,0
1746815153.638316,-2.0,-0.31,-0.77,-2.51,2.66,-1.64,-1.19,0.55,0.23,62.02,111.35,-94.61,0
1746815153.653999,-2.0,-0.33,-0.77,-2.84,-6.87,0.69,-1.19,0.55,0.18,74.2,93.88,-92.76,0
1746815153.669113,-2.0,-0.32,-0.76,-0.42,-6.43,2.4,-1.15,0.58,0.11,94.64,69.68,-85.69,0
1746815153.684499,-2.0,-0.33,-0.75,5.5,-1.07,3.85,-1.21,0.57,0.08,105.4,52.22,-83.53,0
1746815153.700208,-2.0,-0.31,-0.74,10.37,-0.48,6.53,-1.2,0.61,0.09,107.44,38.68,-82.69,0
1746815153.708983,-2.0,-0.31,-0.71,18.28,-17.67,16.89,-1.23,0.54,0.07,111.27,24.15,-81.79,0
1746815153.725621,-2.0,-0.29,-0.71,12.08,-20.46,17.68,-1.22,0.44,-0.01,129.98,9.3,-75.56,0
1746815153.737331,-2.0,-0.29,-0.72,18.94,-22.2,24.08,-1.19,0.44,-0.1,161.27,-7.45,-62.63,0
1746815153.759207,-2.0,-0.3,-0.75,1.65,-5.13,16.63,-1.18,0.55,-0.23,179.27,-23.79,-48.64,0
1746815153.769323,-2.0,-0.33,-0.75,0.85,-2.62,18.56,-1.18,0.65,-0.3,176.08,-34.66,-41.12,0
1746815153.785502,-2.0,-0.35,-0.75,-0.74,-0.98,18.99,-1.19,0.91,-0.35,133.37,-57.69,-29.37,0
1746815153.802571,-2.0,-0.37,-0.75,2.62,-5.97,21.75,-1.16,1.01,-0.38,76.72,-60.2,-22.43,0
1746815153.819426,-2.0,-0.36,-0.78,1.68,6.97,18.71,-1.1,0.89,-0.46,29.84,-51.34,-22.82,0
1746815153.835175,-2.0,-0.39,-0.77,4.75,4.62,20.56,-1.07,0.94,-0.43,-24.53,-23.63,-36.51,0
1746815153.85022,-2.0,-0.4,-0.78,-1.16,-0.18,20.84,-1.04,0.77,-0.42,-47.58,-0.14,-38.07,0
1746815153.858808,-2.0,-0.38,-0.76,-7.02,5.13,16.52,-0.97,0.66,-0.4,-70.24,13.23,-34.7,0
1746815153.874592,-2.0,-0.37,-0.72,-6.09,-10.77,18.79,-1.01,0.62,-0.38,-82.33,13.99,-26.71,0
1746815153.887047,-2.0,-0.35,-0.82,-4.73,-10.05,17.55,-1.07,0.49,-0.29,-53.69,17.31,-11.84,0
1746815153.907828,-2.0,-0.36,-0.71,-5.15,-2.49,14.42,-1.02,0.44,-0.24,-54.8,3.98,-3.24,0
1746815153.923326,-2.0,-0.41,-0.69,-3.35,-26.95,18.17,-0.92,0.43,-0.31,-45.1,-2.08,1.15,0
1746815153.938222,-2.0,-0.38,-0.69,-2.79,-26.72,13.31,-0.89,0.34,-0.33,-25.29,-1.99,2.57,0
1746815153.952581,-2.0,-0.26,-0.63,-5.58,-54.11,17.28,-0.93,0.42,-0.29,-33.18,-9.76,2.51,0
1746815153.969164,-2.0,-0.3,-0.64,1.16,-35.94,14.47,-0.9,0.57,-0.28,-34.48,-10.15,5.08,0
1746815153.984895,-2.0,-0.4,-0.67,-1.08,-24.07,10.85,-0.83,0.56,-0.28,-41.92,-19.21,9.68,0
1746815154.000228,-2.0,-0.3,-0.78,-7.98,-6.93,8.27,-0.83,0.43,-0.28,-35.99,-13.57,8.76,0
1746815154.008558,-2.0,-0.34,-0.7,-7.21,-34.8,12.52,-0.89,0.39,-0.25,-42.18,-17.15,4.48,0
1746815154.025971,-2.0,-0.42,-0.74,-4.07,-36.54,14.08,-0.88,0.35,-0.34,-41.65,27.93,2.15,0
1746815154.035904,-2.0,-0.39,-0.7,-7.18,-12.78,10.85,-0.92,0.33,-0.33,-26.9,4.5,-1.66,0
1746815154.052048,-2.0,-0.34,-0.64,-8.61,0.62,10.16,-0.89,0.38,-0.34,-21.21,-10.81,-3.39,0
1746815154.070068,-2.0,-0.33,-0.71,-10.26,-3.08,11.64,-0.85,0.4,-0.37,-24.6,13.9,-2.22,0
1746815154.085799,-2.0,-0.37,-0.73,-7.74,3.26,9.99,-0.87,0.37,-0.39,-16.85,6.64,-1.5,0
1746815154.102822,-2.0,-0.38,-0.64,-6.89,1.18,8.95,-0.9,0.42,-0.3,-19.06,-10.15,-2.87,0
1746815154.119114,-2.0,-0.37,-0.74,0.3,28.48,6.36,-0.94,0.39,-0.26,-16.9,4.76,-1.65,0
1746815154.135238,-2.0,-0.37,-0.65,-3.64,33.08,4.73,-0.89,0.41,-0.32,-23.7,-4.65,-5.99,0
1746815154.150517,-2.0,-0.38,-0.75,-6.09,38.24,3.63,-0.92,0.41,-0.29,-26.83,-8.43,-4.38,0
1746815154.159197,-2.0,-0.36,-0.67,-7.48,37.26,1.65,-0.9,0.39,-0.32,-28.61,9.18,-3.43,0
1746815154.170598,-2.0,-0.38,-0.72,-5.12,37.34,0.38,-0.89,0.38,-0.34,-21.72,0.31,-0.39,0
1746815154.18592,-2.0,-0.36,-0.76,-4.13,57.12,-5.74,-0.9,0.38,-0.34,-16.83,5.95,0.47,0
1746815154.202519,-2.0,-0.36,-0.77,-7.78,63.46,-7.66,-0.9,0.35,-0.36,-12.49,2.55,0.64,0
1746815154.219696,-2.0,-0.36,-0.68,-12.45,35.19,-3.53,-0.88,0.36,-0.38,-14.88,3.82,0.66,0
1746815154.235748,-2.0,-0.35,-0.76,-16.71,22.41,1.35,-0.93,0.36,-0.32,-19.4,4.52,0.16,0
1746815154.253508,-2.0,-0.36,-0.78,-20.6,16.31,4.48,-0.91,0.37,-0.32,-16.37,13.01,2.96,0
1746815154.268367,-2.0,-0.39,-0.74,-22.79,13.5,4.05,-0.92,0.36,-0.32,-13.14,1.28,2.17,0
1746815154.284397,-2.0,-0.4,-0.75,-20.11,9.86,3.34,-0.96,0.34,-0.28,-8.83,6.34,2.11,0
1746815154.300582,-2.0,-0.41,-0.73,-16.18,6.31,0.73,-0.89,0.33,-0.36,-5.04,3.92,2.18,0
1746815154.309442,-2.0,-0.36,-0.73,-14.22,0.53,-4.53,-0.89,0.34,-0.35,-3.44,14.31,5.34,0
1746815154.321487,-2.0,-0.35,-0.75,-19.11,2.6,-12.0,-0.93,0.33,-0.32,-1.31,9.01,4.59,0
1746815154.336648,-2.0,-0.34,-0.74,-19.92,3.47,-14.49,-0.94,0.34,-0.3,-4.85,0.82,2.07,0
1746815154.35287,-2.0,-0.33,-0.75,-17.85,11.11,-14.92,-0.91,0.34,-0.32,-4.34,10.47,2.16,0
1746815154.369504,-2.0,-0.35,-0.75,-18.76,12.67,-11.12,-0.89,0.34,-0.34,-4.52,9.53,1.23,0
1746815154.389323,-2.0,-0.36,-0.77,-15.23,17.79,-8.23,-0.92,0.36,-0.31,-3.35,-4.15,1.47,0
1746815154.403927,-2.0,-0.35,-0.77,-9.85,18.95,-2.57,-0.91,0.35,-0.31,-4.42,1.06,1.07,0
1746815154.419388,-2.0,-0.36,-0.76,-5.56,14.36,-0.47,-0.91,0.36,-0.32,-9.26,-1.47,0.86,0
1746815154.435495,-2.0,-0.34,-0.76,-2.84,10.39,-0.08,-0.93,0.36,-0.29,-8.26,-3.51,1.62,0
1746815154.450871,-2.0,-0.32,-0.76,-3.7,8.94,-1.76,-0.9,0.37,-0.35,-8.55,1.05,2.15,0
1746815154.458496,-2.0,-0.35,-0.75,-2.68,7.78,-2.18,-0.89,0.37,-0.35,-8.89,3.06,2.67,0
1746815154.475609,-2.0,-0.35,-0.76,-2.12,7.6,-2.43,-0.88,0.37,-0.34,-6.11,4.11,4.24,0
1746815154.487034,-2.0,-0.34,-0.75,2.01,2.37,1.07,-0.91,0.37,-0.3,-8.3,5.25,2.18,0
1746815154.503041,-2.0,-0.34,-0.76,0.62,2.76,2.75,-0.89,0.38,-0.33,-7.81,1.72,-0.08,0
1746815154.520166,-2.0,-0.34,-0.76,-1.2,0.22,5.14,-0.9,0.38,-0.3,-4.95,3.55,-0.37,0
1746815154.536597,-2.0,-0.35,-0.76,-2.62,1.08,6.01,-0.91,0.4,-0.27,-4.76,1.29,-1.72,0
1746815154.553302,-2.0,-0.38,-0.77,-5.08,3.63,5.73,-0.91,0.41,-0.28,-6.57,-0.62,-1.76,0
1746815154.569346,-2.0,-0.37,-0.77,-4.47,3.96,5.41,-0.92,0.44,-0.28,-2.13,0.01,0.53,0
1746815154.585514,-2.0,-0.38,-0.76,-4.24,3.56,4.36,-0.92,0.59,-0.3,-3.73,0.22,4.08,0
1746815154.599893,-2.0,-0.38,-0.75,-3.05,1.84,3.34,-0.94,0.78,-0.27,-28.08,-1.92,6.58,0
1746815154.609718,-2.0,-0.36,-0.74,-3.06,1.43,2.65,-0.97,0.92,-0.26,-71.33,-3.04,7.77,0
1746815154.622631,-2.0,-0.35,-0.75,-3.63,4.28,3.37,-0.98,0.98,-0.29,-116.85,-8.22,8.49,0
1746815154.637712,-2.0,-0.35,-0.74,-3.95,5.42,6.85,-0.97,0.99,-0.31,-146.51,-5.23,13.38,0
1746815154.65291,-2.0,-0.33,-0.74,-2.69,2.14,13.01,-1.06,0.91,-0.29,-161.11,1.88,17.79,0
1746815154.669615,-2.0,-0.4,-0.73,-1.08,-6.56,17.86,-0.97,0.99,-0.36,-150.25,1.48,39.95,0
1746815154.685803,-2.0,-0.37,-0.75,2.11,7.95,13.07,-1.04,0.96,-0.31,-147.47,-8.18,57.77,0
1746815154.702973,-2.0,-0.41,-0.69,18.95,-28.38,28.92,-1.16,1.1,-0.23,-133.29,-8.79,78.9,0
1746815154.719546,-2.0,-0.33,-0.74,-10.13,-6.21,16.5,-1.28,1.29,-0.17,-137.69,-1.28,96.14,0
1746815154.735664,-2.0,-0.29,-0.68,0.42,-20.67,28.4,-1.16,1.25,-0.46,-130.72,26.08,121.07,0
1746815154.750504,-2.0,-0.27,-0.72,0.53,-0.25,25.39,-1.29,1.47,-0.4,-145.25,-27.15,147.26,0
1746815154.759378,-2.0,-0.34,-0.75,2.55,-14.73,33.37,-1.42,1.59,-0.43,-144.37,-4.6,174.82,0
1746815154.779064,-2.0,-0.38,-0.79,-4.34,-5.69,27.07,-1.45,1.61,-0.49,-188.18,-19.97,198.37,1
1746815154.792023,-2.0,-0.38,-0.77,1.49,-10.05,30.13,-1.51,1.38,-0.48,-191.92,12.63,223.13,1
1746815154.808247,-2.0,-0.37,-0.77,8.33,-18.73,33.61,-1.49,1.26,-0.39,-159.34,12.91,248.63,1
1746815154.823287,-2.0,-0.36,-0.74,-6.61,-8.09,22.83,-1.46,1.28,-0.39,-130.56,5.09,250.13,1
1746815154.839179,-2.0,-0.42,-0.68,-6.54,-12.98,22.97,-1.43,1.28,-0.39,-136.5,-35.92,250.13,1
1746815154.852518,-2.0,-0.41,-0.75,-3.71,-16.37,22.64,-1.28,1.19,-0.5,-151.38,-11.4,250.13,1
1746815154.869232,-2.0,-0.37,-0.72,-3.83,-0.68,17.25,-1.21,1.02,-0.47,-156.58,-3.73,250.13,1
1746815154.884249,-2.0,-0.36,-0.77,-11.89,-6.46,12.15,-1.24,0.86,-0.39,-138.08,2.9,250.13,1
1746815154.891524,-2.0,-0.33,-0.75,-10.53,-7.95,12.4,-1.06,0.74,-0.44,-123.69,8.48,250.13,1
1746815154.908604,-2.0,-0.35,-0.71,-13.47,1.14,6.04,-1.01,0.75,-0.4,-124.46,7.37,250.13,1
1746815154.920088,-2.0,-0.38,-0.83,-11.81,-5.57,4.26,-0.94,0.55,-0.3,-136.71,23.83,250.13,1
1746815154.937456,-2.0,-0.35,-0.68,-12.26,0.65,3.64,-0.87,0.43,-0.29,-142.22,25.46,250.13,1
1746815154.95367,-2.0,-0.35,-0.73,-8.85,-0.9,5.24,-0.76,0.2,-0.24,-142.21,32.37,245.19,1
1746815154.970256,-2.0,-0.36,-0.75,-8.54,-2.3,4.27,-0.71,0.06,-0.17,-133.0,8.16,224.25,1
1746815154.987314,-2.0,-0.35,-0.73,-14.58,-14.06,2.73,-0.65,0.04,-0.07,-134.9,-3.89,186.57,1
1746815155.004057,-2.0,-0.35,-0.76,-9.31,-10.76,2.54,-0.54,-0.13,-0.01,-141.44,-31.95,152.63,1
1746815155.019564,-2.0,-0.31,-0.67,-12.86,-11.34,2.63,-0.44,-0.2,0.1,-140.16,-49.1,129.32,1
1746815155.035967,-2.0,-0.33,-0.75,-12.98,-5.36,4.53,-0.39,-0.29,0.22,-144.75,-21.46,109.46,1
1746815155.050223,-2.0,-0.31,-0.73,-17.47,-16.2,7.64,-0.24,-0.47,0.23,-185.9,-44.17,68.38,1
1746815155.059352,-2.0,-0.33,-0.71,-20.73,-25.25,8.99,-0.35,-0.62,0.49,-203.85,-60.84,10.86,1
1746815155.072435,-2.0,-0.3,-0.73,-19.0,-32.71,9.46,-0.25,-0.51,0.46,-224.66,-43.57,-48.64,1
1746815155.087268,-2.0,-0.36,-0.83,-14.2,-7.44,4.82,-0.19,-0.46,0.51,-222.37,-29.52,-84.02,1
1746815155.108606,-2.0,-0.31,-0.71,-21.61,0.83,0.69,-0.32,-0.49,0.71,-191.13,-31.34,-108.11,1
1746815155.12433,-2.0,-0.36,-0.78,-21.58,5.77,-2.18,-0.4,-0.5,0.85,-122.24,-23.64,-101.37,1
1746815155.138942,-2.0,-0.33,-0.71,-19.31,-2.7,-0.62,-0.52,-0.47,0.93,-25.76,-34.21,-92.64,1
1746815155.15386,-2.0,-0.41,-0.75,-9.8,1.82,-1.41,-0.47,-0.12,0.99,42.53,-29.37,-89.92,1
1746815155.16986,-2.0,-0.39,-0.48,-12.6,10.85,-3.09,-0.56,0.21,1.05,36.85,-54.86,-110.22,1
1746815155.185102,-2.0,-0.4,-0.7,-9.51,8.07,-5.98,-0.6,0.4,1.04,26.7,-61.67,-140.58,1
1746815155.194396,-2.0,-0.34,-0.83,-4.36,41.43,-11.33,-0.62,0.58,1.04,-70.35,-97.24,-163.37,1
1746815155.210079,-2.0,-0.31,-0.75,-10.59,26.4,-6.71,-0.53,0.31,0.87,-105.82,-104.03,-184.74,1
1746815155.220871,-2.0,-0.36,-0.86,-22.39,63.97,-20.73,-0.51,0.27,0.91,-113.24,-118.14,-192.82,1
1746815155.23692,-2.0,-0.22,-0.73,-3.78,5.86,-4.73,-0.42,0.1,0.84,-89.98,-113.51,-199.05,1
1746815155.253414,-2.0,-0.35,-0.8,-6.57,34.5,-16.69,-0.43,0.14,0.85,-52.27,-99.82,-208.47,1
1746815155.270183,-2.0,-0.23,-0.65,-3.45,-11.44,1.51,-0.4,0.3,0.79,-24.78,-92.22,-207.91,1
1746815155.286816,-2.0,-0.39,-0.75,-13.07,47.35,-16.14,-0.42,0.42,0.79,-14.41,-84.21,-218.66,1
1746815155.303912,-2.0,-0.3,-0.69,-1.09,-29.69,3.86,-0.4,0.55,0.75,-26.88,-94.55,-223.02,1
1746815155.319548,-2.0,-0.29,-0.89,-3.15,13.07,-0.24,-0.37,0.53,0.72,-48.95,-94.89,-228.15,1
1746815155.334557,-2.0,-0.29,-0.49,-10.4,1.34,0.6,-0.35,0.49,0.69,-60.45,-90.85,-229.45,1
1746815155.342039,-2.0,-0.38,-0.99,-5.21,15.05,-2.3,-0.33,0.44,0.66,-47.18,-77.4,-229.63,1
1746815155.359652,-2.0,-0.33,-0.54,-10.6,-8.52,-4.39,-0.41,0.31,0.64,-10.88,-75.36,-223.1,1
1746815155.372212,-2.0,-0.3,-0.69,-25.05,-37.22,-1.76,-0.47,0.37,0.66,23.25,-66.74,-222.98,1
1746815155.386352,-2.0,-0.41,-0.95,-11.21,17.93,-8.21,-0.57,0.51,0.74,22.69,-76.52,-230.04,1
1746815155.403759,-2.0,-0.34,-0.68,-18.57,-22.16,-2.56,-0.62,0.66,0.73,-11.59,-75.18,-232.33,1
1746815155.420279,-2.0,-0.4,-0.94,-13.88,23.93,-6.81,-0.65,0.67,0.75,-43.29,-111.5,-238.34,1
1746815155.436706,-2.0,-0.35,-0.7,-27.0,12.06,-7.58,-0.59,0.54,0.61,-59.44,-91.18,-237.82,1
1746815155.453727,-2.0,-0.42,-0.94,-9.2,24.32,-10.82,-0.73,0.38,0.75,-54.91,-94.37,-237.21,1
1746815155.469726,-2.0,-0.33,-0.62,-29.67,-10.11,-5.63,-0.69,0.43,0.68,-51.08,-84.53,-236.43,1
1746815155.485442,-2.0,-0.36,-1.17,-22.57,109.56,-27.56,-0.86,0.34,0.81,-38.15,-108.18,-235.22,1
1746815155.493149,-2.0,-0.28,-0.8,3.56,19.69,-7.16,-0.82,0.39,0.66,-22.23,-97.67,-238.37,1
1746815155.510596,-2.0,-0.27,-0.77,-3.86,1.57,-4.63,-0.86,0.42,0.54,0.75,-79.34,-244.08,1
1746815155.522552,-2.0,-0.3,-0.75,0.2,3.89,-2.12,-0.93,0.47,0.52,14.3,-67.05,-238.5,1
1746815155.537626,-2.0,-0.29,-0.77,-1.51,-5.95,2.47,-0.97,0.6,0.5,25.86,-95.05,-229.99,1
1746815155.553975,-2.0,-0.34,-0.76,15.87,-10.43,8.37,-0.97,0.55,0.36,44.84,-95.47,-228.3,1
1746815155.570986,-2.0,-0.33,-0.81,12.17,2.11,4.69,-0.9,0.59,0.24,72.97,-94.95,-226.15,1
1746815155.586881,-2.0,-0.3,-0.7,5.79,-25.08,14.13,-0.81,0.79,0.12,83.93,-88.12,-223.66,1
1746815155.604006,-2.0,-0.32,-0.65,11.64,-99.16,27.47,-0.7,0.93,0.09,86.79,-85.05,-208.21,1
1746815155.620063,-2.0,-0.33,-0.82,13.95,-92.72,23.2,-0.51,1.11,0.01,92.18,-57.24,-185.19,1
1746815155.635111,-2.0,-0.44,-0.83,42.56,-70.2,30.75,-0.44,1.26,0.14,85.25,-34.08,-155.94,1
1746815155.643245,-2.0,-0.37,-1.03,18.49,37.96,-6.83,-0.34,1.44,0.25,58.04,-11.7,-123.74,1
1746815155.660158,-2.0,-0.4,-0.75,30.63,57.53,-9.01,-0.31,1.49,0.32,27.33,-8.09,-82.81,1
1746815155.671072,-2.0,-0.42,-0.93,36.45,142.92,-25.39,-0.28,1.33,0.35,23.08,-1.22,-32.61,1
1746815155.68719,-2.0,-0.28,-0.98,14.34,45.49,-16.89,-0.25,1.15,0.39,16.34,-9.95,10.39,1
1746815155.703636,-2.0,-0.31,-0.69,-12.86,69.97,-32.39,-0.19,0.99,0.4,14.17,-9.23,34.09,1
1746815155.720905,-2.0,-0.32,-0.73,-36.64,25.23,-23.47,-0.2,0.62,0.4,19.69,-17.42,38.4,1
1746815155.737874,-2.0,-0.3,-0.76,-56.03,17.29,-21.08,0.0,0.51,0.26,24.26,-7.63,41.75,1
1746815155.753772,-2.0,-0.3,-0.76,-56.54,-5.55,-6.63,-0.02,0.45,0.39,31.76,3.31,30.81,1
1746815155.768604,-2.0,-0.31,-0.74,-48.83,10.52,-5.34,-0.0,0.37,0.36,29.6,8.19,23.76,1
1746815155.786028,-2.0,-0.29,-0.76,-45.25,14.88,1.05,0.04,0.35,0.39,17.03,26.19,11.06,1
1746815155.792627,-2.0,-0.34,-0.72,-29.53,-15.2,22.63,-0.01,0.37,0.45,7.73,32.36,-0.78,1
1746815155.806584,-2.0,-0.34,-0.78,-28.15,-16.18,26.86,-0.12,0.41,0.56,13.06,28.08,-6.06,1
1746815155.823069,-2.0,-0.34,-0.8,-22.11,-8.44,26.11,-0.06,0.41,0.46,30.63,47.93,-4.35,1
1746815155.844321,-2.0,-0.39,-0.83,-15.48,4.31,20.78,-0.14,0.53,0.53,35.52,44.38,-2.16,1
1746815155.858801,-2.0,-0.4,-0.82,-14.6,-0.61,19.14,-0.15,0.56,0.5,37.7,34.07,-8.34,1
1746815155.870604,-2.0,-0.42,-0.86,-12.57,-1.31,15.45,-0.1,0.62,0.47,23.7,41.44,3.56,1
1746815155.887352,-2.0,-0.24,-1.02,-14.51,-15.83,11.79,0.09,0.91,0.43,1.89,-3.23,11.38,1
1746815155.90405,-2.0,-0.14,-0.61,-21.92,37.34,-18.19,0.03,0.74,0.38,0.55,-4.34,20.3,1
1746815155.920086,-2.0,-0.51,-0.88,34.58,-48.47,30.02,0.52,0.37,-0.07,0.96,19.89,9.9,1
1746815155.935003,-2.0,-0.41,-0.94,-28.46,54.6,-24.53,-0.3,0.51,0.66,-11.34,-46.88,30.21,1
1746815155.94392,-2.0,-0.26,-0.76,-7.25,19.53,-10.83,-0.01,0.5,0.49,-0.42,-19.27,25.18,1
1746815155.961182,-2.0,-0.39,-0.69,-11.31,13.38,-12.11,-0.2,0.46,0.54,19.64,49.04,19.62,1
1746815155.970739,-2.0,-0.37,-0.77,9.31,-3.66,-0.68,0.05,0.53,0.26,18.14,82.47,13.12,0
1746815155.987278,-2.0,-0.34,-0.73,15.6,-17.44,12.11,-0.59,0.63,0.87,-6.21,-5.75,15.37,0
1746815156.003995,-2.0,-0.32,-0.73,6.43,-2.49,5.63,-0.19,0.54,0.42,2.33,0.4,26.76,0
1746815156.020512,-2.0,-0.39,-0.73,24.56,-11.69,13.63,-0.2,0.54,0.36,-5.79,-24.59,30.33,0
1746815156.037141,-2.0,-0.26,-0.73,10.1,-2.19,6.33,-0.11,0.46,0.27,23.96,36.24,32.73,0
1746815156.053791,-2.0,-0.25,-0.76,4.73,-0.95,1.32,-0.08,0.45,0.23,29.17,39.6,35.72,0
1746815156.069452,-2.0,-0.24,-0.77,3.29,-19.51,8.3,-0.21,0.53,0.35,36.8,40.67,33.45,0
1746815156.083923,-2.0,-0.21,-0.74,-5.61,-5.37,-0.65,-0.2,0.46,0.31,51.41,47.04,35.79,0
1746815156.092265,-2.0,-0.23,-0.78,-4.2,4.56,-2.17,-0.17,0.53,0.22,55.66,48.24,40.96,0
1746815156.106603,-2.0,-0.28,-0.76,-7.34,-14.19,4.96,-0.21,0.53,0.25,52.02,57.66,39.79,0
1746815156.121446,-2.0,-0.24,-0.66,-12.52,-22.24,7.79,-0.28,0.6,0.25,51.13,55.72,39.94,0
1746815156.137267,-2.0,-0.27,-0.8,-1.71,-48.86,19.44,-0.27,0.67,0.12,22.17,49.8,39.63,0
1746815156.154335,-2.0,-0.23,-0.66,-7.89,-74.38,25.5,-0.26,0.67,0.07,-0.47,58.06,40.91,0
1746815156.170981,-2.0,-0.25,-0.84,-10.52,-44.7,22.83,-0.22,0.63,0.09,1.92,82.96,41.03,0
1746815156.188114,-2.0,-0.24,-0.6,-4.18,-74.26,29.63,-0.26,0.67,0.15,-18.9,101.73,39.16,0
1746815156.204379,-2.0,-0.24,-0.77,13.38,-90.86,37.83,-0.37,0.59,0.21,-24.56,108.45,39.15,0
1746815156.219485,-2.0,-0.34,-0.92,16.58,-29.52,23.78,-0.44,0.52,0.24,-21.46,104.7,35.55,0
1746815156.234301,-2.0,-0.34,-0.68,17.64,-26.82,22.57,-0.42,0.47,0.18,-9.11,105.93,35.05,0
1746815156.243433,-2.0,-0.39,-0.84,18.5,-5.74,17.73,-0.33,0.51,0.21,9.26,100.41,44.21,0
1746815156.256455,-2.0,-0.3,-0.7,16.6,38.06,14.77,-0.35,0.51,0.22,16.43,120.0,36.05,0
1746815156.271359,-2.0,-0.21,-0.5,-2.39,9.75,5.26,-0.42,0.6,0.28,2.99,124.14,23.47,0
1746815156.287491,-2.0,-0.27,-0.64,-5.47,25.63,0.29,-0.48,0.54,0.28,4.38,130.47,18.7,0
1746815156.304756,-2.0,-0.24,-0.89,-8.8,-4.65,0.44,-0.48,0.47,0.16,22.55,135.5,23.95,0
1746815156.321439,-2.0,-0.36,-0.76,4.79,32.29,0.99,-0.56,0.51,0.22,30.37,149.56,11.44,0
1746815156.338973,-2.0,-0.36,-0.79,22.31,51.4,7.0,-0.58,0.47,0.15,41.69,158.38,7.78,0
1746815156.353525,-2.0,-0.32,-0.64,-9.98,25.57,-1.52,-0.64,0.52,0.18,41.27,155.52,-2.65,0
1746815156.369287,-2.0,-0.35,-0.82,-16.61,-13.71,2.62,-0.65,0.52,0.1,45.37,154.49,-7.44,0
1746815156.38511,-2.0,-0.36,-0.63,-15.37,-37.59,6.04,-0.64,0.51,0.1,49.84,153.6,-14.93,0
1746815156.394103,-2.0,-0.38,-0.79,-12.05,-6.54,0.3,-0.58,0.53,0.12,49.56,169.12,-20.56,0
1746815156.409541,-2.0,-0.39,-0.8,-13.18,13.64,-3.66,-0.69,0.6,0.23,31.23,191.27,-34.05,0
1746815156.421404,-2.0,-0.28,-0.77,-35.11,10.2,-7.38,-0.79,0.58,0.3,15.98,203.0,-49.53,0
1746815156.437679,-2.0,-0.36,-0.84,-39.42,-7.82,-2.04,-0.89,0.57,0.27,-1.78,191.6,-60.63,0
1746815156.454786,-2.0,-0.39,-0.78,-31.35,12.42,-3.54,-0.92,0.47,0.3,8.27,169.22,-64.48,0
1746815156.47145,-2.0,-0.42,-0.96,-7.92,94.72,-13.02,-0.92,0.41,0.24,28.65,152.92,-67.91,0
1746815156.487418,-2.0,-0.36,-0.7,7.85,110.5,-11.81,-0.77,0.53,0.04,40.2,141.87,-75.63,0
1746815156.503852,-2.0,-0.42,-0.89,-5.79,21.98,-3.44,-0.92,0.59,0.18,41.69,135.95,-71.97,0
1746815156.519386,-2.0,-0.4,-0.74,-2.4,-6.65,7.1,-1.0,0.57,0.17,32.47,144.38,-83.2,0
1746815156.53452,-2.0,-0.4,-0.77,4.19,-13.47,9.79,-1.06,0.53,0.18,39.73,155.43,-92.37,0
1746815156.544213,-2.0,-0.42,-0.75,13.07,-24.59,14.13,-1.08,0.5,0.09,65.47,165.21,-99.32,0
1746815156.557412,-2.0,-0.39,-0.78,2.92,-12.15,9.79,-1.15,0.5,0.05,76.48,158.5,-96.34,0
1746815156.571502,-2.0,-0.36,-0.73,3.79,-7.2,14.66,-1.2,0.57,-0.0,63.31,120.47,-91.9,0
1746815156.588964,-2.0,-0.39,-0.76,-7.02,-11.63,17.59,-1.24,0.56,-0.08,64.21,99.3,-81.67,0
1746815156.604849,-2.0,-0.42,-0.73,-7.62,-16.76,19.63,-1.21,0.68,-0.08,47.36,75.19,-70.85,0
1746815156.62155,-2.0,-0.45,-0.72,-15.4,-20.26,10.69,-1.19,0.69,-0.08,34.69,71.15,-72.12,0
1746815156.638173,-2.0,-0.45,-0.76,-16.73,9.78,-0.72,-1.17,0.69,-0.13,20.59,69.74,-68.66,0
1746815156.653783,-2.0,-0.41,-0.76,-14.56,5.83,-2.06,-1.19,0.7,-0.15,3.76,62.7,-69.84,0
1746815156.671176,-2.0,-0.43,-0.84,-8.41,50.3,-14.02,-1.15,0.66,-0.19,-21.69,47.82,-61.97,0
1746815156.685509,-2.0,-0.38,-0.71,-9.17,11.93,-2.84,-1.14,0.62,-0.15,-25.21,61.09,-67.05,0
1746815156.694548,-2.0,-0.39,-0.76,-18.81,11.6,-3.96,-1.1,0.62,-0.27,-23.41,88.18,-68.12,0
1746815156.708094,-2.0,-0.4,-0.78,-19.64,3.27,2.5,-1.1,0.52,-0.21,-38.05,79.62,-59.98,0
1746815156.722605,-2.0,-0.39,-0.74,-15.15,-2.79,7.27,-1.11,0.54,-0.05,-29.55,75.55,-50.53,0
1746815156.738093,-2.0,-0.35,-0.76,-8.14,4.71,7.96,-1.12,0.46,-0.14,-36.21,70.08,-45.54,0
1746815156.755269,-2.0,-0.35,-0.74,-7.73,-3.83,9.12,-1.14,0.46,-0.07,-25.09,73.21,-41.34,0
1746815156.771613,-2.0,-0.37,-0.76,-7.27,-11.08,10.91,-1.17,0.43,-0.05,-18.01,63.96,-35.72,0
1746815156.787725,-2.0,-0.39,-0.78,-7.03,-11.89,10.63,-1.16,0.45,-0.03,-15.37,55.76,-31.76,0
1746815156.804628,-2.0,-0.35,-0.75,-0.89,-13.05,13.03,-1.16,0.45,0.01,-27.44,43.73,-30.62,0
1746815156.819898,-2.0,-0.38,-0.76,3.41,-8.63,12.9,-1.14,0.52,0.03,-55.06,51.31,-46.92,0
1746815156.83495,-2.0,-0.38,-0.72,8.75,-17.95,16.19,-1.18,0.54,0.12,-47.85,-0.69,-22.66,0
1746815156.845011,-2.0,-0.34,-0.73,-3.16,-5.64,7.89,-1.31,0.69,0.52,-48.68,-22.57,-4.34,0
1746815156.859612,-2.0,-0.33,-0.69,-14.6,-27.1,12.9,-1.24,0.23,0.52,25.91,-56.02,12.63,0
1746815156.872015,-2.0,-0.35,-0.77,-11.44,-15.98,11.54,-1.1,0.38,0.23,78.79,-46.57,17.65,0
1746815156.889477,-2.0,-0.32,-0.66,-10.83,-14.09,12.58,-1.0,0.48,-0.01,79.21,-32.94,24.63,0
1746815156.904444,-2.0,-0.35,-0.79,-10.59,-0.62,9.31,-0.98,0.46,-0.18,66.35,-19.37,26.23,0
1746815156.921407,-2.0,-0.31,-0.71,-6.52,2.89,10.15,-0.98,0.5,-0.2,28.29,-25.54,22.87,0
1746815156.938511,-2.0,-0.32,-0.84,2.22,48.23,6.33,-1.02,0.56,-0.2,-14.46,-32.6,19.22,0
1746815156.954248,-2.0,-0.36,-0.76,4.81,22.73,8.56,-0.91,0.37,-0.31,-27.57,-5.11,5.53,0
1746815156.970035,-2.0,-0.32,-0.71,-2.77,6.21,14.21,-0.99,0.29,-0.22,-52.02,-20.33,1.45,0
1746815156.978771,-2.0,-0.34,-0.7,-4.21,-0.81,16.97,-0.95,0.26,-0.21,-47.28,-15.96,-2.32,0
1746815156.993747,-2.0,-0.37,-0.76,-6.31,3.5,13.9,-0.9,0.3,-0.31,-49.7,-33.83,0.34,0
1746815157.00617,-2.0,-0.38,-0.75,-7.35,-3.73,12.58,-0.85,0.15,-0.42,-22.76,-24.36,-0.02,0
1746815157.021533,-2.0,-0.34,-0.76,-9.73,2.42,7.66,-0.83,0.19,-0.44,0.98,-18.05,4.73,0
1746815157.038809,-2.0,-0.36,-0.8,-12.73,-11.69,7.73,-0.84,0.28,-0.39,15.49,2.92,5.56,0
1746815157.055658,-2.0,-0.32,-0.68,-20.61,-26.78,7.63,-0.88,0.3,-0.39,27.3,17.67,0.24,0
1746815157.071911,-2.0,-0.32,-0.73,-22.91,-80.22,14.76,-0.87,0.41,-0.35,12.74,10.53,1.87,0
1746815157.089537,-2.0,-0.35,-0.78,-23.17,-78.46,15.31,-0.84,0.36,-0.4,13.3,19.84,-5.14,0
1746815157.104902,-2.0,-0.3,-0.78,-25.89,-57.53,9.18,-0.84,0.38,-0.42,-5.43,6.55,-3.95,0
1746815157.120889,-2.0,-0.32,-0.83,-13.44,-36.34,6.16,-0.86,0.34,-0.41,-1.43,13.5,-6.72,0
1746815157.128668,-2.0,-0.33,-0.83,-7.72,-0.06,-1.02,-0.86,0.36,-0.4,-9.18,6.9,-8.05,0
1746815157.138351,-2.0,-0.3,-0.67,-14.75,-4.79,-2.79,-0.87,0.39,-0.38,-14.18,2.5,-8.92,0
1746815157.157817,-2.0,-0.3,-0.78,-14.84,7.27,-2.52,-0.87,0.36,-0.34,-16.31,2.55,-9.36,0
1746815157.171742,-2.0,-0.29,-0.79,-14.24,41.79,-4.31,-0.87,0.37,-0.35,-15.03,0.64,-6.36,0
1746815157.188384,-2.0,-0.37,-0.67,-7.76,26.11,-1.02,-0.9,0.34,-0.3,-4.09,4.98,-8.36,0
1746815157.205625,-2.0,-0.3,-0.97,-10.17,85.18,-11.66,-0.88,0.29,-0.43,-2.31,17.74,-12.93,0
1746815157.221906,-2.0,-0.29,-0.57,-3.23,17.51,-0.1,-0.91,0.36,-0.35,-1.76,8.46,-7.34,0
1746815157.239047,-2.0,-0.37,-0.75,-12.01,28.82,-5.94,-0.94,0.33,-0.27,-2.65,9.34,-5.47,0
1746815157.255075,-2.0,-0.32,-0.54,-15.85,29.05,-7.22,-1.0,0.43,-0.21,-23.6,-9.51,-5.85,0
1746815157.270846,-2.0,-0.38,-0.74,-10.01,31.87,-7.15,-0.99,0.29,-0.25,-12.31,-4.47,-6.47,0
1746815157.278174,-2.0,-0.4,-0.88,2.37,58.49,-5.02,-0.99,0.32,-0.2,-14.85,-13.91,2.98,0
1746815157.295256,-2.0,-0.21,-0.81,0.31,63.47,-2.9,-0.88,0.42,-0.38,-14.05,0.09,-2.85,0
1746815157.307299,-2.0,-0.3,-0.65,-6.63,20.98,-4.52,-0.95,0.45,-0.24,-20.54,-26.28,16.54,0
1746815157.321808,-2.0,-0.41,-0.78,-6.07,8.15,0.6,-0.98,0.38,-0.14,-4.3,-2.07,8.49,0
1746815157.339085,-2.0,-0.35,-0.77,-11.82,10.27,-2.21,-0.91,0.32,-0.3,-12.81,-9.88,11.49,0
1746815157.35716,-2.0,-0.36,-0.74,-3.82,-0.04,5.53,-0.94,0.37,-0.24,-7.75,8.24,8.95,0
1746815157.372104,-2.0,-0.32,-0.76,-9.73,-6.9,4.66,-0.92,0.32,-0.27,-7.37,9.69,9.81,0
1746815157.388515,-2.0,-0.28,-0.76,-10.3,-6.7,4.5,-0.92,0.34,-0.27,-3.5,14.98,10.27,0
1746815157.404975,-2.0,-0.3,-0.78,-12.44,-7.75,4.56,-0.93,0.34,-0.25,-7.08,8.25,10.92,0
1746815157.419995,-2.0,-0.34,-0.75,-11.61,-5.08,3.7,-0.93,0.3,-0.25,-5.48,8.66,11.08,0
1746815157.428362,-2.0,-0.36,-0.66,-5.53,-48.33,15.3,-0.94,0.31,-0.25,-6.57,4.66,11.85,0
1746815157.445506,-2.0,-0.37,-0.71,0.67,-79.18,23.24,-0.92,0.29,-0.26,-3.63,3.16,10.95,0
1746815157.457157,-2.0,-0.35,-0.86,5.43,-60.86,20.5,-0.92,0.27,-0.28,-1.28,4.73,7.59,0
1746815157.472386,-2.0,-0.32,-0.88,-2.75,11.74,2.01,-0.96,0.24,-0.19,-4.17,-2.96,7.07,0
1746815157.489043,-2.0,-0.34,-0.81,6.21,48.4,-3.99,-0.9,0.28,-0.32,-8.55,-0.66,5.82,0
1746815157.505528,-2.0,-0.36,-0.79,17.12,54.4,-1.06,-0.89,0.26,-0.31,-3.68,6.83,4.97,0
1746815157.522021,-2.0,-0.34,-0.81,-0.78,89.98,-11.89,-0.89,0.28,-0.35,-6.6,5.56,2.06,0
1746815157.539715,-2.0,-0.37,-0.75,-3.89,17.38,-0.92,-0.91,0.28,-0.31,-1.57,9.4,0.68,0
1746815157.5551,-2.0,-0.35,-0.76,-6.27,6.39,3.6,-0.93,0.25,-0.28,0.41,10.72,-1.4,0
1746815157.570081,-2.0,-0.36,-0.75,-1.23,4.9,4.85,-0.92,0.26,-0.3,2.62,9.63,-2.53,0
1746815157.578412,-2.0,-0.38,-0.8,7.17,14.21,0.25,-0.9,0.33,-0.34,-2.37,9.87,-5.5,0
1746815157.595477,-2.0,-0.36,-0.73,12.68,-4.12,6.27,-0.9,0.4,-0.35,-7.86,11.3,-4.22,0
1746815157.606862,-2.0,-0.35,-0.77,12.3,6.87,2.01,-0.95,0.35,-0.26,-9.0,6.36,-5.98,0
1746815157.621939,-2.0,-0.35,-0.74,8.89,-14.98,9.76,-0.92,0.31,-0.31,-5.65,9.08,-6.46,0
1746815157.639352,-2.0,-0.37,-0.76,8.98,-0.84,6.02,-0.93,0.33,-0.31,-4.98,5.98,-5.16,0
1746815157.656957,-2.0,-0.37,-0.75,15.7,-24.24,16.92,-0.94,0.28,-0.32,-0.82,5.67,-4.5,0
1746815157.671887,-2.0,-0.37,-0.77,14.7,-10.75,13.79,-0.96,0.29,-0.28,-2.11,6.56,-4.26,0
1746815157.688519,-2.0,-0.4,-0.81,6.78,2.05,8.71,-0.93,0.4,-0.31,-9.7,1.04,-1.67,0
1746815157.705291,-2.0,-0.35,-0.65,1.16,-44.68,18.04,-0.92,0.44,-0.27,-2.13,0.98,3.09,0
1746815157.720022,-2.0,-0.38,-0.71,-9.32,-11.56,3.9,-0.92,0.29,-0.29,-1.31,-1.73,0.66,0
1746815157.728265,-2.0,-0.38,-0.8,-5.08,-22.01,7.03,-0.91,0.35,-0.32,-1.69,0.72,0.73,0
1746815157.739397,-2.0,-0.39,-0.66,-6.39,4.15,-0.49,-0.92,0.32,-0.35,8.02,10.67,-0.51,0
1746815157.771682,-2.0,-0.39,-0.87,-7.1,64.37,-10.57,-0.93,0.35,-0.29,-1.49,-1.09,1.0,0
1746815157.772588,-2.0,-0.38,-0.7,-15.07,8.96,-3.45,-0.94,0.37,-0.28,-3.6,-1.45,1.63,0
1746815157.787882,-2.0,-0.41,-0.81,-6.86,11.14,0.98,-0.86,0.5,-0.32,-7.94,-0.78,0.95,0
1746815157.805436,-2.0,-0.42,-0.78,-7.9,7.99,0.39,-0.91,0.36,-0.26,-12.91,-4.77,3.03,0
1746815157.822619,-2.0,-0.45,-0.76,-3.21,13.56,0.76,-0.93,0.39,-0.24,-10.96,-6.58,5.95,0
1746815157.839344,-2.0,-0.36,-0.75,-10.85,13.54,-4.5,-0.93,0.35,-0.25,-2.63,6.59,0.85,0
1746815157.855287,-2.0,-0.39,-0.79,-7.79,14.98,-2.89,-0.89,0.35,-0.3,-9.74,2.37,0.07,0
1746815157.870592,-2.0,-0.28,-0.75,-8.0,13.08,1.19,-0.9,0.4,-0.26,-10.69,4.32,-1.17,0
1746815157.887237,-2.0,-0.41,-0.71,-6.46,23.12,-6.02,-0.88,0.42,-0.28,-14.55,4.83,-1.81,1
1746815157.897323,-2.0,-0.42,-0.71,7.67,5.36,-2.19,-0.9,0.48,-0.28,-19.87,10.9,-3.05,1
1746815157.911372,-2.0,-0.4,-0.71,4.6,0.77,-5.32,-0.96,0.57,-0.2,-28.11,12.52,-2.34,1
1746815157.929328,-2.0,-0.38,-0.68,1.44,-23.89,-0.83,-1.0,0.59,-0.18,-36.14,11.28,-0.53,1
1746815157.944288,-2.0,-0.34,-0.71,-3.46,-27.05,3.85,-1.02,0.67,-0.15,-48.63,-4.27,10.12,1
1746815157.958756,-2.0,-0.36,-0.76,-0.6,-12.67,10.31,-1.06,0.74,-0.16,-45.32,-17.21,24.49,1
1746815157.972488,-2.0,-0.37,-0.76,-4.63,7.44,11.37,-1.08,0.8,-0.2,-36.17,-23.35,42.31,1
1746815157.989368,-2.0,-0.35,-0.74,-7.41,9.27,14.5,-1.1,0.92,-0.26,-33.04,-27.13,60.42,1
1746815158.004442,-2.0,-0.39,-0.72,-6.99,6.11,16.83,-1.1,1.12,-0.32,-40.24,-23.4,78.55,1
1746815158.020279,-2.0,-0.38,-0.71,-15.16,11.54,11.42,-1.13,1.17,-0.35,-61.75,-17.11,93.06,1
1746815158.028942,-2.0,-0.34,-0.74,-21.04,9.87,4.57,-1.13,1.17,-0.38,-86.1,-11.53,109.05,1
1746815158.045115,-2.0,-0.35,-0.76,-24.89,17.56,-3.25,-1.15,1.09,-0.4,-96.37,-10.72,126.55,1
1746815158.057362,-2.0,-0.36,-0.74,-28.75,11.34,-5.69,-1.17,1.14,-0.39,-102.17,-17.73,145.73,1
1746815158.073439,-2.0,-0.36,-0.72,-28.62,-0.26,-2.27,-1.2,1.14,-0.36,-98.09,-14.4,159.37,1
1746815158.089785,-2.0,-0.33,-0.73,-24.89,-4.48,2.18,-1.14,1.3,-0.52,-110.05,-5.57,180.54,1
1746815158.106239,-2.0,-0.32,-0.77,-18.66,-0.92,7.36,-1.8,-0.13,-0.4,-181.65,-28.45,129.8,1
1746815158.122811,-2.0,-0.32,-0.76,-16.35,-0.92,10.79,-1.11,1.19,-0.45,-179.73,61.09,189.01,1
1746815158.138481,-2.0,-0.31,-0.74,-17.05,-6.66,12.12,-1.27,1.13,-0.27,-164.51,-8.76,194.44,1
1746815158.155747,-2.0,-0.32,-0.78,-13.98,-2.24,11.97,-0.99,1.13,-0.56,-163.13,22.76,201.89,1
1746815158.170587,-2.0,-0.33,-0.75,-10.47,-7.67,12.53,-1.05,1.06,-0.51,-163.37,39.68,206.95,1
1746815158.178986,-2.0,-0.34,-0.78,-8.25,-1.66,11.63,-1.14,1.09,-0.33,-145.17,16.05,217.23,1
1746815158.19586,-2.0,-0.34,-0.78,-4.18,-2.81,12.65,-0.99,1.09,-0.43,-137.53,27.22,228.77,1
1746815158.207137,-2.0,-0.35,-0.74,-3.66,0.66,14.15,-0.97,0.99,-0.36,-133.94,38.98,231.6,1
1746815158.222988,-2.0,-0.36,-0.76,-2.92,-3.07,15.53,-0.93,0.99,-0.34,-131.92,26.83,231.25,1
1746815158.239244,-2.0,-0.37,-0.79,-0.41,1.05,15.65,-0.86,0.91,-0.29,-138.35,12.16,227.35,1
1746815158.255935,-2.0,-0.36,-0.78,-1.21,10.1,12.34,-0.82,0.93,-0.26,-155.15,23.37,223.77,1
1746815158.272579,-2.0,-0.38,-0.77,-2.64,13.2,9.65,-0.74,0.84,-0.3,-169.29,45.82,220.24,1
1746815158.288498,-2.0,-0.39,-0.74,-4.57,8.38,8.73,-0.71,0.76,-0.26,-171.34,36.16,215.73,1
1746815158.305207,-2.0,-0.38,-0.76,-4.11,9.16,7.4,-0.67,0.64,-0.21,-163.23,36.67,210.3,1
1746815158.320553,-2.0,-0.36,-0.74,-5.04,2.14,5.89,-0.63,0.6,-0.14,-157.83,18.05,209.15,1
1746815158.329345,-2.0,-0.36,-0.76,-7.22,5.08,3.34,-0.56,0.48,-0.11,-147.53,13.25,205.58,1
1746815158.345391,-2.0,-0.35,-0.76,-8.5,3.4,3.81,-0.49,0.46,-0.13,-144.18,16.31,196.55,1
1746815158.356956,-2.0,-0.36,-0.75,-7.14,3.18,6.79,-0.46,0.36,-0.05,-140.96,25.41,184.96,1
1746815158.372457,-2.0,-0.36,-0.76,-5.52,1.17,9.33,-0.46,0.25,0.05,-127.49,21.07,172.45,1
1746815158.388887,-2.0,-0.37,-0.74,-5.87,-4.69,9.69,-0.4,0.18,0.11,-118.15,18.75,158.56,1
1746815158.406612,-2.0,-0.36,-0.79,-1.66,0.6,10.13,-0.34,0.08,0.17,-103.61,11.56,143.15,1
1746815158.42234,-2.0,-0.36,-0.75,-1.35,2.11,9.88,-0.27,0.04,0.18,-95.71,14.84,125.95,1
1746815158.439276,-2.0,-0.4,-0.74,0.38,9.32,7.11,-0.27,-0.06,0.34,-106.88,10.73,102.3,1
1746815158.455218,-2.0,-0.4,-0.72,5.97,-7.85,9.95,-0.32,-0.24,0.42,-117.76,-6.31,64.64,1
1746815158.462688,-2.0,-0.36,-0.78,7.37,16.89,3.77,-0.17,-0.31,0.37,-116.49,-8.7,28.26,1
1746815158.47903,-2.0,-0.34,-0.69,7.25,-1.59,6.5,-0.13,-0.31,0.42,-128.47,-6.65,-7.24,1
1746815158.491328,-2.0,-0.28,-0.73,6.88,27.2,2.44,-0.08,-0.23,0.39,-128.57,-2.17,-39.54,1
1746815158.506222,-2.0,-0.37,-0.84,8.53,13.9,1.81,-0.09,-0.16,0.45,-122.81,-2.03,-59.47,1
1746815158.52262,-2.0,-0.39,-0.75,3.44,10.8,1.93,-0.23,-0.13,0.62,-96.97,-9.49,-72.84,1
1746815158.539774,-2.0,-0.4,-0.67,4.31,0.69,2.27,-0.25,-0.03,0.7,-61.42,-14.22,-81.76,1
1746815158.556033,-2.0,-0.36,-0.6,10.03,-3.63,5.12,-0.3,0.01,0.7,-18.72,-9.24,-85.76,1
1746815158.57422,-2.0,-0.33,-0.87,5.5,35.2,-6.71,-0.38,0.27,0.78,-8.86,-26.89,-95.04,1
1746815158.589676,-2.0,-0.35,-0.75,-1.5,2.48,-1.4,-0.41,0.37,0.85,-26.76,-41.67,-107.53,1
1746815158.604988,-2.0,-0.32,-0.74,-8.93,9.11,-2.95,-0.43,0.32,0.9,-46.13,-52.04,-119.65,1
1746815158.620946,-2.0,-0.33,-0.75,-11.63,7.27,-1.07,-0.34,0.22,0.86,-56.9,-59.73,-132.17,1
1746815158.62974,-2.0,-0.36,-0.73,-16.01,4.28,-0.69,-0.37,0.1,0.86,-42.84,-52.84,-149.79,1
1746815158.642522,-2.0,-0.38,-0.75,-13.08,-0.23,1.15,-0.4,0.09,0.92,-40.1,-54.8,-159.34,1
1746815158.656294,-2.0,-0.37,-0.75,-13.2,0.04,0.69,-0.46,0.13,0.91,-29.06,-60.18,-172.9,1
1746815158.673542,-2.0,-0.33,-0.62,-11.08,-9.48,3.35,-0.44,0.2,0.89,-16.55,-59.98,-183.99,1
1746815158.690255,-2.0,-0.36,-0.68,-13.47,-3.53,-1.24,-0.45,0.35,0.9,-24.08,-56.54,-195.17,1
1746815158.706295,-2.0,-0.36,-0.75,-13.85,-10.39,-0.15,-0.5,0.3,0.92,-29.08,-69.31,-200.26,1
1746815158.722908,-2.0,-0.35,-0.75,-8.42,-2.44,-0.76,-0.55,0.29,0.93,-28.35,-81.84,-203.06,1
1746815158.738849,-2.0,-0.36,-0.73,-8.58,-5.98,0.31,-0.54,0.24,0.87,-19.53,-96.37,-203.95,1
1746815158.754532,-2.0,-0.34,-0.72,-11.39,-2.47,-0.26,-0.54,0.21,0.83,-4.72,-94.43,-212.05,1
1746815158.769962,-2.0,-0.36,-0.72,-7.87,-6.46,1.96,-0.54,0.23,0.8,8.22,-89.97,-225.12,1
1746815158.779464,-2.0,-0.37,-0.72,-9.91,-11.5,0.91,-0.59,0.32,0.76,13.1,-87.09,-238.49,1
1746815158.791869,-2.0,-0.39,-0.74,-9.73,-15.68,-0.31,-0.67,0.45,0.81,-4.75,-91.27,-245.61,1
1746815158.807435,-2.0,-0.36,-0.69,-7.79,-8.89,-2.38,-0.71,0.51,0.82,-25.95,-97.34,-246.92,1
1746815158.822757,-2.0,-0.41,-0.82,-2.07,18.53,-7.22,-0.73,0.54,0.82,-43.65,-110.05,-246.5,1
1746815158.839676,-2.0,-0.37,-0.71,-14.11,-3.31,-8.92,-0.7,0.42,0.73,-43.98,-106.02,-250.14,1
1746815158.856611,-2.0,-0.41,-0.84,-11.82,4.08,-12.61,-0.76,0.41,0.78,-47.46,-113.46,-250.14,1
1746815158.873208,-2.0,-0.37,-0.98,-6.02,31.32,-14.87,-0.79,0.37,0.76,-34.39,-102.09,-250.14,1
1746815158.890629,-2.0,-0.36,-0.76,-5.82,7.37,-11.44,-0.72,0.42,0.67,-27.58,-86.89,-250.14,1
1746815158.905831,-2.0,-0.43,-0.85,-14.66,-1.24,-10.73,-0.81,0.47,0.71,-28.53,-89.62,-250.14,1
1746815158.919799,-2.0,-0.36,-0.81,-14.21,4.98,-9.96,-0.81,0.5,0.75,-34.97,-65.79,-250.14,1
1746815158.929112,-2.0,-0.36,-0.76,-6.96,0.52,-6.6,-0.88,0.46,0.77,-35.96,-57.87,-250.14,1
1746815158.941977,-2.0,-0.36,-0.78,-12.76,1.23,-7.06,-0.98,0.41,0.82,-24.14,-67.38,-250.14,1
1746815158.957216,-2.0,-0.39,-0.78,-11.63,-5.4,-2.39,-1.06,0.31,0.78,7.35,-61.86,-250.14,1
1746815158.973304,-2.0,-0.37,-0.71,-5.21,-11.31,4.32,-1.18,0.32,0.71,48.42,-64.59,-250.14,1
1746815158.98959,-2.0,-0.38,-0.67,-6.26,-23.95,7.29,-1.31,0.4,0.71,83.74,-76.24,-250.14,1
1746815159.007163,-2.0,-0.38,-0.79,-2.1,-17.69,7.4,-1.31,0.45,0.56,118.37,-110.74,-250.14,1
1746815159.023951,-2.0,-0.37,-0.6,-4.37,-42.56,11.37,-1.24,0.51,0.29,156.18,-142.56,-240.84,1
1746815159.040239,-2.0,-0.34,-0.73,-16.05,-38.59,5.55,-1.1,0.61,-0.0,204.28,-161.51,-215.18,1
1746815159.053969,-2.0,-0.36,-0.72,-13.57,-75.24,11.42,-0.86,0.85,-0.33,241.18,-165.32,-187.58,1
1746815159.06148,-2.0,-0.38,-0.79,-11.82,-37.31,1.06,-0.59,1.26,-0.44,228.37,-151.42,-160.49,1
1746815159.078243,-2.0,-0.39,-0.73,-12.47,-41.96,-2.08,-0.36,1.7,-0.38,158.25,-101.95,-142.04,1
1746815159.091043,-2.0,-0.36,-0.75,-12.92,-51.37,-3.08,-0.21,1.93,-0.25,51.69,-34.31,-123.44,1
1746815159.106722,-2.0,-0.36,-0.72,-11.33,-49.11,-0.56,-0.23,1.8,-0.02,-36.15,9.76,-96.77,1
1746815159.123371,-2.0,-0.38,-0.81,-7.89,-23.02,-3.63,-0.29,1.45,0.19,-73.68,19.04,-51.65,1
1746815159.139869,-2.0,-0.34,-0.76,-7.29,2.08,-9.76,-0.34,1.07,0.35,-62.5,-4.15,-4.9,1
1746815159.156147,-2.0,-0.3,-0.83,-3.62,28.15,-14.08,-0.28,0.9,0.38,-47.49,-40.08,22.21,1
1746815159.17367,-2.0,-0.32,-0.79,1.23,45.53,-14.27,-0.16,0.73,0.2,-41.05,-58.76,31.21,1
1746815159.18976,-2.0,-0.34,-0.89,8.76,86.24,-15.05,-0.02,0.55,0.07,-29.37,-49.63,32.92,1
1746815159.204881,-2.0,-0.34,-0.86,4.6,137.08,-18.15,0.07,0.46,0.06,-14.69,-19.09,29.51,1
1746815159.220176,-2.0,-0.4,-0.82,-16.94,146.58,-18.14,0.05,0.4,0.13,2.32,15.92,19.49,1
1746815159.230028,-2.0,-0.45,-0.84,-24.41,46.49,5.84,-0.04,0.47,0.25,12.12,33.34,9.02,1
1746815159.241902,-2.0,-0.41,-0.71,-30.18,12.44,20.09,-0.07,0.5,0.31,22.23,37.34,2.46,1
1746815159.256611,-2.0,-0.42,-0.76,-32.87,12.53,22.31,-0.08,0.57,0.39,27.53,31.56,8.98,1
1746815159.273864,-2.0,-0.43,-0.78,-31.25,21.78,15.28,-0.15,0.59,0.41,27.31,18.78,17.21,1
1746815159.290314,-2.0,-0.44,-0.82,-32.36,26.73,4.48,-0.22,0.48,0.47,26.18,-4.47,33.22,1
1746815159.307057,-2.0,-0.41,-0.85,-35.44,17.27,-3.92,-0.21,0.65,0.44,26.25,7.13,42.36,1
1746815159.323967,-2.0,-0.37,-0.81,-41.03,22.47,-16.45,-0.23,0.59,0.28,34.07,28.02,46.49,1
1746815159.340183,-2.0,-0.5,-0.85,-41.71,5.17,-3.79,-0.1,0.65,0.12,34.5,32.4,58.29,1
1746815159.355919,-2.0,-0.58,-0.75,-41.36,3.19,-7.27,-0.15,0.67,0.1,39.59,50.48,71.83,1
1746815159.370899,-2.0,-0.39,-0.76,-17.02,2.47,-2.47,-0.23,0.68,0.16,22.43,67.44,75.77,0
1746815159.380612,-2.0,-0.49,-0.82,-27.37,5.5,-8.61,-0.17,0.64,0.04,2.17,74.72,80.52,0
1746815159.391769,-2.0,-0.41,-0.75,5.56,-12.07,9.19,-0.28,0.62,0.07,-10.45,76.15,78.86,0
1746815159.407544,-2.0,-0.18,-0.81,5.13,-6.23,8.16,-0.3,0.56,0.02,-16.66,70.37,82.95,0
1746815159.422934,-2.0,-0.26,-0.8,5.57,3.46,8.99,-0.27,0.51,-0.02,-13.82,92.32,86.01,0
1746815159.44305,-2.0,-0.27,-0.82,-0.31,17.22,2.6,-0.21,0.48,-0.04,-16.34,95.05,90.04,0
1746815159.457926,-2.0,-0.27,-0.79,1.17,12.53,6.82,-0.29,0.43,-0.0,-18.17,110.08,90.92,0
1746815159.473478,-2.0,-0.28,-0.82,0.83,20.18,8.48,-0.27,0.4,-0.02,-15.85,133.78,90.38,0
1746815159.488819,-2.0,-0.31,-0.81,-0.31,25.77,10.66,-0.34,0.42,0.09,-20.7,150.49,79.37,0
1746815159.505143,-2.0,-0.32,-0.77,-4.61,28.47,8.56,-0.39,0.41,0.15,-20.48,162.41,63.98,0
1746815159.513267,-2.0,-0.34,-0.79,-2.01,7.61,16.08,-0.43,0.4,0.19,-17.29,170.53,54.98,0
1746815159.5304,-2.0,-0.27,-0.8,-8.56,8.87,11.27,-0.41,0.33,0.2,-1.9,169.95,51.79,0
1746815159.541321,-2.0,-0.27,-0.78,-12.53,0.41,13.56,-0.39,0.34,0.18,2.18,176.83,51.93,0
1746815159.557942,-2.0,-0.34,-0.78,-15.87,-0.27,9.14,-0.49,0.34,0.26,20.27,175.62,51.28,0
1746815159.574019,-2.0,-0.27,-0.73,-5.26,3.19,7.08,-0.58,0.46,0.38,20.15,181.41,45.83,0
1746815159.590377,-2.0,-0.31,-0.82,-2.93,6.21,5.2,-0.6,0.48,0.46,6.9,177.41,25.87,0
1746815159.607682,-2.0,-0.29,-0.65,-1.91,-25.66,14.24,-0.71,0.31,0.49,12.02,176.82,12.1,0
1746815159.624735,-2.0,-0.35,-0.78,13.04,-16.77,19.28,-0.63,0.4,0.45,6.64,177.81,12.89,0
1746815159.640012,-2.0,-0.25,-0.72,5.63,-6.83,16.64,-0.75,0.3,0.49,26.02,172.44,0.94,0
1746815159.654893,-2.0,-0.29,-0.73,2.43,-15.4,14.69,-0.64,0.51,0.4,11.81,141.35,0.69,0
1746815159.663715,-2.0,-0.29,-0.59,-10.12,-49.79,21.7,-0.68,0.48,0.41,41.33,139.28,10.08,0
1746815159.680165,-2.0,-0.27,-1.02,-5.3,2.93,13.09,-0.76,0.5,0.38,57.66,137.76,7.59,0
1746815159.692614,-2.0,-0.3,-0.64,-9.96,-13.25,6.07,-0.59,1.05,0.68,65.73,144.85,49.66,0
1746815159.707327,-2.0,-0.45,-1.15,-10.0,38.84,-13.93,-0.78,0.52,0.42,34.78,139.58,-18.05,0
1746815159.724148,-2.0,-0.16,-0.69,-10.05,-4.24,0.87,-0.88,0.68,0.57,40.56,133.17,-23.11,0
1746815159.740896,-2.0,-0.39,-0.89,5.98,48.87,-17.98,-1.02,0.79,0.54,33.02,145.57,-54.22,0
1746815159.75791,-2.0,-0.37,-0.45,45.99,-34.26,31.37,-1.06,0.23,0.45,69.11,107.5,-48.92,0
1746815159.773359,-2.0,-0.33,-0.77,-0.93,-15.0,9.89,-0.99,1.1,0.6,36.54,91.15,-45.58,0
1746815159.789635,-2.0,-0.18,-0.64,45.98,27.24,4.88,-0.99,0.31,0.42,92.95,94.82,-56.18,0
1746815159.804853,-2.0,-0.43,-0.72,24.59,5.09,9.45,-0.82,0.62,0.1,86.34,89.5,-50.07,0
1746815159.812199,-2.0,-0.33,-0.73,6.31,45.21,-11.67,-0.82,0.42,0.07,101.92,76.25,-43.8,0
1746815159.829442,-2.0,-0.34,-0.77,-22.88,-6.94,-4.92,-0.98,0.28,0.22,92.04,81.73,-66.64,0
1746815159.841531,-2.0,-0.29,-0.79,-14.77,-19.69,2.34,-1.03,0.17,0.21,51.19,59.83,-66.69,0
1746815159.857567,-2.0,-0.48,-0.78,-3.98,-14.1,3.79,-1.14,0.62,0.47,31.26,68.07,-75.93,0
1746815159.874116,-2.0,-0.37,-0.78,-19.63,-16.24,2.56,-0.99,0.43,0.33,-5.75,121.54,-117.31,0
1746815159.890939,-2.0,-0.24,-0.62,-1.58,-7.2,5.83,-1.23,0.37,0.37,87.02,79.53,-113.24,0
1746815159.908941,-2.0,-0.35,-0.78,-4.1,-14.67,14.14,-1.03,0.46,0.06,85.22,102.6,-93.3,0
1746815159.924059,-2.0,-0.29,-0.7,-5.63,-50.75,26.11,-1.04,0.53,0.06,27.92,81.44,-98.34,0
1746815159.939537,-2.0,-0.32,-1.11,6.14,7.69,21.74,-1.19,0.38,0.13,69.96,61.11,-96.86,0
1746815159.946836,-2.0,-0.3,-0.46,-20.82,-64.57,19.77,-1.2,0.52,0.18,36.27,30.59,-85.1,0
1746815159.962316,-2.0,-0.5,-0.94,-8.55,-125.44,35.6,-1.38,0.45,0.26,60.65,12.05,-75.41,0
1746815159.975335,-2.0,-0.38,-0.68,-29.14,-32.24,8.89,-1.3,0.58,0.15,31.68,0.6,-86.06,0
1746815159.991056,-2.0,-0.48,-0.79,11.98,-90.25,31.58,-1.1,0.56,-0.17,40.19,56.89,-68.53,0
1746815160.007843,-2.0,-0.4,-0.83,-2.27,-17.52,7.4,-1.18,0.71,0.01,52.39,30.37,-60.33,0
1746815160.023346,-2.0,-0.42,-0.76,19.35,-25.6,13.55,-1.26,0.74,0.08,64.95,44.34,-50.27,0
1746815160.040149,-2.0,-0.39,-0.67,19.31,-27.2,18.03,-1.2,0.77,0.06,32.66,50.79,-40.89,0
1746815160.057479,-2.0,-0.35,-0.9,17.25,27.15,7.29,-1.21,0.73,0.07,4.86,36.85,-29.89,0
1746815160.073941,-2.0,-0.36,-0.45,4.4,-20.37,12.89,-1.23,0.8,0.18,-46.98,13.11,-25.37,0
1746815160.089967,-2.0,-0.37,-0.87,15.01,2.8,13.37,-1.1,0.69,0.05,-28.02,24.38,5.18,0
1746815160.105202,-2.0,-0.37,-0.88,22.96,108.73,-5.28,-1.1,0.57,0.13,-35.55,9.52,15.96,0
1746815160.113827,-2.0,-0.31,-0.49,-1.47,24.26,-4.64,-1.01,0.44,0.03,-29.89,26.91,31.21,0
1746815160.129614,-2.0,-0.46,-1.06,19.51,89.98,-12.4,-0.86,0.5,-0.11,-58.59,36.18,29.36,0
1746815160.141925,-2.0,-0.21,-0.58,16.05,-3.32,10.28,-1.2,0.34,0.21,-27.01,1.82,22.04,0
1746815160.157936,-2.0,-0.38,-0.81,-8.75,31.76,-8.02,-0.84,0.33,-0.1,-17.95,24.21,21.54,0
1746815160.174886,-2.0,-0.36,-0.69,-7.89,-3.59,6.39,-0.9,0.33,-0.05,-13.08,9.08,19.93,0
1746815160.191745,-2.0,-0.35,-0.74,-12.15,9.79,3.36,-0.93,0.3,-0.03,-7.75,8.66,16.42,0
1746815160.208474,-2.0,-0.36,-0.74,-15.19,8.43,5.68,-0.94,0.3,-0.01,7.75,-2.86,11.24,0
1746815160.223689,-2.0,-0.37,-0.75,-24.0,3.91,5.5,-0.9,0.3,-0.03,14.15,1.05,8.4,0
1746815160.239417,-2.0,-0.39,-0.7,-13.45,-7.34,12.67,-0.87,0.33,-0.1,17.01,-2.96,3.49,0
1746815160.255558,-2.0,-0.4,-0.76,-7.24,4.97,10.79,-0.87,0.34,-0.11,18.68,-15.5,2.34,0
1746815160.263834,-2.0,-0.41,-0.75,-15.47,-7.31,11.44,-0.89,0.32,-0.12,22.7,-22.5,-0.13,0
1746815160.276351,-2.0,-0.43,-0.74,-20.29,-17.01,11.61,-0.89,0.33,-0.17,32.63,-25.97,1.27,0
1746815160.290388,-2.0,-0.41,-0.68,-9.42,1.47,7.31,-0.85,0.41,-0.18,33.85,-21.5,0.92,0
1746815160.307017,-2.0,-0.41,-0.68,-1.78,-19.98,16.74,-0.95,0.38,-0.18,45.73,-19.4,0.86,0
1746815160.325125,-2.0,-0.4,-0.69,-10.96,-1.66,13.34,-0.93,0.41,-0.22,36.85,-19.7,0.63,0
1746815160.34045,-2.0,-0.37,-0.78,-18.78,25.92,8.9,-0.9,0.48,-0.25,32.29,-19.07,2.18,0
1746815160.357703,-2.0,-0.36,-0.71,-24.16,19.63,8.49,-0.92,0.47,-0.26,40.56,-12.23,0.05,0
1746815160.373689,-2.0,-0.42,-0.84,-22.37,38.73,1.02,-0.91,0.46,-0.27,29.64,-10.88,2.99,0
1746815160.390652,-2.0,-0.48,-0.76,-28.45,17.9,-3.92,-0.89,0.58,-0.33,13.95,-26.8,2.63,0
1746815160.405029,-2.0,-0.51,-0.72,-16.89,3.12,-0.65,-0.92,0.43,-0.27,16.26,-25.15,8.38,0
1746815160.414019,-2.0,-0.55,-0.77,11.63,11.05,3.37,-0.88,0.49,-0.31,-2.81,-22.06,12.16,0
1746815160.427641,-2.0,-0.54,-0.89,7.18,41.75,-12.28,-0.94,0.41,-0.28,-0.76,-17.95,18.05,0
1746815160.441971,-2.0,-0.39,-0.77,-20.21,18.47,-22.37,-0.94,0.51,-0.25,-28.39,-23.31,16.18,0
1746815160.457952,-2.0,-0.4,-0.84,-2.72,24.08,-11.24,-0.87,0.47,-0.28,-9.18,-9.13,17.27,0
1746815160.47851,-2.0,-0.32,-0.7,7.4,12.18,-5.46,-0.77,0.47,-0.33,-9.85,-14.03,23.27,0
1746815160.490798,-2.0,-0.38,-0.77,-8.53,-0.71,-9.63,-0.94,0.47,-0.17,-39.38,-38.89,14.15,0
1746815160.506858,-2.0,-0.38,-0.81,-14.02,21.95,-10.64,-0.74,0.36,-0.39,-14.74,3.69,15.2,0
1746815160.523147,-2.0,-0.26,-0.52,1.1,1.67,10.99,-0.86,0.4,-0.24,-6.55,-9.87,11.97,0
1746815160.538692,-2.0,-0.42,-0.81,3.66,12.06,6.41,-0.85,0.4,-0.23,-29.44,-7.37,6.02,0
1746815160.543977,-2.0,-0.42,-0.84,4.73,35.79,2.45,-0.88,0.36,-0.23,-27.34,11.88,1.49,0
1746815160.562567,-2.0,-0.3,-0.77,21.18,47.0,9.43,-0.8,0.39,-0.26,-29.99,5.6,3.52,0
1746815160.576313,-2.0,-0.32,-0.66,6.51,31.36,-5.48,-1.04,0.35,-0.05,-18.17,26.66,5.43,0
1746815160.592647,-2.0,-0.36,-0.8,8.56,24.35,-7.08,-0.88,0.34,-0.21,-21.98,19.34,-3.13,0
1746815160.607923,-2.0,-0.29,-0.74,2.35,41.85,-16.06,-0.82,0.43,-0.26,-36.72,16.63,-6.79,0
1746815160.625083,-2.0,-0.38,-0.76,-3.31,29.3,-17.72,-1.01,0.38,-0.01,-19.27,10.6,-2.13,0
1746815160.641775,-2.0,-0.39,-0.7,-8.53,9.88,-16.89,-0.97,0.39,-0.11,-9.11,10.16,-0.24,0
1746815160.658805,-2.0,-0.38,-0.75,-3.39,22.89,-14.03,-0.84,0.38,-0.27,-7.47,23.99,4.25,0
1746815160.67463,-2.0,-0.43,-0.69,-5.92,19.22,-17.98,-0.79,0.42,-0.3,-18.3,27.08,2.08,0
1746815160.690553,-2.0,-0.49,-0.74,18.18,0.18,6.09,-0.96,0.36,-0.1,-4.77,13.47,2.47,0
1746815160.705045,-2.0,-0.44,-0.71,11.14,10.33,-6.79,-0.87,0.36,-0.24,-4.18,20.47,2.25,0
1746815160.714427,-2.0,-0.44,-0.72,13.47,-1.57,7.76,-0.94,0.36,-0.13,1.68,18.15,5.57,0
1746815160.727591,-2.0,-0.38,-0.77,4.42,-5.02,9.7,-0.85,0.31,-0.3,19.18,65.49,8.15,0
1746815160.741651,-2.0,-0.29,-0.74,-6.53,-14.69,7.71,-1.02,0.29,-0.07,20.31,-17.28,2.34,0
1746815160.757579,-2.0,-0.29,-0.8,-10.88,19.17,-3.8,-0.9,0.24,-0.25,35.88,33.18,5.05,0
1746815160.775565,-2.0,-0.3,-0.71,-10.37,15.1,-10.07,-0.9,0.31,-0.24,35.35,41.02,3.15,0
1746815160.791803,-2.0,-0.36,-0.54,-18.78,-1.34,-14.9,-0.79,0.3,-0.41,10.42,26.25,2.45,0
1746815160.809039,-2.0,-0.4,-0.71,-15.75,1.24,-18.33,-0.96,0.37,-0.14,-0.19,-3.35,1.44,0
1746815160.824579,-2.0,-0.43,-0.69,-11.37,-6.25,-14.28,-0.94,0.33,-0.16,-0.98,20.92,0.14,0
1746815160.839549,-2.0,-0.4,-0.73,-12.35,-5.31,-14.09,-0.88,0.35,-0.25,1.96,12.03,6.31,0
1746815160.855139,-2.0,-0.41,-0.79,-16.69,-23.85,-9.79,-0.99,0.38,-0.1,5.1,-26.82,6.91,0
1746815160.865807,-2.0,-0.36,-0.76,-12.42,-21.17,-5.04,-0.94,0.34,-0.19,1.4,10.5,-1.0,0
1746815160.874953,-2.0,-0.36,-0.8,-12.55,-19.46,-0.76,-0.79,0.32,-0.37,5.25,-5.71,1.85,0
1746815160.891599,-2.0,-0.36,-0.71,-13.08,2.24,2.74,-0.86,0.45,-0.16,-12.41,-4.73,0.67,0
1746815160.907994,-2.0,-0.49,-0.7,-5.1,6.2,8.89,-0.93,0.5,-0.11,-16.31,-14.22,-2.14,0
1746815160.924233,-2.0,-0.43,-0.79,-2.98,35.95,7.98,-0.99,0.33,-0.1,3.35,1.79,-5.89,0
1746815160.9415,-2.0,-0.49,-0.7,-9.0,-47.74,33.82,-0.86,0.32,-0.25,17.55,5.77,1.5,0
1746815160.958901,-2.0,-0.35,-0.79,-21.81,26.63,4.73,-0.93,0.44,-0.14,0.38,3.48,-12.52,0
1746815160.974708,-2.0,-0.47,-0.71,-3.42,-12.94,19.02,-0.89,0.39,-0.28,7.03,2.56,-6.18,0
1746815160.988986,-2.0,-0.31,-0.7,-19.19,-4.63,3.53,-1.07,0.42,-0.03,9.4,-14.23,-4.89,0
1746815160.997067,-2.0,-0.42,-0.73,-16.48,0.49,-0.54,-0.81,0.42,-0.26,-1.1,-4.4,-2.97,0
1746815161.011121,-2.0,-0.43,-0.8,-22.19,-20.14,-5.29,-0.91,0.45,-0.14,-6.6,-21.19,-3.14,0
1746815161.026359,-2.0,-0.4,-0.76,-18.21,-7.37,-10.87,-0.95,0.36,-0.19,-8.69,-15.61,-6.32,0
1746815161.041853,-2.0,-0.39,-0.74,-26.29,-8.18,-23.02,-0.82,0.34,-0.35,3.67,-7.28,-2.89,0
1746815161.057616,-2.0,-0.32,-0.71,-46.78,-15.01,-30.11,-0.94,0.24,-0.29,-2.65,-13.64,-6.49,0
1746815161.075336,-2.0,-0.36,-0.65,-47.92,-37.57,-19.18,-0.7,0.51,-0.38,-26.56,-7.22,8.12,0
1746815161.091718,-2.0,-0.4,-0.77,-54.23,-47.69,-18.48,-0.89,0.33,-0.24,-6.76,-1.64,0.15,0
1746815161.10897,-2.0,-0.36,-0.82,-21.85,-4.64,-17.65,-0.67,0.36,-0.56,-8.27,34.36,9.48,0
1746815161.124642,-2.0,-0.27,-0.85,-40.21,20.55,-34.08,-1.15,0.38,0.18,2.85,-43.52,-4.48,0
1746815161.139545,-2.0,-0.47,-0.7,-5.34,-12.75,-2.19,-0.93,0.46,-0.22,47.63,0.24,4.31,0
1746815161.155108,-2.0,-0.35,-0.7,-2.57,7.52,-5.26,-0.74,0.82,-0.28,-36.36,-11.2,-0.61,0
1746815161.164989,-2.0,-0.56,-0.89,3.38,-10.65,1.18,-0.75,0.31,-0.48,-23.64,35.53,6.24,0
1746815161.177792,-2.0,-0.52,-0.91,26.45,-4.55,10.63,-1.12,0.36,-0.09,17.13,16.03,10.8,0
1746815161.19232,-2.0,-0.34,-0.76,34.16,-30.62,19.6,-0.88,0.49,-0.34,-39.34,-36.14,-5.94,0
1746815161.208046,-2.0,-0.28,-0.76,21.81,45.65,-11.21,-1.0,0.36,-0.12,-3.23,7.71,4.38,0
1746815161.22571,-2.0,-0.33,-0.81,7.37,-32.49,20.56,-0.87,0.43,-0.27,8.27,-14.38,0.21,0
1746815161.242064,-2.0,-0.32,-0.73,-3.43,9.6,5.73,-0.81,0.42,-0.33,7.73,-5.84,14.11,0
1746815161.258444,-2.0,-0.38,-0.73,2.91,-11.48,24.27,-0.89,0.48,-0.16,-36.59,1.47,3.1,0
1746815161.2746,-2.0,-0.34,-0.73,6.39,39.61,11.19,-1.33,0.28,0.22,26.97,-11.21,-0.01,0
1746815161.28918,-2.0,-0.51,-0.78,13.31,-7.36,29.55,-0.4,0.46,-0.79,-17.56,31.79,2.23,0
1746815161.297193,-2.0,-0.44,-0.82,0.49,8.21,18.66,-1.01,0.46,-0.09,-10.85,15.0,3.36,0
1746815161.315399,-2.0,-0.36,-0.69,5.69,13.97,14.42,-0.84,0.45,-0.28,9.79,-2.62,3.8,0
1746815161.327452,-2.0,-0.38,-0.72,6.31,-10.47,18.54,-0.92,0.48,-0.14,-3.44,0.93,2.39,0
1746815161.342022,-2.0,-0.36,-0.89,-2.08,-8.85,8.38,-0.89,0.48,-0.16,-5.1,-9.12,2.76,0
1746815161.359299,-2.0,-0.33,-0.68,-6.36,15.27,7.73,-0.82,0.42,-0.3,-6.77,-3.03,0.86,0
1746815161.375753,-2.0,-0.34,-0.61,-16.77,-47.55,15.82,-0.9,0.5,-0.18,-18.62,-3.65,5.31,0
1746815161.392613,-2.0,-0.38,-0.65,-2.98,-0.34,12.02,-0.67,0.3,-0.39,-20.86,25.69,11.33,0
1746815161.408213,-2.0,-0.39,-0.78,8.34,9.73,12.27,-0.9,0.31,-0.19,9.4,3.96,4.36,0
1746815161.4251,-2.0,-0.25,-0.69,14.15,34.95,7.6,-0.9,0.35,-0.3,-5.94,28.47,-0.21,0
1746815161.439847,-2.0,-0.47,-0.79,32.31,-17.61,27.31,-0.92,0.42,-0.19,23.11,17.01,6.85,0
1746815161.448577,-2.0,-0.21,-0.75,12.39,35.2,9.59,-0.68,0.39,-0.28,-0.78,3.12,7.85,0
1746815161.46514,-2.0,-0.38,-0.7,25.19,20.04,13.66,-0.96,0.3,-0.22,-22.91,31.95,0.94,0
1746815161.477292,-2.0,-0.37,-0.72,16.98,-44.52,20.46,-1.0,0.34,-0.15,-2.16,6.8,3.71,0
1746815161.491687,-2.0,-0.46,-0.94,3.39,-6.78,10.27,-0.8,0.44,-0.28,-11.03,8.06,4.64,0
1746815161.512689,-2.0,-0.37,-0.8,0.66,46.38,5.73,-0.94,0.42,-0.14,-1.15,-10.08,4.24,0
1746815161.528669,-2.0,-0.44,-0.66,-20.4,3.24,-8.53,-1.05,0.51,-0.03,-9.32,8.36,6.48,0
1746815161.539018,-2.0,-0.43,-0.83,-13.11,-5.93,5.16,-0.81,0.43,-0.3,-10.08,9.22,5.9,0
1746815161.556201,-2.0,-0.4,-0.63,-27.75,10.48,-3.92,-0.9,0.4,-0.2,-16.41,3.33,2.62,0
1746815161.572342,-2.0,-0.4,-0.78,-10.67,10.47,4.56,-0.89,0.4,-0.19,-7.81,-0.64,4.18,0
1746815161.589222,-2.0,-0.45,-0.67,-25.37,9.05,-0.48,-0.82,0.35,-0.25,-3.03,-7.44,4.28,0
1746815161.596768,-2.0,-0.28,-0.94,-4.8,64.08,5.11,-0.95,0.39,-0.15,-9.89,-12.98,1.94,0
1746815161.614461,-2.0,-0.3,-0.51,-19.38,22.15,8.17,-0.88,0.36,-0.26,-5.79,9.3,4.69,0
1746815161.626784,-2.0,-0.39,-0.76,-3.77,4.02,24.73,-0.91,0.38,-0.22,-2.17,8.47,3.09,0
1746815161.639127,-2.0,-0.42,-0.67,-1.86,28.19,20.85,-0.83,0.43,-0.29,-8.61,5.28,4.3,0
1746815161.656049,-2.0,-0.37,-0.65,-3.43,9.88,23.83,-0.99,0.38,-0.13,-3.4,-3.49,1.92,0
1746815161.672343,-2.0,-0.36,-0.65,1.78,-5.19,29.28,-1.0,0.38,-0.07,1.55,-6.24,-0.69,0
1746815161.689583,-2.0,-0.33,-0.74,0.96,-3.29,26.02,-0.96,0.38,-0.15,-2.77,-1.41,-1.83,0
1746815161.70621,-2.0,-0.3,-0.76,-9.92,-0.2,17.73,-0.84,0.35,-0.31,-1.07,10.85,0.69,0
1746815161.723026,-2.0,-0.35,-0.77,-12.85,-0.83,15.61,-0.85,0.37,-0.28,3.15,1.23,3.08,0
1746815161.739016,-2.0,-0.37,-0.79,-12.51,4.79,11.62,-0.89,0.39,-0.23,2.49,-16.45,4.44,0
1746815161.747614,-2.0,-0.47,-0.81,-14.6,26.66,5.17,-0.82,0.37,-0.32,-20.35,12.08,2.57,0
1746815161.764522,-2.0,-0.42,-0.72,-28.29,19.8,3.55,-0.95,0.39,-0.16,-12.35,-12.62,0.32,0
1746815161.777667,-2.0,-0.34,-0.67,-28.54,-3.92,8.74,-0.87,0.41,-0.25,-7.13,-7.09,1.56,0
1746815161.78972,-2.0,-0.71,-1.24,-29.71,18.26,1.82,-0.63,0.58,-0.27,-2.28,3.15,7.36,0
1746815161.80634,-2.0,-0.28,-0.59,-46.82,17.37,-15.5,-1.04,0.58,0.08,-25.48,-41.44,2.29,0
1746815161.822624,-2.0,-0.52,-0.85,-29.17,-2.96,-1.1,-1.22,0.4,0.27,1.87,-41.3,-2.45,0
1746815161.839717,-2.0,-0.22,-0.5,-46.43,-21.19,-5.8,-0.64,0.24,-0.63,-19.57,52.12,-0.48,0
1746815161.859281,-2.0,-0.37,-0.75,-51.47,-27.37,-4.46,-1.03,0.36,0.03,-5.54,-30.78,-8.02,0
1746815161.872879,-2.0,-0.38,-0.77,-66.89,-22.11,-9.48,-0.74,0.39,-0.44,-2.04,-16.37,-6.34,0
1746815161.889615,-2.0,-0.21,-0.66,-14.0,6.09,3.16,-0.82,0.5,-0.27,-43.68,11.27,-4.41,0
1746815161.897965,-2.0,-0.26,-0.7,-10.53,-8.97,7.89,-1.24,0.43,0.31,-3.85,-46.13,-0.01,0
1746815161.914074,-2.0,-0.41,-0.75,0.82,-48.82,22.3,-0.82,0.36,-0.29,7.92,53.92,-1.55,0
1746815161.927127,-2.0,-0.37,-0.75,-5.84,-30.28,22.67,-0.83,0.34,-0.36,5.82,-29.43,-11.88,0
1746815161.939654,-2.0,-0.36,-0.91,14.53,-25.24,26.06,-0.83,0.42,-0.23,-34.08,-37.1,-13.92,0
1746815161.956019,-2.0,-0.39,-0.9,6.94,-2.04,23.31,-0.96,0.36,-0.14,-36.53,41.79,-15.12,0
1746815161.972835,-2.0,-0.24,-0.69,-15.56,15.03,8.87,-0.84,0.35,-0.26,1.55,35.18,0.6,0
1746815161.989767,-2.0,-0.3,-0.65,-15.46,-8.88,17.64,-0.86,0.41,-0.23,10.66,-26.11,-2.76,0
1746815162.007017,-2.0,-0.39,-0.78,-20.5,3.5,9.05,-0.85,0.4,-0.24,-5.5,-28.95,-8.34,0
1746815162.025385,-2.0,-0.42,-0.82,-22.06,2.91,6.06,-0.94,0.35,-0.09,-6.73,2.01,-5.54,0
1746815162.039168,-2.0,-0.35,-0.82,-26.56,1.68,2.11,-0.79,0.47,-0.24,-20.5,-0.89,-2.92,0
1746815162.048802,-2.0,-0.37,-0.79,-5.34,-8.8,10.6,-1.02,0.4,-0.01,-8.11,11.52,-0.18,0
1746815162.064766,-2.0,-0.33,-0.78,-6.11,-11.24,8.82,-0.9,0.41,-0.15,4.43,-3.62,0.39,0
1746815162.077626,-2.0,-0.35,-0.79,-5.38,-4.01,4.98,-0.93,0.37,-0.23,11.81,-1.18,3.44,0
1746815162.089869,-2.0,-0.42,-0.77,-0.99,-15.17,10.49,-0.9,0.41,-0.17,3.28,17.5,5.58,0
1746815162.112243,-2.0,-0.34,-0.76,-9.65,-19.02,9.09,-0.93,0.39,-0.17,10.7,-5.75,2.05,0
1746815162.123098,-2.0,-0.28,-0.82,-6.93,-1.79,7.84,-0.79,0.41,-0.32,-7.9,22.51,4.25,0
1746815162.140114,-2.0,-0.33,-0.79,-5.7,7.22,6.79,-0.83,0.37,-0.31,-6.08,33.02,4.34,0
1746815162.15684,-2.0,-0.32,-0.79,-0.95,8.8,7.95,-0.91,0.35,-0.21,7.42,17.54,5.89,0
1746815162.174974,-2.0,-0.38,-0.83,-7.14,1.76,8.07,-0.9,0.35,-0.22,21.69,1.65,6.16,0
1746815162.189981,-2.0,-0.36,-0.78,-8.12,2.94,9.17,-0.99,0.39,-0.11,25.74,-3.01,7.34,0
1746815162.199115,-2.0,-0.33,-0.77,-4.41,-7.31,13.46,-0.89,0.35,-0.22,8.41,12.09,3.29,0
1746815162.214865,-2.0,-0.33,-0.76,-1.76,0.44,9.02,-0.82,0.36,-0.3,1.02,9.5,2.69,0
1746815162.227635,-2.0,-0.34,-0.77,8.47,-7.98,11.85,-0.85,0.37,-0.29,1.05,14.08,4.05,0
1746815162.240055,-2.0,-0.33,-0.75,6.08,0.71,5.67,-0.95,0.38,-0.12,15.79,-3.76,3.28,0
1746815162.256361,-2.0,-0.36,-0.8,2.29,-3.8,5.91,-0.89,0.39,-0.23,15.03,9.11,3.39,0
1746815162.273647,-2.0,-0.34,-0.77,-5.79,-2.43,5.18,-0.9,0.38,-0.23,10.35,11.18,4.08,0
1746815162.290322,-2.0,-0.34,-0.77,-7.28,-8.61,6.12,-0.94,0.39,-0.18,5.51,-4.23,2.21,0
1746815162.307344,-2.0,-0.34,-0.79,-3.26,0.95,6.15,-0.94,0.39,-0.21,-6.53,3.42,-0.09,0
1746815162.325293,-2.0,-0.32,-0.73,-3.02,0.95,7.02,-0.86,0.38,-0.3,-1.99,18.78,4.66,0
1746815162.331075,-2.0,-0.31,-0.75,-13.47,0.68,5.18,-0.89,0.37,-0.25,7.31,4.14,6.21,0
1746815162.34708,-2.0,-0.34,-0.79,-16.33,12.1,1.27,-0.97,0.4,-0.14,16.08,-15.59,6.57,0
1746815162.360607,-2.0,-0.36,-0.81,-7.55,-6.44,8.98,-0.93,0.39,-0.2,11.11,5.48,3.61,0
1746815162.37644,-2.0,-0.31,-0.77,-10.63,8.18,3.49,-0.83,0.36,-0.36,5.68,12.98,5.08,0
1746815162.390141,-2.0,-0.31,-0.72,0.19,2.59,8.06,-0.82,0.37,-0.34,-1.34,10.82,3.36,0
1746815162.412834,-2.0,-0.4,-0.81,11.63,12.89,8.02,-0.91,0.39,-0.21,-0.22,-6.85,4.69,0
1746815162.423422,-2.0,-0.29,-0.75,-0.67,-0.63,8.34,-0.9,0.31,-0.25,-1.15,0.98,2.77,0
1746815162.439986,-2.0,-0.27,-0.72,0.38,-3.18,9.34,-0.86,0.34,-0.33,4.34,5.95,4.85,0
1746815162.458845,-2.0,-0.28,-0.74,4.98,2.83,8.93,-0.87,0.33,-0.32,2.68,4.69,2.85,0
1746815162.473259,-2.0,-0.31,-0.72,7.25,3.64,8.69,-0.92,0.41,-0.21,0.95,3.34,4.12,0
1746815162.490207,-2.0,-0.19,-0.48,2.15,-19.91,13.68,-0.91,0.47,-0.19,-1.49,-4.17,5.32,0
1746815162.498658,-2.0,-0.38,-0.73,-9.06,-5.86,3.95,-1.03,0.49,-0.06,-5.53,-19.06,4.79,0
1746815162.514903,-2.0,-0.43,-0.87,-7.31,1.44,6.27,-0.96,0.39,-0.1,3.72,-17.95,1.54,0
1746815162.526718,-2.0,-0.36,-0.81,-10.44,22.15,-1.32,-0.74,0.34,-0.36,-4.6,-6.07,3.26,0
1746815162.545139,-2.0,-0.35,-0.72,-10.43,-3.47,7.82,-0.85,0.42,-0.29,-14.65,-10.38,2.29,0
1746815162.556504,-2.0,-0.3,-0.7,-10.28,-10.31,11.56,-0.93,0.4,-0.2,-8.03,-10.02,0.04,0
1746815162.573274,-2.0,-0.37,-0.77,-9.29,-3.46,10.77,-0.82,0.36,-0.36,-9.8,10.42,1.53,0
1746815162.59011,-2.0,-0.31,-0.76,-3.74,-3.21,11.45,-0.9,0.36,-0.23,-0.08,-6.39,2.11,0
1746815162.608765,-2.0,-0.34,-0.76,-1.18,-3.92,10.52,-0.92,0.39,-0.21,-1.89,-3.69,-0.69,0
1746815162.623942,-2.0,-0.3,-0.76,2.16,-10.24,11.88,-0.88,0.4,-0.26,-6.48,6.53,1.23,0
1746815162.639762,-2.0,-0.32,-0.74,-9.53,-10.5,7.34,-0.88,0.38,-0.26,0.13,4.12,0.13,0
1746815162.648459,-2.0,-0.35,-0.74,-7.83,-25.4,12.51,-0.88,0.4,-0.25,-1.92,4.67,-0.26,0
1746815162.663027,-2.0,-0.39,-0.92,2.34,22.31,7.64,-0.85,0.41,-0.27,0.27,2.01,1.43,0
1746815162.677319,-2.0,-0.35,-0.61,-8.16,2.46,5.98,-0.93,0.39,-0.2,3.07,-5.63,1.11,0
1746815162.690313,-2.0,-0.38,-0.78,-8.24,5.21,7.57,-0.83,0.48,-0.21,3.29,2.63,3.73,0
1746815162.707369,-2.0,-0.32,-0.72,-14.73,-6.82,7.74,-0.78,0.5,-0.28,-7.21,6.88,3.76,0
1746815162.723589,-2.0,-0.32,-0.88,-15.2,-2.32,4.81,-0.79,0.42,-0.31,-0.27,-12.33,2.82,0
1746815162.74,-2.0,-0.37,-0.65,-19.99,14.03,-5.07,-0.97,0.38,-0.18,-5.25,-1.39,1.76,0
1746815162.758646,-2.0,-0.34,-0.81,-12.99,17.85,-0.89,-0.92,0.38,-0.25,-1.88,-3.22,0.29,0
1746815162.774197,-2.0,-0.3,-0.69,-15.9,-17.92,9.74,-0.94,0.47,-0.17,-9.85,-0.04,2.15,0
1746815162.790316,-2.0,-0.35,-0.8,-10.54,-15.28,8.01,-0.97,0.42,-0.16,-5.53,-1.73,0.37,0
1746815162.7983,-2.0,-0.35,-0.79,-0.22,1.28,9.05,-0.86,0.41,-0.27,-11.04,-1.78,0.14,0
1746815162.812745,-2.0,-0.33,-0.8,0.06,12.66,7.56,-0.83,0.41,-0.26,-18.18,0.66,1.89,0
1746815162.8266,-2.0,-0.32,-0.75,-6.94,11.75,5.21,-0.91,0.4,-0.19,-5.64,-11.76,1.85,0
1746815162.840041,-2.0,-0.34,-0.82,-9.24,7.34,3.22,-0.92,0.38,-0.2,-6.74,-10.8,1.38,0
1746815162.857186,-2.0,-0.37,-0.84,-6.1,12.66,2.63,-0.92,0.42,-0.18,-8.77,-3.08,1.1,0
1746815162.873594,-2.0,-0.33,-0.77,-12.46,8.37,0.85,-0.91,0.41,-0.21,-11.21,0.67,0.24,0
1746815162.890564,-2.0,-0.33,-0.75,-16.39,11.09,-0.46,-0.88,0.39,-0.22,-9.42,2.19,1.0,0
1746815162.906201,-2.0,-0.33,-0.76,-21.43,10.44,0.02,-0.87,0.38,-0.25,-8.03,7.24,0.92,0
1746815162.928134,-2.0,-0.32,-0.79,-35.54,9.19,-3.24,-0.9,0.39,-0.19,-4.89,-3.97,1.28,0
1746815162.93243,-2.0,-0.32,-0.75,-25.08,5.22,-1.15,-0.91,0.4,-0.2,-7.52,3.0,1.77,0
1746815162.94895,-2.0,-0.36,-0.78,-16.85,6.6,-1.32,-0.96,0.38,-0.16,-4.69,-3.37,2.02,0
1746815162.961072,-2.0,-0.34,-0.8,-14.51,2.95,-0.07,-0.93,0.38,-0.17,-6.89,0.28,2.75,0
1746815162.974014,-2.0,-0.33,-0.8,-16.24,1.92,-1.27,-0.95,0.37,-0.18,-9.42,0.7,-0.04,0
1746815162.990632,-2.0,-0.32,-0.77,-14.62,-0.7,0.33,-0.9,0.41,-0.2,-8.74,-6.36,1.18,0
1746815163.007095,-2.0,-0.32,-0.82,-16.72,1.77,-0.13,-0.98,0.37,-0.11,-7.44,-6.82,1.24,0
1746815163.023736,-2.0,-0.31,-0.79,-13.18,5.85,-0.5,-0.94,0.3,-0.23,-6.47,18.49,5.6,0
1746815163.040747,-2.0,-0.32,-0.8,-7.35,-0.96,4.49,-0.89,0.37,-0.22,-3.15,0.48,1.64,0
1746815163.060152,-2.0,-0.31,-0.79,-5.88,3.52,3.25,-0.89,0.37,-0.23,1.11,8.42,4.44,0
1746815163.073829,-2.0,-0.31,-0.77,-6.99,2.15,3.53,-0.94,0.37,-0.19,7.22,13.27,3.01,0
1746815163.08185,-2.0,-0.3,-0.76,-6.08,2.33,2.95,-0.81,0.37,-0.31,5.73,12.18,2.15,0
1746815163.098658,-2.0,-0.31,-0.79,-4.71,0.71,3.61,-0.93,0.4,-0.18,3.21,9.37,0.55,0
1746815163.111821,-2.0,-0.31,-0.77,-3.53,2.03,2.85,-0.88,0.37,-0.25,6.84,14.77,-0.98,0
1746815163.127094,-2.0,-0.33,-0.77,0.8,2.73,3.17,-0.9,0.4,-0.22,4.03,2.68,-0.53,0
1746815163.140494,-2.0,-0.31,-0.78,1.67,1.92,4.38,-0.9,0.39,-0.23,0.89,-0.81,0.03,0
1746815163.157035,-2.0,-0.3,-0.78,-4.92,5.16,2.24,-0.91,0.38,-0.22,-0.44,1.47,1.08,0
1746815163.173608,-2.0,-0.33,-0.78,-6.18,2.63,2.94,-0.91,0.4,-0.22,-0.27,-2.66,2.05,0
1746815163.190874,-2.0,-0.33,-0.79,-4.81,4.05,3.81,-0.9,0.4,-0.24,-3.4,-0.44,2.66,0
1746815163.207606,-2.0,-0.33,-0.79,-3.22,6.89,3.93,-0.91,0.39,-0.23,-4.51,-3.11,1.69,0
1746815163.223988,-2.0,-0.34,-0.78,-4.49,2.75,4.28,-0.89,0.4,-0.24,-6.97,1.35,2.02,0
1746815163.231448,-2.0,-0.34,-0.78,-2.61,-1.19,4.62,-0.9,0.37,-0.24,-2.24,3.26,1.04,0
1746815163.249349,-2.0,-0.35,-0.76,-1.73,-0.91,2.25,-0.89,0.39,-0.24,3.59,4.95,1.44,0
1746815163.261477,-2.0,-0.35,-0.79,-1.15,2.08,-1.78,-0.91,0.39,-0.23,8.88,4.27,0.7,0
1746815163.27746,-2.0,-0.34,-0.79,0.53,2.01,-4.33,-0.89,0.39,-0.24,7.56,10.16,1.2,0
1746815163.290961,-2.0,-0.35,-0.78,-1.33,0.64,-5.14,-0.9,0.39,-0.23,6.82,8.47,1.16,0
1746815163.306937,-2.0,-0.36,-0.79,-1.53,-0.48,-5.82,-0.91,0.39,-0.23,6.47,6.82,1.15,0
1746815163.324389,-2.0,-0.39,-0.77,0.32,-0.7,-5.47,-0.91,0.39,-0.23,6.08,4.06,1.25,0
1746815163.341075,-2.0,-0.4,-0.77,3.51,-2.6,-3.85,-0.91,0.39,-0.23,4.21,1.69,2.95,0
1746815163.357862,-2.0,-0.36,-0.76,1.89,-6.05,-3.2,-0.89,0.41,-0.25,2.43,-2.92,3.8,0
1746815163.373759,-2.0,-0.36,-0.79,0.91,-2.98,-0.68,-0.87,0.44,-0.25,-6.17,-1.55,3.85,0
1746815163.381315,-2.0,-0.35,-0.74,2.11,-8.3,6.24,-0.92,0.4,-0.23,-3.62,0.92,3.28,0
1746815163.398911,-2.0,-0.38,-0.75,6.42,-5.09,7.19,-0.9,0.41,-0.23,-7.53,0.45,3.46,0
1746815163.41283,-2.0,-0.37,-0.79,6.57,-3.59,6.29,-0.91,0.41,-0.22,-4.73,-5.4,3.48,0
1746815163.423785,-2.0,-0.32,-0.78,5.56,-0.02,3.13,-0.9,0.41,-0.24,-4.26,-4.94,4.08,0
1746815163.440558,-2.0,-0.36,-0.79,-2.81,-0.4,0.06,-0.86,0.4,-0.29,-2.55,-0.64,4.31,0
1746815163.473909,-2.0,-0.32,-0.75,-4.89,0.55,-0.66,-0.89,0.43,-0.26,-10.31,-0.91,2.74,0
1746815163.473909,-2.0,-0.31,-0.76,-6.13,2.92,2.05,-0.89,0.38,-0.26,-12.21,5.38,1.44,0
1746815163.490835,-2.0,-0.31,-0.75,-8.01,5.71,4.09,-0.89,0.37,-0.26,-10.56,5.37,0.44,0
1746815163.50752,-2.0,-0.35,-0.75,-6.55,2.34,9.38,-0.89,0.37,-0.26,-8.1,4.99,1.17,0
1746815163.524126,-2.0,-0.34,-0.74,-3.05,8.28,12.25,-0.9,0.39,-0.24,-7.66,2.53,0.77,0
1746815163.531782,-2.0,-0.38,-0.77,0.22,7.93,14.31,-0.91,0.39,-0.23,-9.79,2.58,-1.08,0
1746815163.550149,-2.0,-0.33,-0.76,2.0,9.4,17.38,-0.9,0.39,-0.23,-10.82,2.89,-2.81,0
1746815163.562375,-2.0,-0.32,-0.75,-1.18,5.53,19.28,-0.91,0.39,-0.22,-13.82,3.34,-3.4,0
1746815163.581171,-2.0,-0.31,-0.76,-0.7,3.06,17.48,-0.91,0.4,-0.21,-16.14,-1.37,-4.05,0
1746815163.590699,-2.0,-0.31,-0.75,-7.5,-0.95,11.53,-0.9,0.4,-0.22,-17.93,0.73,-2.37,1
1746815163.607314,-2.0,-0.33,-0.76,-8.27,0.62,8.16,-0.91,0.42,-0.21,-18.6,-1.39,-0.84,1
1746815163.62421,-2.0,-0.33,-0.76,-9.69,-0.77,6.73,-0.89,0.43,-0.22,-20.26,5.1,0.71,1
1746815163.640888,-2.0,-0.34,-0.75,-10.66,-4.06,7.69,-0.87,0.49,-0.27,-18.92,11.92,-0.88,1
1746815163.657561,-2.0,-0.36,-0.75,-7.97,-6.03,10.02,-0.91,0.51,-0.24,-18.29,11.94,-1.64,1
1746815163.673881,-2.0,-0.33,-0.74,-6.3,-8.98,14.04,-0.95,0.61,-0.22,-25.59,11.5,-0.11,1
1746815163.68196,-2.0,-0.31,-0.78,-9.67,-8.7,15.41,-0.94,0.71,-0.24,-37.14,17.1,5.7,1
1746815163.699442,-2.0,-0.32,-0.75,-12.21,-8.7,16.18,-0.96,0.8,-0.22,-46.45,17.96,13.97,1
1746815163.712371,-2.0,-0.33,-0.76,-10.37,-6.32,16.66,-0.97,0.87,-0.26,-49.32,27.21,27.5,1
1746815163.72443,-2.0,-0.35,-0.76,-7.47,-1.63,16.95,-1.02,1.04,-0.28,-47.63,24.53,44.41,1
1746815163.740949,-2.0,-0.32,-0.75,-8.58,-4.57,16.44,-1.06,1.29,-0.36,-64.73,22.54,62.18,1
1746815163.757655,-2.0,-0.36,-0.73,-9.53,-6.84,15.63,-1.12,1.44,-0.44,-108.4,20.25,80.45,1
1746815163.774778,-2.0,-0.37,-0.77,-9.71,-3.03,12.35,-1.13,1.44,-0.5,-147.08,37.26,99.02,1
1746815163.791305,-2.0,-0.35,-0.76,-10.18,-3.14,9.81,-1.14,1.36,-0.57,-164.94,46.15,118.0,1
1746815163.809994,-2.0,-0.35,-0.79,-10.61,1.47,6.63,-1.22,1.32,-0.54,-150.09,56.51,141.87,1
1746815163.824515,-2.0,-0.34,-0.76,-11.24,-0.8,6.42,-1.25,1.34,-0.53,-132.61,49.11,169.05,1
1746815163.83294,-2.0,-0.35,-0.75,-12.25,4.12,6.27,-1.24,1.45,-0.55,-130.08,58.34,190.92,1
1746815163.848754,-2.0,-0.34,-0.74,-12.17,-1.31,9.75,-1.24,1.47,-0.56,-152.53,62.43,201.6,1
1746815163.862085,-2.0,-0.34,-0.75,-12.47,-3.17,11.87,-1.29,1.44,-0.54,-181.86,72.82,206.18,1
1746815163.874699,-2.0,-0.33,-0.75,-13.03,-2.88,12.85,-1.27,1.27,-0.54,-189.11,75.63,214.03,1
1746815163.891455,-2.0,-0.33,-0.78,-12.06,-3.84,13.99,-1.25,1.18,-0.51,-180.3,74.75,230.24,1
1746815163.907764,-2.0,-0.33,-0.79,-12.87,-0.85,13.11,-1.17,0.96,-0.41,-161.66,60.95,248.13,1
1746815163.924678,-2.0,-0.36,-0.79,-13.6,0.47,12.39,-1.09,0.95,-0.38,-144.32,59.95,250.13,1
1746815163.942163,-2.0,-0.36,-0.76,-12.83,-2.24,14.31,-1.05,0.93,-0.35,-143.43,57.04,250.13,1
1746815163.958034,-2.0,-0.36,-0.81,-9.83,0.79,15.98,-1.0,0.94,-0.32,-159.82,57.43,250.13,1
1746815163.97423,-2.0,-0.34,-0.75,-12.02,-5.76,16.76,-0.99,0.85,-0.24,-178.97,52.94,245.68,1
1746815163.98191,-2.0,-0.39,-0.82,-11.09,5.51,13.63,-0.85,0.74,-0.27,-187.89,50.91,242.36,1
1746815164.000413,-2.0,-0.36,-0.75,-10.63,2.31,12.92,-0.85,0.59,-0.17,-190.63,36.69,234.77,1
1746815164.007648,-2.0,-0.37,-0.77,-6.44,6.18,11.6,-0.79,0.53,-0.11,-186.51,26.89,226.66,1
1746815164.024731,-2.0,-0.36,-0.79,-4.69,4.18,10.28,-0.69,0.45,-0.07,-178.73,24.57,217.83,1
1746815164.04105,-2.0,-0.35,-0.82,-4.17,8.03,8.29,-0.56,0.42,-0.09,-170.37,22.15,210.26,1
1746815164.057713,-2.0,-0.33,-0.78,-7.18,13.7,4.59,-0.5,0.36,-0.07,-153.69,21.12,200.44,1
1746815164.074748,-2.0,-0.36,-0.76,-1.93,4.21,7.51,-0.42,0.29,-0.05,-151.85,10.96,189.1,1
1746815164.092191,-2.0,-0.3,-0.73,-2.08,5.81,5.97,-0.43,0.2,0.04,-131.15,7.82,177.74,1
1746815164.108283,-2.0,-0.33,-0.8,0.24,5.31,8.51,-0.36,0.14,0.0,-120.14,7.37,165.65,1
1746815164.124725,-2.0,-0.28,-0.75,-3.73,-1.15,8.75,-0.38,0.15,0.1,-105.75,1.0,149.97,1
1746815164.133263,-2.0,-0.28,-0.74,-6.77,19.11,3.21,-0.31,0.08,0.11,-107.92,17.72,124.5,1
1746815164.14713,-2.0,-0.41,-0.85,-0.38,15.36,7.5,-0.28,0.06,0.1,-120.4,11.53,103.9,1
1746815164.162388,-2.0,-0.32,-0.78,-7.14,9.33,4.18,-0.37,-0.06,0.26,-108.59,12.47,72.74,1
1746815164.175081,-2.0,-0.34,-0.76,-5.81,-15.14,11.31,-0.23,0.03,0.2,-111.05,23.92,44.63,1
1746815164.197504,-2.0,-0.26,-0.68,-5.24,11.13,3.56,-0.26,0.05,0.29,-136.18,7.18,17.03,1
1746815164.208485,-2.0,-0.41,-0.84,5.56,17.41,6.17,-0.33,0.07,0.4,-126.95,-8.12,-3.48,1
1746815164.228752,-2.0,-0.38,-0.75,-1.89,-0.39,6.77,-0.34,0.1,0.45,-134.37,-3.58,-31.63,1
1746815164.241705,-2.0,-0.33,-0.77,1.63,5.31,7.34,-0.27,0.09,0.46,-111.94,11.99,-55.65,1
1746815164.258345,-2.0,-0.32,-0.62,-1.34,-11.98,9.09,-0.35,0.17,0.56,-110.8,19.45,-74.24,1
1746815164.274979,-2.0,-0.35,-0.81,-1.58,10.56,2.97,-0.43,0.13,0.7,-97.89,9.21,-83.01,1
1746815164.283619,-2.0,-0.3,-0.75,-2.2,5.58,1.75,-0.5,0.09,0.82,-85.19,-8.49,-93.85,1
1746815164.29944,-2.0,-0.3,-0.7,-4.49,-1.78,1.15,-0.53,0.04,0.9,-72.53,-27.73,-103.98,1
1746815164.310943,-2.0,-0.31,-0.65,-8.18,-8.03,0.68,-0.55,0.02,0.96,-80.85,-36.07,-120.54,1
1746815164.324898,-2.0,-0.32,-0.74,-10.99,-0.83,-2.84,-0.54,0.05,0.96,-68.05,-42.11,-141.31,1
1746815164.341442,-2.0,-0.33,-0.81,-6.34,-8.99,0.15,-0.59,0.12,0.98,-63.11,-48.18,-165.86,1
1746815164.358028,-2.0,-0.33,-0.7,-8.84,-27.12,3.01,-0.6,0.21,0.97,-65.92,-50.81,-188.38,1
1746815164.374678,-2.0,-0.35,-0.74,-13.07,-13.86,-0.26,-0.6,0.24,0.93,-71.5,-50.76,-207.2,1
1746815164.391147,-2.0,-0.39,-0.79,-14.11,-24.21,-1.97,-0.6,0.25,0.89,-73.93,-51.7,-218.75,1
1746815164.408374,-2.0,-0.31,-0.9,-18.69,-8.5,-8.04,-0.53,0.11,0.77,-60.79,-50.97,-224.53,1
1746815164.424447,-2.0,-0.31,-1.03,-17.69,-24.96,-11.95,-0.54,0.12,0.81,-53.98,-79.85,-231.66,1
1746815164.431625,-2.0,-0.34,-0.6,-17.66,-53.55,-5.89,-0.6,0.03,0.84,-24.3,-74.22,-241.44,1
1746815164.447017,-2.0,-0.31,-0.69,-19.04,-24.65,-11.37,-0.52,0.05,0.69,-4.51,-70.24,-250.14,1
1746815164.461918,-2.0,-0.24,-0.76,-23.69,-40.12,-8.51,-0.52,0.12,0.67,10.85,-66.8,-250.14,1
1746815164.474943,-2.0,-0.31,-0.78,-17.46,-4.91,-12.02,-0.61,0.17,0.72,18.68,-63.11,-250.14,1
1746815164.491872,-2.0,-0.29,-0.85,-14.73,-1.05,-12.72,-0.6,0.27,0.66,18.35,-49.6,-250.14,1
1746815164.50846,-2.0,-0.27,-0.78,-20.62,27.39,-16.13,-0.64,0.37,0.68,-9.08,-69.26,-250.14,1
1746815164.525166,-2.0,-0.3,-0.71,-16.85,16.98,-12.0,-0.7,0.36,0.68,-22.6,-74.42,-250.14,1
1746815164.542094,-2.0,-0.32,-0.77,-9.71,26.85,-11.1,-0.68,0.37,0.63,-34.85,-79.28,-250.14,1
1746815164.560753,-2.0,-0.32,-0.72,-5.24,30.82,-12.4,-0.7,0.41,0.6,-42.75,-71.19,-250.14,1
1746815164.574766,-2.0,-0.28,-0.95,7.38,43.79,-7.34,-0.63,0.46,0.56,-62.2,-59.69,-250.14,1
1746815164.583935,-2.0,-0.28,-0.62,-2.5,8.83,-2.5,-0.61,0.49,0.53,-86.03,-47.17,-250.14,1
1746815164.599865,-2.0,-0.33,-0.94,1.36,42.53,-1.95,-0.78,0.55,0.67,-117.37,-21.87,-250.14,1
1746815164.614401,-2.0,-0.27,-0.69,-1.86,-13.05,5.44,-0.85,0.51,0.73,-151.08,2.19,-250.14,1
1746815164.624953,-2.0,-0.36,-0.68,-0.11,-17.98,11.45,-0.95,0.4,0.81,-170.11,18.43,-250.14,1
1746815164.641714,-2.0,-0.36,-0.83,2.37,-15.49,13.66,-1.03,0.25,0.94,-161.46,13.05,-250.14,1
1746815164.658418,-2.0,-0.32,-0.73,-2.48,10.4,3.98,-1.03,0.05,0.92,-109.33,18.06,-250.14,1
1746815164.674944,-2.0,-0.22,-0.61,25.65,12.99,21.64,-1.23,0.19,0.84,-33.1,5.68,-250.14,1
1746815164.693742,-2.0,-0.13,-0.6,-15.11,-36.11,6.44,-1.3,0.14,0.74,61.93,2.69,-250.14,1
1746815164.708598,-2.0,-0.38,-1.11,-16.3,-9.27,-8.28,-1.3,0.54,0.62,117.4,-23.08,-250.14,1
1746815164.72498,-2.0,-0.42,-0.63,-17.47,-29.64,-7.38,-1.13,0.76,0.29,130.47,-36.52,-250.14,1
1746815164.734708,-2.0,-0.33,-0.58,-28.93,-35.63,-5.86,-1.05,0.96,0.21,113.42,-61.42,-250.14,1
1746815164.74758,-2.0,-0.27,-0.55,-29.55,-91.05,2.98,-0.81,1.06,0.11,117.22,-63.63,-218.96,1
1746815164.762839,-2.0,-0.33,-1.11,5.73,-67.77,18.71,-0.57,1.25,0.2,128.8,-44.17,-186.07,1
1746815164.775116,-2.0,-0.36,-0.74,-0.25,-38.4,4.47,-0.45,1.39,0.3,144.63,3.84,-141.14,1
1746815164.798408,-2.0,-0.42,-0.73,14.69,-9.2,9.0,-0.36,1.49,0.4,141.19,14.34,-94.55,1
1746815164.808019,-2.0,-0.37,-0.65,30.5,-74.44,24.03,-0.29,1.38,0.39,139.72,25.63,-37.01,1
1746815164.825243,-2.0,-0.4,-0.96,33.81,63.4,0.07,-0.25,1.22,0.5,121.63,17.4,17.46,1
1746815164.84411,-2.0,-0.4,-0.8,34.75,128.73,-10.55,-0.21,0.87,0.57,57.11,-31.91,53.79,1
1746815164.859115,-2.0,-0.32,-0.84,5.57,135.77,-23.4,-0.24,0.49,0.71,15.19,-33.56,41.19,1
1746815164.875,-2.0,-0.24,0.53,-46.47,61.5,-42.9,-0.04,0.05,0.52,10.9,-16.39,14.95,1
1746815164.883761,-2.0,-0.33,-0.68,-49.82,39.0,-18.59,-0.01,-0.13,0.51,54.61,16.82,-16.11,1
1746815164.900235,-2.0,-0.34,-0.79,-73.3,36.36,-21.0,-0.12,0.14,0.57,99.47,8.29,-23.22,1
1746815164.911932,-2.0,-0.29,-0.76,-83.76,44.44,-25.4,-0.13,0.54,0.58,99.42,50.37,-24.92,1
1746815164.925259,-2.0,-0.43,-0.75,-59.02,17.62,-7.38,-0.17,0.7,0.59,52.65,13.03,-20.34,1
1746815164.94171,-2.0,-0.43,-0.82,-41.32,17.41,4.33,-0.28,0.67,0.75,12.01,-14.56,-11.73,1
1746815164.958937,-2.0,-0.34,-0.84,-50.9,25.25,-13.02,-0.33,0.5,0.81,-3.27,-26.36,11.75,1
1746815164.975346,-2.0,-0.34,-0.71,-27.76,-6.04,-4.07,-0.25,0.3,0.72,-2.56,-14.23,18.89,1
1746815164.992164,-2.0,-0.4,-0.89,-18.5,11.47,-12.37,-0.45,0.48,0.98,-10.92,-37.63,20.53,1
1746815165.010789,-2.0,-0.44,-0.92,-14.32,18.31,-8.98,-0.08,0.51,0.63,-14.5,0.42,23.08,1
1746815165.024892,-2.0,-0.43,-0.84,-12.21,11.88,-8.76,-0.04,0.23,0.6,-20.35,-13.25,14.9,1
1746815165.033818,-2.0,-0.35,-0.81,-9.74,35.76,-21.41,-0.19,0.26,0.77,-8.84,-8.38,10.31,1
1746815165.052519,-2.0,-0.32,-0.92,-3.41,16.8,-6.22,-0.24,0.13,0.77,16.47,-9.07,15.38,0
1746815165.058805,-2.0,-0.26,-0.77,-10.37,-10.18,8.37,-0.08,0.29,0.61,12.04,-22.27,21.31,0
1746815165.083444,-2.0,-0.31,-0.75,-2.12,-3.23,8.74,-0.15,0.33,0.64,10.89,-1.44,14.22,0
1746815165.098285,-2.0,-0.33,-0.81,12.44,-5.47,14.37,-0.18,0.41,0.65,12.87,10.67,17.44,0
1746815165.112503,-2.0,-0.34,-0.92,3.41,30.55,-2.53,-0.17,0.48,0.64,13.11,17.97,18.08,0
1746815165.12806,-2.0,-0.31,-0.82,-8.21,1.39,5.59,-0.21,0.43,0.66,13.6,20.31,17.15,0
1746815165.141985,-2.0,-0.43,-0.88,-10.32,2.67,5.11,-0.16,0.32,0.68,11.27,16.14,19.29,0
1746815165.158664,-2.0,-0.52,-0.97,-7.47,6.24,3.78,-0.23,0.32,0.65,4.05,14.35,21.27,0
1746815165.167473,-2.0,-0.28,-0.81,-12.08,7.29,-0.35,-0.28,0.34,0.74,4.46,4.48,27.64,0
1746815165.183583,-2.0,-0.23,-0.67,-16.37,-23.63,8.17,-0.24,0.44,0.72,8.1,5.78,22.65,0
1746815165.196897,-2.0,-0.3,-0.77,4.82,-47.43,21.95,-0.23,0.42,0.69,3.74,-14.65,25.66,0
1746815165.209266,-2.0,-0.34,-0.71,27.66,-54.0,31.82,-0.19,0.37,0.66,14.77,7.21,26.76,0
1746815165.225727,-2.0,-0.23,-0.86,34.67,-5.63,16.4,-0.32,0.44,0.64,12.69,11.08,31.98,0
1746815165.242506,-2.0,-0.17,-0.81,25.21,-6.18,6.89,-0.2,0.47,0.48,20.77,22.38,36.76,0
1746815165.259104,-2.0,-0.28,-0.86,34.71,6.35,6.04,-0.25,0.41,0.5,16.66,15.53,38.64,0
1746815165.275659,-2.0,-0.32,-0.71,33.52,-34.53,22.74,-0.27,0.38,0.49,29.92,28.63,48.57,0
1746815165.29408,-2.0,-0.29,-0.79,36.81,-11.0,28.33,-0.19,0.43,0.43,36.73,28.66,53.19,0
1746815165.308678,-2.0,-0.24,-0.61,20.27,-5.08,17.89,-0.22,0.42,0.46,39.5,27.21,51.47,0
1746815165.318228,-2.0,-0.15,-0.58,-23.28,5.26,1.42,-0.24,0.57,0.58,31.53,31.76,55.12,0
1746815165.334236,-2.0,-0.05,-0.44,-34.8,-13.92,5.6,-0.35,0.27,0.44,25.7,42.49,49.15,0
1746815165.347459,-2.0,-0.47,-0.84,-7.83,-51.0,29.4,-0.33,0.42,0.35,47.39,40.25,56.82,0
1746815165.362528,-2.0,-0.25,-1.11,-16.12,-26.56,4.45,-0.34,0.47,0.28,57.34,35.09,47.79,0
1746815165.375765,-2.0,-0.43,-0.5,-21.58,50.79,-12.2,-0.29,0.46,0.15,118.94,25.66,81.19,0
1746815165.392443,-2.0,-0.26,-0.65,1.41,-95.24,29.66,-0.2,0.62,0.04,133.63,83.39,89.43,0
1746815165.413982,-2.0,-0.29,-0.71,-0.38,-134.75,28.94,-0.24,0.83,0.11,109.98,123.57,92.56,0
1746815165.426037,-2.0,-0.25,-1.08,19.6,52.47,8.35,-0.46,0.86,0.26,60.74,130.94,72.93,0
1746815165.445559,-2.0,-0.28,-0.45,11.27,-78.79,19.18,-0.48,0.71,0.15,36.95,142.87,74.82,0
1746815165.459202,-2.0,-0.24,-1.25,22.95,59.23,3.84,-0.45,0.68,0.13,32.66,139.95,81.56,0
1746815165.467663,-2.0,-0.51,-0.32,-26.17,-41.13,1.76,-0.39,0.62,0.09,10.4,97.33,95.92,0
1746815165.483735,-2.0,-0.45,-1.22,-21.17,26.56,-5.78,-0.42,0.47,0.05,43.12,96.15,109.31,0
1746815165.496986,-2.0,-0.35,-0.65,-30.86,119.39,-25.4,-0.37,0.61,0.27,50.44,127.45,112.79,0
1746815165.518059,-2.0,-0.1,-0.29,-21.97,-28.22,9.15,-0.48,0.66,0.4,58.3,152.63,103.92,0
1746815165.533527,-2.0,-0.27,-1.25,-14.4,1.94,-1.29,-0.52,0.74,0.37,33.38,154.66,86.21,0
1746815165.542345,-2.0,-0.41,-0.49,-2.08,38.08,-1.67,-0.51,0.6,0.34,29.96,137.21,86.52,0
1746815165.559156,-2.0,-0.39,-0.91,2.15,-51.1,14.45,-0.56,0.56,0.37,59.87,133.63,79.87,0
1746815165.575986,-2.0,-0.33,-1.0,5.51,-2.23,8.93,-0.46,0.68,0.37,67.17,134.47,74.96,0
1746815165.594004,-2.0,-0.28,-0.12,5.95,-113.54,28.26,-0.37,0.73,0.24,70.25,129.87,75.81,0
1746815165.609024,-2.0,-0.35,-0.94,8.02,-124.41,37.11,-0.38,0.64,0.21,84.84,128.89,67.55,0
1746815165.616887,-2.0,-0.38,-0.81,9.27,-35.81,21.76,-0.41,0.55,0.13,105.89,129.06,63.03,0
1746815165.631477,-2.0,-0.42,-0.71,30.21,-100.45,34.26,-0.48,0.58,0.11,124.51,136.66,53.93,0
1746815165.649811,-2.0,-0.45,-0.85,2.11,-20.69,10.11,-0.47,0.9,0.21,109.03,152.14,37.02,0
1746815165.659632,-2.0,-0.27,-0.7,-1.69,-43.69,11.59,-0.49,0.96,0.24,64.41,163.34,21.47,0
1746815165.675968,-2.0,-0.42,-0.79,6.82,-40.4,19.49,-0.47,0.93,0.23,18.21,161.08,8.47,0
1746815165.692575,-2.0,-0.39,-0.89,3.61,61.69,-1.31,-0.52,0.75,0.22,13.63,158.18,7.56,0
1746815165.709232,-2.0,-0.38,-0.66,5.44,82.2,-4.27,-0.58,0.66,0.24,36.87,133.53,5.07,0
1746815165.72678,-2.0,-0.37,-0.69,7.85,9.37,6.09,-0.6,0.57,0.11,57.58,105.89,13.24,0
1746815165.74502,-2.0,-0.41,-0.86,22.14,76.98,-1.21,-0.62,0.56,0.06,86.15,89.72,14.27,0
1746815165.759627,-2.0,-0.35,-0.8,12.05,151.06,-19.51,-0.56,0.65,0.02,93.66,83.97,6.5,0
1746815165.774355,-2.0,-0.29,-0.5,-4.53,113.63,-22.49,-0.55,0.77,-0.05,83.08,86.98,-10.14,0
1746815165.784463,-2.0,-0.32,-0.63,-1.53,4.85,-2.34,-0.57,0.82,-0.07,32.78,91.42,-37.45,0
1746815165.797197,-2.0,-0.4,-0.91,-4.23,75.5,-16.82,-0.58,0.84,-0.08,-11.75,94.31,-63.68,0
1746815165.809352,-2.0,-0.39,-0.8,-27.25,44.24,-20.75,-0.57,0.76,-0.13,-52.21,98.61,-78.81,0
1746815165.832891,-2.0,-0.38,-0.78,-32.21,3.82,-8.62,-0.6,0.7,-0.17,-84.15,112.61,-99.87,0
1746815165.842811,-2.0,-0.33,-0.7,-15.6,-15.37,10.31,-0.57,0.59,-0.15,-109.33,116.18,-110.71,0
1746815165.85986,-2.0,-0.33,-0.84,-26.46,10.22,-2.95,-0.57,0.44,-0.11,-104.87,125.88,-112.44,0
1746815165.876831,-2.0,-0.35,-0.87,-5.41,19.22,0.57,-0.6,0.28,-0.07,-92.37,131.12,-121.67,0
1746815165.893063,-2.0,-0.31,-0.83,-7.98,-3.79,9.07,-0.79,0.18,0.03,-64.53,138.5,-129.44,0
1746815165.910736,-2.0,-0.34,-0.68,-19.03,-49.68,13.72,-0.95,0.22,0.12,-50.23,129.4,-138.15,0
1746815165.917873,-2.0,-0.28,-0.73,-10.07,-66.56,23.52,-1.04,0.28,0.1,-10.95,138.98,-129.51,0
1746815165.934508,-2.0,-0.29,-0.66,-14.15,-87.76,29.41,-1.17,0.44,0.19,3.79,123.14,-122.89,0
1746815165.947291,-2.0,-0.33,-0.79,-26.54,-56.79,22.44,-1.28,0.59,0.38,20.29,89.18,-117.45,0
1746815165.960541,-2.0,-0.39,-0.9,-12.46,-38.82,24.84,-1.29,0.58,0.35,14.88,73.34,-125.07,0
1746815165.976216,-2.0,-0.42,-0.93,-19.46,61.09,2.08,-1.27,0.58,0.25,13.22,67.11,-129.06,0
1746815165.992631,-2.0,-0.37,-0.75,-25.34,80.63,-9.69,-1.31,0.55,0.22,19.43,47.1,-130.48,0
1746815166.010152,-2.0,-0.41,-0.85,-0.49,92.49,-8.53,-1.27,0.51,0.1,30.77,38.61,-128.99,0
1746815166.028718,-2.0,-0.3,-0.22,-33.57,76.81,-31.98,-1.29,0.47,0.03,60.88,35.32,-121.08,0
1746815166.042805,-2.0,-0.38,-0.7,-23.43,26.76,-16.78,-1.33,0.55,-0.01,64.6,23.63,-119.96,0
1746815166.059869,-2.0,-0.3,-0.72,-15.11,9.81,-6.3,-1.32,0.64,-0.09,61.57,17.89,-114.95,0
1746815166.067865,-2.0,-0.33,-0.74,-3.91,1.01,3.4,-1.34,0.73,-0.11,56.4,9.36,-106.7,0
1746815166.085122,-2.0,-0.34,-0.76,1.13,15.3,2.95,-1.31,0.79,-0.1,37.85,5.07,-93.71,0
1746815166.092722,-2.0,-0.32,-0.74,2.59,12.52,5.92,-1.22,0.86,-0.12,16.37,2.65,-78.77,0
1746815166.109205,-2.0,-0.29,-0.66,-0.94,4.23,10.29,-1.45,0.78,0.11,-16.74,-12.68,-67.27,0
1746815166.125858,-2.0,-0.51,-0.86,-12.08,-32.32,18.02,-1.26,0.94,0.16,-49.18,-15.59,-38.48,0
1746815166.142577,-2.0,-0.47,-0.83,8.55,31.56,-1.49,-1.39,0.66,0.4,-17.34,-28.21,-24.67,0
1746815166.159795,-2.0,-0.29,-0.79,2.08,24.16,-0.6,-1.0,0.46,-0.01,-5.03,-4.34,19.05,0
1746815166.176342,-2.0,-0.28,-0.63,-23.68,-9.78,1.21,-1.15,0.41,0.21,70.05,-40.48,21.34,0
1746815166.192782,-2.0,-0.36,-0.64,0.96,-32.1,17.1,-1.08,0.51,0.14,73.89,-46.78,20.27,0
